record_id,platform,content_type,comment_id,thread_id,video_id,video_title,channel_title,video_url,video_published_at,theme,raw_text,author_hash,comment_published_at,comment_updated_at,like_count,reply_count,can_reply,is_public,viewer_rating,moderation_status,collected_at,collection_status,rejection_reason,clean_text,normalized_text_key,word_count,character_count,emoji_count,emoji_only,contains_alphanumeric,url_count,mention_count,hashtag_count,language_tag,detected_language,malay_indicator_count,english_indicator_count,spam_reasons,spam_flag,normalized_duplicate,cleaning_status,predicted_label,negative_probability,neutral_probability,positive_probability,prediction_confidence,probability_margin,confidence_category,review_priority,review_reason,manual_label,manual_review_status,manual_review_notes,final_label,model_name,annotation_stage,manual_label_options,selected_for_balanced_review,review_sequence,reviewed_at,review_decision_source,replacement_status,replacement_notes,supplement_reason,supplement_target_label,dataset_split_ready,final_dataset_name,final_dataset_created_at,final_dataset_sequence,original_text,translated_text_en,translation_status,translation_method,sentiment,action,review_notes
YT_UgxS1CtjDiUVvr73Yv94AaABAg,YouTube,top_level_comment,UgxS1CtjDiUVvr73Yv94AaABAg,UgxS1CtjDiUVvr73Yv94AaABAg,UGAL8690ngc,"Bantuan Asas Rahmah diteruskan: RM100 untuk  dewasa, RM500 untuk penerima miskin tegar - Anwar",KiniTV,https://www.youtube.com/watch?v=UGAL8690ngc,2026-01-05T06:06:45Z,cost_of_living_public_policy,PMX yang tabah jalankan tugas walaupun dicaci dihina..semuga Allah permudahkan segala urusan tuan,f96b90b8eaadd454116a,2026-01-07T23:50:26Z,2026-01-07T23:50:26Z,1,0,True,True,none,,2026-06-17T15:11:40.405705+00:00,raw,,PMX yang tabah jalankan tugas walaupun dicaci dihina..semuga Allah permudahkan segala urusan tuan,pmx yang tabah jalankan tugas walaupun dicaci dihina semuga allah permudahkan segala urusan tuan,14,97,0,False,True,0,0,0,BM,id,1,0,,False,False,accepted,positive,0.0862510800361633,0.1038709953427314,0.8098779320716858,0.8098779320716858,0.7060069367289543,high,low,,positive,reviewed,Added from reviewed positive supplement,positive,cardiffnlp/twitter-xlm-roberta-base-sentiment-multilingual,automatic_prelabel,,False,36,2026-06-18 20:33:38,human_manual_review_positive_supplement,available,,positive_shortage_after_manual_review,positive,True,final_youtube_sentiment_825_balanced,2026-06-18 20:43:24,583,PMX yang tabah jalankan tugas walaupun dicaci dihina..semuga Allah permudahkan segala urusan tuan,PMX who perseveres in carrying out his duties despite being scolded and insulted..may God make all your affairs easy,translated,google_translate_auto_to_en,positive,keep,current label is acceptable or ambiguous
YT_UgxxAsOq_cMcsdBMUCN4AaABAg,YouTube,top_level_comment,UgxxAsOq_cMcsdBMUCN4AaABAg,UgxxAsOq_cMcsdBMUCN4AaABAg,ePfJmLXfPwU,JPJ perkenal wajah baharu lesen memandu,Harian Metro,https://www.youtube.com/watch?v=ePfJmLXfPwU,2025-05-21T11:30:02Z,transport_public_services,"lebih baik lesen fizikal la senang, digital nak kena login. lupa password susah. adoi",bbfab20087e3234143df,2025-05-21T16:55:32Z,2025-05-21T16:55:32Z,5,0,True,True,none,,2026-06-17T15:11:47.300577+00:00,raw,,"lebih baik lesen fizikal la senang, digital nak kena login. lupa password susah. adoi",lebih baik lesen fizikal la senang digital nak kena login lupa password susah adoi,14,85,0,False,True,0,0,0,BM,id,1,0,,False,False,accepted,negative,0.7509433031082153,0.1591552793979644,0.0899014323949813,0.7509433031082153,0.5917880237102509,medium,medium,medium_confidence,negative,reviewed,,negative,cardiffnlp/twitter-xlm-roberta-base-sentiment-multilingual,automatic_prelabel,positive | neutral | negative | uncertain,True,443,2026-06-18 18:41:10,human_manual_review,,,,,True,final_youtube_sentiment_825_balanced,2026-06-18 20:43:24,104,"lebih baik lesen fizikal la senang, digital nak kena login. lupa password susah. adoi","it's better to have a physical license, it's easy, a digital one has to be logged in. forgetting the password is difficult. wait",translated,google_translate_auto_to_en,positive,relabel,positive/supportive cues outweigh negative label after translation
YT_UgxFt5uvs4HgzXyXhZZ4AaABAg,YouTube,top_level_comment,UgxFt5uvs4HgzXyXhZZ4AaABAg,UgxFt5uvs4HgzXyXhZZ4AaABAg,hXMCJ90cK7M,Car vs Public Transport in Malaysia. Who Wins?,Mr Money TV,https://www.youtube.com/watch?v=hXMCJ90cK7M,2025-05-23T12:42:56Z,transport_public_services,"In term of driving, you can said comfortable , faster but everyone do this it will be jam in the future. Actually KL now is very convenient, yes is not direct but with MY50 per month, you won't get this service in the whole world. Now there is DRT also can connect to the LRT and MRT station already",0116f9ba2903383d2e53,2025-05-24T04:37:23Z,2025-05-24T04:37:23Z,6,2,True,True,none,,2026-06-17T15:11:46.927370+00:00,raw,,"In term of driving, you can said comfortable , faster but everyone do this it will be jam in the future. Actually KL now is very convenient, yes is not direct but with MY50 per month, you won't get this service in the whole world. Now there is DRT also can connect to the LRT and MRT station already",in term of driving you can said comfortable faster but everyone do this it will be jam in the future actually kl now is very convenient yes is not direct but with my50 per month you won t get this service in the whole world now there is drt also can connect to the lrt and mrt station already,58,299,0,False,True,0,0,0,EN,en,0,8,,False,False,accepted,positive,0.1553860753774643,0.3588995635509491,0.485714316368103,0.485714316368103,0.1268147528171539,low,high,low_confidence | small_probability_margin,positive,reviewed,,positive,cardiffnlp/twitter-xlm-roberta-base-sentiment-multilingual,automatic_prelabel,positive | neutral | negative | uncertain,True,123,2026-06-18 15:48:46,human_manual_review,,,,,True,final_youtube_sentiment_825_balanced,2026-06-18 20:43:24,350,"In term of driving, you can said comfortable , faster but everyone do this it will be jam in the future. Actually KL now is very convenient, yes is not direct but with MY50 per month, you won't get this service in the whole world. Now there is DRT also can connect to the LRT and MRT station already","In term of driving, you can said comfortable , faster but everyone do this it will be jam in the future. Actually KL now is very convenient, yes is not direct but with MY50 per month, you won't get this service in the whole world. Now there is DRT also can connect to the LRT and MRT station already",kept_original_english,none,negative,relabel,negative cues outweigh positive label after translation
YT_UgyksBBik7Sp5S6IYqh4AaABAg,YouTube,top_level_comment,UgyksBBik7Sp5S6IYqh4AaABAg,UgyksBBik7Sp5S6IYqh4AaABAg,lWY3O9pFexo,KOS SARA HIDUP | PM Umum Butiran Penghargaan Untuk Rakyat Esok (BU),Buletin TV3,https://www.youtube.com/watch?v=lWY3O9pFexo,2025-07-22T12:11:44Z,cost_of_living_public_policy,Tak payah nk nyedap rakyat la.. tgk muka pun dah resah glisah takkeruan.. gooo yah le tu.. Rakyat dsaran jgn skali minum cing beli yaww.. kan jd mcm walau Nonn WalaCu kaii..dah minum auto jd bo doh be nakk klubiyy.. 4hari lg haa.. Tgk beli yaww..btapa go yahh nyaa.hermn ksiann.. Dua puluh enam aibu lan ni kita gaaa sak kasi tuuu runn beliyaww.. pasti tuu runnn,26fe568297638cebcecb,2025-07-22T16:20:08Z,2025-07-22T16:20:08Z,2,1,True,True,none,,2026-06-17T15:11:38.330903+00:00,raw,,Tak payah nk nyedap rakyat la.. tgk muka pun dah resah glisah takkeruan.. gooo yah le tu.. Rakyat dsaran jgn skali minum cing beli yaww.. kan jd mcm walau Nonn WalaCu kaii..dah minum auto jd bo doh be nakk klubiyy.. 4hari lg haa.. Tgk beli yaww..btapa go yahh nyaa.hermn ksiann.. Dua puluh enam aibu lan ni kita gaaa sak kasi tuuu runn beliyaww.. pasti tuu runnn,tak payah nk nyedap rakyat la tgk muka pun dah resah glisah takkeruan gooo yah le tu rakyat dsaran jgn skali minum cing beli yaww kan jd mcm walau nonn walacu kaii dah minum auto jd bo doh be nakk klubiyy 4hari lg haa tgk beli yaww btapa go yahh nyaa hermn ksiann dua puluh enam aibu lan ni kita gaaa sak kasi tuuu runn beliyaww pasti tuu runnn,69,362,0,False,True,0,0,0,BM,id,6,0,,False,False,accepted,negative,0.7763659954071045,0.1122660785913467,0.1113679856061935,0.7763659954071045,0.6640999168157578,medium,medium,medium_confidence,negative,reviewed,,negative,cardiffnlp/twitter-xlm-roberta-base-sentiment-multilingual,automatic_prelabel,positive | neutral | negative | uncertain,True,490,2026-06-18 18:50:41,human_manual_review,,,,,True,final_youtube_sentiment_825_balanced,2026-06-18 20:43:24,481,Tak payah nk nyedap rakyat la.. tgk muka pun dah resah glisah takkeruan.. gooo yah le tu.. Rakyat dsaran jgn skali minum cing beli yaww.. kan jd mcm walau Nonn WalaCu kaii..dah minum auto jd bo doh be nakk klubiyy.. 4hari lg haa.. Tgk beli yaww..btapa go yahh nyaa.hermn ksiann.. Dua puluh enam aibu lan ni kita gaaa sak kasi tuuu runn beliyaww.. pasti tuu runnn,"You don't have to try to taste the people.. I don't even look at your face, I'm already worried and confused.. gooo, that's it.. The people are advised not to drink cing, buy yaww.. right, it's like that, even Nonn WalaCu kaii.. I've been drinking auto, so I want to go to the club.. 4 more days, haa.. I don't buy yaww.. btapa go yahh nyaa. tuuu runn beliyaww.. definitely tuu runnn",translated,google_translate_auto_to_en,negative,keep,current label is acceptable or ambiguous
YT_Ugxai86IaaDL4YLSwAt4AaABAg,YouTube,top_level_comment,Ugxai86IaaDL4YLSwAt4AaABAg,Ugxai86IaaDL4YLSwAt4AaABAg,oULUeT07fa0,JPJ MALAYSIA? ADA APA APA JAWAPAN KE? SITA KENDERAAN ORANG SAMPAI BERBULAN BULAN? TERIMA KASIH SINGH,Bossrul Channel,https://www.youtube.com/watch?v=oULUeT07fa0,2025-07-01T02:14:17Z,transport_public_services,Betul la tu mansuhkan je JPJ sebab dia bukan boleh tembak orang baik polis je jadi kuatkuasa semua tapi ada bahagian bahagian dia la. Sebab JPJ tak nampak fungsi dia melaikan kerja Lori dekat selekoh baru baru ni hampir kemalangan tu bahaya kan rakyat semata Mata. #RAKYATJAGARAKYAT,1854ee24d5e3e72aecf7,2025-07-22T09:57:26Z,2025-07-22T09:57:26Z,1,0,True,True,none,,2026-06-17T15:11:48.875302+00:00,raw,,Betul la tu mansuhkan je JPJ sebab dia bukan boleh tembak orang baik polis je jadi kuatkuasa semua tapi ada bahagian bahagian dia la. Sebab JPJ tak nampak fungsi dia melaikan kerja Lori dekat selekoh baru baru ni hampir kemalangan tu bahaya kan rakyat semata Mata. RAKYATJAGARAKYAT,betul la tu mansuhkan je jpj sebab dia bukan boleh tembak orang baik polis je jadi kuatkuasa semua tapi ada bahagian bahagian dia la sebab jpj tak nampak fungsi dia melaikan kerja lori dekat selekoh baru baru ni hampir kemalangan tu bahaya kan rakyat semata mata rakyatjagarakyat,47,281,0,False,True,0,0,1,BM,id,9,0,,False,False,accepted,negative,0.951912522315979,0.0218271948397159,0.026260320097208,0.951912522315979,0.925652202218771,high,low,,negative,reviewed,,negative,cardiffnlp/twitter-xlm-roberta-base-sentiment-multilingual,automatic_prelabel,positive | neutral | negative | uncertain,True,690,2026-06-18 19:21:56,human_manual_review,,,,,True,final_youtube_sentiment_825_balanced,2026-06-18 20:43:24,757,Betul la tu mansuhkan je JPJ sebab dia bukan boleh tembak orang baik polis je jadi kuatkuasa semua tapi ada bahagian bahagian dia la. Sebab JPJ tak nampak fungsi dia melaikan kerja Lori dekat selekoh baru baru ni hampir kemalangan tu bahaya kan rakyat semata Mata. RAKYATJAGARAKYAT,"That's right, just abolish the JPJ because he can't shoot good people, the police are all powerful, but he has his part. Because JPJ doesn't see the function of him doing truck work near a new bend, it's almost an accident, it's a danger to the people, Mata. PEOPLE OF THE PEOPLE",translated,google_translate_auto_to_en,positive,relabel,positive/supportive cues outweigh negative label after translation
YT_UgzOOo5mcGAwn8Q3qNZ4AaABAg,YouTube,top_level_comment,UgzOOo5mcGAwn8Q3qNZ4AaABAg,UgzOOo5mcGAwn8Q3qNZ4AaABAg,dDRZ6AZbcfw,Malaysian Hawker Fights To Keep His Noodles Affordable As Food Prices Rise | Money Mind | Inflation,CNA Insider,https://www.youtube.com/watch?v=dDRZ6AZbcfw,2025-11-25T14:01:10Z,cost_of_living_public_policy,"The price drop by the time this video are made. Early this month gred D price around RM 12, today is RM9.60. The price never consistent. During raya this year Gred C drop from RM 6 -4. I buy 3 tray at that time.",d342d48676b09f178c38,2025-11-27T03:44:39Z,2025-11-27T03:48:04Z,1,0,True,True,none,,2026-06-17T15:11:42.418446+00:00,raw,,"The price drop by the time this video are made. Early this month gred D price around RM 12, today is RM9.60. The price never consistent. During raya this year Gred C drop from RM 6 -4. I buy 3 tray at that time.",the price drop by the time this video are made early this month gred d price around rm 12 today is rm9 60 the price never consistent during raya this year gred c drop from rm 6 4 i buy 3 tray at that time,45,211,0,False,True,0,0,0,EN,en,0,8,,False,False,accepted,neutral,0.1620882153511047,0.6284003257751465,0.2095115184783935,0.6284003257751465,0.4188888072967529,medium,medium,medium_confidence | neutral_prediction,neutral,reviewed,,neutral,cardiffnlp/twitter-xlm-roberta-base-sentiment-multilingual,automatic_prelabel,positive | neutral | negative | uncertain,True,357,2026-06-18 18:25:16,human_manual_review,,,,,True,final_youtube_sentiment_825_balanced,2026-06-18 20:43:24,149,"The price drop by the time this video are made. Early this month gred D price around RM 12, today is RM9.60. The price never consistent. During raya this year Gred C drop from RM 6 -4. I buy 3 tray at that time.","The price drop by the time this video are made. Early this month gred D price around RM 12, today is RM9.60. The price never consistent. During raya this year Gred C drop from RM 6 -4. I buy 3 tray at that time.",kept_original_english,none,neutral,keep,current label is acceptable or ambiguous
YT_Ugym1IADeUoj1tL3kDN4AaABAg,YouTube,top_level_comment,Ugym1IADeUoj1tL3kDN4AaABAg,Ugym1IADeUoj1tL3kDN4AaABAg,MpBToZaCuWE,LRT derailment: Commuters want track and train maintenance to be enhanced,The Star,https://www.youtube.com/watch?v=MpBToZaCuWE,2026-05-28T08:54:43Z,transport_public_services,Good luck with JB-SG RTS.,f6709c2d270cf033c3b8,2026-05-28T12:59:38Z,2026-05-28T12:59:38Z,0,0,True,True,none,,2026-06-17T15:11:46.538661+00:00,raw,,Good luck with JB-SG RTS.,good luck with jb sg rts,5,25,0,False,True,0,0,0,EN,en,0,1,,False,False,accepted,positive,0.0084829200059175,0.0964217707514762,0.8950953483581543,0.8950953483581543,0.798673577606678,high,low,,positive,reviewed,Added from reviewed positive supplement,positive,cardiffnlp/twitter-xlm-roberta-base-sentiment-multilingual,automatic_prelabel,,False,13,2026-06-18 20:33:38,human_manual_review_positive_supplement,available,,positive_shortage_after_manual_review,positive,True,final_youtube_sentiment_825_balanced,2026-06-18 20:43:24,807,Good luck with JB-SG RTS.,Good luck with JB-SG RTS.,kept_original_english,none,positive,keep,current label is acceptable or ambiguous
YT_UgzzBuUFVZ1L0WaJ5qd4AaABAg,YouTube,top_level_comment,UgzzBuUFVZ1L0WaJ5qd4AaABAg,UgzzBuUFVZ1L0WaJ5qd4AaABAg,UGAL8690ngc,"Bantuan Asas Rahmah diteruskan: RM100 untuk  dewasa, RM500 untuk penerima miskin tegar - Anwar",KiniTV,https://www.youtube.com/watch?v=UGAL8690ngc,2026-01-05T06:06:45Z,cost_of_living_public_policy,Love u PMX Luangkan kasa mu,47b5ff01b1b1e96886b2,2026-01-05T14:15:21Z,2026-01-05T14:15:21Z,1,0,True,True,none,,2026-06-17T15:11:40.741985+00:00,raw,,Love u PMX Luangkan kasa mu,love u pmx luangkan kasa mu,6,27,0,False,True,0,0,0,BM,id,0,0,,False,False,accepted,positive,0.1564346700906753,0.1390408873558044,0.7045244574546814,0.7045244574546814,0.548089787364006,medium,medium,medium_confidence,negative,reviewed,,negative,cardiffnlp/twitter-xlm-roberta-base-sentiment-multilingual,automatic_prelabel,positive | neutral | negative | uncertain,True,400,2026-06-18 18:33:45,human_manual_review,,,,,True,final_youtube_sentiment_825_balanced,2026-06-18 20:43:24,83,Love u PMX Luangkan kasa mu,Love u PMX Take off your gauze,translated,google_translate_auto_to_en,positive,relabel,translated English contains stronger positive/supportive sentiment cues
YT_Ugy5hpJGr3o2JNvE12t4AaABAg,YouTube,top_level_comment,Ugy5hpJGr3o2JNvE12t4AaABAg,Ugy5hpJGr3o2JNvE12t4AaABAg,dDRZ6AZbcfw,Malaysian Hawker Fights To Keep His Noodles Affordable As Food Prices Rise | Money Mind | Inflation,CNA Insider,https://www.youtube.com/watch?v=dDRZ6AZbcfw,2025-11-25T14:01:10Z,cost_of_living_public_policy,Seriously the egg is costing RM20 per tray today? Malaysians let's go buy egg from Singapore from now on.,e0fe08cbb466b1811087,2025-11-29T00:28:41Z,2025-11-29T00:28:41Z,0,0,True,True,none,,2026-06-17T15:11:42.418140+00:00,raw,,Seriously the egg is costing RM20 per tray today? Malaysians let's go buy egg from Singapore from now on.,seriously the egg is costing rm20 per tray today malaysians let s go buy egg from singapore from now on,19,105,0,False,True,0,0,0,EN,en,0,3,,False,False,accepted,negative,0.7969539165496826,0.152472898364067,0.0505731701850891,0.7969539165496826,0.6444810181856155,medium,medium,medium_confidence,neutral,reviewed,Changed from negative to neutral after text-based manual review,neutral,cardiffnlp/twitter-xlm-roberta-base-sentiment-multilingual,automatic_prelabel,positive | neutral | negative | uncertain,True,534,2026-06-18 20:41:44,human_manual_text_based_negative_recheck,,,,,True,final_youtube_sentiment_825_balanced,2026-06-18 20:43:24,255,Seriously the egg is costing RM20 per tray today? Malaysians let's go buy egg from Singapore from now on.,Seriously the egg is costing RM20 per tray today? Malaysians let's go buy egg from Singapore from now on.,kept_original_english,none,neutral,keep,current label is acceptable
YT_UgwLXSPbFtJJhEPU5gZ4AaABAg,YouTube,top_level_comment,UgwLXSPbFtJJhEPU5gZ4AaABAg,UgwLXSPbFtJJhEPU5gZ4AaABAg,oULUeT07fa0,JPJ MALAYSIA? ADA APA APA JAWAPAN KE? SITA KENDERAAN ORANG SAMPAI BERBULAN BULAN? TERIMA KASIH SINGH,Bossrul Channel,https://www.youtube.com/watch?v=oULUeT07fa0,2025-07-01T02:14:17Z,transport_public_services,Yes betol2.... orang nak cari rezeki dengan kenderaan2 diorang,c810f5c09b1639f8dd2d,2025-07-13T03:44:56Z,2025-07-13T03:44:56Z,0,0,True,True,none,,2026-06-17T15:11:48.876331+00:00,raw,,Yes betol2.. orang nak cari rezeki dengan kenderaan2 diorang,yes betol2 orang nak cari rezeki dengan kenderaan2 diorang,9,60,0,False,True,0,0,0,BM,id,3,0,,False,False,accepted,positive,0.2520132660865783,0.3451118767261505,0.4028748273849487,0.4028748273849487,0.0577629506587982,low,high,low_confidence | small_probability_margin,positive,reviewed,Added from reviewed positive supplement,positive,cardiffnlp/twitter-xlm-roberta-base-sentiment-multilingual,automatic_prelabel,,False,115,2026-06-18 20:33:38,human_manual_review_positive_supplement,available,,positive_shortage_after_manual_review,positive,True,final_youtube_sentiment_825_balanced,2026-06-18 20:43:24,547,Yes betol2.. orang nak cari rezeki dengan kenderaan2 diorang,Yes betol2.. people want to earn a living with people's vehicles,translated,google_translate_auto_to_en,neutral,relabel,translated English appears informational/unclear rather than explicit sentiment
YT_UgxxCrDjMiAYRJEHJOp4AaABAg,YouTube,top_level_comment,UgxxCrDjMiAYRJEHJOp4AaABAg,UgxxCrDjMiAYRJEHJOp4AaABAg,0zi0v_kJ7BE,"Belanjawan 2026: Bantuan tunai STR dikurang RM300, Sara naik",KiniTV,https://www.youtube.com/watch?v=0zi0v_kJ7BE,2025-10-13T05:24:51Z,cost_of_living_public_policy,Assalamualaikum kami orang bujang ada tanggungjawab kami ada yang sakit tak boleh bekerja memerlukan kewangan sendiri kerana tidak dapat bekerja takkan nak menyusahkan orang tua sekurangnya dapat sikit pun okeylah orang bujang langsung tak dapat betul-betul tak adillah,27df2bac5e9c400a37a8,2025-10-17T06:29:57Z,2025-10-17T06:29:57Z,0,0,True,True,none,,2026-06-17T15:11:41.176403+00:00,raw,,Assalamualaikum kami orang bujang ada tanggungjawab kami ada yang sakit tak boleh bekerja memerlukan kewangan sendiri kerana tidak dapat bekerja takkan nak menyusahkan orang tua sekurangnya dapat sikit pun okeylah orang bujang langsung tak dapat betul-betul tak adillah,assalamualaikum kami orang bujang ada tanggungjawab kami ada yang sakit tak boleh bekerja memerlukan kewangan sendiri kerana tidak dapat bekerja takkan nak menyusahkan orang tua sekurangnya dapat sikit pun okeylah orang bujang langsung tak dapat betul betul tak adillah,38,269,0,False,True,0,0,0,BM,id,8,0,,False,False,accepted,positive,0.2519544661045074,0.3149789273738861,0.433066576719284,0.433066576719284,0.1180876493453979,low,high,low_confidence | small_probability_margin,positive,reviewed,Added from reviewed positive supplement,positive,cardiffnlp/twitter-xlm-roberta-base-sentiment-multilingual,automatic_prelabel,,False,89,2026-06-18 20:33:38,human_manual_review_positive_supplement,available,,positive_shortage_after_manual_review,positive,True,final_youtube_sentiment_825_balanced,2026-06-18 20:43:24,436,Assalamualaikum kami orang bujang ada tanggungjawab kami ada yang sakit tak boleh bekerja memerlukan kewangan sendiri kerana tidak dapat bekerja takkan nak menyusahkan orang tua sekurangnya dapat sikit pun okeylah orang bujang langsung tak dapat betul-betul tak adillah,"Assalamualaikum, we single people have responsibilities, some of us are sick and can't work, we need our own finances because we can't work, we don't want to trouble our parents, at least we can get a little, it's okay, single people can't get it at all, it's not fair",translated,google_translate_auto_to_en,negative,relabel,translated English contains stronger negative sentiment cues
YT_UgzdIO7VZX_vIu4hhuF4AaABAg,YouTube,top_level_comment,UgzdIO7VZX_vIu4hhuF4AaABAg,UgzdIO7VZX_vIu4hhuF4AaABAg,ePfJmLXfPwU,JPJ perkenal wajah baharu lesen memandu,Harian Metro,https://www.youtube.com/watch?v=ePfJmLXfPwU,2025-05-21T11:30:02Z,transport_public_services,Mesti kena bayar lebih nie..apa² pun terbaikk laaa jpj..,4fa309e403a27810b118,2025-05-21T15:22:59Z,2025-05-21T15:22:59Z,1,0,True,True,none,,2026-06-17T15:11:47.301159+00:00,raw,,Mesti kena bayar lebih nie..apa2 pun terbaikk laaa jpj..,mesti kena bayar lebih nie apa2 pun terbaikk laaa jpj,10,56,0,False,True,0,0,0,BM,id,1,0,,False,False,accepted,positive,0.1606172919273376,0.1187832280993461,0.7205994725227356,0.7205994725227356,0.559982180595398,medium,medium,medium_confidence,negative,reviewed,,negative,cardiffnlp/twitter-xlm-roberta-base-sentiment-multilingual,automatic_prelabel,positive | neutral | negative | uncertain,True,411,2026-06-18 18:35:34,human_manual_review,,,,,True,final_youtube_sentiment_825_balanced,2026-06-18 20:43:24,798,Mesti kena bayar lebih nie..apa2 pun terbaikk laaa jpj..,I have to pay more.. whatever is the best jpj..,translated,google_translate_auto_to_en,positive,relabel,translated English contains stronger positive/supportive sentiment cues
YT_UgzcIvN7JTTn6rkVYoh4AaABAg,YouTube,top_level_comment,UgzcIvN7JTTn6rkVYoh4AaABAg,UgzcIvN7JTTn6rkVYoh4AaABAg,UGAL8690ngc,"Bantuan Asas Rahmah diteruskan: RM100 untuk  dewasa, RM500 untuk penerima miskin tegar - Anwar",KiniTV,https://www.youtube.com/watch?v=UGAL8690ngc,2026-01-05T06:06:45Z,cost_of_living_public_policy,"Bantuan sara utk perdaya dn tipu daya rakyat guna wang pembayar pajak(taxes payers money) dn wang negara utk jadi umpan beracun utk kepentingan diri sendiri anuar dn kroni2nya pertahankn kuasa utk sakau wang kerajaan. Rakyat boleh ambil wang sara terutama orang2 kaum melayu, tp jgn pangkah calon2 ahli parlimen drpd PKR, UMNO, DAPigs, Amanah pada PRN dan PRU16. Orang2 yg pilih calon2 parti2 munafikun jadi pemimpin mrk adalah orang2 yg xtakut akan AZAB ALLAH SWT (Baca dn Pahami apa yg terkandung dlm wahyu Allah SWT dlm *Surah Munafikun* dlm pilih pemimpin, biar kita semua selamat drpd azab Allah SWT selepas kematian, krn melanggar Layangan-Nya. Insha Allah.",381325d26affac9eab80,2026-01-06T09:12:09Z,2026-01-06T09:15:05Z,1,1,True,True,none,,2026-06-17T15:11:40.406182+00:00,raw,,"Bantuan sara utk perdaya dn tipu daya rakyat guna wang pembayar pajak(taxes payers money) dn wang negara utk jadi umpan beracun utk kepentingan diri sendiri anuar dn kroni2nya pertahankn kuasa utk sakau wang kerajaan. Rakyat boleh ambil wang sara terutama orang2 kaum melayu, tp jgn pangkah calon2 ahli parlimen drpd PKR, UMNO, DAPigs, Amanah pada PRN dan PRU16. Orang2 yg pilih calon2 parti2 munafikun jadi pemimpin mrk adalah orang2 yg xtakut akan AZAB ALLAH SWT (Baca dn Pahami apa yg terkandung dlm wahyu Allah SWT dlm *Surah Munafikun* dlm pilih pemimpin, biar kita semua selamat drpd azab Allah SWT selepas kematian, krn melanggar Layangan-Nya. Insha Allah.",bantuan sara utk perdaya dn tipu daya rakyat guna wang pembayar pajak taxes payers money dn wang negara utk jadi umpan beracun utk kepentingan diri sendiri anuar dn kroni2nya pertahankn kuasa utk sakau wang kerajaan rakyat boleh ambil wang sara terutama orang2 kaum melayu tp jgn pangkah calon2 ahli parlimen drpd pkr umno dapigs amanah pada prn dan pru16 orang2 yg pilih calon2 parti2 munafikun jadi pemimpin mrk adalah orang2 yg xtakut akan azab allah swt baca dn pahami apa yg terkandung dlm wahyu allah swt dlm surah munafikun dlm pilih pemimpin biar kita semua selamat drpd azab allah swt selepas kematian krn melanggar layangan nya insha allah,107,663,0,False,True,0,0,0,BM,id,6,0,,False,False,accepted,negative,0.9455950260162354,0.0273207854479551,0.0270842462778091,0.9455950260162354,0.9182742405682802,high,low,,negative,reviewed,,negative,cardiffnlp/twitter-xlm-roberta-base-sentiment-multilingual,automatic_prelabel,positive | neutral | negative | uncertain,True,675,2026-06-18 19:19:28,human_manual_review,,,,,True,final_youtube_sentiment_825_balanced,2026-06-18 20:43:24,420,"Bantuan sara utk perdaya dn tipu daya rakyat guna wang pembayar pajak(taxes payers money) dn wang negara utk jadi umpan beracun utk kepentingan diri sendiri anuar dn kroni2nya pertahankn kuasa utk sakau wang kerajaan. Rakyat boleh ambil wang sara terutama orang2 kaum melayu, tp jgn pangkah calon2 ahli parlimen drpd PKR, UMNO, DAPigs, Amanah pada PRN dan PRU16. Orang2 yg pilih calon2 parti2 munafikun jadi pemimpin mrk adalah orang2 yg xtakut akan AZAB ALLAH SWT (Baca dn Pahami apa yg terkandung dlm wahyu Allah SWT dlm *Surah Munafikun* dlm pilih pemimpin, biar kita semua selamat drpd azab Allah SWT selepas kematian, krn melanggar Layangan-Nya. Insha Allah.","Subsistence aid for deception and trickery of the people using tax payers money and state money to become poisonous bait for the self-interest of Anuar and his cronies to maintain power for the sake of government money. The people can take stipends, especially the Malays, but don't vote for the parliamentary candidates from PKR, UMNO, DAPigs, Amanah in PRN and GE16. The people who choose the candidates of the hypocritical parties to be our leaders are the people who are afraid of ALLAH SWT'S PUNISHMENT (Read and understand what is contained in the revelation of Allah SWT in *Surah Munafikun* in choosing leaders, let us all be safe from the punishment of Allah SWT after death, because we violate His Kite. God willing.",translated,google_translate_auto_to_en,negative,keep,current label is acceptable or ambiguous
YT_UgxAdJALgkMRU-1BxOZ4AaABAg,YouTube,top_level_comment,UgxAdJALgkMRU-1BxOZ4AaABAg,UgxAdJALgkMRU-1BxOZ4AaABAg,MpBToZaCuWE,LRT derailment: Commuters want track and train maintenance to be enhanced,The Star,https://www.youtube.com/watch?v=MpBToZaCuWE,2026-05-28T08:54:43Z,transport_public_services,Rasuah - Binasa satu negara ...,9d23062e5f1111807e4d,2026-05-28T11:58:27Z,2026-05-28T11:58:27Z,4,0,True,True,none,,2026-06-17T15:11:46.538809+00:00,raw,,Rasuah - Binasa satu negara ..,rasuah binasa satu negara,4,30,0,False,True,0,0,0,BM,id,0,0,,False,False,accepted,negative,0.9574314951896667,0.0218496061861515,0.0207189247012138,0.9574314951896667,0.9355818890035152,high,low,,negative,reviewed,,negative,cardiffnlp/twitter-xlm-roberta-base-sentiment-multilingual,automatic_prelabel,positive | neutral | negative | uncertain,True,714,2026-06-18 20:01:17,human_manual_review,,,,,True,final_youtube_sentiment_825_balanced,2026-06-18 20:43:24,462,Rasuah - Binasa satu negara ..,Corruption - Ruin a country..,translated,google_translate_auto_to_en,negative,keep,current label is acceptable or ambiguous
YT_UgxnhrAQ86AKId3E9eB4AaABAg,YouTube,top_level_comment,UgxnhrAQ86AKId3E9eB4AaABAg,UgxnhrAQ86AKId3E9eB4AaABAg,UGAL8690ngc,"Bantuan Asas Rahmah diteruskan: RM100 untuk  dewasa, RM500 untuk penerima miskin tegar - Anwar",KiniTV,https://www.youtube.com/watch?v=UGAL8690ngc,2026-01-05T06:06:45Z,cost_of_living_public_policy,PMX paling hebat...perihatin kepada rakyat,0286f295e8834a4bc4c3,2026-01-07T10:46:17Z,2026-01-07T10:46:17Z,0,0,True,True,none,,2026-06-17T15:11:40.405771+00:00,raw,,PMX paling hebat..perihatin kepada rakyat,pmx paling hebat perihatin kepada rakyat,6,41,0,False,True,0,0,0,BM,id,1,0,,False,False,accepted,positive,0.1272652149200439,0.0904651582241058,0.7822695970535278,0.7822695970535278,0.6550043821334839,medium,medium,medium_confidence,positive,reviewed,,positive,cardiffnlp/twitter-xlm-roberta-base-sentiment-multilingual,automatic_prelabel,positive | neutral | negative | uncertain,True,498,2026-06-18 18:52:09,human_manual_review,,,,,True,final_youtube_sentiment_825_balanced,2026-06-18 20:43:24,620,PMX paling hebat..perihatin kepada rakyat,PMX is the best..care for the people,translated,google_translate_auto_to_en,positive,keep,current label is acceptable or ambiguous
YT_Ugz96LWMWASrBjptOOx4AaABAg,YouTube,top_level_comment,Ugz96LWMWASrBjptOOx4AaABAg,Ugz96LWMWASrBjptOOx4AaABAg,ze_IuVwkuFc,KTMB's 'ghost train' transforms commute for students from the interior,The Star,https://www.youtube.com/watch?v=ze_IuVwkuFc,2026-01-11T13:05:33Z,transport_public_services,Skali skala tak boleh ke bawak train? Teringin masa zaman sekolah 😂,4d65798dd7ff5e8b1abc,2026-01-11T13:27:27Z,2026-01-11T13:28:04Z,3,0,True,True,none,,2026-06-17T15:11:47.668808+00:00,raw,,Skali skala tak boleh ke bawak train? Teringin masa zaman sekolah 😂,skali skala tak boleh ke bawak train teringin masa zaman sekolah,11,67,1,False,True,0,0,0,MIXED,id,2,1,,False,False,accepted,negative,0.7849460244178772,0.1355486065149307,0.0795053914189338,0.7849460244178772,0.6493974179029465,medium,medium,medium_confidence | mixed_language,positive,reviewed,,positive,cardiffnlp/twitter-xlm-roberta-base-sentiment-multilingual,automatic_prelabel,positive | neutral | negative | uncertain,True,510,2026-06-18 18:53:42,human_manual_review,,,,,True,final_youtube_sentiment_825_balanced,2026-06-18 20:43:24,820,Skali skala tak boleh ke bawak train? Teringin masa zaman sekolah 😂,Can't you bring the scale to the train? I miss my school days 😂,translated,google_translate_auto_to_en,negative,relabel,negative cues outweigh positive label after translation
YT_UgzKkCKWcBbZGuG92XZ4AaABAg,YouTube,top_level_comment,UgzKkCKWcBbZGuG92XZ4AaABAg,UgzKkCKWcBbZGuG92XZ4AaABAg,9tQzzOjBIdI,KOS SARA HIDUP | Kerajaan Bakal Umum Langkah Tangani Kos Sara Hidup,Buletin TV3,https://www.youtube.com/watch?v=9tQzzOjBIdI,2025-07-19T05:38:22Z,cost_of_living_public_policy,Kalau xisnin selasa ni la bil letrik aku sampai.,e8ea9a1afcea24608c9f,2025-07-19T16:29:47Z,2025-07-19T16:29:47Z,0,0,True,True,none,,2026-06-17T15:11:40.015352+00:00,raw,,Kalau xisnin selasa ni la bil letrik aku sampai.,kalau xisnin selasa ni la bil letrik aku sampai,9,48,0,False,True,0,0,0,BM,id,2,0,,False,False,accepted,positive,0.167878195643425,0.3170945346355438,0.5150272846221924,0.5150272846221924,0.1979327499866485,low,high,low_confidence,neutral,reviewed,,neutral,cardiffnlp/twitter-xlm-roberta-base-sentiment-multilingual,automatic_prelabel,positive | neutral | negative | uncertain,True,176,2026-06-18 15:59:00,human_manual_review,,,,,True,final_youtube_sentiment_825_balanced,2026-06-18 20:43:24,32,Kalau xisnin selasa ni la bil letrik aku sampai.,"If you are lucky, my electricity bill will arrive on Tuesday.",translated,google_translate_auto_to_en,neutral,keep,current label is acceptable or ambiguous
YT_Ugxx9nfyn-gIJpfM70F4AaABAg,YouTube,top_level_comment,Ugxx9nfyn-gIJpfM70F4AaABAg,Ugxx9nfyn-gIJpfM70F4AaABAg,oULUeT07fa0,JPJ MALAYSIA? ADA APA APA JAWAPAN KE? SITA KENDERAAN ORANG SAMPAI BERBULAN BULAN? TERIMA KASIH SINGH,Bossrul Channel,https://www.youtube.com/watch?v=oULUeT07fa0,2025-07-01T02:14:17Z,transport_public_services,Jgn marah pada pakatan Sila rujuk akta.. Oleh leaders politics umno guy's... Ini lah kaedan Malaysia kini boleh suara because pakatan refomasi free suara.... Our responsibility like our Singh brother katanya segalanya Rakyat please go and research Bagaimana nak selesai... Satu 2 nya jumpa lawyers... B4 too late okay tq so much for your sharing and postive attitude towards helping people's 🎉❤,a0a64d8a1a97aceee597,2025-07-04T03:06:44Z,2025-07-04T03:06:44Z,7,0,True,True,none,,2026-06-17T15:11:48.879895+00:00,raw,,Jgn marah pada pakatan Sila rujuk akta.. Oleh leaders politics umno guy's.. Ini lah kaedan Malaysia kini boleh suara because pakatan refomasi free suara.. Our responsibility like our Singh brother katanya segalanya Rakyat please go and research Bagaimana nak selesai.. Satu 2 nya jumpa lawyers.. B4 too late okay tq so much for your sharing and postive attitude towards helping people's 🎉❤,jgn marah pada pakatan sila rujuk akta oleh leaders politics umno guy s ini lah kaedan malaysia kini boleh suara because pakatan refomasi free suara our responsibility like our singh brother katanya segalanya rakyat please go and research bagaimana nak selesai satu 2 nya jumpa lawyers b4 too late okay tq so much for your sharing and postive attitude towards helping people s,61,389,2,False,True,0,0,0,MIXED,id,6,3,,False,False,accepted,positive,0.1932359188795089,0.2495996952056884,0.5571643710136414,0.5571643710136414,0.3075646758079529,low,high,low_confidence | mixed_language,positive,reviewed,,positive,cardiffnlp/twitter-xlm-roberta-base-sentiment-multilingual,automatic_prelabel,positive | neutral | negative | uncertain,True,270,2026-06-18 17:06:23,human_manual_review,,,,,True,final_youtube_sentiment_825_balanced,2026-06-18 20:43:24,144,Jgn marah pada pakatan Sila rujuk akta.. Oleh leaders politics umno guy's.. Ini lah kaedan Malaysia kini boleh suara because pakatan refomasi free suara.. Our responsibility like our Singh brother katanya segalanya Rakyat please go and research Bagaimana nak selesai.. Satu 2 nya jumpa lawyers.. B4 too late okay tq so much for your sharing and postive attitude towards helping people's 🎉❤,Don't be angry at the pact Please refer to the act.. By leaders politics umno guy's.. This is the Malaysian system now you can vote because the reformation pact is free.. Our responsibility like our Singh brother said everything Rakyat please go and research.,translated,google_translate_auto_to_en,negative,relabel,translated English contains stronger negative sentiment cues
YT_UgwAIeyKGaIikGeZUah4AaABAg,YouTube,top_level_comment,UgwAIeyKGaIikGeZUah4AaABAg,UgwAIeyKGaIikGeZUah4AaABAg,hXMCJ90cK7M,Car vs Public Transport in Malaysia. Who Wins?,Mr Money TV,https://www.youtube.com/watch?v=hXMCJ90cK7M,2025-05-23T12:42:56Z,transport_public_services,"Try doing one with bus connection, then the whole thing will tip toward car. You gotta remember big majority of journeys (70-85% of journeys) don't have origin-destination start/end in a place that is a stone's throw away from LRT or MRT station. Each bus connection/transfer will set you back a minimum 15mins additional (this is in the situation of transferring to the bus that comes every 5- 10 minutes). If put in Klang Valley context, most bus service for your last-mile connection runs every 30-40mins.",057c52a351b784b3e421,2025-05-23T19:06:32Z,2025-05-23T19:07:29Z,61,1,True,True,none,,2026-06-17T15:11:46.927932+00:00,raw,,"Try doing one with bus connection, then the whole thing will tip toward car. You gotta remember big majority of journeys (70-85% of journeys) don't have origin-destination start/end in a place that is a stone's throw away from LRT or MRT station. Each bus connection/transfer will set you back a minimum 15mins additional (this is in the situation of transferring to the bus that comes every 5- 10 minutes). If put in Klang Valley context, most bus service for your last-mile connection runs every 30-40mins.",try doing one with bus connection then the whole thing will tip toward car you gotta remember big majority of journeys 70 85 of journeys don t have origin destination start end in a place that is a stone s throw away from lrt or mrt station each bus connection transfer will set you back a minimum 15mins additional this is in the situation of transferring to the bus that comes every 5 10 minutes if put in klang valley context most bus service for your last mile connection runs every 30 40mins,87,508,0,False,True,0,0,0,EN,en,0,7,,False,False,accepted,neutral,0.065531849861145,0.9022470712661744,0.0322210863232612,0.9022470712661744,0.8367152214050293,high,medium,neutral_prediction,negative,reviewed,,negative,cardiffnlp/twitter-xlm-roberta-base-sentiment-multilingual,automatic_prelabel,positive | neutral | negative | uncertain,True,562,2026-06-18 19:02:29,human_manual_review,,,,,True,final_youtube_sentiment_825_balanced,2026-06-18 20:43:24,794,"Try doing one with bus connection, then the whole thing will tip toward car. You gotta remember big majority of journeys (70-85% of journeys) don't have origin-destination start/end in a place that is a stone's throw away from LRT or MRT station. Each bus connection/transfer will set you back a minimum 15mins additional (this is in the situation of transferring to the bus that comes every 5- 10 minutes). If put in Klang Valley context, most bus service for your last-mile connection runs every 30-40mins.","Try doing one with bus connection, then the whole thing will tip toward car. You gotta remember big majority of journeys (70-85% of journeys) don't have origin-destination start/end in a place that is a stone's throw away from LRT or MRT station. Each bus connection/transfer will set you back a minimum 15mins additional (this is in the situation of transferring to the bus that comes every 5- 10 minutes). If put in Klang Valley context, most bus service for your last-mile connection runs every 30-40mins.",kept_original_english,none,negative,keep,current label is acceptable or ambiguous
YT_UgzPpfQ_YMKJInenpol4AaABAg,YouTube,top_level_comment,UgzPpfQ_YMKJInenpol4AaABAg,UgzPpfQ_YMKJInenpol4AaABAg,Yu37CmWLvK0,SATU MALAYSIA KENA SCAM MAKANAN DI BAZAR RAMADAN‼️ LELAKI SOUND PENIAGA BAZAAR,NuR MuHD,https://www.youtube.com/watch?v=Yu37CmWLvK0,2026-02-22T17:36:49Z,festivals_national_events,Jangan kita salahkan peniaga kerana kita semua tahu kos umrah sekarang ini semakin mahal tambah tambah lagi bila pegi umrah balik hari. Saya percaya peniaga-peniaga yang terlibat memang menyimpan cita-cita untuk pegi umrah balik hari. Justeru kita hendaklah menerima dan teruskan membeli supaya cita-cita mereka tercapai. 😆😆😆✌,296b9a0e14ae03ec0fdf,2026-03-03T06:33:09Z,2026-03-03T06:33:09Z,0,0,True,True,none,,2026-06-17T15:11:44.742832+00:00,raw,,Jangan kita salahkan peniaga kerana kita semua tahu kos umrah sekarang ini semakin mahal tambah tambah lagi bila pegi umrah balik hari. Saya percaya peniaga-peniaga yang terlibat memang menyimpan cita-cita untuk pegi umrah balik hari. Justeru kita hendaklah menerima dan teruskan membeli supaya cita-cita mereka tercapai. 😆😆😆✌,jangan kita salahkan peniaga kerana kita semua tahu kos umrah sekarang ini semakin mahal tambah tambah lagi bila pegi umrah balik hari saya percaya peniaga peniaga yang terlibat memang menyimpan cita cita untuk pegi umrah balik hari justeru kita hendaklah menerima dan teruskan membeli supaya cita cita mereka tercapai,46,326,4,False,True,0,0,0,BM,id,10,0,,False,False,accepted,positive,0.2083455920219421,0.2295177727937698,0.5621366500854492,0.5621366500854492,0.3326188772916794,low,high,low_confidence,positive,reviewed,,positive,cardiffnlp/twitter-xlm-roberta-base-sentiment-multilingual,automatic_prelabel,positive | neutral | negative | uncertain,True,275,2026-06-18 17:07:17,human_manual_review,,,,,True,final_youtube_sentiment_825_balanced,2026-06-18 20:43:24,324,Jangan kita salahkan peniaga kerana kita semua tahu kos umrah sekarang ini semakin mahal tambah tambah lagi bila pegi umrah balik hari. Saya percaya peniaga-peniaga yang terlibat memang menyimpan cita-cita untuk pegi umrah balik hari. Justeru kita hendaklah menerima dan teruskan membeli supaya cita-cita mereka tercapai. 😆😆😆✌,Let's not blame the traders because we all know the cost of umrah is getting more and more expensive now when going for umrah the next day. I believe that the traders involved really have ambitions to go for Umrah the next day. Therefore we should accept and continue to buy so that their ambitions are achieved. 😆😆😆✌,translated,google_translate_auto_to_en,negative,relabel,translated English contains stronger negative sentiment cues
YT_UgxeOQ1q3bWjr3uTjIR4AaABAg,YouTube,top_level_comment,UgxeOQ1q3bWjr3uTjIR4AaABAg,UgxeOQ1q3bWjr3uTjIR4AaABAg,ePfJmLXfPwU,JPJ perkenal wajah baharu lesen memandu,Harian Metro,https://www.youtube.com/watch?v=ePfJmLXfPwU,2025-05-21T11:30:02Z,transport_public_services,"Donlod my jpj,dh isi semua data..tapi x blh guna smpai skg,siap srh pegawai jpj tolong daftar lg,dia pun penin.tu pun x blh jgk,last gitau xpa la cik,kalau kena tahan saya tunjuk ja kertas yg dh bayo tu😂,menyusahkan ja dema ni,",0099704d805a103ba3a3,2025-10-31T06:48:02Z,2025-10-31T06:48:02Z,0,0,True,True,none,,2026-06-17T15:11:47.298769+00:00,raw,,"Donlod my jpj,dh isi semua data..tapi x blh guna smpai skg,siap srh pegawai jpj tolong daftar lg,dia pun penin.tu pun x blh jgk,last gitau xpa la cik,kalau kena tahan saya tunjuk ja kertas yg dh bayo tu😂,menyusahkan ja dema ni,",donlod my jpj dh isi semua data tapi x blh guna smpai skg siap srh pegawai jpj tolong daftar lg dia pun penin tu pun x blh jgk last gitau xpa la cik kalau kena tahan saya tunjuk ja kertas yg dh bayo tu menyusahkan ja dema ni,48,227,1,False,True,0,0,0,BM,id,3,0,,False,False,accepted,negative,0.7749972343444824,0.1258876472711563,0.0991151183843612,0.7749972343444824,0.6491095870733261,medium,medium,medium_confidence,negative,reviewed,,negative,cardiffnlp/twitter-xlm-roberta-base-sentiment-multilingual,automatic_prelabel,positive | neutral | negative | uncertain,True,489,2026-06-18 18:50:34,human_manual_review,,,,,True,final_youtube_sentiment_825_balanced,2026-06-18 20:43:24,137,"Donlod my jpj,dh isi semua data..tapi x blh guna smpai skg,siap srh pegawai jpj tolong daftar lg,dia pun penin.tu pun x blh jgk,last gitau xpa la cik,kalau kena tahan saya tunjuk ja kertas yg dh bayo tu😂,menyusahkan ja dema ni,","I downloaded my jpj, filled in all the data.. but I can't use it yet, the jpj officer is ready to register again, he is also a penin. I can't do it either, lastly I know what to do, miss, if you have to hold me, show me the paper that I brought 😂, it's a hassle now,",translated,google_translate_auto_to_en,negative,keep,current label is acceptable or ambiguous
YT_UgzGzt73O3sf5xtQy5J4AaABAg,YouTube,top_level_comment,UgzGzt73O3sf5xtQy5J4AaABAg,UgzGzt73O3sf5xtQy5J4AaABAg,L-iPwc5b3oI,Malaysia rolls out the welcome mat for first tourists of 2026,The Star,https://www.youtube.com/watch?v=L-iPwc5b3oI,2026-01-01T05:54:35Z,tourism_lifestyle_events,"The Minister should ""SMILE"" more.....so that it looks more WELCOMING 🎉🎉🎉 Lead by example.",03fa8cb6fc774abc6731,2026-01-02T11:56:23Z,2026-01-02T11:58:24Z,1,0,True,True,none,,2026-06-17T15:11:45.906344+00:00,raw,,"The Minister should ""SMILE"" more..so that it looks more WELCOMING 🎉🎉🎉 Lead by example.",the minister should smile more so that it looks more welcoming lead by example,14,86,3,False,True,0,0,0,EN,en,0,3,,False,False,accepted,positive,0.0385548546910285,0.0656925439834594,0.8957525491714478,0.8957525491714478,0.8300600051879883,high,low,,positive,reviewed,Added from reviewed positive supplement,positive,cardiffnlp/twitter-xlm-roberta-base-sentiment-multilingual,automatic_prelabel,,False,12,2026-06-18 20:33:38,human_manual_review_positive_supplement,available,,positive_shortage_after_manual_review,positive,True,final_youtube_sentiment_825_balanced,2026-06-18 20:43:24,537,"The Minister should ""SMILE"" more..so that it looks more WELCOMING 🎉🎉🎉 Lead by example.","The Minister should ""SMILE"" more..so that it looks more WELCOMING 🎉🎉🎉 Lead by example.",kept_original_english,none,negative,relabel,negative cues outweigh positive label after translation
YT_UgwuRBP82tNJMrz7tPx4AaABAg,YouTube,top_level_comment,UgwuRBP82tNJMrz7tPx4AaABAg,UgwuRBP82tNJMrz7tPx4AaABAg,dDRZ6AZbcfw,Malaysian Hawker Fights To Keep His Noodles Affordable As Food Prices Rise | Money Mind | Inflation,CNA Insider,https://www.youtube.com/watch?v=dDRZ6AZbcfw,2025-11-25T14:01:10Z,cost_of_living_public_policy,Hope his business will be better soon 🙏,53b3e6da12526849cbc7,2025-11-27T20:35:59Z,2025-11-27T20:35:59Z,0,0,True,True,none,,2026-06-17T15:11:42.418334+00:00,raw,,Hope his business will be better soon 🙏,hope his business will be better soon,7,39,1,False,True,0,0,0,EN,en,0,1,,False,False,accepted,positive,0.0182754397392272,0.073830246925354,0.907894253730774,0.907894253730774,0.8340640068054199,high,low,,positive,reviewed,Added from reviewed positive supplement,positive,cardiffnlp/twitter-xlm-roberta-base-sentiment-multilingual,automatic_prelabel,,False,11,2026-06-18 20:33:38,human_manual_review_positive_supplement,available,,positive_shortage_after_manual_review,positive,True,final_youtube_sentiment_825_balanced,2026-06-18 20:43:24,534,Hope his business will be better soon 🙏,Hope his business will be better soon 🙏,kept_original_english,none,positive,keep,current label is acceptable or ambiguous
YT_Ugx05ylVfbfkibv3ZF94AaABAg,YouTube,top_level_comment,Ugx05ylVfbfkibv3ZF94AaABAg,Ugx05ylVfbfkibv3ZF94AaABAg,MpBToZaCuWE,LRT derailment: Commuters want track and train maintenance to be enhanced,The Star,https://www.youtube.com/watch?v=MpBToZaCuWE,2026-05-28T08:54:43Z,transport_public_services,No deaths means no problem.,a37f0df03de8565de668,2026-05-29T07:09:29Z,2026-05-29T07:09:29Z,0,0,True,True,none,,2026-06-17T15:11:46.538347+00:00,raw,,No deaths means no problem.,no deaths means no problem,5,27,0,False,True,0,0,0,EN,pt,0,1,,False,False,accepted,neutral,0.1417654752731323,0.5549418926239014,0.3032926321029663,0.5549418926239014,0.251649260520935,low,high,low_confidence | neutral_prediction,neutral,reviewed,,neutral,cardiffnlp/twitter-xlm-roberta-base-sentiment-multilingual,automatic_prelabel,positive | neutral | negative | uncertain,True,262,2026-06-18 17:04:42,human_manual_review,,,,,True,final_youtube_sentiment_825_balanced,2026-06-18 20:43:24,20,No deaths means no problem.,No deaths means no problem.,kept_original_english,none,negative,relabel,translated English contains stronger negative sentiment cues
YT_Ugw886LR1-KkbmtZHhp4AaABAg,YouTube,top_level_comment,Ugw886LR1-KkbmtZHhp4AaABAg,Ugw886LR1-KkbmtZHhp4AaABAg,Yu37CmWLvK0,SATU MALAYSIA KENA SCAM MAKANAN DI BAZAR RAMADAN‼️ LELAKI SOUND PENIAGA BAZAAR,NuR MuHD,https://www.youtube.com/watch?v=Yu37CmWLvK0,2026-02-22T17:36:49Z,festivals_national_events,owg bln puasa byk berjimat..masak sendirilah.... masa nee tunjuk skill memasak....x pun berbuka dimasjid jaa....mknan byk lagi sdpx ....,c3431e42691fe09eb9f7,2026-03-04T05:13:37Z,2026-03-04T05:13:37Z,0,0,True,True,none,,2026-06-17T15:11:44.742693+00:00,raw,,owg bln puasa byk berjimat..masak sendirilah.. masa nee tunjuk skill memasak..x pun berbuka dimasjid jaa..mknan byk lagi sdpx ..,owg bln puasa byk berjimat masak sendirilah masa nee tunjuk skill memasak x pun berbuka dimasjid jaa mknan byk lagi sdpx,21,128,0,False,True,0,0,0,BM,id,2,0,,False,False,accepted,positive,0.2714782655239105,0.2835306525230407,0.4449910819530487,0.4449910819530487,0.1614604294300079,low,high,low_confidence,positive,reviewed,,positive,cardiffnlp/twitter-xlm-roberta-base-sentiment-multilingual,automatic_prelabel,positive | neutral | negative | uncertain,True,73,2026-06-18 15:39:58,human_manual_review,,,,,True,final_youtube_sentiment_825_balanced,2026-06-18 20:43:24,315,owg bln puasa byk berjimat..masak sendirilah.. masa nee tunjuk skill memasak..x pun berbuka dimasjid jaa..mknan byk lagi sdpx ..,"owg, don't fast during the month, save a lot.. cook by yourself.. time to show your cooking skills.. don't even break your fast in the mosque.. eat more sdpx..",translated,google_translate_auto_to_en,negative,relabel,translated English contains stronger negative sentiment cues
YT_UgxlniKSE_dSo9Om6It4AaABAg,YouTube,top_level_comment,UgxlniKSE_dSo9Om6It4AaABAg,UgxlniKSE_dSo9Om6It4AaABAg,qlQj6Zlgc-M,MyDigital ID akan diwajibkan untuk akses aplikasi MyJPJ & MyBayar PDRM!,SoyaCincau BM,https://www.youtube.com/watch?v=qlQj6Zlgc-M,2025-08-27T12:39:08Z,technology_digital_services,Setuju guna myjpj saja,61e35ac722026ab24259,2026-05-01T07:06:22Z,2026-05-01T07:06:22Z,0,0,True,True,none,,2026-06-17T15:11:45.563380+00:00,raw,,Setuju guna myjpj saja,setuju guna myjpj saja,4,22,0,False,True,0,0,0,UNKNOWN,hr,0,0,,False,False,accepted,neutral,0.1223167777061462,0.4650078117847442,0.4126753807067871,0.4650078117847442,0.0523324310779571,low,high,low_confidence | small_probability_margin | neutral_prediction | unknown_language,positive,reviewed,,positive,cardiffnlp/twitter-xlm-roberta-base-sentiment-multilingual,automatic_prelabel,positive | neutral | negative | uncertain,True,104,2026-06-18 15:45:49,human_manual_review,,,,,True,final_youtube_sentiment_825_balanced,2026-06-18 20:43:24,274,Setuju guna myjpj saja,Agree to just use myjpj,translated,google_translate_auto_to_en,positive,keep,current label is acceptable or ambiguous
YT_UgzoFrYMWxq4GuN-4m54AaABAg,YouTube,top_level_comment,UgzoFrYMWxq4GuN-4m54AaABAg,UgzoFrYMWxq4GuN-4m54AaABAg,oULUeT07fa0,JPJ MALAYSIA? ADA APA APA JAWAPAN KE? SITA KENDERAAN ORANG SAMPAI BERBULAN BULAN? TERIMA KASIH SINGH,Bossrul Channel,https://www.youtube.com/watch?v=oULUeT07fa0,2025-07-01T02:14:17Z,transport_public_services,JPJ makin lama makin tak guna.ingat la wahai pegawai JPJ setiap apa yang anda lakukan akan ada balasan.JPJ sendiri langgar undang undang lepastu harap rakyat nak hormat,ef92e8e9cd1fb61656e6,2025-07-10T02:45:53Z,2025-07-10T02:45:53Z,0,0,True,True,none,,2026-06-17T15:11:48.876909+00:00,raw,,JPJ makin lama makin tak guna.ingat la wahai pegawai JPJ setiap apa yang anda lakukan akan ada balasan.JPJ sendiri langgar undang undang lepastu harap rakyat nak hormat,jpj makin lama makin tak guna ingat la wahai pegawai jpj setiap apa yang anda lakukan akan ada balasan jpj sendiri langgar undang undang lepastu harap rakyat nak hormat,29,168,0,False,True,0,0,0,BM,id,4,0,,False,False,accepted,negative,0.5311421751976013,0.2195560932159423,0.2493017017841339,0.5311421751976013,0.2818404734134674,low,high,low_confidence,negative,reviewed,,negative,cardiffnlp/twitter-xlm-roberta-base-sentiment-multilingual,automatic_prelabel,positive | neutral | negative | uncertain,True,211,2026-06-18 16:06:32,human_manual_review,,,,,True,final_youtube_sentiment_825_balanced,2026-06-18 20:43:24,42,JPJ makin lama makin tak guna.ingat la wahai pegawai JPJ setiap apa yang anda lakukan akan ada balasan.JPJ sendiri langgar undang undang lepastu harap rakyat nak hormat,"JPJ is becoming more and more useless. Remember, JPJ officers, everything you do will be reciprocated. JPJ itself is breaking the law, so I hope the people will respect it.",translated,google_translate_auto_to_en,positive,relabel,translated English contains stronger positive/supportive sentiment cues
YT_UgzG-nlAUhLYOiOliLN4AaABAg,YouTube,top_level_comment,UgzG-nlAUhLYOiOliLN4AaABAg,UgzG-nlAUhLYOiOliLN4AaABAg,0zi0v_kJ7BE,"Belanjawan 2026: Bantuan tunai STR dikurang RM300, Sara naik",KiniTV,https://www.youtube.com/watch?v=0zi0v_kJ7BE,2025-10-13T05:24:51Z,cost_of_living_public_policy,A disappointing factor to find that the STR 2026 has been slashed to accommodate SARA 2026.,e1c32323654f4b88d54d,2025-11-25T19:22:16Z,2025-11-25T19:22:16Z,1,0,True,True,none,,2026-06-17T15:11:41.175874+00:00,raw,,A disappointing factor to find that the STR 2026 has been slashed to accommodate SARA 2026.,a disappointing factor to find that the str 2026 has been slashed to accommodate sara 2026,16,91,0,False,True,0,0,0,EN,en,0,2,,False,False,accepted,negative,0.982004463672638,0.01077935192734,0.007216160185635,0.982004463672638,0.971225111745298,high,low,,neutral,reviewed,,neutral,cardiffnlp/twitter-xlm-roberta-base-sentiment-multilingual,automatic_prelabel,positive | neutral | negative | uncertain,True,818,2026-06-18 20:00:17,human_manual_review,,,,,True,final_youtube_sentiment_825_balanced,2026-06-18 20:43:24,377,A disappointing factor to find that the STR 2026 has been slashed to accommodate SARA 2026.,A disappointing factor to find that the STR 2026 has been slashed to accommodate SARA 2026.,kept_original_english,none,neutral,keep,current label is acceptable
YT_Ugw2Zemwk4IHNUYV9ox4AaABAg,YouTube,top_level_comment,Ugw2Zemwk4IHNUYV9ox4AaABAg,Ugw2Zemwk4IHNUYV9ox4AaABAg,oULUeT07fa0,JPJ MALAYSIA? ADA APA APA JAWAPAN KE? SITA KENDERAAN ORANG SAMPAI BERBULAN BULAN? TERIMA KASIH SINGH,Bossrul Channel,https://www.youtube.com/watch?v=oULUeT07fa0,2025-07-01T02:14:17Z,transport_public_services,Duit duit mana poket saya masuk duit duit,58bd5276d82c0cb6a945,2025-07-02T11:34:07Z,2025-07-02T11:34:07Z,4,0,True,True,none,,2026-06-17T15:11:49.222822+00:00,raw,,Duit duit mana poket saya masuk duit duit,duit duit mana poket saya masuk duit duit,8,41,0,False,True,0,0,0,BM,id,1,0,,False,False,accepted,neutral,0.1093157604336738,0.7048236727714539,0.1858605146408081,0.7048236727714539,0.5189631581306458,medium,medium,medium_confidence | neutral_prediction,negative,reviewed,,negative,cardiffnlp/twitter-xlm-roberta-base-sentiment-multilingual,automatic_prelabel,positive | neutral | negative | uncertain,True,401,2026-06-18 18:33:54,human_manual_review,,,,,True,final_youtube_sentiment_825_balanced,2026-06-18 20:43:24,319,Duit duit mana poket saya masuk duit duit,Where is the money in my pocket?,translated,google_translate_auto_to_en,negative,keep,current label is acceptable or ambiguous
YT_UgxkWHBeayye892ldLd4AaABAg,YouTube,top_level_comment,UgxkWHBeayye892ldLd4AaABAg,UgxkWHBeayye892ldLd4AaABAg,Yu37CmWLvK0,SATU MALAYSIA KENA SCAM MAKANAN DI BAZAR RAMADAN‼️ LELAKI SOUND PENIAGA BAZAAR,NuR MuHD,https://www.youtube.com/watch?v=Yu37CmWLvK0,2026-02-22T17:36:49Z,festivals_national_events,Molek mention slalu bazaar mne...biar org beringat,b96bebb1ef80f75b6cce,2026-02-27T08:33:56Z,2026-02-27T08:33:56Z,0,0,True,True,none,,2026-06-17T15:11:45.124071+00:00,raw,,Molek mention slalu bazaar mne..biar org beringat,molek mention slalu bazaar mne biar org beringat,8,49,0,False,True,0,0,0,BM,id,0,0,,False,False,accepted,neutral,0.3035132586956024,0.4691174030303955,0.2273693680763244,0.4691174030303955,0.1656041443347931,low,high,low_confidence | neutral_prediction,positive,reviewed,,positive,cardiffnlp/twitter-xlm-roberta-base-sentiment-multilingual,automatic_prelabel,positive | neutral | negative | uncertain,True,109,2026-06-18 15:46:22,human_manual_review,,,,,True,final_youtube_sentiment_825_balanced,2026-06-18 20:43:24,156,Molek mention slalu bazaar mne..biar org beringat,Molek always mentions bazaar mne..let people remember,translated,google_translate_auto_to_en,neutral,relabel,translated English appears informational/unclear rather than explicit sentiment
YT_UgxGcQpgXV6o767qN4Z4AaABAg,YouTube,top_level_comment,UgxGcQpgXV6o767qN4Z4AaABAg,UgxGcQpgXV6o767qN4Z4AaABAg,zCSY4bGWUXc,"Suara Rakyat: Nilai semula subsidi petrol golongan kaya, apa kata orang miskin?",Astro AWANI,https://www.youtube.com/watch?v=zCSY4bGWUXc,2026-05-11T12:14:22Z,cost_of_living_public_policy,"Pendapatan T20 x jauh beza dgn M40.. Husband wife professional jadi T20 la tp klu dh semua subsidi x layak, baik yg wife resign, boleh tumpu ank2 dan rumahtangga.. Lain la klu T10 baru la betul2 kaya..",8cba26578827c36a145e,2026-05-11T13:16:26Z,2026-05-11T13:16:26Z,4,0,True,True,none,,2026-06-17T15:11:37.971132+00:00,raw,,"Pendapatan T20 x jauh beza dgn M40.. Husband wife professional jadi T20 la tp klu dh semua subsidi x layak, baik yg wife resign, boleh tumpu ank2 dan rumahtangga.. Lain la klu T10 baru la betul2 kaya..",pendapatan t20 x jauh beza dgn m40 husband wife professional jadi t20 la tp klu dh semua subsidi x layak baik yg wife resign boleh tumpu ank2 dan rumahtangga lain la klu t10 baru la betul2 kaya,37,201,0,False,True,0,0,0,BM,id,3,0,,False,False,accepted,positive,0.2921932637691498,0.2909000217914581,0.4169066846370697,0.4169066846370697,0.1247134208679199,low,high,low_confidence | small_probability_margin,neutral,reviewed,Moved from positive supplement to neutral after manual review,neutral,cardiffnlp/twitter-xlm-roberta-base-sentiment-multilingual,automatic_prelabel,,False,99,2026-06-18 20:30:19,human_manual_review_positive_supplement,available,,positive_shortage_after_manual_review,neutral_after_manual_review,True,final_youtube_sentiment_825_balanced,2026-06-18 20:43:24,329,"Pendapatan T20 x jauh beza dgn M40.. Husband wife professional jadi T20 la tp klu dh semua subsidi x layak, baik yg wife resign, boleh tumpu ank2 dan rumahtangga.. Lain la klu T10 baru la betul2 kaya..","T20's income is far different from M40.. Husband wife is a professional so T20, but if all the subsidies are eligible, even if the wife resigns, she can focus on her children and the household.. It's different if she's just T10, she's really rich..",translated,google_translate_auto_to_en,neutral,keep,current label is acceptable
YT_Ugx9LjrQXhvZh3GZ54V4AaABAg,YouTube,top_level_comment,Ugx9LjrQXhvZh3GZ54V4AaABAg,Ugx9LjrQXhvZh3GZ54V4AaABAg,UGAL8690ngc,"Bantuan Asas Rahmah diteruskan: RM100 untuk  dewasa, RM500 untuk penerima miskin tegar - Anwar",KiniTV,https://www.youtube.com/watch?v=UGAL8690ngc,2026-01-05T06:06:45Z,cost_of_living_public_policy,Thank you Datuk Sri Anuar Ibrahim. Amen!!.,ca185b5d4d71a2f93f7c,2026-01-07T10:58:42Z,2026-01-07T10:58:42Z,0,0,True,True,none,,2026-06-17T15:11:40.405760+00:00,raw,,Thank you Datuk Sri Anuar Ibrahim. Amen!!.,thank you datuk sri anuar ibrahim amen,7,42,0,False,True,0,0,0,EN,id,0,2,,False,False,accepted,positive,0.0177079606801271,0.0426943153142929,0.9395977258682252,0.9395977258682252,0.8969034105539322,high,low,,positive,reviewed,,positive,cardiffnlp/twitter-xlm-roberta-base-sentiment-multilingual,automatic_prelabel,positive | neutral | negative | uncertain,True,651,2026-06-18 19:15:13,human_manual_review,,,,,True,final_youtube_sentiment_825_balanced,2026-06-18 20:43:24,229,Thank you Datuk Sri Anuar Ibrahim. Amen!!.,Thank you Datuk Sri Anuar Ibrahim. Amen!!.,kept_original_english,none,positive,keep,current label is acceptable or ambiguous
YT_UgzaVP040YY-H9c-Na54AaABAg,YouTube,top_level_comment,UgzaVP040YY-H9c-Na54AaABAg,UgzaVP040YY-H9c-Na54AaABAg,9tQzzOjBIdI,KOS SARA HIDUP | Kerajaan Bakal Umum Langkah Tangani Kos Sara Hidup,Buletin TV3,https://www.youtube.com/watch?v=9tQzzOjBIdI,2025-07-19T05:38:22Z,cost_of_living_public_policy,Kerja dan terus kerja,26e49c7992e07e7b6cf8,2025-07-21T16:33:24Z,2025-07-21T16:33:24Z,0,0,True,True,none,,2026-06-17T15:11:40.014800+00:00,raw,,Kerja dan terus kerja,kerja dan terus kerja,4,21,0,False,True,0,0,0,BM,id,1,0,,False,False,accepted,positive,0.041089579463005,0.1524814516305923,0.8064289689064026,0.8064289689064026,0.6539475172758102,high,low,,positive,reviewed,Added from reviewed positive supplement,positive,cardiffnlp/twitter-xlm-roberta-base-sentiment-multilingual,automatic_prelabel,,False,38,2026-06-18 20:33:38,human_manual_review_positive_supplement,available,,positive_shortage_after_manual_review,positive,True,final_youtube_sentiment_825_balanced,2026-06-18 20:43:24,16,Kerja dan terus kerja,Work and keep working,translated,google_translate_auto_to_en,positive,keep,current label is acceptable or ambiguous
YT_Ugz2NulEXV66nhfxb2h4AaABAg,YouTube,top_level_comment,Ugz2NulEXV66nhfxb2h4AaABAg,Ugz2NulEXV66nhfxb2h4AaABAg,oULUeT07fa0,JPJ MALAYSIA? ADA APA APA JAWAPAN KE? SITA KENDERAAN ORANG SAMPAI BERBULAN BULAN? TERIMA KASIH SINGH,Bossrul Channel,https://www.youtube.com/watch?v=oULUeT07fa0,2025-07-01T02:14:17Z,transport_public_services,"Kalo org x ambik kenderaan,lama² dia lelong..kesian pemilik kenderaan",1fcf4cb6c0ac84613e11,2025-07-15T04:50:41Z,2025-07-15T04:50:41Z,3,0,True,True,none,,2026-06-17T15:11:48.876089+00:00,raw,,"Kalo org x ambik kenderaan,lama2 dia lelong..kesian pemilik kenderaan",kalo org x ambik kenderaan lama2 dia lelong kesian pemilik kenderaan,11,69,0,False,True,0,0,0,BM,id,0,0,,False,False,accepted,negative,0.9411365389823914,0.0284312479197978,0.0304321032017469,0.9411365389823914,0.9107044357806444,high,low,,negative,reviewed,,negative,cardiffnlp/twitter-xlm-roberta-base-sentiment-multilingual,automatic_prelabel,positive | neutral | negative | uncertain,True,658,2026-06-18 19:17:03,human_manual_review,,,,,True,final_youtube_sentiment_825_balanced,2026-06-18 20:43:24,523,"Kalo org x ambik kenderaan,lama2 dia lelong..kesian pemilik kenderaan","If people don't take the vehicle, it will be auctioned for a long time.. pity the vehicle owner",translated,google_translate_auto_to_en,negative,keep,current label is acceptable or ambiguous
YT_Ugyw_Hd7lNdzOxXLBwh4AaABAg,YouTube,top_level_comment,Ugyw_Hd7lNdzOxXLBwh4AaABAg,Ugyw_Hd7lNdzOxXLBwh4AaABAg,pByBSEMjiyo,MENJELANG AIDILFITRI | PM Umum Cuti Tambahan Sehari Sambut Hari Raya Aidilfitri,Buletin TV3,https://www.youtube.com/watch?v=pByBSEMjiyo,2026-03-15T05:40:33Z,festivals_national_events,Tugas utama PM bukan bagi cuti sebaliknya laksanakan RCI SPRM itu paling utama,0123e30b5148089895ae,2026-03-15T07:09:12Z,2026-03-15T07:09:12Z,4,0,True,True,none,,2026-06-17T15:11:43.139014+00:00,raw,,Tugas utama PM bukan bagi cuti sebaliknya laksanakan RCI SPRM itu paling utama,tugas utama pm bukan bagi cuti sebaliknya laksanakan rci sprm itu paling utama,13,78,0,False,True,0,0,0,BM,id,2,0,,False,False,accepted,positive,0.1240117773413658,0.376586377620697,0.4994018077850342,0.4994018077850342,0.1228154301643371,low,high,low_confidence | small_probability_margin,negative,reviewed,,negative,cardiffnlp/twitter-xlm-roberta-base-sentiment-multilingual,automatic_prelabel,positive | neutral | negative | uncertain,True,145,2026-06-18 15:52:37,human_manual_review,,,,,True,final_youtube_sentiment_825_balanced,2026-06-18 20:43:24,70,Tugas utama PM bukan bagi cuti sebaliknya laksanakan RCI SPRM itu paling utama,"The prime minister's duty is not to take leave, but to implement the RCI of the MACC",translated,google_translate_auto_to_en,negative,keep,current label is acceptable or ambiguous
YT_UgzJDvFSkKvKJRsW0iR4AaABAg,YouTube,top_level_comment,UgzJDvFSkKvKJRsW0iR4AaABAg,UgzJDvFSkKvKJRsW0iR4AaABAg,Yu37CmWLvK0,SATU MALAYSIA KENA SCAM MAKANAN DI BAZAR RAMADAN‼️ LELAKI SOUND PENIAGA BAZAAR,NuR MuHD,https://www.youtube.com/watch?v=Yu37CmWLvK0,2026-02-22T17:36:49Z,festivals_national_events,Aku rekemen la korang datand bazar dekat cheras perdana dekat dengan station bandar tün husin oon.semua sedap harga berpatutan n puas hati,8deee65248aa16c9c491,2026-03-05T18:23:28Z,2026-03-05T18:23:28Z,0,0,True,True,none,,2026-06-17T15:11:44.742551+00:00,raw,,Aku rekemen la korang datand bazar dekat cheras perdana dekat dengan station bandar tün husin oon.semua sedap harga berpatutan n puas hati,aku rekemen la korang datand bazar dekat cheras perdana dekat dengan station bandar tün husin oon semua sedap harga berpatutan n puas hati,23,138,0,False,True,0,0,0,BM,id,5,0,,False,False,accepted,positive,0.1635432094335556,0.2443942874670028,0.5920625329017639,0.5920625329017639,0.347668245434761,low,high,low_confidence,positive,reviewed,,positive,cardiffnlp/twitter-xlm-roberta-base-sentiment-multilingual,automatic_prelabel,positive | neutral | negative | uncertain,True,329,2026-06-18 17:18:48,human_manual_review,,,,,True,final_youtube_sentiment_825_balanced,2026-06-18 20:43:24,693,Aku rekemen la korang datand bazar dekat cheras perdana dekat dengan station bandar tün husin oon.semua sedap harga berpatutan n puas hati,"I recommend that you come to the bazaar near Cheras Perdana, near the Tün Husin Oon town station. Everything is delicious, reasonable prices, and satisfied.",translated,google_translate_auto_to_en,positive,keep,current label is acceptable or ambiguous
YT_Ugw1jAVnRgrgQ6zx-3h4AaABAg,YouTube,top_level_comment,Ugw1jAVnRgrgQ6zx-3h4AaABAg,Ugw1jAVnRgrgQ6zx-3h4AaABAg,Wk-HcKtIaGY,Are We About to See a Chinese Tourist Boom in Malaysia?,Ziet Invests,https://www.youtube.com/watch?v=Wk-HcKtIaGY,2026-02-12T11:00:42Z,tourism_lifestyle_events,"I used to study in singapore so i visited malaysia quite often la, but new year 2026, i brought my family to KL for a 3 weeks holiday and now I begin to think about retiring in malaysia. maybe penang or KL suburb... i think malaysia has done a good job preserving the chinese diaspora community. ❤",212c30adb012872d86cb,2026-02-28T14:35:28Z,2026-02-28T14:35:28Z,2,0,True,True,none,,2026-06-17T15:11:46.187458+00:00,raw,,"I used to study in singapore so i visited malaysia quite often la, but new year 2026, i brought my family to KL for a 3 weeks holiday and now I begin to think about retiring in malaysia. maybe penang or KL suburb.. i think malaysia has done a good job preserving the chinese diaspora community. ❤",i used to study in singapore so i visited malaysia quite often la but new year 2026 i brought my family to kl for a 3 weeks holiday and now i begin to think about retiring in malaysia maybe penang or kl suburb i think malaysia has done a good job preserving the chinese diaspora community,56,296,1,False,True,0,0,0,MIXED,en,1,4,,False,False,accepted,positive,0.0852265134453773,0.1085299700498581,0.8062434792518616,0.8062434792518616,0.6977135092020035,high,medium,mixed_language,positive,reviewed,Added from reviewed positive supplement,positive,cardiffnlp/twitter-xlm-roberta-base-sentiment-multilingual,automatic_prelabel,,False,39,2026-06-18 20:33:38,human_manual_review_positive_supplement,available,,positive_shortage_after_manual_review,positive,True,final_youtube_sentiment_825_balanced,2026-06-18 20:43:24,517,"I used to study in singapore so i visited malaysia quite often la, but new year 2026, i brought my family to KL for a 3 weeks holiday and now I begin to think about retiring in malaysia. maybe penang or KL suburb.. i think malaysia has done a good job preserving the chinese diaspora community. ❤","I used to study in singapore so i visited malaysia quite often la, but new year 2026, i brought my family to KL for a 3 weeks holiday and now I begin to think about retiring in malaysia. maybe penang or KL suburb.. i think malaysia has done a good job preserving the chinese diaspora community. ❤",kept_original_english,none,positive,keep,current label is acceptable or ambiguous
YT_UgzXHV-U-M1cM91tE-N4AaABAg,YouTube,top_level_comment,UgzXHV-U-M1cM91tE-N4AaABAg,UgzXHV-U-M1cM91tE-N4AaABAg,UGAL8690ngc,"Bantuan Asas Rahmah diteruskan: RM100 untuk  dewasa, RM500 untuk penerima miskin tegar - Anwar",KiniTV,https://www.youtube.com/watch?v=UGAL8690ngc,2026-01-05T06:06:45Z,cost_of_living_public_policy,"Alhamdulillah semuge tak pilih"" org,kena bagi yg rate",6ac97937b5ed25871381,2026-01-07T06:13:08Z,2026-01-07T06:13:08Z,0,0,True,True,none,,2026-06-17T15:11:40.405803+00:00,raw,,"Alhamdulillah semuge tak pilih"" org,kena bagi yg rate",alhamdulillah semuge tak pilih org kena bagi yg rate,9,53,0,False,True,0,0,0,BM,id,1,0,,False,False,accepted,positive,0.2520995438098907,0.2341279238462448,0.5137725472450256,0.5137725472450256,0.2616730034351349,low,high,low_confidence,positive,reviewed,,positive,cardiffnlp/twitter-xlm-roberta-base-sentiment-multilingual,automatic_prelabel,positive | neutral | negative | uncertain,True,171,2026-06-18 15:57:27,human_manual_review,,,,,True,final_youtube_sentiment_825_balanced,2026-06-18 20:43:24,616,"Alhamdulillah semuge tak pilih"" org,kena bagi yg rate","Thank God Semuge doesn't choose people, it's up to those who rate",translated,google_translate_auto_to_en,positive,keep,current label is acceptable or ambiguous
YT_Ugwsx97vrdVBbLL1gF14AaABAg,YouTube,top_level_comment,Ugwsx97vrdVBbLL1gF14AaABAg,Ugwsx97vrdVBbLL1gF14AaABAg,FgMUKH-xEec,"Kerajaan setuju semakan tarik subsidi minyak golongan berpendapatan tinggi, kata PM",Free Malaysia Today,https://www.youtube.com/watch?v=FgMUKH-xEec,2026-05-10T09:06:58Z,cost_of_living_public_policy,Budget zakat berkurang nak cover cost bayar minyak tak subsidi.,f65a232c287f98924b16,2026-05-15T06:43:55Z,2026-05-15T06:43:55Z,0,0,True,True,none,,2026-06-17T15:11:41.872045+00:00,raw,,Budget zakat berkurang nak cover cost bayar minyak tak subsidi.,budget zakat berkurang nak cover cost bayar minyak tak subsidi,10,63,0,False,True,0,0,0,BM,id,3,0,,False,False,accepted,negative,0.5555524230003357,0.2504209876060486,0.1940266340970993,0.5555524230003357,0.3051314353942871,low,high,low_confidence,negative,reviewed,,negative,cardiffnlp/twitter-xlm-roberta-base-sentiment-multilingual,automatic_prelabel,positive | neutral | negative | uncertain,True,265,2026-06-18 17:05:12,human_manual_review,,,,,True,final_youtube_sentiment_825_balanced,2026-06-18 20:43:24,494,Budget zakat berkurang nak cover cost bayar minyak tak subsidi.,The zakat budget is reduced to cover the cost of paying fuel without subsidies.,translated,google_translate_auto_to_en,negative,keep,current label is acceptable or ambiguous
YT_Ugypeqqkvtksg1fB9Q54AaABAg,YouTube,top_level_comment,Ugypeqqkvtksg1fB9Q54AaABAg,Ugypeqqkvtksg1fB9Q54AaABAg,UGAL8690ngc,"Bantuan Asas Rahmah diteruskan: RM100 untuk  dewasa, RM500 untuk penerima miskin tegar - Anwar",KiniTV,https://www.youtube.com/watch?v=UGAL8690ngc,2026-01-05T06:06:45Z,cost_of_living_public_policy,Thank you happy new year 2026,9184e6dc6a367d393b2b,2026-01-07T03:03:57Z,2026-01-07T03:03:57Z,0,0,True,True,none,,2026-06-17T15:11:40.405916+00:00,raw,,Thank you happy new year 2026,thank you happy new year 2026,6,29,0,False,True,0,0,0,EN,en,0,2,,False,False,accepted,positive,0.0281068198382854,0.046425886452198,0.925467312335968,0.925467312335968,0.87904142588377,high,low,,positive,reviewed,Added from reviewed positive supplement,positive,cardiffnlp/twitter-xlm-roberta-base-sentiment-multilingual,automatic_prelabel,,False,3,2026-06-18 20:33:38,human_manual_review_positive_supplement,available,,positive_shortage_after_manual_review,positive,True,final_youtube_sentiment_825_balanced,2026-06-18 20:43:24,435,Thank you happy new year 2026,Thank you happy new year 2026,kept_original_english,none,positive,keep,current label is acceptable or ambiguous
YT_UgxX_Nc3oKxQ90QfLuB4AaABAg,YouTube,top_level_comment,UgxX_Nc3oKxQ90QfLuB4AaABAg,UgxX_Nc3oKxQ90QfLuB4AaABAg,qlQj6Zlgc-M,MyDigital ID akan diwajibkan untuk akses aplikasi MyJPJ & MyBayar PDRM!,SoyaCincau BM,https://www.youtube.com/watch?v=qlQj6Zlgc-M,2025-08-27T12:39:08Z,technology_digital_services,Senang macam ni tak payah guna akaun dan password banyak-banyak.,9c074181906ebd117b96,2025-11-01T03:42:10Z,2025-11-01T03:42:10Z,1,0,True,True,none,,2026-06-17T15:11:45.563983+00:00,raw,,Senang macam ni tak payah guna akaun dan password banyak-banyak.,senang macam ni tak payah guna akaun dan password banyak banyak,10,64,0,False,True,0,0,0,BM,id,3,0,,False,False,accepted,positive,0.2251651287078857,0.3642045259475708,0.4106303453445434,0.4106303453445434,0.0464258193969726,low,high,low_confidence | small_probability_margin,positive,reviewed,,positive,cardiffnlp/twitter-xlm-roberta-base-sentiment-multilingual,automatic_prelabel,positive | neutral | negative | uncertain,True,45,2026-06-18 15:34:06,human_manual_review,,,,,True,final_youtube_sentiment_825_balanced,2026-06-18 20:43:24,461,Senang macam ni tak payah guna akaun dan password banyak-banyak.,It's nice that you don't have to use a lot of accounts and passwords.,translated,google_translate_auto_to_en,positive,keep,current label is acceptable or ambiguous
YT_UgzH4TKyfT1tk_PXCSZ4AaABAg,YouTube,top_level_comment,UgzH4TKyfT1tk_PXCSZ4AaABAg,UgzH4TKyfT1tk_PXCSZ4AaABAg,0zi0v_kJ7BE,"Belanjawan 2026: Bantuan tunai STR dikurang RM300, Sara naik",KiniTV,https://www.youtube.com/watch?v=0zi0v_kJ7BE,2025-10-13T05:24:51Z,cost_of_living_public_policy,Lama lama rosaklah Malaysia ni,21d1fbf5241442ec184e,2026-05-29T03:18:38Z,2026-05-29T03:18:38Z,0,0,True,True,none,,2026-06-17T15:11:41.175553+00:00,raw,,Lama lama rosaklah Malaysia ni,lama lama rosaklah malaysia ni,5,30,0,False,True,0,0,0,BM,tl,1,0,,False,False,accepted,negative,0.952409565448761,0.0217971447855234,0.025793382897973,0.952409565448761,0.926616182550788,high,low,,negative,reviewed,,negative,cardiffnlp/twitter-xlm-roberta-base-sentiment-multilingual,automatic_prelabel,positive | neutral | negative | uncertain,True,695,2026-06-18 19:22:52,human_manual_review,,,,,True,final_youtube_sentiment_825_balanced,2026-06-18 20:43:24,691,Lama lama rosaklah Malaysia ni,Malaysia has been ruined for a long time,translated,google_translate_auto_to_en,neutral,relabel,translated English appears informational/unclear rather than explicit sentiment
YT_Ugz4F3CAuyAoYDIljPN4AaABAg,YouTube,top_level_comment,Ugz4F3CAuyAoYDIljPN4AaABAg,Ugz4F3CAuyAoYDIljPN4AaABAg,Yu37CmWLvK0,SATU MALAYSIA KENA SCAM MAKANAN DI BAZAR RAMADAN‼️ LELAKI SOUND PENIAGA BAZAAR,NuR MuHD,https://www.youtube.com/watch?v=Yu37CmWLvK0,2026-02-22T17:36:49Z,festivals_national_events,pulangkan balik pada peniage2 kalau bolih vital kan sbb diorng ni bukan nye serik...,89f0eac4bd60c7e6a4ff,2026-02-28T04:15:05Z,2026-02-28T04:15:05Z,0,0,True,True,none,,2026-06-17T15:11:44.743097+00:00,raw,,pulangkan balik pada peniage2 kalau bolih vital kan sbb diorng ni bukan nye serik..,pulangkan balik pada peniage2 kalau bolih vital kan sbb diorng ni bukan nye serik,14,83,0,False,True,0,0,0,BM,id,3,0,,False,False,accepted,negative,0.9360127449035645,0.0327426344156265,0.0312446188181638,0.9360127449035645,0.903270110487938,high,low,,negative,reviewed,,negative,cardiffnlp/twitter-xlm-roberta-base-sentiment-multilingual,automatic_prelabel,positive | neutral | negative | uncertain,True,646,2026-06-18 19:14:32,human_manual_review,,,,,True,final_youtube_sentiment_825_balanced,2026-06-18 20:43:24,540,pulangkan balik pada peniage2 kalau bolih vital kan sbb diorng ni bukan nye serik..,"return it to the peniage2 if you can, because this person is not cool..",translated,google_translate_auto_to_en,negative,keep,current label is acceptable or ambiguous
YT_UgwjeB-VLL63iITp4Rd4AaABAg,YouTube,top_level_comment,UgwjeB-VLL63iITp4Rd4AaABAg,UgwjeB-VLL63iITp4Rd4AaABAg,lWY3O9pFexo,KOS SARA HIDUP | PM Umum Butiran Penghargaan Untuk Rakyat Esok (BU),Buletin TV3,https://www.youtube.com/watch?v=lWY3O9pFexo,2025-07-22T12:11:44Z,cost_of_living_public_policy,Jum vote naik gaji untuk penjawat awam....,4b1219bdbf7caeba001f,2025-07-22T16:58:23Z,2025-07-22T16:58:23Z,0,0,True,True,none,,2026-06-17T15:11:38.330749+00:00,raw,,Jum vote naik gaji untuk penjawat awam..,jum vote naik gaji untuk penjawat awam,7,40,0,False,True,0,0,0,BM,id,1,0,,False,False,accepted,positive,0.1485736817121505,0.2795166671276092,0.5719096064567566,0.5719096064567566,0.2923929393291473,low,high,low_confidence,positive,reviewed,,positive,cardiffnlp/twitter-xlm-roberta-base-sentiment-multilingual,automatic_prelabel,positive | neutral | negative | uncertain,True,292,2026-06-18 17:09:59,human_manual_review,,,,,True,final_youtube_sentiment_825_balanced,2026-06-18 20:43:24,187,Jum vote naik gaji untuk penjawat awam..,Friday vote for salary increase for civil servants..,translated,google_translate_auto_to_en,neutral,relabel,translated English appears informational/unclear rather than explicit sentiment
YT_UgzKj2_9zG-MAPxgca14AaABAg,YouTube,top_level_comment,UgzKj2_9zG-MAPxgca14AaABAg,UgzKj2_9zG-MAPxgca14AaABAg,UGAL8690ngc,"Bantuan Asas Rahmah diteruskan: RM100 untuk  dewasa, RM500 untuk penerima miskin tegar - Anwar",KiniTV,https://www.youtube.com/watch?v=UGAL8690ngc,2026-01-05T06:06:45Z,cost_of_living_public_policy,👍🙏 bila negara makmur . rakyat pun senang sedikit.... dapat bantuan rakyat...duit tak di sakau oleh scammer pemimpin yg panggil mereka Pemimpin 😮,aa8d850b7f83e938a527,2026-01-06T07:24:08Z,2026-01-06T07:24:08Z,20,0,True,True,none,,2026-06-17T15:11:40.406296+00:00,raw,,👍🙏 bila negara makmur . rakyat pun senang sedikit.. dapat bantuan rakyat..duit tak di sakau oleh scammer pemimpin yg panggil mereka Pemimpin 😮,bila negara makmur rakyat pun senang sedikit dapat bantuan rakyat duit tak di sakau oleh scammer pemimpin yg panggil mereka pemimpin,21,142,3,False,True,0,0,0,BM,id,5,0,,False,False,accepted,positive,0.2861441373825073,0.2049726098775863,0.5088832974433899,0.5088832974433899,0.2227391600608825,low,high,low_confidence,positive,reviewed,Changed from negative to positive after text-based manual review,positive,cardiffnlp/twitter-xlm-roberta-base-sentiment-multilingual,automatic_prelabel,positive | neutral | negative | uncertain,True,164,2026-06-18 20:41:44,human_manual_text_based_negative_recheck,,,,,True,final_youtube_sentiment_825_balanced,2026-06-18 20:43:24,699,👍🙏 bila negara makmur . rakyat pun senang sedikit.. dapat bantuan rakyat..duit tak di sakau oleh scammer pemimpin yg panggil mereka Pemimpin 😮,👍🙏 when the country is prosperous. the people are also a little happy.. they get help from the people.. money is not given by the leader scammers who call them Leaders 😮,translated,google_translate_auto_to_en,positive,keep,current label is acceptable or ambiguous
YT_Ugzlip886rY2_i1WFMx4AaABAg,YouTube,top_level_comment,Ugzlip886rY2_i1WFMx4AaABAg,Ugzlip886rY2_i1WFMx4AaABAg,UGAL8690ngc,"Bantuan Asas Rahmah diteruskan: RM100 untuk  dewasa, RM500 untuk penerima miskin tegar - Anwar",KiniTV,https://www.youtube.com/watch?v=UGAL8690ngc,2026-01-05T06:06:45Z,cost_of_living_public_policy,Pmx boleh dh buat/ wujudkan semula outlets runcit mcm KR1M n juga klinik rakyat mcm klinik 1M krna ia terbukti benarw bermanfaat kpd rakyat bawahan/marhaen.....,3b4a6914baa5a7fa5f77,2026-01-06T14:49:37Z,2026-01-06T14:49:37Z,0,0,True,True,none,,2026-06-17T15:11:40.406078+00:00,raw,,Pmx boleh dh buat/ wujudkan semula outlets runcit mcm KR1M n juga klinik rakyat mcm klinik 1M krna ia terbukti benarw bermanfaat kpd rakyat bawahan/marhaen..,pmx boleh dh buat wujudkan semula outlets runcit mcm kr1m n juga klinik rakyat mcm klinik 1m krna ia terbukti benarw bermanfaat kpd rakyat bawahan marhaen,26,157,0,False,True,0,0,0,BM,id,3,0,,False,False,accepted,positive,0.1546483933925628,0.1817035228013992,0.6636480689048767,0.6636480689048767,0.4819445461034775,medium,medium,medium_confidence,positive,reviewed,Added from reviewed positive supplement,positive,cardiffnlp/twitter-xlm-roberta-base-sentiment-multilingual,automatic_prelabel,,False,51,2026-06-18 20:33:38,human_manual_review_positive_supplement,available,,positive_shortage_after_manual_review,positive,True,final_youtube_sentiment_825_balanced,2026-06-18 20:43:24,403,Pmx boleh dh buat/ wujudkan semula outlets runcit mcm KR1M n juga klinik rakyat mcm klinik 1M krna ia terbukti benarw bermanfaat kpd rakyat bawahan/marhaen..,Please can you create/re-create retail outlets like KR1M and also people's clinics like 1M clinics because it is proven to be really beneficial to the subordinate/marhaen people..,translated,google_translate_auto_to_en,positive,keep,current label is acceptable or ambiguous
YT_Ugzey1O6L1VnM3AM5Cx4AaABAg,YouTube,top_level_comment,Ugzey1O6L1VnM3AM5Cx4AaABAg,Ugzey1O6L1VnM3AM5Cx4AaABAg,J5SEcQAe1AM,Why Malaysia Forces You to Own a Car,UrbanShiftMY,https://www.youtube.com/watch?v=J5SEcQAe1AM,2026-05-11T05:16:17Z,transport_public_services,Same thing in the US,bb0247ccd530f22d535b,2026-05-30T23:47:07Z,2026-05-30T23:47:07Z,0,0,True,True,none,,2026-06-17T15:11:48.076817+00:00,raw,,Same thing in the US,same thing in the us,5,20,0,False,True,0,0,0,EN,en,0,1,,False,False,accepted,negative,0.5416971445083618,0.4457790851593017,0.0125237759202718,0.5416971445083618,0.09591805934906,low,high,low_confidence | small_probability_margin,neutral,reviewed,,neutral,cardiffnlp/twitter-xlm-roberta-base-sentiment-multilingual,automatic_prelabel,positive | neutral | negative | uncertain,True,232,2026-06-18 16:52:29,human_manual_review,,,,,True,final_youtube_sentiment_825_balanced,2026-06-18 20:43:24,657,Same thing in the US,Same thing in the US,kept_original_english,none,neutral,keep,current label is acceptable
YT_UgzSoENpr8P1AysIMgJ4AaABAg,YouTube,top_level_comment,UgzSoENpr8P1AysIMgJ4AaABAg,UgzSoENpr8P1AysIMgJ4AaABAg,9tQzzOjBIdI,KOS SARA HIDUP | Kerajaan Bakal Umum Langkah Tangani Kos Sara Hidup,Buletin TV3,https://www.youtube.com/watch?v=9tQzzOjBIdI,2025-07-19T05:38:22Z,cost_of_living_public_policy,Kuat kincing punya olang,f4559486e4513febe44b,2025-07-19T06:38:55Z,2025-07-19T06:38:55Z,10,1,True,True,none,,2026-06-17T15:11:40.015890+00:00,raw,,Kuat kincing punya olang,kuat kincing punya olang,4,24,0,False,True,0,0,0,BM,id,0,0,,False,False,accepted,negative,0.554323673248291,0.1921311318874359,0.253545194864273,0.554323673248291,0.3007784783840179,low,high,low_confidence,neutral,reviewed,,neutral,cardiffnlp/twitter-xlm-roberta-base-sentiment-multilingual,automatic_prelabel,positive | neutral | negative | uncertain,True,259,2026-06-18 17:04:18,human_manual_review,,,,,True,final_youtube_sentiment_825_balanced,2026-06-18 20:43:24,113,Kuat kincing punya olang,Loud ringing has a problem,translated,google_translate_auto_to_en,neutral,keep,current label is acceptable or ambiguous
YT_UgyG6Hha4iyYBQixZCF4AaABAg,YouTube,top_level_comment,UgyG6Hha4iyYBQixZCF4AaABAg,UgyG6Hha4iyYBQixZCF4AaABAg,ePfJmLXfPwU,JPJ perkenal wajah baharu lesen memandu,Harian Metro,https://www.youtube.com/watch?v=ePfJmLXfPwU,2025-05-21T11:30:02Z,transport_public_services,Aku org asli lebih suka lesen fizikal yg dulu senang tk susah kan rakyat..,093197d16d037a6d313d,2025-07-23T14:36:07Z,2025-07-23T14:36:07Z,0,0,True,True,none,,2026-06-17T15:11:47.298858+00:00,raw,,Aku org asli lebih suka lesen fizikal yg dulu senang tk susah kan rakyat..,aku org asli lebih suka lesen fizikal yg dulu senang tk susah kan rakyat,14,74,0,False,True,0,0,0,BM,id,3,0,,False,False,accepted,positive,0.1754580438137054,0.2211173623800277,0.603424608707428,0.603424608707428,0.3823072463274002,medium,medium,medium_confidence,positive,reviewed,Added from reviewed positive supplement,positive,cardiffnlp/twitter-xlm-roberta-base-sentiment-multilingual,automatic_prelabel,,False,74,2026-06-18 20:33:38,human_manual_review_positive_supplement,available,,positive_shortage_after_manual_review,positive,True,final_youtube_sentiment_825_balanced,2026-06-18 20:43:24,679,Aku org asli lebih suka lesen fizikal yg dulu senang tk susah kan rakyat..,I'm an original person who prefers a physical license that used to be easy and not difficult for the people..,translated,google_translate_auto_to_en,positive,keep,current label is acceptable or ambiguous
YT_Ugx_7r3l73t3ALorSTN4AaABAg,YouTube,top_level_comment,Ugx_7r3l73t3ALorSTN4AaABAg,Ugx_7r3l73t3ALorSTN4AaABAg,9tQzzOjBIdI,KOS SARA HIDUP | Kerajaan Bakal Umum Langkah Tangani Kos Sara Hidup,Buletin TV3,https://www.youtube.com/watch?v=9tQzzOjBIdI,2025-07-19T05:38:22Z,cost_of_living_public_policy,"Cakap pun tak yakin. Dulu kita yakin,😂",2db183c96642f6117035,2025-07-19T06:25:56Z,2025-07-19T06:25:56Z,3,0,True,True,none,,2026-06-17T15:11:40.015943+00:00,raw,,"Cakap pun tak yakin. Dulu kita yakin,😂",cakap pun tak yakin dulu kita yakin,7,38,1,False,True,0,0,0,BM,id,3,0,,False,False,accepted,neutral,0.2901124358177185,0.4265564978122711,0.2833310663700104,0.4265564978122711,0.1364440619945526,low,high,low_confidence | small_probability_margin | neutral_prediction,negative,reviewed,,negative,cardiffnlp/twitter-xlm-roberta-base-sentiment-multilingual,automatic_prelabel,positive | neutral | negative | uncertain,True,53,2026-06-18 15:36:42,human_manual_review,,,,,True,final_youtube_sentiment_825_balanced,2026-06-18 20:43:24,30,"Cakap pun tak yakin. Dulu kita yakin,😂","Can't even talk. We used to be sure,😂",translated,google_translate_auto_to_en,negative,keep,current label is acceptable or ambiguous
YT_Ugx303Nd_KbNqEP9cd94AaABAg,YouTube,top_level_comment,Ugx303Nd_KbNqEP9cd94AaABAg,Ugx303Nd_KbNqEP9cd94AaABAg,3Pk956RGn7o,10 MENU SCAM PALING PELIK DI BAZAR RAMADAN,Faktaw Channel,https://www.youtube.com/watch?v=3Pk956RGn7o,2025-03-22T08:00:02Z,festivals_national_events,dh kne bru² ni mertabak xde isi daging lngsung bwang yg bnyk dgn telur x brbaloi dgn hrga yg mahal,3c96edec4cd8c54b2b45,2026-03-04T14:39:21Z,2026-03-04T14:39:21Z,0,0,True,True,none,,2026-06-17T15:11:43.541203+00:00,raw,,dh kne bru2 ni mertabak xde isi daging lngsung bwang yg bnyk dgn telur x brbaloi dgn hrga yg mahal,dh kne bru2 ni mertabak xde isi daging lngsung bwang yg bnyk dgn telur x brbaloi dgn hrga yg mahal,20,98,0,False,True,0,0,0,BM,id,1,0,,False,False,accepted,negative,0.7843686938285828,0.118926890194416,0.0967045202851295,0.7843686938285828,0.6654418036341667,medium,medium,medium_confidence,negative,reviewed,,negative,cardiffnlp/twitter-xlm-roberta-base-sentiment-multilingual,automatic_prelabel,positive | neutral | negative | uncertain,True,509,2026-06-18 18:53:33,human_manual_review,,,,,True,final_youtube_sentiment_825_balanced,2026-06-18 20:43:24,361,dh kne bru2 ni mertabak xde isi daging lngsung bwang yg bnyk dgn telur x brbaloi dgn hrga yg mahal,dh kne bru2 mertabak xn't fill with meat straight away with a lot of eggs xn't worth the expensive price,translated,google_translate_auto_to_en,negative,keep,current label is acceptable or ambiguous
YT_UgweCuwMk4iQDboEQ_h4AaABAg,YouTube,top_level_comment,UgweCuwMk4iQDboEQ_h4AaABAg,UgweCuwMk4iQDboEQ_h4AaABAg,0zi0v_kJ7BE,"Belanjawan 2026: Bantuan tunai STR dikurang RM300, Sara naik",KiniTV,https://www.youtube.com/watch?v=0zi0v_kJ7BE,2025-10-13T05:24:51Z,cost_of_living_public_policy,Agar sara digunakan juga untuk barangan basah seperti ikan dan sayur... selain itu bayar bil api dan air,cd0bd30d17711c890561,2025-10-13T23:45:37Z,2025-10-13T23:45:37Z,15,0,True,True,none,,2026-06-17T15:11:41.529094+00:00,raw,,Agar sara digunakan juga untuk barangan basah seperti ikan dan sayur.. selain itu bayar bil api dan air,agar sara digunakan juga untuk barangan basah seperti ikan dan sayur selain itu bayar bil api dan air,18,103,0,False,True,0,0,0,BM,id,4,0,,False,False,accepted,neutral,0.1826786994934082,0.4251523017883301,0.3921690285205841,0.4251523017883301,0.0329832732677459,low,high,low_confidence | small_probability_margin | neutral_prediction,neutral,reviewed,,neutral,cardiffnlp/twitter-xlm-roberta-base-sentiment-multilingual,automatic_prelabel,positive | neutral | negative | uncertain,True,52,2026-06-18 15:36:33,human_manual_review,,,,,True,final_youtube_sentiment_825_balanced,2026-06-18 20:43:24,608,Agar sara digunakan juga untuk barangan basah seperti ikan dan sayur.. selain itu bayar bil api dan air,Agar sara is also used for wet items such as fish and vegetables.. in addition to paying electricity and water bills,translated,google_translate_auto_to_en,neutral,keep,current label is acceptable
YT_UgxsATs1y5-ktzmZ4z94AaABAg,YouTube,top_level_comment,UgxsATs1y5-ktzmZ4z94AaABAg,UgxsATs1y5-ktzmZ4z94AaABAg,Wk-HcKtIaGY,Are We About to See a Chinese Tourist Boom in Malaysia?,Ziet Invests,https://www.youtube.com/watch?v=Wk-HcKtIaGY,2026-02-12T11:00:42Z,tourism_lifestyle_events,"Hi, how to withdraw cash in Hong Kong or China? Any ATM machines also can? Thanks",fb3919f0a43e01c04866,2026-02-22T09:33:40Z,2026-02-22T09:33:40Z,1,0,True,True,none,,2026-06-17T15:11:46.187561+00:00,raw,,"Hi, how to withdraw cash in Hong Kong or China? Any ATM machines also can? Thanks",hi how to withdraw cash in hong kong or china any atm machines also can thanks,16,81,0,False,True,0,0,0,EN,en,0,1,,False,False,accepted,neutral,0.0151137821376323,0.9546999931335448,0.0301863122731447,0.9546999931335448,0.9245136808604002,high,medium,neutral_prediction,positive,reviewed,,positive,cardiffnlp/twitter-xlm-roberta-base-sentiment-multilingual,automatic_prelabel,positive | neutral | negative | uncertain,True,585,2026-06-18 19:04:57,human_manual_review,,,,,True,final_youtube_sentiment_825_balanced,2026-06-18 20:43:24,630,"Hi, how to withdraw cash in Hong Kong or China? Any ATM machines also can? Thanks","Hi, how to withdraw cash in Hong Kong or China? Any ATM machines also can? Thanks",kept_original_english,none,positive,keep,current label is acceptable or ambiguous
YT_UgxuyvouqL7trBVc53Z4AaABAg,YouTube,top_level_comment,UgxuyvouqL7trBVc53Z4AaABAg,UgxuyvouqL7trBVc53Z4AaABAg,0zi0v_kJ7BE,"Belanjawan 2026: Bantuan tunai STR dikurang RM300, Sara naik",KiniTV,https://www.youtube.com/watch?v=0zi0v_kJ7BE,2025-10-13T05:24:51Z,cost_of_living_public_policy,sepatut nya di tambah baikkan.dan bukan nya di kurangkan.satu tindakan kurang bijak..PM anwar,bde8bd19206bd8f77ae6,2025-10-30T11:26:58Z,2025-10-30T11:26:58Z,0,0,True,True,none,,2026-06-17T15:11:41.176043+00:00,raw,,sepatut nya di tambah baikkan.dan bukan nya di kurangkan.satu tindakan kurang bijak..PM anwar,sepatut nya di tambah baikkan dan bukan nya di kurangkan satu tindakan kurang bijak pm anwar,16,93,0,False,True,0,0,0,BM,id,2,0,,False,False,accepted,negative,0.5437862873077393,0.2094019651412964,0.2468117624521255,0.5437862873077393,0.2969745248556137,low,high,low_confidence,negative,reviewed,,negative,cardiffnlp/twitter-xlm-roberta-base-sentiment-multilingual,automatic_prelabel,positive | neutral | negative | uncertain,True,236,2026-06-18 16:52:54,human_manual_review,,,,,True,final_youtube_sentiment_825_balanced,2026-06-18 20:43:24,17,sepatut nya di tambah baikkan.dan bukan nya di kurangkan.satu tindakan kurang bijak..PM anwar,it should be improved. and not reduced. an unwise action.. PM anwar,translated,google_translate_auto_to_en,negative,keep,current label is acceptable or ambiguous
YT_UgxC6iNaBWuXy91siO14AaABAg,YouTube,top_level_comment,UgxC6iNaBWuXy91siO14AaABAg,UgxC6iNaBWuXy91siO14AaABAg,hXMCJ90cK7M,Car vs Public Transport in Malaysia. Who Wins?,Mr Money TV,https://www.youtube.com/watch?v=hXMCJ90cK7M,2025-05-23T12:42:56Z,transport_public_services,good comparison.i prefer both but if im with my family i still prefer using car.btw nice BYD car.what model is that?,e03ad1be73b66ce146b6,2025-05-24T09:10:13Z,2025-05-24T09:10:13Z,0,1,True,True,none,,2026-06-17T15:11:46.927124+00:00,raw,,good comparison.i prefer both but if im with my family i still prefer using car.btw nice BYD car.what model is that?,good comparison i prefer both but if im with my family i still prefer using car btw nice byd car what model is that,24,116,0,False,True,0,0,0,EN,en,0,4,,False,False,accepted,positive,0.080583319067955,0.1384287476539611,0.7809878587722778,0.7809878587722778,0.6425591111183167,medium,medium,medium_confidence,positive,reviewed,,positive,cardiffnlp/twitter-xlm-roberta-base-sentiment-multilingual,automatic_prelabel,positive | neutral | negative | uncertain,True,494,2026-06-18 18:51:08,human_manual_review,,,,,True,final_youtube_sentiment_825_balanced,2026-06-18 20:43:24,138,good comparison.i prefer both but if im with my family i still prefer using car.btw nice BYD car.what model is that?,good comparison.i prefer both but if im with my family i still prefer using car.btw nice BYD car.what model is that?,kept_original_english,none,positive,keep,current label is acceptable or ambiguous
YT_UgxiwrthfVm0gFKI-up4AaABAg,YouTube,top_level_comment,UgxiwrthfVm0gFKI-up4AaABAg,UgxiwrthfVm0gFKI-up4AaABAg,L-iPwc5b3oI,Malaysia rolls out the welcome mat for first tourists of 2026,The Star,https://www.youtube.com/watch?v=L-iPwc5b3oI,2026-01-01T05:54:35Z,tourism_lifestyle_events,GTFO tourist you are NOT welcome 😒 🙃,0aef94ad2909f6a9981e,2026-01-04T04:14:38Z,2026-01-04T04:14:38Z,0,0,True,True,none,,2026-06-17T15:11:45.906222+00:00,raw,,GTFO tourist you are NOT welcome 😒 🙃,gtfo tourist you are not welcome,6,36,2,False,True,0,0,0,EN,en,0,3,,False,False,accepted,negative,0.9738649725914,0.0151288080960512,0.0110063171014189,0.9738649725914,0.9587361644953488,high,low,,negative,reviewed,,negative,cardiffnlp/twitter-xlm-roberta-base-sentiment-multilingual,automatic_prelabel,positive | neutral | negative | uncertain,True,773,2026-06-18 19:37:14,human_manual_review,,,,,True,final_youtube_sentiment_825_balanced,2026-06-18 20:43:24,472,GTFO tourist you are NOT welcome 😒 🙃,GTFO tourist you are NOT welcome 😒 🙃,kept_original_english,none,negative,keep,current label is acceptable or ambiguous
YT_Ugw8yoV5TbIVc7-lS7t4AaABAg,YouTube,top_level_comment,Ugw8yoV5TbIVc7-lS7t4AaABAg,Ugw8yoV5TbIVc7-lS7t4AaABAg,lWY3O9pFexo,KOS SARA HIDUP | PM Umum Butiran Penghargaan Untuk Rakyat Esok (BU),Buletin TV3,https://www.youtube.com/watch?v=lWY3O9pFexo,2025-07-22T12:11:44Z,cost_of_living_public_policy,Harap veteran tidak berpencen pun dapat manafaat,a57ec29177e473608d4b,2025-07-22T14:01:57Z,2025-07-22T14:01:57Z,0,0,True,True,none,,2026-06-17T15:11:38.667112+00:00,raw,,Harap veteran tidak berpencen pun dapat manafaat,harap veteran tidak berpencen pun dapat manafaat,7,48,0,False,True,0,0,0,BM,id,2,0,,False,False,accepted,positive,0.2468592524528503,0.2323248982429504,0.5208158493041992,0.5208158493041992,0.2739565968513489,low,high,low_confidence,positive,reviewed,,positive,cardiffnlp/twitter-xlm-roberta-base-sentiment-multilingual,automatic_prelabel,positive | neutral | negative | uncertain,True,187,2026-06-18 16:00:42,human_manual_review,,,,,True,final_youtube_sentiment_825_balanced,2026-06-18 20:43:24,749,Harap veteran tidak berpencen pun dapat manafaat,Hope non-pension veterans can also benefit,translated,google_translate_auto_to_en,positive,keep,current label is acceptable or ambiguous
YT_UgyQHZiGef6Y3AD6-EJ4AaABAg,YouTube,top_level_comment,UgyQHZiGef6Y3AD6-EJ4AaABAg,UgyQHZiGef6Y3AD6-EJ4AaABAg,Wk-HcKtIaGY,Are We About to See a Chinese Tourist Boom in Malaysia?,Ziet Invests,https://www.youtube.com/watch?v=Wk-HcKtIaGY,2026-02-12T11:00:42Z,tourism_lifestyle_events,not if the ringgit keeps strengthening.,d87e8af62c6f1aa67069,2026-02-14T10:36:25Z,2026-02-14T10:36:25Z,1,0,True,True,none,,2026-06-17T15:11:46.187804+00:00,raw,,not if the ringgit keeps strengthening.,not if the ringgit keeps strengthening,6,39,0,False,True,0,0,0,EN,en,0,2,,False,False,accepted,neutral,0.2026137560606002,0.5410144329071045,0.2563717365264892,0.5410144329071045,0.2846426963806152,low,high,low_confidence | neutral_prediction,positive,reviewed,,positive,cardiffnlp/twitter-xlm-roberta-base-sentiment-multilingual,automatic_prelabel,positive | neutral | negative | uncertain,True,231,2026-06-18 16:52:26,human_manual_review,,,,,True,final_youtube_sentiment_825_balanced,2026-06-18 20:43:24,105,not if the ringgit keeps strengthening.,not if the ringgit keeps strengthening.,kept_original_english,none,negative,relabel,negative cues outweigh positive label after translation
YT_UgyWfyp8LV4HDgm5sjB4AaABAg,YouTube,top_level_comment,UgyWfyp8LV4HDgm5sjB4AaABAg,UgyWfyp8LV4HDgm5sjB4AaABAg,Yu37CmWLvK0,SATU MALAYSIA KENA SCAM MAKANAN DI BAZAR RAMADAN‼️ LELAKI SOUND PENIAGA BAZAAR,NuR MuHD,https://www.youtube.com/watch?v=Yu37CmWLvK0,2026-02-22T17:36:49Z,festivals_national_events,Tiap tahun pun ada masalah ini. Aduh! Masak Maggi pun lebih sedap dan fresh.,bd6f483afe4185db42ef,2026-02-28T01:04:24Z,2026-02-28T01:04:24Z,0,0,True,True,none,,2026-06-17T15:11:44.743137+00:00,raw,,Tiap tahun pun ada masalah ini. Aduh! Masak Maggi pun lebih sedap dan fresh.,tiap tahun pun ada masalah ini aduh masak maggi pun lebih sedap dan fresh,14,76,0,False,True,0,0,0,BM,id,5,0,,False,False,accepted,positive,0.3028662502765655,0.1412927955389022,0.5558410286903381,0.5558410286903381,0.2529747784137726,low,high,low_confidence,negative,reviewed,,negative,cardiffnlp/twitter-xlm-roberta-base-sentiment-multilingual,automatic_prelabel,positive | neutral | negative | uncertain,True,268,2026-06-18 17:06:01,human_manual_review,,,,,True,final_youtube_sentiment_825_balanced,2026-06-18 20:43:24,181,Tiap tahun pun ada masalah ini. Aduh! Masak Maggi pun lebih sedap dan fresh.,Every year there is this problem. Ouch! Cooking Maggi is tastier and fresher.,translated,google_translate_auto_to_en,negative,keep,current label is acceptable or ambiguous
YT_UgyDTrHIolKcmEnkACp4AaABAg,YouTube,top_level_comment,UgyDTrHIolKcmEnkACp4AaABAg,UgyDTrHIolKcmEnkACp4AaABAg,UGAL8690ngc,"Bantuan Asas Rahmah diteruskan: RM100 untuk  dewasa, RM500 untuk penerima miskin tegar - Anwar",KiniTV,https://www.youtube.com/watch?v=UGAL8690ngc,2026-01-05T06:06:45Z,cost_of_living_public_policy,semua org dapat ke bantuan sara rm100?,20f1591d32fd3bca246a,2026-01-05T19:39:44Z,2026-01-05T19:39:44Z,0,0,True,True,none,,2026-06-17T15:11:40.741868+00:00,raw,,semua org dapat ke bantuan sara rm100?,semua org dapat ke bantuan sara rm100,7,38,0,False,True,0,0,0,BM,id,1,0,,False,False,accepted,neutral,0.1774200350046157,0.6988405585289001,0.1237394884228706,0.6988405585289001,0.5214205235242844,medium,medium,medium_confidence | neutral_prediction,neutral,reviewed,,neutral,cardiffnlp/twitter-xlm-roberta-base-sentiment-multilingual,automatic_prelabel,positive | neutral | negative | uncertain,True,394,2026-06-18 18:32:50,human_manual_review,,,,,True,final_youtube_sentiment_825_balanced,2026-06-18 20:43:24,126,semua org dapat ke bantuan sara rm100?,can everyone get rm100 support?,translated,google_translate_auto_to_en,neutral,keep,current label is acceptable or ambiguous
YT_UgxFfU78a1keLDRfbph4AaABAg,YouTube,top_level_comment,UgxFfU78a1keLDRfbph4AaABAg,UgxFfU78a1keLDRfbph4AaABAg,qlQj6Zlgc-M,MyDigital ID akan diwajibkan untuk akses aplikasi MyJPJ & MyBayar PDRM!,SoyaCincau BM,https://www.youtube.com/watch?v=qlQj6Zlgc-M,2025-08-27T12:39:08Z,technology_digital_services,Verification cannot be completed. Apa masalah digital id ni. Menyusahkan org nk tgok roadtax,6ccc699c2cea12b375b1,2026-06-02T11:36:38Z,2026-06-02T11:36:38Z,0,0,True,True,none,,2026-06-17T15:11:45.562945+00:00,raw,,Verification cannot be completed. Apa masalah digital id ni. Menyusahkan org nk tgok roadtax,verification cannot be completed apa masalah digital id ni menyusahkan org nk tgok roadtax,14,92,0,False,True,0,0,0,BM,id,1,0,,False,False,accepted,negative,0.954668402671814,0.0276331566274166,0.0176984351128339,0.954668402671814,0.9270352460443974,high,low,,neutral,reviewed,,neutral,cardiffnlp/twitter-xlm-roberta-base-sentiment-multilingual,automatic_prelabel,positive | neutral | negative | uncertain,True,704,2026-06-18 19:24:47,human_manual_review,,,,,True,final_youtube_sentiment_825_balanced,2026-06-18 20:43:24,184,Verification cannot be completed. Apa masalah digital id ni. Menyusahkan org nk tgok roadtax,Verification cannot be completed. What is this digital id problem? Makes it difficult for people to check the road tax,translated,google_translate_auto_to_en,negative,relabel,translated English contains stronger negative sentiment cues
YT_UgzemrIPytR0rWTPlcx4AaABAg,YouTube,top_level_comment,UgzemrIPytR0rWTPlcx4AaABAg,UgzemrIPytR0rWTPlcx4AaABAg,9tQzzOjBIdI,KOS SARA HIDUP | Kerajaan Bakal Umum Langkah Tangani Kos Sara Hidup,Buletin TV3,https://www.youtube.com/watch?v=9tQzzOjBIdI,2025-07-19T05:38:22Z,cost_of_living_public_policy,Mcm tulah apa yg pm2 rasa sblm ni pmx.semua negara terkesan dgn ekonomi.lain kali jgn janji mcm2 pmx.amin,6316164be8931bb7994d,2025-07-19T06:30:04Z,2025-07-19T06:30:04Z,0,0,True,True,none,,2026-06-17T15:11:40.015916+00:00,raw,,Mcm tulah apa yg pm2 rasa sblm ni pmx.semua negara terkesan dgn ekonomi.lain kali jgn janji mcm2 pmx.amin,mcm tulah apa yg pm2 rasa sblm ni pmx semua negara terkesan dgn ekonomi lain kali jgn janji mcm2 pmx amin,21,105,0,False,True,0,0,0,BM,id,0,0,,False,False,accepted,negative,0.5004115700721741,0.2441266775131225,0.255461722612381,0.5004115700721741,0.2449498474597931,low,high,low_confidence,negative,reviewed,,negative,cardiffnlp/twitter-xlm-roberta-base-sentiment-multilingual,automatic_prelabel,positive | neutral | negative | uncertain,True,149,2026-06-18 15:53:07,human_manual_review,,,,,True,final_youtube_sentiment_825_balanced,2026-06-18 20:43:24,273,Mcm tulah apa yg pm2 rasa sblm ni pmx.semua negara terkesan dgn ekonomi.lain kali jgn janji mcm2 pmx.amin,That's what you guys feel before this pmx. All countries are affected by the economy. Next time don't promise like that pmx. Amen,translated,google_translate_auto_to_en,negative,keep,current label is acceptable or ambiguous
YT_Ugwutmx3_iICSlU9PNN4AaABAg,YouTube,top_level_comment,Ugwutmx3_iICSlU9PNN4AaABAg,Ugwutmx3_iICSlU9PNN4AaABAg,3Pk956RGn7o,10 MENU SCAM PALING PELIK DI BAZAR RAMADAN,Faktaw Channel,https://www.youtube.com/watch?v=3Pk956RGn7o,2025-03-22T08:00:02Z,festivals_national_events,10 biodata tentang faktaw.😂,255224abac38fe9ceefa,2026-03-03T09:54:31Z,2026-03-03T09:54:31Z,0,0,True,True,none,,2026-06-17T15:11:43.541215+00:00,raw,,10 biodata tentang faktaw.😂,10 biodata tentang faktaw,4,27,1,False,True,0,0,0,BM,id,0,0,,False,False,accepted,neutral,0.0389577262103557,0.758550763130188,0.2024914771318435,0.758550763130188,0.5560592859983444,medium,medium,medium_confidence | neutral_prediction,neutral,reviewed,,neutral,cardiffnlp/twitter-xlm-roberta-base-sentiment-multilingual,automatic_prelabel,positive | neutral | negative | uncertain,True,461,2026-06-18 18:44:23,human_manual_review,,,,,True,final_youtube_sentiment_825_balanced,2026-06-18 20:43:24,254,10 biodata tentang faktaw.😂,10 biodata about facts.😂,translated,google_translate_auto_to_en,neutral,keep,current label is acceptable
YT_Ugw_8YTRYpY7JWJB2514AaABAg,YouTube,top_level_comment,Ugw_8YTRYpY7JWJB2514AaABAg,Ugw_8YTRYpY7JWJB2514AaABAg,zCSY4bGWUXc,"Suara Rakyat: Nilai semula subsidi petrol golongan kaya, apa kata orang miskin?",Astro AWANI,https://www.youtube.com/watch?v=zCSY4bGWUXc,2026-05-11T12:14:22Z,cost_of_living_public_policy,Sampai pegawai SPBU nya orang Bangladesh 😂,9e0ff26b4b2fa1cb38db,2026-05-15T08:36:40Z,2026-05-15T08:37:46Z,0,0,True,True,none,,2026-06-17T15:11:37.969912+00:00,raw,,Sampai pegawai SPBU nya orang Bangladesh 😂,sampai pegawai spbu nya orang bangladesh,6,42,1,False,True,0,0,0,BM,tl,1,0,,False,False,accepted,neutral,0.1926887333393097,0.555577278137207,0.2517339587211609,0.555577278137207,0.3038433194160461,low,high,low_confidence | neutral_prediction,neutral,reviewed,,neutral,cardiffnlp/twitter-xlm-roberta-base-sentiment-multilingual,automatic_prelabel,positive | neutral | negative | uncertain,True,266,2026-06-18 17:05:23,human_manual_review,,,,,True,final_youtube_sentiment_825_balanced,2026-06-18 20:43:24,174,Sampai pegawai SPBU nya orang Bangladesh 😂,Even the gas station employee is Bangladeshi 😂,translated,google_translate_auto_to_en,neutral,keep,current label is acceptable
YT_UgwGyQs_KLf-_phzvjB4AaABAg,YouTube,top_level_comment,UgwGyQs_KLf-_phzvjB4AaABAg,UgwGyQs_KLf-_phzvjB4AaABAg,MpBToZaCuWE,LRT derailment: Commuters want track and train maintenance to be enhanced,The Star,https://www.youtube.com/watch?v=MpBToZaCuWE,2026-05-28T08:54:43Z,transport_public_services,"umno train😂 gorvement give 100million to umno but umno only spend 50million for this lrt😂,,umno always pick pocket money",7a15176c1d1ecdb5d882,2026-05-29T12:02:58Z,2026-05-29T12:02:58Z,0,0,True,True,none,,2026-06-17T15:11:46.538257+00:00,raw,,"umno train😂 gorvement give 100million to umno but umno only spend 50million for this lrt😂,,umno always pick pocket money",umno train gorvement give 100million to umno but umno only spend 50million for this lrt umno always pick pocket money,20,120,2,False,True,0,0,0,EN,en,0,2,,False,False,accepted,neutral,0.2665851414203644,0.4363232553005218,0.2970916032791137,0.4363232553005218,0.139231652021408,low,high,low_confidence | small_probability_margin | neutral_prediction,negative,reviewed,,negative,cardiffnlp/twitter-xlm-roberta-base-sentiment-multilingual,automatic_prelabel,positive | neutral | negative | uncertain,True,66,2026-06-18 15:38:44,human_manual_review,,,,,True,final_youtube_sentiment_825_balanced,2026-06-18 20:43:24,107,"umno train😂 gorvement give 100million to umno but umno only spend 50million for this lrt😂,,umno always pick pocket money","umno train😂 gorvement give 100million to umno but umno only spend 50million for this lrt😂,,umno always pick pocket money",kept_original_english,none,negative,keep,current label is acceptable or ambiguous
YT_Ugysi_mCOp5GCdQrUlF4AaABAg,YouTube,top_level_comment,Ugysi_mCOp5GCdQrUlF4AaABAg,Ugysi_mCOp5GCdQrUlF4AaABAg,lWY3O9pFexo,KOS SARA HIDUP | PM Umum Butiran Penghargaan Untuk Rakyat Esok (BU),Buletin TV3,https://www.youtube.com/watch?v=lWY3O9pFexo,2025-07-22T12:11:44Z,cost_of_living_public_policy,"Kerajaan kena bagi rakyat duit.sebulan rm.2000. Baru berbaloi,rakyat akan sentiasa sokong🎉🎉",81b72848b81c46d68ef0,2025-07-22T20:33:37Z,2025-07-22T20:33:37Z,16,3,True,True,none,,2026-06-17T15:11:38.330604+00:00,raw,,"Kerajaan kena bagi rakyat duit.sebulan rm.2000. Baru berbaloi,rakyat akan sentiasa sokong🎉🎉",kerajaan kena bagi rakyat duit sebulan rm 2000 baru berbaloi rakyat akan sentiasa sokong,14,91,2,False,True,0,0,0,BM,id,2,0,,False,False,accepted,positive,0.0924920663237571,0.1093446090817451,0.7981632351875305,0.7981632351875305,0.6888186261057854,medium,medium,medium_confidence,positive,reviewed,,positive,cardiffnlp/twitter-xlm-roberta-base-sentiment-multilingual,automatic_prelabel,positive | neutral | negative | uncertain,True,537,2026-06-18 18:58:29,human_manual_review,,,,,True,final_youtube_sentiment_825_balanced,2026-06-18 20:43:24,1,"Kerajaan kena bagi rakyat duit.sebulan rm.2000. Baru berbaloi,rakyat akan sentiasa sokong🎉🎉","The government has to give the people 2000 rm a month. Just worth it, the people will always support 🎉🎉",translated,google_translate_auto_to_en,positive,keep,current label is acceptable or ambiguous
YT_Ugz16XchDVwINyIvDlF4AaABAg,YouTube,top_level_comment,Ugz16XchDVwINyIvDlF4AaABAg,Ugz16XchDVwINyIvDlF4AaABAg,mVmYibok-7A,[TERKINI] MOF sekat MyKad individu salah guna subsidi BUDI95,Astro AWANI,https://www.youtube.com/watch?v=mVmYibok-7A,2026-03-23T23:22:33Z,cost_of_living_public_policy,Bagusss...ituu saja pengajaran kepada yg takk tahu berterima kasih...,2fdf0c09d96ce86b9c9f,2026-03-24T05:42:23Z,2026-03-24T05:42:23Z,0,0,True,True,none,,2026-06-17T15:11:39.038048+00:00,raw,,Bagusss..ituu saja pengajaran kepada yg takk tahu berterima kasih..,bagusss ituu saja pengajaran kepada yg takk tahu berterima kasih,10,67,0,False,True,0,0,0,BM,id,0,0,,False,False,accepted,positive,0.0947777405381202,0.0750984475016594,0.8301237225532532,0.8301237225532532,0.7353459820151329,high,low,,positive,reviewed,Added from reviewed positive supplement,positive,cardiffnlp/twitter-xlm-roberta-base-sentiment-multilingual,automatic_prelabel,,False,30,2026-06-18 20:33:38,human_manual_review_positive_supplement,available,,positive_shortage_after_manual_review,positive,True,final_youtube_sentiment_825_balanced,2026-06-18 20:43:24,546,Bagusss..ituu saja pengajaran kepada yg takk tahu berterima kasih..,Nice.. that's the lesson for those who don't know how to thank..,translated,google_translate_auto_to_en,positive,keep,current label is acceptable or ambiguous
YT_UgyFexC00ya-PuSpMxl4AaABAg,YouTube,top_level_comment,UgyFexC00ya-PuSpMxl4AaABAg,UgyFexC00ya-PuSpMxl4AaABAg,0zi0v_kJ7BE,"Belanjawan 2026: Bantuan tunai STR dikurang RM300, Sara naik",KiniTV,https://www.youtube.com/watch?v=0zi0v_kJ7BE,2025-10-13T05:24:51Z,cost_of_living_public_policy,"Pi mai pi mai tang tu jugak.. Yg untung kerajaan... Tokey2 besar senyum lebar.. Duit yg rakyat dpt, dapat kt tokey2 dn kerajaan jugak..Untung2.. Siapa nk buat bisnis klu dpt rugi..",37610a90f3222bbcf480,2025-10-14T06:51:03Z,2025-10-14T06:51:03Z,0,0,True,True,none,,2026-06-17T15:11:41.176875+00:00,raw,,"Pi mai pi mai tang tu jugak.. Yg untung kerajaan.. Tokey2 besar senyum lebar.. Duit yg rakyat dpt, dapat kt tokey2 dn kerajaan jugak..Untung2.. Siapa nk buat bisnis klu dpt rugi..",pi mai pi mai tang tu jugak yg untung kerajaan tokey2 besar senyum lebar duit yg rakyat dpt dapat kt tokey2 dn kerajaan jugak untung2 siapa nk buat bisnis klu dpt rugi,32,179,0,False,True,0,0,0,BM,id,2,0,,False,False,accepted,positive,0.2707633078098297,0.2394936382770538,0.4897429943084717,0.4897429943084717,0.2189796864986419,low,high,low_confidence,negative,reviewed,,negative,cardiffnlp/twitter-xlm-roberta-base-sentiment-multilingual,automatic_prelabel,positive | neutral | negative | uncertain,True,134,2026-06-18 15:51:20,human_manual_review,,,,,True,final_youtube_sentiment_825_balanced,2026-06-18 20:43:24,122,"Pi mai pi mai tang tu jugak.. Yg untung kerajaan.. Tokey2 besar senyum lebar.. Duit yg rakyat dpt, dapat kt tokey2 dn kerajaan jugak..Untung2.. Siapa nk buat bisnis klu dpt rugi..","Pi mai pi mai tang that's right.. The government's profiteers.. The big tokeys are smiling wide.. The money that the people get, the tokeys and the government can get too.. Good luck.. Who wants to do business when they can lose..",translated,google_translate_auto_to_en,positive,relabel,positive/supportive cues outweigh negative label after translation
YT_UgxtXYh769oOPTJNgcF4AaABAg,YouTube,top_level_comment,UgxtXYh769oOPTJNgcF4AaABAg,UgxtXYh769oOPTJNgcF4AaABAg,0zi0v_kJ7BE,"Belanjawan 2026: Bantuan tunai STR dikurang RM300, Sara naik",KiniTV,https://www.youtube.com/watch?v=0zi0v_kJ7BE,2025-10-13T05:24:51Z,cost_of_living_public_policy,Takde masalah nk tukar str bujang ke sara. Tapi jenis barang tu bebas la.,9911b334b1a888ac4d9b,2025-11-27T08:45:13Z,2025-11-27T08:45:13Z,0,0,True,True,none,,2026-06-17T15:11:41.175861+00:00,raw,,Takde masalah nk tukar str bujang ke sara. Tapi jenis barang tu bebas la.,takde masalah nk tukar str bujang ke sara tapi jenis barang tu bebas la,14,73,0,False,True,0,0,0,BM,id,2,0,,False,False,accepted,neutral,0.2350375354290008,0.4639026522636413,0.301059752702713,0.4639026522636413,0.1628428995609283,low,high,low_confidence | neutral_prediction,neutral,reviewed,,neutral,cardiffnlp/twitter-xlm-roberta-base-sentiment-multilingual,automatic_prelabel,positive | neutral | negative | uncertain,True,103,2026-06-18 15:45:41,human_manual_review,,,,,True,final_youtube_sentiment_825_balanced,2026-06-18 20:43:24,412,Takde masalah nk tukar str bujang ke sara. Tapi jenis barang tu bebas la.,There is no problem to change from single to sara. But that kind of stuff is free.,translated,google_translate_auto_to_en,neutral,keep,current label is acceptable or ambiguous
YT_UgzclnGt70smvNNEa5Z4AaABAg,YouTube,top_level_comment,UgzclnGt70smvNNEa5Z4AaABAg,UgzclnGt70smvNNEa5Z4AaABAg,9tQzzOjBIdI,KOS SARA HIDUP | Kerajaan Bakal Umum Langkah Tangani Kos Sara Hidup,Buletin TV3,https://www.youtube.com/watch?v=9tQzzOjBIdI,2025-07-19T05:38:22Z,cost_of_living_public_policy,Mengarut..ini semua lancau,99980b937259dcd22921,2025-07-20T02:58:45Z,2025-07-20T02:58:45Z,0,0,True,True,none,,2026-06-17T15:11:40.015256+00:00,raw,,Mengarut..ini semua lancau,mengarut ini semua lancau,4,26,0,False,True,0,0,0,BM,id,1,0,,False,False,accepted,positive,0.0565707199275493,0.0424367152154445,0.900992512702942,0.900992512702942,0.8444217927753925,high,low,,negative,reviewed,,negative,cardiffnlp/twitter-xlm-roberta-base-sentiment-multilingual,automatic_prelabel,positive | neutral | negative | uncertain,True,623,2026-06-18 19:10:55,human_manual_review,,,,,True,final_youtube_sentiment_825_balanced,2026-06-18 20:43:24,575,Mengarut..ini semua lancau,Nonsense..this is all slang,translated,google_translate_auto_to_en,negative,keep,current label is acceptable or ambiguous
YT_UgywAFG2XR7PLlSp_Fx4AaABAg,YouTube,top_level_comment,UgywAFG2XR7PLlSp_Fx4AaABAg,UgywAFG2XR7PLlSp_Fx4AaABAg,L-iPwc5b3oI,Malaysia rolls out the welcome mat for first tourists of 2026,The Star,https://www.youtube.com/watch?v=L-iPwc5b3oI,2026-01-01T05:54:35Z,tourism_lifestyle_events,Best YB Best Minister Syabas Malaysia is the Best,b481c2009b332250a8a9,2026-01-01T08:58:45Z,2026-01-01T08:58:45Z,4,0,True,True,none,,2026-06-17T15:11:45.906798+00:00,raw,,Best YB Best Minister Syabas Malaysia is the Best,best yb best minister syabas malaysia is the best,9,49,0,False,True,0,0,0,MIXED,en,2,2,,False,False,accepted,positive,0.0518571138381958,0.0551227666437625,0.8930201530456543,0.8930201530456543,0.8378973864018917,high,medium,mixed_language,positive,reviewed,,positive,cardiffnlp/twitter-xlm-roberta-base-sentiment-multilingual,automatic_prelabel,positive | neutral | negative | uncertain,True,558,2026-06-18 19:02:06,human_manual_review,,,,,True,final_youtube_sentiment_825_balanced,2026-06-18 20:43:24,303,Best YB Best Minister Syabas Malaysia is the Best,Best YB Best Minister Syabas Malaysia is the Best,kept_original_english,none,positive,keep,current label is acceptable or ambiguous
YT_UgzBbDRnRCnE6Ys5H5p4AaABAg,YouTube,top_level_comment,UgzBbDRnRCnE6Ys5H5p4AaABAg,UgzBbDRnRCnE6Ys5H5p4AaABAg,lWY3O9pFexo,KOS SARA HIDUP | PM Umum Butiran Penghargaan Untuk Rakyat Esok (BU),Buletin TV3,https://www.youtube.com/watch?v=lWY3O9pFexo,2025-07-22T12:11:44Z,cost_of_living_public_policy,"Basic 2,000 jadi lah 🌚👍",89b7858f4f81c59863f3,2025-07-22T13:16:24Z,2025-07-22T13:16:24Z,4,1,True,True,none,,2026-06-17T15:11:38.667157+00:00,raw,,"Basic 2,000 jadi lah 🌚👍",basic 2 000 jadi lah,5,23,2,False,True,0,0,0,BM,id,1,0,,False,False,accepted,positive,0.1081841513514518,0.2219117730855941,0.6699040532112122,0.6699040532112122,0.447992280125618,medium,medium,medium_confidence,positive,reviewed,,positive,cardiffnlp/twitter-xlm-roberta-base-sentiment-multilingual,automatic_prelabel,positive | neutral | negative | uncertain,True,370,2026-06-18 18:28:48,human_manual_review,,,,,True,final_youtube_sentiment_825_balanced,2026-06-18 20:43:24,483,"Basic 2,000 jadi lah 🌚👍","Basic 2,000 is enough 🌚👍",translated,google_translate_auto_to_en,negative,relabel,negative cues outweigh positive label after translation
YT_UgwZdzzJwP5bDsGtJr94AaABAg,YouTube,top_level_comment,UgwZdzzJwP5bDsGtJr94AaABAg,UgwZdzzJwP5bDsGtJr94AaABAg,J5SEcQAe1AM,Why Malaysia Forces You to Own a Car,UrbanShiftMY,https://www.youtube.com/watch?v=J5SEcQAe1AM,2026-05-11T05:16:17Z,transport_public_services,"moving People less Cars “ …If we want less congestion, more freedom, and cities built around people instead of vehicles ...” “ …what needs to change if we want more walkable cities, better transit-oriented development, and a future where people have real alternatives to driving …” This videos sum up well, MOBILITY issues faced by the RAKYAT",4d6c5d7ceb418d3b080d,2026-05-25T16:24:00Z,2026-05-25T16:24:00Z,0,0,True,True,none,,2026-06-17T15:11:48.077094+00:00,raw,,"moving People less Cars “ ..If we want less congestion, more freedom, and cities built around people instead of vehicles ..” “ ..what needs to change if we want more walkable cities, better transit-oriented development, and a future where people have real alternatives to driving ..” This videos sum up well, MOBILITY issues faced by the RAKYAT",moving people less cars if we want less congestion more freedom and cities built around people instead of vehicles what needs to change if we want more walkable cities better transit oriented development and a future where people have real alternatives to driving this videos sum up well mobility issues faced by the rakyat,53,344,0,False,True,0,0,0,MIXED,en,1,6,,False,False,accepted,positive,0.1137402430176734,0.4294397830963135,0.456820011138916,0.456820011138916,0.0273802280426025,low,high,low_confidence | small_probability_margin | mixed_language,positive,reviewed,,positive,cardiffnlp/twitter-xlm-roberta-base-sentiment-multilingual,automatic_prelabel,positive | neutral | negative | uncertain,True,89,2026-06-18 15:42:42,human_manual_review,,,,,True,final_youtube_sentiment_825_balanced,2026-06-18 20:43:24,522,"moving People less Cars “ ..If we want less congestion, more freedom, and cities built around people instead of vehicles ..” “ ..what needs to change if we want more walkable cities, better transit-oriented development, and a future where people have real alternatives to driving ..” This videos sum up well, MOBILITY issues faced by the RAKYAT","moving People less Cars “ ..If we want less congestion, more freedom, and cities built around people instead of vehicles ..” “ ..what needs to change if we want more walkable cities, better transit-oriented development, and a future where people have real alternatives to driving ..” This videos sum up well, MOBILITY issues faced by the RAKYAT",kept_original_english,none,neutral,relabel,translated English appears informational/unclear rather than explicit sentiment
YT_UgzYk913JP4nT3RSfTJ4AaABAg,YouTube,top_level_comment,UgzYk913JP4nT3RSfTJ4AaABAg,UgzYk913JP4nT3RSfTJ4AaABAg,qlQj6Zlgc-M,MyDigital ID akan diwajibkan untuk akses aplikasi MyJPJ & MyBayar PDRM!,SoyaCincau BM,https://www.youtube.com/watch?v=qlQj6Zlgc-M,2025-08-27T12:39:08Z,technology_digital_services,cara nak paksa orang daftar padu ke tu,ba1cd2e167abad172913,2025-08-28T01:17:40Z,2025-08-28T01:17:40Z,1,0,True,True,none,,2026-06-17T15:11:45.564049+00:00,raw,,cara nak paksa orang daftar padu ke tu,cara nak paksa orang daftar padu ke tu,8,38,0,False,True,0,0,0,BM,id,2,0,,False,False,accepted,negative,0.5954462289810181,0.2586530447006225,0.1459007412195205,0.5954462289810181,0.3367931842803955,low,high,low_confidence,neutral,reviewed,,neutral,cardiffnlp/twitter-xlm-roberta-base-sentiment-multilingual,automatic_prelabel,positive | neutral | negative | uncertain,True,337,2026-06-18 18:19:19,human_manual_review,,,,,True,final_youtube_sentiment_825_balanced,2026-06-18 20:43:24,190,cara nak paksa orang daftar padu ke tu,how to force people to register together,translated,google_translate_auto_to_en,neutral,keep,current label is acceptable
YT_UgxdiJCGL4iO6VeV8hB4AaABAg,YouTube,top_level_comment,UgxdiJCGL4iO6VeV8hB4AaABAg,UgxdiJCGL4iO6VeV8hB4AaABAg,UGAL8690ngc,"Bantuan Asas Rahmah diteruskan: RM100 untuk  dewasa, RM500 untuk penerima miskin tegar - Anwar",KiniTV,https://www.youtube.com/watch?v=UGAL8690ngc,2026-01-05T06:06:45Z,cost_of_living_public_policy,klu pangkah pas maka kita x ucap t.kasih kpd pemberi.sabda n.mohammad saw maksudnya klu x ucap t.kasih kpd pemberi maka x bersyukur kpd allah.klu kita masih lagi undi pas bermakna x bersyukur pd allah.,f0ce64291be1050695db,2026-01-05T15:00:13Z,2026-01-05T15:00:13Z,2,1,True,True,none,,2026-06-17T15:11:40.741973+00:00,raw,,klu pangkah pas maka kita x ucap t.kasih kpd pemberi.sabda n.mohammad saw maksudnya klu x ucap t.kasih kpd pemberi maka x bersyukur kpd allah.klu kita masih lagi undi pas bermakna x bersyukur pd allah.,klu pangkah pas maka kita x ucap t kasih kpd pemberi sabda n mohammad saw maksudnya klu x ucap t kasih kpd pemberi maka x bersyukur kpd allah klu kita masih lagi undi pas bermakna x bersyukur pd allah,39,201,0,False,True,0,0,0,BM,id,2,0,,False,False,accepted,neutral,0.3219466805458069,0.3503442704677582,0.3277090787887573,0.3503442704677582,0.0226351916790008,low,high,low_confidence | small_probability_margin | neutral_prediction,negative,reviewed,,negative,cardiffnlp/twitter-xlm-roberta-base-sentiment-multilingual,automatic_prelabel,positive | neutral | negative | uncertain,True,1,2026-06-18 15:18:18,human_manual_review,,,,,True,final_youtube_sentiment_825_balanced,2026-06-18 20:43:24,506,klu pangkah pas maka kita x ucap t.kasih kpd pemberi.sabda n.mohammad saw maksudnya klu x ucap t.kasih kpd pemberi maka x bersyukur kpd allah.klu kita masih lagi undi pas bermakna x bersyukur pd allah.,"If you don't say thank you to the giver, then we don't say thank you to the giver. Saying n. mohammad saw it means if you don't say thank you to the giver, then don't thank God. If we still vote pass, it means thank God.",translated,google_translate_auto_to_en,positive,relabel,translated English contains stronger positive/supportive sentiment cues
YT_Ugw3iAWXBpTbQe8Zgr94AaABAg,YouTube,top_level_comment,Ugw3iAWXBpTbQe8Zgr94AaABAg,Ugw3iAWXBpTbQe8Zgr94AaABAg,FgMUKH-xEec,"Kerajaan setuju semakan tarik subsidi minyak golongan berpendapatan tinggi, kata PM",Free Malaysia Today,https://www.youtube.com/watch?v=FgMUKH-xEec,2026-05-10T09:06:58Z,cost_of_living_public_policy,Bohong pm negara yang tidak ada kebijakan dalam negara..tak layak jadi perdana menteri,bbdaf378ed675f6fccc7,2026-05-29T07:57:22Z,2026-05-29T07:57:22Z,1,0,True,True,none,,2026-06-17T15:11:41.871970+00:00,raw,,Bohong pm negara yang tidak ada kebijakan dalam negara..tak layak jadi perdana menteri,bohong pm negara yang tidak ada kebijakan dalam negara tak layak jadi perdana menteri,14,86,0,False,True,0,0,0,BM,id,3,0,,False,False,accepted,negative,0.9398778080940248,0.02870455943048,0.0314176753163337,0.9398778080940248,0.9084601327776908,high,low,,negative,reviewed,,negative,cardiffnlp/twitter-xlm-roberta-base-sentiment-multilingual,automatic_prelabel,positive | neutral | negative | uncertain,True,652,2026-06-18 19:15:38,human_manual_review,,,,,True,final_youtube_sentiment_825_balanced,2026-06-18 20:43:24,132,Bohong pm negara yang tidak ada kebijakan dalam negara..tak layak jadi perdana menteri,It's a lie that the country's prime minister has no policy in the country... he's not worthy of being prime minister,translated,google_translate_auto_to_en,negative,keep,current label is acceptable or ambiguous
YT_Ugwi-bCJGOxazbaemnh4AaABAg,YouTube,top_level_comment,Ugwi-bCJGOxazbaemnh4AaABAg,Ugwi-bCJGOxazbaemnh4AaABAg,dDRZ6AZbcfw,Malaysian Hawker Fights To Keep His Noodles Affordable As Food Prices Rise | Money Mind | Inflation,CNA Insider,https://www.youtube.com/watch?v=dDRZ6AZbcfw,2025-11-25T14:01:10Z,cost_of_living_public_policy,50rm raise every 3 months? 4 staff 200rm * 4 quarters: 1200rm per year additional cost,0c65e514e83e470a7cc6,2025-11-27T14:15:35Z,2025-11-27T14:15:35Z,0,0,True,True,none,,2026-06-17T15:11:42.418365+00:00,raw,,50rm raise every 3 months? 4 staff 200rm * 4 quarters: 1200rm per year additional cost,50rm raise every 3 months 4 staff 200rm 4 quarters 1200rm per year additional cost,15,86,0,False,True,0,0,0,EN,en,0,0,,False,False,accepted,neutral,0.0489146821200847,0.9020671248435974,0.0490182563662529,0.9020671248435974,0.8530488684773445,high,medium,neutral_prediction,neutral,reviewed,,neutral,cardiffnlp/twitter-xlm-roberta-base-sentiment-multilingual,automatic_prelabel,positive | neutral | negative | uncertain,True,561,2026-06-18 19:02:17,human_manual_review,,,,,True,final_youtube_sentiment_825_balanced,2026-06-18 20:43:24,502,50rm raise every 3 months? 4 staff 200rm * 4 quarters: 1200rm per year additional cost,50rm raise every 3 months? 4 staff 200rm * 4 quarters: 1200rm per year additional cost,kept_original_english,none,neutral,keep,current label is acceptable
YT_UgyR1hU09KMb1gjT0Lx4AaABAg,YouTube,top_level_comment,UgyR1hU09KMb1gjT0Lx4AaABAg,UgyR1hU09KMb1gjT0Lx4AaABAg,pByBSEMjiyo,MENJELANG AIDILFITRI | PM Umum Cuti Tambahan Sehari Sambut Hari Raya Aidilfitri,Buletin TV3,https://www.youtube.com/watch?v=pByBSEMjiyo,2026-03-15T05:40:33Z,festivals_national_events,Gaji x de...tgh bln dah ni....,919c3d5d876e5f7bc3d2,2026-03-15T09:40:50Z,2026-03-15T09:40:50Z,1,2,True,True,none,,2026-06-17T15:11:43.138676+00:00,raw,,Gaji x de..tgh bln dah ni..,gaji x de tgh bln dah ni,7,27,0,False,True,0,0,0,BM,so,1,0,,False,False,accepted,neutral,0.3298786282539367,0.4115708768367767,0.2585504651069641,0.4115708768367767,0.0816922485828399,low,high,low_confidence | small_probability_margin | neutral_prediction,negative,reviewed,,negative,cardiffnlp/twitter-xlm-roberta-base-sentiment-multilingual,automatic_prelabel,positive | neutral | negative | uncertain,True,46,2026-06-18 15:34:16,human_manual_review,,,,,True,final_youtube_sentiment_825_balanced,2026-06-18 20:43:24,381,Gaji x de..tgh bln dah ni..,The salary is not there.. it's already been a month..,translated,google_translate_auto_to_en,negative,keep,current label is acceptable or ambiguous
YT_UgysJoNbcs2MkkQZON14AaABAg,YouTube,top_level_comment,UgysJoNbcs2MkkQZON14AaABAg,UgysJoNbcs2MkkQZON14AaABAg,UGAL8690ngc,"Bantuan Asas Rahmah diteruskan: RM100 untuk  dewasa, RM500 untuk penerima miskin tegar - Anwar",KiniTV,https://www.youtube.com/watch?v=UGAL8690ngc,2026-01-05T06:06:45Z,cost_of_living_public_policy,Ok Alhamdulillah lah aturan Allah SWT maha mengetahui terbaik untuk kita Wallahualam semoga Malaysia aman dan sejahtera aamiin,46469784d9e62c5b08bf,2026-01-09T02:46:48Z,2026-01-09T02:46:48Z,0,0,True,True,none,,2026-06-17T15:11:40.405586+00:00,raw,,Ok Alhamdulillah lah aturan Allah SWT maha mengetahui terbaik untuk kita Wallahualam semoga Malaysia aman dan sejahtera aamiin,ok alhamdulillah lah aturan allah swt maha mengetahui terbaik untuk kita wallahualam semoga malaysia aman dan sejahtera aamiin,18,126,0,False,True,0,0,0,BM,id,5,0,,False,False,accepted,positive,0.0303396396338939,0.0369344390928745,0.9327259659767152,0.9327259659767152,0.8957915268838406,high,low,,positive,reviewed,,positive,cardiffnlp/twitter-xlm-roberta-base-sentiment-multilingual,automatic_prelabel,positive | neutral | negative | uncertain,True,639,2026-06-18 19:13:38,human_manual_review,,,,,True,final_youtube_sentiment_825_balanced,2026-06-18 20:43:24,663,Ok Alhamdulillah lah aturan Allah SWT maha mengetahui terbaik untuk kita Wallahualam semoga Malaysia aman dan sejahtera aamiin,Ok Alhamdulillah it is Allah SWT who knows best for us Wallallahualaam may Malaysia be safe and prosperous amen,translated,google_translate_auto_to_en,positive,keep,current label is acceptable or ambiguous
YT_Ugzg1I7fr-KHH1RWWCx4AaABAg,YouTube,top_level_comment,Ugzg1I7fr-KHH1RWWCx4AaABAg,Ugzg1I7fr-KHH1RWWCx4AaABAg,Yu37CmWLvK0,SATU MALAYSIA KENA SCAM MAKANAN DI BAZAR RAMADAN‼️ LELAKI SOUND PENIAGA BAZAAR,NuR MuHD,https://www.youtube.com/watch?v=Yu37CmWLvK0,2026-02-22T17:36:49Z,festivals_national_events,Mcm tu la bila meniaga setahun sekali kat bazaar ni. Mcm kes zus masuk bazaar ramai peniaga air kecam😂😂😂😂,319a97569c1ba85a9061,2026-02-28T17:27:21Z,2026-02-28T17:27:21Z,0,0,True,True,none,,2026-06-17T15:11:44.742994+00:00,raw,,Mcm tu la bila meniaga setahun sekali kat bazaar ni. Mcm kes zus masuk bazaar ramai peniaga air kecam😂😂😂😂,mcm tu la bila meniaga setahun sekali kat bazaar ni mcm kes zus masuk bazaar ramai peniaga air kecam,19,105,4,False,True,0,0,0,BM,id,2,0,,False,False,accepted,negative,0.5549616813659668,0.2717202305793762,0.1733181476593017,0.5549616813659668,0.2832414507865906,low,high,low_confidence,positive,reviewed,,positive,cardiffnlp/twitter-xlm-roberta-base-sentiment-multilingual,automatic_prelabel,positive | neutral | negative | uncertain,True,263,2026-06-18 17:04:53,human_manual_review,,,,,True,final_youtube_sentiment_825_balanced,2026-06-18 20:43:24,44,Mcm tu la bila meniaga setahun sekali kat bazaar ni. Mcm kes zus masuk bazaar ramai peniaga air kecam😂😂😂😂,"That's how it is when you trade once a year at this bazaar. Just like the case when you enter the bazaar, there are a lot of water dealers who criticize 😂😂😂😂",translated,google_translate_auto_to_en,neutral,relabel,translated English appears informational/unclear rather than explicit sentiment
YT_UgyJlGeXneziZQlYSN54AaABAg,YouTube,top_level_comment,UgyJlGeXneziZQlYSN54AaABAg,UgyJlGeXneziZQlYSN54AaABAg,0zi0v_kJ7BE,"Belanjawan 2026: Bantuan tunai STR dikurang RM300, Sara naik",KiniTV,https://www.youtube.com/watch?v=0zi0v_kJ7BE,2025-10-13T05:24:51Z,cost_of_living_public_policy,patut naik str!!!!!!haihhhh bukan boleh bli barang basah bayar elektrik pon menyusahkan laaa..mmg patut pmx turun!!!!!!!!!!!!!!!!!!!!!!!!!!!!!!!!!x boleh jadi menteri bagi org lain la menyusakan rakyat!,bd1775645f5d0d2dafa2,2025-10-15T01:58:26Z,2025-10-15T01:58:26Z,0,0,True,True,none,,2026-06-17T15:11:41.176591+00:00,raw,,patut naik str!!haihhhh bukan boleh bli barang basah bayar elektrik pon menyusahkan laaa..mmg patut pmx turun!!x boleh jadi menteri bagi org lain la menyusakan rakyat!,patut naik str haihhhh bukan boleh bli barang basah bayar elektrik pon menyusahkan laaa mmg patut pmx turun x boleh jadi menteri bagi org lain la menyusakan rakyat,28,167,0,False,True,0,0,0,BM,id,4,0,,False,False,accepted,negative,0.9439308643341064,0.0257576461881399,0.0303115304559469,0.9439308643341064,0.9136193338781596,high,low,,negative,reviewed,,negative,cardiffnlp/twitter-xlm-roberta-base-sentiment-multilingual,automatic_prelabel,positive | neutral | negative | uncertain,True,666,2026-06-18 19:18:12,human_manual_review,,,,,True,final_youtube_sentiment_825_balanced,2026-06-18 20:43:24,221,patut naik str!!haihhhh bukan boleh bli barang basah bayar elektrik pon menyusahkan laaa..mmg patut pmx turun!!x boleh jadi menteri bagi org lain la menyusakan rakyat!,"You should go up!! Haihhh, you can't buy wet goods and pay for electricity, it's a hassle.. you should go down!! You can't be a minister for other people, it's a hassle for the people!",translated,google_translate_auto_to_en,negative,keep,current label is acceptable or ambiguous
YT_UgzTW8uP45Mc74iYsPl4AaABAg,YouTube,top_level_comment,UgzTW8uP45Mc74iYsPl4AaABAg,UgzTW8uP45Mc74iYsPl4AaABAg,3Pk956RGn7o,10 MENU SCAM PALING PELIK DI BAZAR RAMADAN,Faktaw Channel,https://www.youtube.com/watch?v=3Pk956RGn7o,2025-03-22T08:00:02Z,festivals_national_events,"Vitamese roll tu mungkin plastic nya mungkin plastic biasa kot,warna transparent",4fccbadae0e2e01cfbaf,2025-10-25T04:43:27Z,2025-10-25T04:43:27Z,0,0,True,True,none,,2026-06-17T15:11:43.541861+00:00,raw,,"Vitamese roll tu mungkin plastic nya mungkin plastic biasa kot,warna transparent",vitamese roll tu mungkin plastic nya mungkin plastic biasa kot warna transparent,12,80,0,False,True,0,0,0,UNKNOWN,tl,0,0,,False,False,accepted,neutral,0.3696717619895935,0.4939835965633392,0.136344626545906,0.4939835965633392,0.1243118345737457,low,high,low_confidence | small_probability_margin | neutral_prediction | unknown_language,neutral,reviewed,Changed from negative to neutral after text-based manual review,neutral,cardiffnlp/twitter-xlm-roberta-base-sentiment-multilingual,automatic_prelabel,positive | neutral | negative | uncertain,True,139,2026-06-18 20:41:44,human_manual_text_based_negative_recheck,,,,,True,final_youtube_sentiment_825_balanced,2026-06-18 20:43:24,402,"Vitamese roll tu mungkin plastic nya mungkin plastic biasa kot,warna transparent","The Vitamese roll may be made of plastic, maybe ordinary plastic, transparent in color",translated,google_translate_auto_to_en,neutral,keep,current label is acceptable
YT_Ugx7c3xLKeyLDcq5dB54AaABAg,YouTube,top_level_comment,Ugx7c3xLKeyLDcq5dB54AaABAg,Ugx7c3xLKeyLDcq5dB54AaABAg,J5SEcQAe1AM,Why Malaysia Forces You to Own a Car,UrbanShiftMY,https://www.youtube.com/watch?v=J5SEcQAe1AM,2026-05-11T05:16:17Z,transport_public_services,I love driving over having to share my spaces with strangers in public transportation like sheep on conveyor in slaughterhouses,b951e02d4107f1507dc6,2026-05-16T01:16:16Z,2026-05-16T01:16:16Z,0,0,True,True,none,,2026-06-17T15:11:48.079555+00:00,raw,,I love driving over having to share my spaces with strangers in public transportation like sheep on conveyor in slaughterhouses,i love driving over having to share my spaces with strangers in public transportation like sheep on conveyor in slaughterhouses,20,127,0,False,True,0,0,0,EN,en,0,1,,False,False,accepted,positive,0.0833337232470512,0.2377170771360397,0.6789491772651672,0.6789491772651672,0.4412321001291275,medium,medium,medium_confidence,negative,reviewed,,negative,cardiffnlp/twitter-xlm-roberta-base-sentiment-multilingual,automatic_prelabel,positive | neutral | negative | uncertain,True,374,2026-06-18 18:29:31,human_manual_review,,,,,True,final_youtube_sentiment_825_balanced,2026-06-18 20:43:24,497,I love driving over having to share my spaces with strangers in public transportation like sheep on conveyor in slaughterhouses,I love driving over having to share my spaces with strangers in public transportation like sheep on conveyor in slaughterhouses,kept_original_english,none,negative,keep,current label is acceptable or ambiguous
YT_UgxyXRtxvV2Gtgtopwh4AaABAg,YouTube,top_level_comment,UgxyXRtxvV2Gtgtopwh4AaABAg,UgxyXRtxvV2Gtgtopwh4AaABAg,Yu37CmWLvK0,SATU MALAYSIA KENA SCAM MAKANAN DI BAZAR RAMADAN‼️ LELAKI SOUND PENIAGA BAZAAR,NuR MuHD,https://www.youtube.com/watch?v=Yu37CmWLvK0,2026-02-22T17:36:49Z,festivals_national_events,Semasa Ramadan pun jual makanan macam ni.. 🤦 tiada berkat kepada si penjual...,7fea46860506c39f8d18,2026-02-27T09:41:14Z,2026-02-27T09:41:14Z,0,0,True,True,none,,2026-06-17T15:11:45.123955+00:00,raw,,Semasa Ramadan pun jual makanan macam ni.. 🤦 tiada berkat kepada si penjual..,semasa ramadan pun jual makanan macam ni tiada berkat kepada si penjual,12,77,1,False,True,0,0,0,BM,id,2,0,,False,False,accepted,negative,0.9520633220672609,0.0229185242205858,0.0250180847942829,0.9520633220672609,0.9270452372729778,high,low,,negative,reviewed,,negative,cardiffnlp/twitter-xlm-roberta-base-sentiment-multilingual,automatic_prelabel,positive | neutral | negative | uncertain,True,691,2026-06-18 19:22:12,human_manual_review,,,,,True,final_youtube_sentiment_825_balanced,2026-06-18 20:43:24,423,Semasa Ramadan pun jual makanan macam ni.. 🤦 tiada berkat kepada si penjual..,"Even during Ramadan, this kind of food is sold.. 🤦 there is no blessing for the seller..",translated,google_translate_auto_to_en,negative,keep,current label is acceptable or ambiguous
YT_Ugykx5AhI9-t80Y27aN4AaABAg,YouTube,top_level_comment,Ugykx5AhI9-t80Y27aN4AaABAg,Ugykx5AhI9-t80Y27aN4AaABAg,zCSY4bGWUXc,"Suara Rakyat: Nilai semula subsidi petrol golongan kaya, apa kata orang miskin?",Astro AWANI,https://www.youtube.com/watch?v=zCSY4bGWUXc,2026-05-11T12:14:22Z,cost_of_living_public_policy,Rafizi dah cakap dari tahun lalu lagi...tapi tak nak dengar.,deceaccbc584e88c9294,2026-05-11T12:28:21Z,2026-05-11T12:28:21Z,3,0,True,True,none,,2026-06-17T15:11:37.971181+00:00,raw,,Rafizi dah cakap dari tahun lalu lagi..tapi tak nak dengar.,rafizi dah cakap dari tahun lalu lagi tapi tak nak dengar,11,59,0,False,True,0,0,0,BM,id,4,0,,False,False,accepted,negative,0.5387788414955139,0.3379825949668884,0.1232384964823722,0.5387788414955139,0.2007962465286255,low,high,low_confidence,neutral,reviewed,,neutral,cardiffnlp/twitter-xlm-roberta-base-sentiment-multilingual,automatic_prelabel,positive | neutral | negative | uncertain,True,226,2026-06-18 16:51:44,human_manual_review,,,,,True,final_youtube_sentiment_825_balanced,2026-06-18 20:43:24,767,Rafizi dah cakap dari tahun lalu lagi..tapi tak nak dengar.,Rafizi has said it since last year..but I don't want to listen.,translated,google_translate_auto_to_en,neutral,keep,current label is acceptable or ambiguous
YT_Ugxi77O3VmWNd8qx4vR4AaABAg,YouTube,top_level_comment,Ugxi77O3VmWNd8qx4vR4AaABAg,Ugxi77O3VmWNd8qx4vR4AaABAg,pByBSEMjiyo,MENJELANG AIDILFITRI | PM Umum Cuti Tambahan Sehari Sambut Hari Raya Aidilfitri,Buletin TV3,https://www.youtube.com/watch?v=pByBSEMjiyo,2026-03-15T05:40:33Z,festivals_national_events,Nanti sebelum raya kerajaan masukkan satu juta satu orang ke akaun rakyat yang ada bantuan STR ke dlm akaun seluruh rakyat Malaysia.biar senang hati seluruh rakyat ambil cuti seberapa hari kerajaan nak umumkan cuti.,ce2092421744b0552179,2026-03-15T09:57:46Z,2026-03-15T09:57:46Z,0,0,True,True,none,,2026-06-17T15:11:43.138653+00:00,raw,,Nanti sebelum raya kerajaan masukkan satu juta satu orang ke akaun rakyat yang ada bantuan STR ke dlm akaun seluruh rakyat Malaysia.biar senang hati seluruh rakyat ambil cuti seberapa hari kerajaan nak umumkan cuti.,nanti sebelum raya kerajaan masukkan satu juta satu orang ke akaun rakyat yang ada bantuan str ke dlm akaun seluruh rakyat malaysia biar senang hati seluruh rakyat ambil cuti seberapa hari kerajaan nak umumkan cuti,35,215,0,False,True,0,0,0,BM,id,7,0,,False,False,accepted,positive,0.2092156559228897,0.353249043226242,0.4375353455543518,0.4375353455543518,0.0842863023281097,low,high,low_confidence | small_probability_margin,positive,reviewed,Added from reviewed positive supplement,positive,cardiffnlp/twitter-xlm-roberta-base-sentiment-multilingual,automatic_prelabel,,False,87,2026-06-18 20:33:38,human_manual_review_positive_supplement,available,,positive_shortage_after_manual_review,positive,True,final_youtube_sentiment_825_balanced,2026-06-18 20:43:24,332,Nanti sebelum raya kerajaan masukkan satu juta satu orang ke akaun rakyat yang ada bantuan STR ke dlm akaun seluruh rakyat Malaysia.biar senang hati seluruh rakyat ambil cuti seberapa hari kerajaan nak umumkan cuti.,"Later, before Raya, the government will enter one million people into the people's accounts that have STR assistance into the accounts of all Malaysians. Let all the people be happy to take holidays as many days as the government wants to announce holidays.",translated,google_translate_auto_to_en,positive,keep,current label is acceptable or ambiguous
YT_Ugz_4KMvnbExY4zcXYx4AaABAg,YouTube,top_level_comment,Ugz_4KMvnbExY4zcXYx4AaABAg,Ugz_4KMvnbExY4zcXYx4AaABAg,bjYbNs8TvLc,[PENUH] Perkembangan Terkini Proses Cerapan Anak Bulan Syawal | 19 Mac 2026,Buletin TV3,https://www.youtube.com/watch?v=bjYbNs8TvLc,2026-03-19T10:26:41Z,festivals_national_events,"Buat prosedur baru, guna kiraan falak. Gerhana bulan dan gerhana matahari boleh kira tepat, sepatutnya anak bulan atau bulan yang boleh dilihat setiap hari juga boleh dikira tepat insy. Maka buat istiharan awal memudah kan semua pihak.",ac059c69d38a4a2e0d7c,2026-03-21T13:55:33Z,2026-03-21T13:55:33Z,0,0,True,True,none,,2026-06-17T15:11:44.347727+00:00,raw,,"Buat prosedur baru, guna kiraan falak. Gerhana bulan dan gerhana matahari boleh kira tepat, sepatutnya anak bulan atau bulan yang boleh dilihat setiap hari juga boleh dikira tepat insy. Maka buat istiharan awal memudah kan semua pihak.",buat prosedur baru guna kiraan falak gerhana bulan dan gerhana matahari boleh kira tepat sepatutnya anak bulan atau bulan yang boleh dilihat setiap hari juga boleh dikira tepat insy maka buat istiharan awal memudah kan semua pihak,37,235,0,False,True,0,0,0,BM,id,5,0,,False,False,accepted,positive,0.1392519623041153,0.2713036239147186,0.5894443988800049,0.5894443988800049,0.3181407749652862,low,high,low_confidence,positive,reviewed,,positive,cardiffnlp/twitter-xlm-roberta-base-sentiment-multilingual,automatic_prelabel,positive | neutral | negative | uncertain,True,326,2026-06-18 17:17:50,human_manual_review,,,,,True,final_youtube_sentiment_825_balanced,2026-06-18 20:43:24,164,"Buat prosedur baru, guna kiraan falak. Gerhana bulan dan gerhana matahari boleh kira tepat, sepatutnya anak bulan atau bulan yang boleh dilihat setiap hari juga boleh dikira tepat insy. Maka buat istiharan awal memudah kan semua pihak.","Create a new procedure, use the astrological count. Lunar eclipses and solar eclipses can be calculated accurately, the moon or the moon that can be seen every day can also be calculated accurately. So make an early declaration to make it easier for all parties.",translated,google_translate_auto_to_en,positive,keep,current label is acceptable or ambiguous
YT_Ugy2NeZa8fcYtzcul0J4AaABAg,YouTube,top_level_comment,Ugy2NeZa8fcYtzcul0J4AaABAg,Ugy2NeZa8fcYtzcul0J4AaABAg,J5SEcQAe1AM,Why Malaysia Forces You to Own a Car,UrbanShiftMY,https://www.youtube.com/watch?v=J5SEcQAe1AM,2026-05-11T05:16:17Z,transport_public_services,Everything was good until 9 minutes in.,9768940ecdf67451dc86,2026-05-14T03:11:32Z,2026-05-14T03:11:32Z,0,0,True,True,none,,2026-06-17T15:11:48.080643+00:00,raw,,Everything was good until 9 minutes in.,everything was good until 9 minutes in,7,39,0,False,True,0,0,0,EN,en,0,2,,False,False,accepted,positive,0.0392382442951202,0.177935853600502,0.7828259468078613,0.7828259468078613,0.6048900932073593,medium,medium,medium_confidence,negative,reviewed,,negative,cardiffnlp/twitter-xlm-roberta-base-sentiment-multilingual,automatic_prelabel,positive | neutral | negative | uncertain,True,499,2026-06-18 18:52:12,human_manual_review,,,,,True,final_youtube_sentiment_825_balanced,2026-06-18 20:43:24,172,Everything was good until 9 minutes in.,Everything was good until 9 minutes in.,kept_original_english,none,positive,relabel,positive/supportive cues outweigh negative label after translation
YT_UgzkuG6yJz2dsVIVJAl4AaABAg,YouTube,top_level_comment,UgzkuG6yJz2dsVIVJAl4AaABAg,UgzkuG6yJz2dsVIVJAl4AaABAg,qlQj6Zlgc-M,MyDigital ID akan diwajibkan untuk akses aplikasi MyJPJ & MyBayar PDRM!,SoyaCincau BM,https://www.youtube.com/watch?v=qlQj6Zlgc-M,2025-08-27T12:39:08Z,technology_digital_services,Leceh. Naper tak senangkan lagi satu app terus? Nak nak org org tua bukan tech savvy pun. Apa laa,fbdb6e4b0d1638f024f4,2025-08-30T11:48:58Z,2025-08-30T11:48:58Z,12,0,True,True,none,,2026-06-17T15:11:45.564038+00:00,raw,,Leceh. Naper tak senangkan lagi satu app terus? Nak nak org org tua bukan tech savvy pun. Apa laa,leceh naper tak senangkan lagi satu app terus nak nak org org tua bukan tech savvy pun apa laa,19,97,0,False,True,0,0,0,BM,id,5,0,,False,False,accepted,negative,0.9566842913627625,0.0222520492970943,0.0210636295378208,0.9566842913627625,0.934432242065668,high,low,,negative,reviewed,,negative,cardiffnlp/twitter-xlm-roberta-base-sentiment-multilingual,automatic_prelabel,positive | neutral | negative | uncertain,True,709,2026-06-18 19:25:16,human_manual_review,,,,,True,final_youtube_sentiment_825_balanced,2026-06-18 20:43:24,671,Leceh. Naper tak senangkan lagi satu app terus? Nak nak org org tua bukan tech savvy pun. Apa laa,"Glutinous. Naper no longer enjoy one app all the time? I want old people, not even tech savvy. What?",translated,google_translate_auto_to_en,negative,keep,current label is acceptable or ambiguous
YT_Ugzm46LhQr0D8lkmGQN4AaABAg,YouTube,top_level_comment,Ugzm46LhQr0D8lkmGQN4AaABAg,Ugzm46LhQr0D8lkmGQN4AaABAg,oULUeT07fa0,JPJ MALAYSIA? ADA APA APA JAWAPAN KE? SITA KENDERAAN ORANG SAMPAI BERBULAN BULAN? TERIMA KASIH SINGH,Bossrul Channel,https://www.youtube.com/watch?v=oULUeT07fa0,2025-07-01T02:14:17Z,transport_public_services,"Ha ha ha ha ha, cuma yang Arif yang adil…. Wow…",1957c6ec67357bdeb6cd,2025-07-07T02:34:21Z,2025-07-07T02:34:21Z,0,0,True,True,none,,2026-06-17T15:11:48.877776+00:00,raw,,"Ha ha ha ha ha, cuma yang Arif yang adil.. Wow..",ha ha ha ha ha cuma yang arif yang adil wow,11,48,0,False,True,0,0,0,BM,id,1,0,,False,False,accepted,positive,0.348247230052948,0.2210862338542938,0.4306665658950805,0.4306665658950805,0.0824193358421325,low,high,low_confidence | small_probability_margin,positive,reviewed,Added from reviewed positive supplement,positive,cardiffnlp/twitter-xlm-roberta-base-sentiment-multilingual,automatic_prelabel,,False,91,2026-06-18 20:33:38,human_manual_review_positive_supplement,available,,positive_shortage_after_manual_review,positive,True,final_youtube_sentiment_825_balanced,2026-06-18 20:43:24,291,"Ha ha ha ha ha, cuma yang Arif yang adil.. Wow..","Ha ha ha ha ha, only the Arif are fair.. Wow..",translated,google_translate_auto_to_en,neutral,relabel,translated English appears informational/unclear rather than explicit sentiment
YT_Ugw7cnWTdPd3Vb6bN8F4AaABAg,YouTube,top_level_comment,Ugw7cnWTdPd3Vb6bN8F4AaABAg,Ugw7cnWTdPd3Vb6bN8F4AaABAg,dDRZ6AZbcfw,Malaysian Hawker Fights To Keep His Noodles Affordable As Food Prices Rise | Money Mind | Inflation,CNA Insider,https://www.youtube.com/watch?v=dDRZ6AZbcfw,2025-11-25T14:01:10Z,cost_of_living_public_policy,cna damn joker. go to east malaysia to do a expensive documentary. Director must be freaking lazy and only prioritizing finish the work. cna hired the wrong director.,55c248dec965e359c88b,2025-11-26T09:15:23Z,2025-11-26T09:15:23Z,3,0,True,True,none,,2026-06-17T15:11:42.418609+00:00,raw,,cna damn joker. go to east malaysia to do a expensive documentary. Director must be freaking lazy and only prioritizing finish the work. cna hired the wrong director.,cna damn joker go to east malaysia to do a expensive documentary director must be freaking lazy and only prioritizing finish the work cna hired the wrong director,28,166,0,False,True,0,0,0,MIXED,en,1,3,,False,False,accepted,negative,0.9659300446510316,0.0178766306489706,0.0161933451890945,0.9659300446510316,0.9480534140020608,high,medium,mixed_language,negative,reviewed,,negative,cardiffnlp/twitter-xlm-roberta-base-sentiment-multilingual,automatic_prelabel,positive | neutral | negative | uncertain,True,597,2026-06-18 19:06:28,human_manual_review,,,,,True,final_youtube_sentiment_825_balanced,2026-06-18 20:43:24,270,cna damn joker. go to east malaysia to do a expensive documentary. Director must be freaking lazy and only prioritizing finish the work. cna hired the wrong director.,cna damn joker. go to east malaysia to do a expensive documentary. Director must be freaking lazy and only prioritizing finish the work. cna hired the wrong director.,kept_original_english,none,negative,keep,current label is acceptable or ambiguous
YT_UgwoyKx-M6BWDdpmzBl4AaABAg,YouTube,top_level_comment,UgwoyKx-M6BWDdpmzBl4AaABAg,UgwoyKx-M6BWDdpmzBl4AaABAg,UGAL8690ngc,"Bantuan Asas Rahmah diteruskan: RM100 untuk  dewasa, RM500 untuk penerima miskin tegar - Anwar",KiniTV,https://www.youtube.com/watch?v=UGAL8690ngc,2026-01-05T06:06:45Z,cost_of_living_public_policy,"Str bujang dgn secara tiber²nya stop bujang cuma dpt SARA RM50 WOW beli brg² dapur,.sgt bijak dan madanon keputusan ini🤤",7da7d4c44e2c884a9619,2026-01-11T12:44:21Z,2026-01-11T12:44:21Z,0,0,True,True,none,,2026-06-17T15:11:40.405420+00:00,raw,,"Str bujang dgn secara tiber2nya stop bujang cuma dpt SARA RM50 WOW beli brg2 dapur,.sgt bijak dan madanon keputusan ini🤤",str bujang dgn secara tiber2nya stop bujang cuma dpt sara rm50 wow beli brg2 dapur sgt bijak dan madanon keputusan ini,21,120,1,False,True,0,0,0,BM,id,2,0,,False,False,accepted,positive,0.1482186764478683,0.1353202015161514,0.7164611220359802,0.7164611220359802,0.5682424455881119,medium,medium,medium_confidence,negative,reviewed,,negative,cardiffnlp/twitter-xlm-roberta-base-sentiment-multilingual,automatic_prelabel,positive | neutral | negative | uncertain,True,408,2026-06-18 18:34:50,human_manual_review,,,,,True,final_youtube_sentiment_825_balanced,2026-06-18 20:43:24,278,"Str bujang dgn secara tiber2nya stop bujang cuma dpt SARA RM50 WOW beli brg2 dapur,.sgt bijak dan madanon keputusan ini🤤","You are single and you can stop being single, you can only get SARA RM50 WOW, buy two kitchens,. very smart and madanon this decision 🤤",translated,google_translate_auto_to_en,negative,keep,current label is acceptable or ambiguous
YT_UgywOa45mMAJNPKJyMJ4AaABAg,YouTube,top_level_comment,UgywOa45mMAJNPKJyMJ4AaABAg,UgywOa45mMAJNPKJyMJ4AaABAg,lWY3O9pFexo,KOS SARA HIDUP | PM Umum Butiran Penghargaan Untuk Rakyat Esok (BU),Buletin TV3,https://www.youtube.com/watch?v=lWY3O9pFexo,2025-07-22T12:11:44Z,cost_of_living_public_policy,Bangsa asing China terus berkerja.melayu terus berdemo supaya meskin sampai mati,c509d42f6b7a14c33fad,2025-07-23T02:15:51Z,2025-07-23T02:15:51Z,0,0,True,True,none,,2026-06-17T15:11:38.330025+00:00,raw,,Bangsa asing China terus berkerja.melayu terus berdemo supaya meskin sampai mati,bangsa asing china terus berkerja melayu terus berdemo supaya meskin sampai mati,12,80,0,False,True,0,0,0,BM,id,0,0,,False,False,accepted,positive,0.3889451622962951,0.1636235415935516,0.4474313259124756,0.4474313259124756,0.0584861636161804,low,high,low_confidence | small_probability_margin,negative,reviewed,,negative,cardiffnlp/twitter-xlm-roberta-base-sentiment-multilingual,automatic_prelabel,positive | neutral | negative | uncertain,True,80,2026-06-18 15:41:30,human_manual_review,,,,,True,final_youtube_sentiment_825_balanced,2026-06-18 20:43:24,341,Bangsa asing China terus berkerja.melayu terus berdemo supaya meskin sampai mati,Chinese foreigners continue to work. Malays continue to demonstrate so that the poor will die,translated,google_translate_auto_to_en,negative,keep,current label is acceptable or ambiguous
YT_UgwR6p_iEpxCOBFvfY94AaABAg,YouTube,top_level_comment,UgwR6p_iEpxCOBFvfY94AaABAg,UgwR6p_iEpxCOBFvfY94AaABAg,lWY3O9pFexo,KOS SARA HIDUP | PM Umum Butiran Penghargaan Untuk Rakyat Esok (BU),Buletin TV3,https://www.youtube.com/watch?v=lWY3O9pFexo,2025-07-22T12:11:44Z,cost_of_living_public_policy,Wang tunai atau EPF LULUS lain tak nak,ff82a04f710e3a505620,2025-07-22T17:44:48Z,2025-07-22T17:44:48Z,0,0,True,True,none,,2026-06-17T15:11:38.330702+00:00,raw,,Wang tunai atau EPF LULUS lain tak nak,wang tunai atau epf lulus lain tak nak,8,38,0,False,True,0,0,0,BM,id,2,0,,False,False,accepted,neutral,0.1819375306367874,0.6671908497810364,0.1508716791868209,0.6671908497810364,0.4852533191442489,medium,medium,medium_confidence | neutral_prediction,negative,reviewed,,negative,cardiffnlp/twitter-xlm-roberta-base-sentiment-multilingual,automatic_prelabel,positive | neutral | negative | uncertain,True,368,2026-06-18 18:28:30,human_manual_review,,,,,True,final_youtube_sentiment_825_balanced,2026-06-18 20:43:24,240,Wang tunai atau EPF LULUS lain tak nak,I don't want cash or other PASSED EPF,translated,google_translate_auto_to_en,negative,keep,current label is acceptable or ambiguous
YT_UgwYsIyy-JLxFNXxL_l4AaABAg,YouTube,top_level_comment,UgwYsIyy-JLxFNXxL_l4AaABAg,UgwYsIyy-JLxFNXxL_l4AaABAg,9tQzzOjBIdI,KOS SARA HIDUP | Kerajaan Bakal Umum Langkah Tangani Kos Sara Hidup,Buletin TV3,https://www.youtube.com/watch?v=9tQzzOjBIdI,2025-07-19T05:38:22Z,cost_of_living_public_policy,Ingt ye semua mulut dia sendri ckp...isnin atau selasa😂😂🤣🤣,256d2f361f6ca08ca72d,2025-07-19T07:08:38Z,2025-07-19T07:08:38Z,0,0,True,True,none,,2026-06-17T15:11:40.015806+00:00,raw,,Ingt ye semua mulut dia sendri ckp..isnin atau selasa😂😂🤣🤣,ingt ye semua mulut dia sendri ckp isnin atau selasa,10,57,4,False,True,0,0,0,BM,id,0,0,,False,False,accepted,neutral,0.4020703434944153,0.4276075959205627,0.1703221201896667,0.4276075959205627,0.0255372524261474,low,high,low_confidence | small_probability_margin | neutral_prediction,negative,reviewed,,negative,cardiffnlp/twitter-xlm-roberta-base-sentiment-multilingual,automatic_prelabel,positive | neutral | negative | uncertain,True,54,2026-06-18 15:36:49,human_manual_review,,,,,True,final_youtube_sentiment_825_balanced,2026-06-18 20:43:24,242,Ingt ye semua mulut dia sendri ckp..isnin atau selasa😂😂🤣🤣,Remember that all his mouths are closed..Monday or Tuesday😂😂🤣🤣,translated,google_translate_auto_to_en,neutral,relabel,translated English appears informational/unclear rather than explicit sentiment
YT_Ugxj4avDoykoZ3L4Zl14AaABAg,YouTube,top_level_comment,Ugxj4avDoykoZ3L4Zl14AaABAg,Ugxj4avDoykoZ3L4Zl14AaABAg,zCSY4bGWUXc,"Suara Rakyat: Nilai semula subsidi petrol golongan kaya, apa kata orang miskin?",Astro AWANI,https://www.youtube.com/watch?v=zCSY4bGWUXc,2026-05-11T12:14:22Z,cost_of_living_public_policy,Mau di negara manapun orang miskin seperti kita yang selalu jadi korban orang serakah demi kekayaan,33d42dd94b37233ad53d,2026-05-13T23:12:59Z,2026-05-13T23:12:59Z,0,0,True,True,none,,2026-06-17T15:11:37.970128+00:00,raw,,Mau di negara manapun orang miskin seperti kita yang selalu jadi korban orang serakah demi kekayaan,mau di negara manapun orang miskin seperti kita yang selalu jadi korban orang serakah demi kekayaan,16,99,0,False,True,0,0,0,BM,id,3,0,,False,False,accepted,negative,0.9765976071357728,0.0111553696915507,0.0122470995411276,0.9765976071357728,0.964350507594645,high,low,,negative,reviewed,,negative,cardiffnlp/twitter-xlm-roberta-base-sentiment-multilingual,automatic_prelabel,positive | neutral | negative | uncertain,True,789,2026-06-18 19:58:48,human_manual_review,,,,,True,final_youtube_sentiment_825_balanced,2026-06-18 20:43:24,730,Mau di negara manapun orang miskin seperti kita yang selalu jadi korban orang serakah demi kekayaan,"In any country, poor people like us are always victims of greedy people for wealth",translated,google_translate_auto_to_en,negative,keep,current label is acceptable or ambiguous
YT_UgydAaNikQvRS6XnfZp4AaABAg,YouTube,top_level_comment,UgydAaNikQvRS6XnfZp4AaABAg,UgydAaNikQvRS6XnfZp4AaABAg,Wk-HcKtIaGY,Are We About to See a Chinese Tourist Boom in Malaysia?,Ziet Invests,https://www.youtube.com/watch?v=Wk-HcKtIaGY,2026-02-12T11:00:42Z,tourism_lifestyle_events,"Malay no lah, Indon lebih majuu",ff6187ba8cd06b1c7e7c,2026-02-13T23:42:00Z,2026-02-13T23:42:00Z,1,1,True,True,none,,2026-06-17T15:11:46.187855+00:00,raw,,"Malay no lah, Indon lebih majuu",malay no lah indon lebih majuu,6,31,0,False,True,0,0,0,BM,id,1,0,,False,False,accepted,positive,0.0373242571949958,0.0388009883463382,0.9238747358322144,0.9238747358322144,0.8850737474858761,high,low,,positive,reviewed,,positive,cardiffnlp/twitter-xlm-roberta-base-sentiment-multilingual,automatic_prelabel,positive | neutral | negative | uncertain,True,633,2026-06-18 19:12:48,human_manual_review,,,,,True,final_youtube_sentiment_825_balanced,2026-06-18 20:43:24,429,"Malay no lah, Indon lebih majuu","Malay no, Indon is more advanced",translated,google_translate_auto_to_en,negative,relabel,negative cues outweigh positive label after translation
YT_UgwbDqBgoKSgmwxqgEp4AaABAg,YouTube,top_level_comment,UgwbDqBgoKSgmwxqgEp4AaABAg,UgwbDqBgoKSgmwxqgEp4AaABAg,UGAL8690ngc,"Bantuan Asas Rahmah diteruskan: RM100 untuk  dewasa, RM500 untuk penerima miskin tegar - Anwar",KiniTV,https://www.youtube.com/watch?v=UGAL8690ngc,2026-01-05T06:06:45Z,cost_of_living_public_policy,saya tetap sokong pmx.Terbaik..Salute pmx always❤❤🎉,c379f4479249423cfc4a,2026-01-07T11:17:00Z,2026-01-07T11:17:00Z,0,0,True,True,none,,2026-06-17T15:11:40.405749+00:00,raw,,saya tetap sokong pmx.Terbaik..Salute pmx always❤❤🎉,saya tetap sokong pmx terbaik salute pmx always,8,51,3,False,True,0,0,0,BM,id,1,0,,False,False,accepted,positive,0.0425727926194667,0.045549489557743,0.911877691745758,0.911877691745758,0.866328202188015,high,low,,positive,reviewed,,positive,cardiffnlp/twitter-xlm-roberta-base-sentiment-multilingual,automatic_prelabel,positive | neutral | negative | uncertain,True,628,2026-06-18 19:12:08,human_manual_review,,,,,True,final_youtube_sentiment_825_balanced,2026-06-18 20:43:24,775,saya tetap sokong pmx.Terbaik..Salute pmx always❤❤🎉,I still support pmx. The best.. Salute pmx always❤❤🎉,translated,google_translate_auto_to_en,positive,keep,current label is acceptable or ambiguous
YT_Ugy4bj-4qZua5e9pOnZ4AaABAg,YouTube,top_level_comment,Ugy4bj-4qZua5e9pOnZ4AaABAg,Ugy4bj-4qZua5e9pOnZ4AaABAg,oULUeT07fa0,JPJ MALAYSIA? ADA APA APA JAWAPAN KE? SITA KENDERAAN ORANG SAMPAI BERBULAN BULAN? TERIMA KASIH SINGH,Bossrul Channel,https://www.youtube.com/watch?v=oULUeT07fa0,2025-07-01T02:14:17Z,transport_public_services,Oklah itu tahan lebih baik daripada bahayakan nyawa orang lain..,27d83f0c4cd8f222d6b3,2025-07-04T10:07:17Z,2025-07-04T10:07:17Z,2,0,True,True,none,,2026-06-17T15:11:48.879306+00:00,raw,,Oklah itu tahan lebih baik daripada bahayakan nyawa orang lain..,oklah itu tahan lebih baik daripada bahayakan nyawa orang lain,10,64,0,False,True,0,0,0,BM,id,3,0,,False,False,accepted,negative,0.5689308047294617,0.174363911151886,0.2567053139209747,0.5689308047294617,0.3122254908084869,low,high,low_confidence,positive,reviewed,,positive,cardiffnlp/twitter-xlm-roberta-base-sentiment-multilingual,automatic_prelabel,positive | neutral | negative | uncertain,True,287,2026-06-18 17:09:17,human_manual_review,,,,,True,final_youtube_sentiment_825_balanced,2026-06-18 20:43:24,655,Oklah itu tahan lebih baik daripada bahayakan nyawa orang lain..,"Ok, it's better to hold on than endangering other people's lives..",translated,google_translate_auto_to_en,positive,keep,current label is acceptable or ambiguous
YT_UgwCN78rwvcGiUgvMZl4AaABAg,YouTube,top_level_comment,UgwCN78rwvcGiUgvMZl4AaABAg,UgwCN78rwvcGiUgvMZl4AaABAg,UGAL8690ngc,"Bantuan Asas Rahmah diteruskan: RM100 untuk  dewasa, RM500 untuk penerima miskin tegar - Anwar",KiniTV,https://www.youtube.com/watch?v=UGAL8690ngc,2026-01-05T06:06:45Z,cost_of_living_public_policy,ramai yang marah tapi ramai juga tg sayang terbaik pmx,fb93de34f5a05d75ddc0,2026-01-05T12:34:43Z,2026-01-05T12:34:43Z,7,0,True,True,none,,2026-06-17T15:11:40.742024+00:00,raw,,ramai yang marah tapi ramai juga tg sayang terbaik pmx,ramai yang marah tapi ramai juga tg sayang terbaik pmx,10,54,0,False,True,0,0,0,BM,id,3,0,,False,False,accepted,positive,0.26325723528862,0.2793570160865783,0.457385778427124,0.457385778427124,0.1780287623405456,low,high,low_confidence,neutral,reviewed,,neutral,cardiffnlp/twitter-xlm-roberta-base-sentiment-multilingual,automatic_prelabel,positive | neutral | negative | uncertain,True,91,2026-06-18 15:42:57,human_manual_review,,,,,True,final_youtube_sentiment_825_balanced,2026-06-18 20:43:24,433,ramai yang marah tapi ramai juga tg sayang terbaik pmx,many are angry but many also love the best pmx,translated,google_translate_auto_to_en,positive,keep,current label is acceptable or ambiguous
YT_Ugz-3fixqCKIrv6PJN14AaABAg,YouTube,top_level_comment,Ugz-3fixqCKIrv6PJN14AaABAg,Ugz-3fixqCKIrv6PJN14AaABAg,MpBToZaCuWE,LRT derailment: Commuters want track and train maintenance to be enhanced,The Star,https://www.youtube.com/watch?v=MpBToZaCuWE,2026-05-28T08:54:43Z,transport_public_services,"It's high time MY, KL start & complete its MRT 3 to minimise the disruption like this, at the same time maximise alternative route right",28f356a1bd703bfebe8a,2026-05-29T09:53:09Z,2026-05-29T09:53:09Z,0,0,True,True,none,,2026-06-17T15:11:46.538290+00:00,raw,,"It's high time MY, KL start & complete its MRT 3 to minimise the disruption like this, at the same time maximise alternative route right",it s high time my kl start complete its mrt 3 to minimise the disruption like this at the same time maximise alternative route right,24,136,0,False,True,0,0,0,EN,en,0,2,,False,False,accepted,neutral,0.1977714449167251,0.4105946123600006,0.3916339576244354,0.4105946123600006,0.0189606547355651,low,high,low_confidence | small_probability_margin | neutral_prediction,neutral,reviewed,,neutral,cardiffnlp/twitter-xlm-roberta-base-sentiment-multilingual,automatic_prelabel,positive | neutral | negative | uncertain,True,43,2026-06-18 15:33:30,human_manual_review,,,,,True,final_youtube_sentiment_825_balanced,2026-06-18 20:43:24,91,"It's high time MY, KL start & complete its MRT 3 to minimise the disruption like this, at the same time maximise alternative route right","It's high time MY, KL start & complete its MRT 3 to minimise the disruption like this, at the same time maximise alternative route right",kept_original_english,none,neutral,relabel,translated English appears informational/unclear rather than explicit sentiment
YT_UgzwxW3ledVmmTGGNZJ4AaABAg,YouTube,top_level_comment,UgzwxW3ledVmmTGGNZJ4AaABAg,UgzwxW3ledVmmTGGNZJ4AaABAg,UGAL8690ngc,"Bantuan Asas Rahmah diteruskan: RM100 untuk  dewasa, RM500 untuk penerima miskin tegar - Anwar",KiniTV,https://www.youtube.com/watch?v=UGAL8690ngc,2026-01-05T06:06:45Z,cost_of_living_public_policy,"Nk pru blh la sembang . Tau"" nnti naik harga brg lgi 🤭 semua naik nnti . Kaki kencing kuat , tk rasuah cuma dpt hadiah (rasuah)😂",c00b3678ec2c917cd281,2026-01-11T12:21:42Z,2026-01-11T12:21:42Z,0,0,True,True,none,,2026-06-17T15:11:40.405450+00:00,raw,,"Nk pru blh la sembang . Tau"" nnti naik harga brg lgi 🤭 semua naik nnti . Kaki kencing kuat , tk rasuah cuma dpt hadiah (rasuah)😂",nk pru blh la sembang tau nnti naik harga brg lgi semua naik nnti kaki kencing kuat tk rasuah cuma dpt hadiah rasuah,23,128,2,False,True,0,0,0,BM,id,1,0,,False,False,accepted,positive,0.2218296229839325,0.2427987903356552,0.5353716015815735,0.5353716015815735,0.2925728112459183,low,high,low_confidence,negative,reviewed,,negative,cardiffnlp/twitter-xlm-roberta-base-sentiment-multilingual,automatic_prelabel,positive | neutral | negative | uncertain,True,221,2026-06-18 16:08:02,human_manual_review,,,,,True,final_youtube_sentiment_825_balanced,2026-06-18 20:43:24,593,"Nk pru blh la sembang . Tau"" nnti naik harga brg lgi 🤭 semua naik nnti . Kaki kencing kuat , tk rasuah cuma dpt hadiah (rasuah)😂","Nk pru can chat. Do you know"" the price will go up again 🤭 everything will go up soon. The feet are peeing hard, there is no bribery, only gifts (bribery)😂",translated,google_translate_auto_to_en,negative,keep,current label is acceptable or ambiguous
YT_Ugx42ecqygERIyTfwRh4AaABAg,YouTube,top_level_comment,Ugx42ecqygERIyTfwRh4AaABAg,Ugx42ecqygERIyTfwRh4AaABAg,9tQzzOjBIdI,KOS SARA HIDUP | Kerajaan Bakal Umum Langkah Tangani Kos Sara Hidup,Buletin TV3,https://www.youtube.com/watch?v=9tQzzOjBIdI,2025-07-19T05:38:22Z,cost_of_living_public_policy,jika betul alhamdulillah..kerana rakyat malaysia sedang kepayahan dengan harga barang naik,d323e2e3afd5773f86d2,2025-07-19T06:14:55Z,2025-07-19T06:14:55Z,12,4,True,True,none,,2026-06-17T15:11:40.015968+00:00,raw,,jika betul alhamdulillah..kerana rakyat malaysia sedang kepayahan dengan harga barang naik,jika betul alhamdulillah kerana rakyat malaysia sedang kepayahan dengan harga barang naik,12,90,0,False,True,0,0,0,BM,id,5,0,,False,False,accepted,positive,0.3661841154098511,0.1826193928718567,0.4511964321136474,0.4511964321136474,0.0850123167037963,low,high,low_confidence | small_probability_margin,positive,reviewed,,positive,cardiffnlp/twitter-xlm-roberta-base-sentiment-multilingual,automatic_prelabel,positive | neutral | negative | uncertain,True,84,2026-06-18 15:42:02,human_manual_review,,,,,True,final_youtube_sentiment_825_balanced,2026-06-18 20:43:24,746,jika betul alhamdulillah..kerana rakyat malaysia sedang kepayahan dengan harga barang naik,"if it's true, thank God.. because Malaysians are struggling with the rising prices of goods",translated,google_translate_auto_to_en,positive,keep,current label is acceptable or ambiguous
YT_UgwnrL9IxGQz6r9FHOt4AaABAg,YouTube,top_level_comment,UgwnrL9IxGQz6r9FHOt4AaABAg,UgwnrL9IxGQz6r9FHOt4AaABAg,ePfJmLXfPwU,JPJ perkenal wajah baharu lesen memandu,Harian Metro,https://www.youtube.com/watch?v=ePfJmLXfPwU,2025-05-21T11:30:02Z,transport_public_services,haha.. mcm2 laaaa dah canggih kembali zaman lama,92aa069473ebc49abb57,2025-05-22T06:17:00Z,2025-05-22T06:17:00Z,0,0,True,True,none,,2026-06-17T15:11:47.299569+00:00,raw,,haha.. mcm2 laaaa dah canggih kembali zaman lama,haha mcm2 laaaa dah canggih kembali zaman lama,8,48,0,False,True,0,0,0,BM,so,1,0,,False,False,accepted,positive,0.1313671171665191,0.1110152080655098,0.7576176524162292,0.7576176524162292,0.6262505352497101,medium,medium,medium_confidence,neutral,reviewed,,neutral,cardiffnlp/twitter-xlm-roberta-base-sentiment-multilingual,automatic_prelabel,positive | neutral | negative | uncertain,True,459,2026-06-18 18:44:04,human_manual_review,,,,,True,final_youtube_sentiment_825_balanced,2026-06-18 20:43:24,327,haha.. mcm2 laaaa dah canggih kembali zaman lama,haha.. it's so sophisticated back in the old days,translated,google_translate_auto_to_en,neutral,keep,current label is acceptable
YT_UgxFqeRtSaq7wFI9Ivt4AaABAg,YouTube,top_level_comment,UgxFqeRtSaq7wFI9Ivt4AaABAg,UgxFqeRtSaq7wFI9Ivt4AaABAg,dDRZ6AZbcfw,Malaysian Hawker Fights To Keep His Noodles Affordable As Food Prices Rise | Money Mind | Inflation,CNA Insider,https://www.youtube.com/watch?v=dDRZ6AZbcfw,2025-11-25T14:01:10Z,cost_of_living_public_policy,Can you make small VS large portions at different price points?,98af842177c4438dc5c7,2025-11-27T12:16:37Z,2025-11-27T12:16:37Z,0,0,True,True,none,,2026-06-17T15:11:42.418380+00:00,raw,,Can you make small VS large portions at different price points?,can you make small vs large portions at different price points,11,63,0,False,True,0,0,0,EN,en,0,2,,False,False,accepted,neutral,0.004130333662033,0.9870115518569946,0.0088581098243594,0.9870115518569946,0.9781534420326352,high,medium,neutral_prediction,neutral,reviewed,,neutral,cardiffnlp/twitter-xlm-roberta-base-sentiment-multilingual,automatic_prelabel,positive | neutral | negative | uncertain,True,609,2026-06-18 19:07:16,human_manual_review,,,,,True,final_youtube_sentiment_825_balanced,2026-06-18 20:43:24,337,Can you make small VS large portions at different price points?,Can you make small VS large portions at different price points?,kept_original_english,none,neutral,keep,current label is acceptable
YT_UgySyztCGWvvA7ES8Nt4AaABAg,YouTube,top_level_comment,UgySyztCGWvvA7ES8Nt4AaABAg,UgySyztCGWvvA7ES8Nt4AaABAg,zCSY4bGWUXc,"Suara Rakyat: Nilai semula subsidi petrol golongan kaya, apa kata orang miskin?",Astro AWANI,https://www.youtube.com/watch?v=zCSY4bGWUXc,2026-05-11T12:14:22Z,cost_of_living_public_policy,Takpe kami golongan kaya boleh boleh isi minyak RON 97,28e50af5500a0d1bf2c1,2026-05-11T12:31:19Z,2026-05-11T12:31:19Z,0,0,True,True,none,,2026-06-17T15:11:37.971169+00:00,raw,,Takpe kami golongan kaya boleh boleh isi minyak RON 97,takpe kami golongan kaya boleh boleh isi minyak ron 97,10,54,0,False,True,0,0,0,BM,id,2,0,,False,False,accepted,positive,0.0782478228211402,0.2817327082157135,0.6400194764137268,0.6400194764137268,0.3582867681980133,medium,medium,medium_confidence,neutral,reviewed,Moved from positive supplement to neutral after manual review,neutral,cardiffnlp/twitter-xlm-roberta-base-sentiment-multilingual,automatic_prelabel,,False,61,2026-06-18 20:30:19,human_manual_review_positive_supplement,available,,positive_shortage_after_manual_review,neutral_after_manual_review,True,final_youtube_sentiment_825_balanced,2026-06-18 20:43:24,79,Takpe kami golongan kaya boleh boleh isi minyak RON 97,We rich people can't fill up with RON 97 oil,translated,google_translate_auto_to_en,neutral,keep,current label is acceptable or ambiguous
YT_UgxpLYwjYYNd_yzoXUx4AaABAg,YouTube,top_level_comment,UgxpLYwjYYNd_yzoXUx4AaABAg,UgxpLYwjYYNd_yzoXUx4AaABAg,mVmYibok-7A,[TERKINI] MOF sekat MyKad individu salah guna subsidi BUDI95,Astro AWANI,https://www.youtube.com/watch?v=mVmYibok-7A,2026-03-23T23:22:33Z,cost_of_living_public_policy,Pusing2 rakyat bwh jugak yg kena adjust urusan perkakas utk hidup..yg di atas rasa ke tak kepayahan di lapangan? Lahanatttt,327869e9e8abdba42f4c,2026-03-24T03:21:04Z,2026-03-24T03:21:04Z,9,3,True,True,none,,2026-06-17T15:11:39.404668+00:00,raw,,Pusing2 rakyat bwh jugak yg kena adjust urusan perkakas utk hidup..yg di atas rasa ke tak kepayahan di lapangan? Lahanatttt,pusing2 rakyat bwh jugak yg kena adjust urusan perkakas utk hidup yg di atas rasa ke tak kepayahan di lapangan lahanatttt,21,123,0,False,True,0,0,0,BM,id,2,0,,False,False,accepted,negative,0.959198832511902,0.0216685775667428,0.0191326439380645,0.959198832511902,0.937530254945159,high,low,,neutral,reviewed,,neutral,cardiffnlp/twitter-xlm-roberta-base-sentiment-multilingual,automatic_prelabel,positive | neutral | negative | uncertain,True,721,2026-06-18 19:26:24,human_manual_review,,,,,True,final_youtube_sentiment_825_balanced,2026-06-18 20:43:24,701,Pusing2 rakyat bwh jugak yg kena adjust urusan perkakas utk hidup..yg di atas rasa ke tak kepayahan di lapangan? Lahanatttt,Are you worried about the people who have to adjust the appliances for living..does the one above feel like it is not difficult in the field? Wow,translated,google_translate_auto_to_en,neutral,keep,current label is acceptable or ambiguous
YT_UgxjTCW2Nww6OOYX3_B4AaABAg,YouTube,top_level_comment,UgxjTCW2Nww6OOYX3_B4AaABAg,UgxjTCW2Nww6OOYX3_B4AaABAg,Yu37CmWLvK0,SATU MALAYSIA KENA SCAM MAKANAN DI BAZAR RAMADAN‼️ LELAKI SOUND PENIAGA BAZAAR,NuR MuHD,https://www.youtube.com/watch?v=Yu37CmWLvK0,2026-02-22T17:36:49Z,festivals_national_events,Bagitau la bazar mana lokasi tu. Senang pulaukan jualan nya. Jadi tidak lah ada pembaziran bg pembeli.,4020073c45fd1f39ee44,2026-03-07T23:54:53Z,2026-03-07T23:54:53Z,0,0,True,True,none,,2026-06-17T15:11:44.742437+00:00,raw,,Bagitau la bazar mana lokasi tu. Senang pulaukan jualan nya. Jadi tidak lah ada pembaziran bg pembeli.,bagitau la bazar mana lokasi tu senang pulaukan jualan nya jadi tidak lah ada pembaziran bg pembeli,17,102,0,False,True,0,0,0,BM,id,2,0,,False,False,accepted,positive,0.271458089351654,0.2856920659542084,0.4428498148918152,0.4428498148918152,0.1571577489376068,low,high,low_confidence,positive,reviewed,Added from reviewed positive supplement,positive,cardiffnlp/twitter-xlm-roberta-base-sentiment-multilingual,automatic_prelabel,,False,85,2026-06-18 20:33:38,human_manual_review_positive_supplement,available,,positive_shortage_after_manual_review,positive,True,final_youtube_sentiment_825_balanced,2026-06-18 20:43:24,160,Bagitau la bazar mana lokasi tu. Senang pulaukan jualan nya. Jadi tidak lah ada pembaziran bg pembeli.,Tell him where the bazaar is located. Happy to sell it. So there is no waste for buyers.,translated,google_translate_auto_to_en,negative,relabel,negative cues outweigh positive label after translation
YT_UgycVcoCZL5k21xSyZx4AaABAg,YouTube,top_level_comment,UgycVcoCZL5k21xSyZx4AaABAg,UgycVcoCZL5k21xSyZx4AaABAg,dDRZ6AZbcfw,Malaysian Hawker Fights To Keep His Noodles Affordable As Food Prices Rise | Money Mind | Inflation,CNA Insider,https://www.youtube.com/watch?v=dDRZ6AZbcfw,2025-11-25T14:01:10Z,cost_of_living_public_policy,Learn from china. Many close shop lor. Very good one😂,326eddff428adbc278f1,2025-11-27T00:25:08Z,2025-11-27T00:25:08Z,0,0,True,True,none,,2026-06-17T15:11:42.418478+00:00,raw,,Learn from china. Many close shop lor. Very good one😂,learn from china many close shop lor very good one,10,53,1,False,True,0,0,0,EN,en,0,2,,False,False,accepted,positive,0.1020826175808906,0.1610348969697952,0.7368824481964111,0.7368824481964111,0.5758475512266159,medium,medium,medium_confidence,negative,reviewed,,negative,cardiffnlp/twitter-xlm-roberta-base-sentiment-multilingual,automatic_prelabel,positive | neutral | negative | uncertain,True,424,2026-06-18 18:37:07,human_manual_review,,,,,True,final_youtube_sentiment_825_balanced,2026-06-18 20:43:24,382,Learn from china. Many close shop lor. Very good one😂,Learn from china. Many close shop lor. Very good one😂,kept_original_english,none,positive,relabel,positive/supportive cues outweigh negative label after translation
YT_Ugx5Q04EPdBqK3vYfot4AaABAg,YouTube,top_level_comment,Ugx5Q04EPdBqK3vYfot4AaABAg,Ugx5Q04EPdBqK3vYfot4AaABAg,FgMUKH-xEec,"Kerajaan setuju semakan tarik subsidi minyak golongan berpendapatan tinggi, kata PM",Free Malaysia Today,https://www.youtube.com/watch?v=FgMUKH-xEec,2026-05-10T09:06:58Z,cost_of_living_public_policy,"T5, T10 ni of coz la kena tarik subsidy diaorg. Di banglo ada 5 biji kereta mewah, road tax insurance setahun mgkn dah 50k takkan nk petrol rm1. 99 kot. T-20 mgkn lani dah merasa, tapi klau Mercedez dia 250k bru keluar dr Cycle Carriage plat baru mmg patut kna tarik la subsisdy dia.",210cf1784dfa17029ac9,2026-05-11T03:42:12Z,2026-05-11T03:42:12Z,0,0,True,True,none,,2026-06-17T15:11:41.872120+00:00,raw,,"T5, T10 ni of coz la kena tarik subsidy diaorg. Di banglo ada 5 biji kereta mewah, road tax insurance setahun mgkn dah 50k takkan nk petrol rm1. 99 kot. T-20 mgkn lani dah merasa, tapi klau Mercedez dia 250k bru keluar dr Cycle Carriage plat baru mmg patut kna tarik la subsisdy dia.",t5 t10 ni of coz la kena tarik subsidy diaorg di banglo ada 5 biji kereta mewah road tax insurance setahun mgkn dah 50k takkan nk petrol rm1 99 kot t 20 mgkn lani dah merasa tapi klau mercedez dia 250k bru keluar dr cycle carriage plat baru mmg patut kna tarik la subsisdy dia,54,283,0,False,True,0,0,0,BM,id,2,0,,False,False,accepted,negative,0.7598065137863159,0.1199475675821304,0.1202458515763282,0.7598065137863159,0.6395606622099876,medium,medium,medium_confidence,positive,reviewed,,positive,cardiffnlp/twitter-xlm-roberta-base-sentiment-multilingual,automatic_prelabel,positive | neutral | negative | uncertain,True,466,2026-06-18 18:45:11,human_manual_review,,,,,True,final_youtube_sentiment_825_balanced,2026-06-18 20:43:24,766,"T5, T10 ni of coz la kena tarik subsidy diaorg. Di banglo ada 5 biji kereta mewah, road tax insurance setahun mgkn dah 50k takkan nk petrol rm1. 99 kot. T-20 mgkn lani dah merasa, tapi klau Mercedez dia 250k bru keluar dr Cycle Carriage plat baru mmg patut kna tarik la subsisdy dia.","T5, T10 is of coz they have to withdraw diaorg's subsidy. There are 5 luxury cars in the bungalow, road tax insurance for a year is already 50k and I don't want petrol rm1. 99 coats. T-20 mgkn has already felt it, but if the Mercedez is 250k out of the Cycle Carriage, the new plate should be withdrawn from the subsidy.",translated,google_translate_auto_to_en,negative,relabel,translated English contains stronger negative sentiment cues
YT_UgwkLwFHnzbStV5t4p94AaABAg,YouTube,top_level_comment,UgwkLwFHnzbStV5t4p94AaABAg,UgwkLwFHnzbStV5t4p94AaABAg,Yu37CmWLvK0,SATU MALAYSIA KENA SCAM MAKANAN DI BAZAR RAMADAN‼️ LELAKI SOUND PENIAGA BAZAAR,NuR MuHD,https://www.youtube.com/watch?v=Yu37CmWLvK0,2026-02-22T17:36:49Z,festivals_national_events,"saya tiap kali bln Ramadhan x prnah beli pun....masak sendiri jaa...lagi afdal utk keluarga,pahala berlipat kali ganda .",c3431e42691fe09eb9f7,2026-03-04T05:21:45Z,2026-03-04T05:21:45Z,0,0,True,True,none,,2026-06-17T15:11:44.742665+00:00,raw,,"saya tiap kali bln Ramadhan x prnah beli pun..masak sendiri jaa..lagi afdal utk keluarga,pahala berlipat kali ganda .",saya tiap kali bln ramadhan x prnah beli pun masak sendiri jaa lagi afdal utk keluarga pahala berlipat kali ganda,20,117,0,False,True,0,0,0,BM,id,3,0,,False,False,accepted,positive,0.1440693736076355,0.1909132748842239,0.665017306804657,0.665017306804657,0.474104031920433,medium,medium,medium_confidence,positive,reviewed,Added from reviewed positive supplement,positive,cardiffnlp/twitter-xlm-roberta-base-sentiment-multilingual,automatic_prelabel,,False,50,2026-06-18 20:33:38,human_manual_review_positive_supplement,available,,positive_shortage_after_manual_review,positive,True,final_youtube_sentiment_825_balanced,2026-06-18 20:43:24,786,"saya tiap kali bln Ramadhan x prnah beli pun..masak sendiri jaa..lagi afdal utk keluarga,pahala berlipat kali ganda .","Every time during the month of Ramadhan, I never even buy it.. I cook it myself.. it's better for the family, the reward is multiplied.",translated,google_translate_auto_to_en,negative,relabel,negative cues outweigh positive label after translation
YT_Ugy-rFXs56U8H6qVJdB4AaABAg,YouTube,top_level_comment,Ugy-rFXs56U8H6qVJdB4AaABAg,Ugy-rFXs56U8H6qVJdB4AaABAg,UGAL8690ngc,"Bantuan Asas Rahmah diteruskan: RM100 untuk  dewasa, RM500 untuk penerima miskin tegar - Anwar",KiniTV,https://www.youtube.com/watch?v=UGAL8690ngc,2026-01-05T06:06:45Z,cost_of_living_public_policy,"Salam, Syukur Alhamdulilah dan Terima Kasih PMX.",61588e8c11f7b1b04f6c,2026-01-07T08:08:45Z,2026-01-07T08:08:45Z,3,0,True,True,none,,2026-06-17T15:11:40.405792+00:00,raw,,"Salam, Syukur Alhamdulilah dan Terima Kasih PMX.",salam syukur alhamdulilah dan terima kasih pmx,7,48,0,False,True,0,0,0,BM,id,1,0,,False,False,accepted,positive,0.0090719340369105,0.0181461125612258,0.9727819561958312,0.9727819561958312,0.9546358436346054,high,low,,positive,reviewed,,positive,cardiffnlp/twitter-xlm-roberta-base-sentiment-multilingual,automatic_prelabel,positive | neutral | negative | uncertain,True,768,2026-06-18 19:36:56,human_manual_review,,,,,True,final_youtube_sentiment_825_balanced,2026-06-18 20:43:24,621,"Salam, Syukur Alhamdulilah dan Terima Kasih PMX.","Greetings, Thank God and Thank You PMX.",translated,google_translate_auto_to_en,positive,keep,current label is acceptable or ambiguous
YT_Ugy-tIlq7ZGUa5PAaCJ4AaABAg,YouTube,top_level_comment,Ugy-tIlq7ZGUa5PAaCJ4AaABAg,Ugy-tIlq7ZGUa5PAaCJ4AaABAg,dDRZ6AZbcfw,Malaysian Hawker Fights To Keep His Noodles Affordable As Food Prices Rise | Money Mind | Inflation,CNA Insider,https://www.youtube.com/watch?v=dDRZ6AZbcfw,2025-11-25T14:01:10Z,cost_of_living_public_policy,"Merci, hope everything works well",7910ad0028ea8a0c5aae,2025-12-08T06:26:16Z,2025-12-08T06:26:16Z,0,0,True,True,none,,2026-06-17T15:11:42.417981+00:00,raw,,"Merci, hope everything works well",merci hope everything works well,5,33,0,False,True,0,0,0,EN,en,0,0,,False,False,accepted,positive,0.004997381940484,0.0204590894281864,0.974543571472168,0.974543571472168,0.9540844820439816,high,low,,positive,reviewed,,positive,cardiffnlp/twitter-xlm-roberta-base-sentiment-multilingual,automatic_prelabel,positive | neutral | negative | uncertain,True,779,2026-06-18 19:37:31,human_manual_review,,,,,True,final_youtube_sentiment_825_balanced,2026-06-18 20:43:24,158,"Merci, hope everything works well","Merci, hope everything works well",kept_original_english,none,positive,keep,current label is acceptable or ambiguous
YT_UgzKZVle-GP-dS21-H94AaABAg,YouTube,top_level_comment,UgzKZVle-GP-dS21-H94AaABAg,UgzKZVle-GP-dS21-H94AaABAg,Yu37CmWLvK0,SATU MALAYSIA KENA SCAM MAKANAN DI BAZAR RAMADAN‼️ LELAKI SOUND PENIAGA BAZAAR,NuR MuHD,https://www.youtube.com/watch?v=Yu37CmWLvK0,2026-02-22T17:36:49Z,festivals_national_events,di bulan ramadhan ka bulan2 biasa ka..aku suruh bini aku masak kt umah .puas makan..sbb dok beli makanan org masak sellu nk maki ja..,646d2f43efcfc18c4119,2026-03-15T04:56:00Z,2026-03-15T04:56:00Z,0,0,True,True,none,,2026-06-17T15:11:44.741888+00:00,raw,,di bulan ramadhan ka bulan2 biasa ka..aku suruh bini aku masak kt umah .puas makan..sbb dok beli makanan org masak sellu nk maki ja..,di bulan ramadhan ka bulan2 biasa ka aku suruh bini aku masak kt umah puas makan sbb dok beli makanan org masak sellu nk maki ja,26,133,0,False,True,0,0,0,BM,id,1,0,,False,False,accepted,negative,0.5221569538116455,0.2752699851989746,0.2025730907917022,0.5221569538116455,0.2468869686126709,low,high,low_confidence,negative,reviewed,,negative,cardiffnlp/twitter-xlm-roberta-base-sentiment-multilingual,automatic_prelabel,positive | neutral | negative | uncertain,True,192,2026-06-18 16:01:45,human_manual_review,,,,,True,final_youtube_sentiment_825_balanced,2026-06-18 20:43:24,74,di bulan ramadhan ka bulan2 biasa ka..aku suruh bini aku masak kt umah .puas makan..sbb dok beli makanan org masak sellu nk maki ja..,"In the month of Ramadhan, are you normal months? I told my wife to cook at home. She was satisfied.",translated,google_translate_auto_to_en,positive,relabel,positive/supportive cues outweigh negative label after translation
YT_UgxuEI0P3mj9bI3VkS14AaABAg,YouTube,top_level_comment,UgxuEI0P3mj9bI3VkS14AaABAg,UgxuEI0P3mj9bI3VkS14AaABAg,hXMCJ90cK7M,Car vs Public Transport in Malaysia. Who Wins?,Mr Money TV,https://www.youtube.com/watch?v=hXMCJ90cK7M,2025-05-23T12:42:56Z,transport_public_services,"For working of course drive,for life public transport is simple ways to save your time&parking situation",619c6a4886df79b6afc6,2025-06-04T09:40:36Z,2025-06-04T09:40:36Z,0,0,True,True,none,,2026-06-17T15:11:46.923580+00:00,raw,,"For working of course drive,for life public transport is simple ways to save your time&parking situation",for working of course drive for life public transport is simple ways to save your time parking situation,18,104,0,False,True,0,0,0,EN,en,0,1,,False,False,accepted,neutral,0.0495937205851078,0.5390630960464478,0.4113431274890899,0.5390630960464478,0.1277199685573578,low,high,low_confidence | small_probability_margin | neutral_prediction,positive,reviewed,,positive,cardiffnlp/twitter-xlm-roberta-base-sentiment-multilingual,automatic_prelabel,positive | neutral | negative | uncertain,True,227,2026-06-18 16:51:55,human_manual_review,,,,,True,final_youtube_sentiment_825_balanced,2026-06-18 20:43:24,788,"For working of course drive,for life public transport is simple ways to save your time&parking situation","For working of course drive,for life public transport is simple ways to save your time&parking situation",kept_original_english,none,neutral,relabel,translated English appears informational/unclear rather than explicit sentiment
YT_UgxPQ6gv_AUT0ntjHwd4AaABAg,YouTube,top_level_comment,UgxPQ6gv_AUT0ntjHwd4AaABAg,UgxPQ6gv_AUT0ntjHwd4AaABAg,hXMCJ90cK7M,Car vs Public Transport in Malaysia. Who Wins?,Mr Money TV,https://www.youtube.com/watch?v=hXMCJ90cK7M,2025-05-23T12:42:56Z,transport_public_services,He do not use the public transport regularly that why he a bit cinfuse,cc197ef1d8ba94eb06b9,2025-06-04T08:17:16Z,2025-06-04T08:17:16Z,0,0,True,True,none,,2026-06-17T15:11:46.923655+00:00,raw,,He do not use the public transport regularly that why he a bit cinfuse,he do not use the public transport regularly that why he a bit cinfuse,14,70,0,False,True,0,0,0,EN,en,0,4,,False,False,accepted,negative,0.7785891890525818,0.1746211647987365,0.046789675951004,0.7785891890525818,0.6039680242538452,medium,medium,medium_confidence,neutral,reviewed,,neutral,cardiffnlp/twitter-xlm-roberta-base-sentiment-multilingual,automatic_prelabel,positive | neutral | negative | uncertain,True,493,2026-06-18 18:51:03,human_manual_review,,,,,True,final_youtube_sentiment_825_balanced,2026-06-18 20:43:24,613,He do not use the public transport regularly that why he a bit cinfuse,He do not use the public transport regularly that why he a bit cinfuse,kept_original_english,none,negative,keep,current label is acceptable or ambiguous
YT_Ugz1OkzbatwC-6jzKYd4AaABAg,YouTube,top_level_comment,Ugz1OkzbatwC-6jzKYd4AaABAg,Ugz1OkzbatwC-6jzKYd4AaABAg,bjYbNs8TvLc,[PENUH] Perkembangan Terkini Proses Cerapan Anak Bulan Syawal | 19 Mac 2026,Buletin TV3,https://www.youtube.com/watch?v=bjYbNs8TvLc,2026-03-19T10:26:41Z,festivals_national_events,Kasi Sabtu lah.. kelam kabut aku mau atur manpower staff.. 🥱,9aed9473be08b0f614f6,2026-03-19T12:03:16Z,2026-03-19T12:03:16Z,0,0,True,True,none,,2026-06-17T15:11:44.348026+00:00,raw,,Kasi Sabtu lah.. kelam kabut aku mau atur manpower staff.. 🥱,kasi sabtu lah kelam kabut aku mau atur manpower staff,10,60,1,False,True,0,0,0,BM,id,2,0,,False,False,accepted,neutral,0.3525867164134979,0.3595489263534546,0.2878642976284027,0.3595489263534546,0.0069622099399566,low,high,low_confidence | small_probability_margin | neutral_prediction,neutral,reviewed,Changed from negative to neutral after text-based manual review,neutral,cardiffnlp/twitter-xlm-roberta-base-sentiment-multilingual,automatic_prelabel,positive | neutral | negative | uncertain,True,9,2026-06-18 20:41:44,human_manual_text_based_negative_recheck,,,,,True,final_youtube_sentiment_825_balanced,2026-06-18 20:43:24,375,Kasi Sabtu lah.. kelam kabut aku mau atur manpower staff.. 🥱,Thank you for Saturday.. it's dark and foggy. I want to arrange the staff's manpower.. 🥱,translated,google_translate_auto_to_en,positive,relabel,translated English contains stronger positive/supportive sentiment cues
YT_UgxCihM-xnK4fxebPOR4AaABAg,YouTube,top_level_comment,UgxCihM-xnK4fxebPOR4AaABAg,UgxCihM-xnK4fxebPOR4AaABAg,dDRZ6AZbcfw,Malaysian Hawker Fights To Keep His Noodles Affordable As Food Prices Rise | Money Mind | Inflation,CNA Insider,https://www.youtube.com/watch?v=dDRZ6AZbcfw,2025-11-25T14:01:10Z,cost_of_living_public_policy,"& this happens during the premiership of a person who promises to have all the solutions to keep price down, when he was not in power, tq DAP for supporting this man",5d6bc4bb855208f0b09f,2025-12-03T08:21:59Z,2025-12-03T08:21:59Z,0,0,True,True,none,,2026-06-17T15:11:42.418011+00:00,raw,,"& this happens during the premiership of a person who promises to have all the solutions to keep price down, when he was not in power, tq DAP for supporting this man",this happens during the premiership of a person who promises to have all the solutions to keep price down when he was not in power tq dap for supporting this man,31,165,0,False,True,0,0,0,EN,en,0,5,,False,False,accepted,positive,0.2562371492385864,0.3112178742885589,0.4325448870658874,0.4325448870658874,0.1213270127773284,low,high,low_confidence | small_probability_margin,positive,reviewed,,positive,cardiffnlp/twitter-xlm-roberta-base-sentiment-multilingual,automatic_prelabel,positive | neutral | negative | uncertain,True,60,2026-06-18 15:37:49,human_manual_review,,,,,True,final_youtube_sentiment_825_balanced,2026-06-18 20:43:24,298,"& this happens during the premiership of a person who promises to have all the solutions to keep price down, when he was not in power, tq DAP for supporting this man","& this happens during the premiership of a person who promises to have all the solutions to keep price down, when he was not in power, tq DAP for supporting this man",kept_original_english,none,negative,relabel,negative cues outweigh positive label after translation
YT_UgzCypaZ1VejRrzrzlZ4AaABAg,YouTube,top_level_comment,UgzCypaZ1VejRrzrzlZ4AaABAg,UgzCypaZ1VejRrzrzlZ4AaABAg,J5SEcQAe1AM,Why Malaysia Forces You to Own a Car,UrbanShiftMY,https://www.youtube.com/watch?v=J5SEcQAe1AM,2026-05-11T05:16:17Z,transport_public_services,"Mom can we have notjustbikes at home? We have notjustbikes at home. *notjustbikes at home* Joke aside, good video dude.",010bce1092d520d8e684,2026-05-18T04:08:51Z,2026-05-18T04:08:51Z,0,0,True,True,none,,2026-06-17T15:11:48.078779+00:00,raw,,"Mom can we have notjustbikes at home? We have notjustbikes at home. *notjustbikes at home* Joke aside, good video dude.",mom can we have notjustbikes at home we have notjustbikes at home notjustbikes at home joke aside good video dude,20,119,0,False,True,0,0,0,EN,en,0,2,,False,False,accepted,positive,0.0175962876528501,0.4145388007164001,0.5678649544715881,0.5678649544715881,0.153326153755188,low,high,low_confidence,positive,reviewed,,positive,cardiffnlp/twitter-xlm-roberta-base-sentiment-multilingual,automatic_prelabel,positive | neutral | negative | uncertain,True,285,2026-06-18 17:08:56,human_manual_review,,,,,True,final_youtube_sentiment_825_balanced,2026-06-18 20:43:24,139,"Mom can we have notjustbikes at home? We have notjustbikes at home. *notjustbikes at home* Joke aside, good video dude.","Mom can we have notjustbikes at home? We have notjustbikes at home. *notjustbikes at home* Joke aside, good video dude.",kept_original_english,none,positive,keep,current label is acceptable or ambiguous
YT_UgzrJ0E2ymYHisfk6nx4AaABAg,YouTube,top_level_comment,UgzrJ0E2ymYHisfk6nx4AaABAg,UgzrJ0E2ymYHisfk6nx4AaABAg,qlQj6Zlgc-M,MyDigital ID akan diwajibkan untuk akses aplikasi MyJPJ & MyBayar PDRM!,SoyaCincau BM,https://www.youtube.com/watch?v=qlQj6Zlgc-M,2025-08-27T12:39:08Z,technology_digital_services,Apa binatang mydigtal id...rasuah berleluasa hihihi saya baru aktif kan x pun boleh log in...kikiki,72e7e79d0dbd7de18e9d,2026-05-28T11:10:39Z,2026-05-28T11:10:39Z,2,0,True,True,none,,2026-06-17T15:11:45.563007+00:00,raw,,Apa binatang mydigtal id..rasuah berleluasa hihihi saya baru aktif kan x pun boleh log in..kikiki,apa binatang mydigtal id rasuah berleluasa hihihi saya baru aktif kan x pun boleh log in kikiki,17,97,0,False,True,0,0,0,BM,id,4,0,,False,False,accepted,positive,0.1176932007074356,0.1484832018613815,0.7338236570358276,0.7338236570358276,0.5853404551744461,medium,medium,medium_confidence,negative,reviewed,,negative,cardiffnlp/twitter-xlm-roberta-base-sentiment-multilingual,automatic_prelabel,positive | neutral | negative | uncertain,True,422,2026-06-18 18:36:49,human_manual_review,,,,,True,final_youtube_sentiment_825_balanced,2026-06-18 20:43:24,606,Apa binatang mydigtal id..rasuah berleluasa hihihi saya baru aktif kan x pun boleh log in..kikiki,What a beast mydigtal id..corruption is rampant lol I'm just active right now I can't even log in..kikiki,translated,google_translate_auto_to_en,negative,keep,current label is acceptable or ambiguous
YT_Ugy6c36i5wCO1CTe7eh4AaABAg,YouTube,top_level_comment,Ugy6c36i5wCO1CTe7eh4AaABAg,Ugy6c36i5wCO1CTe7eh4AaABAg,0zi0v_kJ7BE,"Belanjawan 2026: Bantuan tunai STR dikurang RM300, Sara naik",KiniTV,https://www.youtube.com/watch?v=0zi0v_kJ7BE,2025-10-13T05:24:51Z,cost_of_living_public_policy,"Assalam. Keperluan asas sebenar ialah ikan, ayam, beras, sayur, buahan, gula, serbuk teh dan kopi. Sayur, buahan, ikan segar, ayam segar tidak ada pun termasuk dalam barang-barang MyKasih SARA. Lari dari barangan keperluan asas sebenar. Saya bukan banyak makan telur ayam..😊",e093c05bb2c94eb76b96,2025-11-19T08:51:34Z,2025-11-19T08:51:34Z,0,0,True,True,none,,2026-06-17T15:11:41.175967+00:00,raw,,"Assalam. Keperluan asas sebenar ialah ikan, ayam, beras, sayur, buahan, gula, serbuk teh dan kopi. Sayur, buahan, ikan segar, ayam segar tidak ada pun termasuk dalam barang-barang MyKasih SARA. Lari dari barangan keperluan asas sebenar. Saya bukan banyak makan telur ayam..😊",assalam keperluan asas sebenar ialah ikan ayam beras sayur buahan gula serbuk teh dan kopi sayur buahan ikan segar ayam segar tidak ada pun termasuk dalam barang barang mykasih sara lari dari barangan keperluan asas sebenar saya bukan banyak makan telur ayam,41,274,1,False,True,0,0,0,BM,id,5,0,,False,False,accepted,neutral,0.2645204067230224,0.3765471279621124,0.3589324355125427,0.3765471279621124,0.0176146924495697,low,high,low_confidence | small_probability_margin | neutral_prediction,negative,reviewed,,negative,cardiffnlp/twitter-xlm-roberta-base-sentiment-multilingual,automatic_prelabel,positive | neutral | negative | uncertain,True,18,2026-06-18 15:26:54,human_manual_review,,,,,True,final_youtube_sentiment_825_balanced,2026-06-18 20:43:24,469,"Assalam. Keperluan asas sebenar ialah ikan, ayam, beras, sayur, buahan, gula, serbuk teh dan kopi. Sayur, buahan, ikan segar, ayam segar tidak ada pun termasuk dalam barang-barang MyKasih SARA. Lari dari barangan keperluan asas sebenar. Saya bukan banyak makan telur ayam..😊","Hello The real basic needs are fish, chicken, rice, vegetables, fruits, sugar, tea powder and coffee. Vegetables, fruits, fresh fish, fresh chicken are not even included in MyKasih SARA items. Run away from real basic necessities. I don't eat a lot of chicken eggs..😊",translated,google_translate_auto_to_en,negative,keep,current label is acceptable or ambiguous
YT_UgzJuxSiRGxPQRfUU0l4AaABAg,YouTube,top_level_comment,UgzJuxSiRGxPQRfUU0l4AaABAg,UgzJuxSiRGxPQRfUU0l4AaABAg,Wk-HcKtIaGY,Are We About to See a Chinese Tourist Boom in Malaysia?,Ziet Invests,https://www.youtube.com/watch?v=Wk-HcKtIaGY,2026-02-12T11:00:42Z,tourism_lifestyle_events,"Ziet, this is a very well-researched, thorough and balanced analysis. Kudos! 👏👏",4566b54563d3e6dc284f,2026-02-12T12:44:11Z,2026-02-12T12:44:11Z,12,1,True,True,none,,2026-06-17T15:11:46.188357+00:00,raw,,"Ziet, this is a very well-researched, thorough and balanced analysis. Kudos! 👏👏",ziet this is a very well researched thorough and balanced analysis kudos,11,79,2,False,True,0,0,0,EN,en,0,4,,False,False,accepted,positive,0.0093390559777617,0.0091176507994532,0.9815433621406556,0.9815433621406556,0.9722043061628938,high,low,,positive,reviewed,,positive,cardiffnlp/twitter-xlm-roberta-base-sentiment-multilingual,automatic_prelabel,positive | neutral | negative | uncertain,True,817,2026-06-18 19:53:56,human_manual_review,,,,,True,final_youtube_sentiment_825_balanced,2026-06-18 20:43:24,97,"Ziet, this is a very well-researched, thorough and balanced analysis. Kudos! 👏👏","Ziet, this is a very well-researched, thorough and balanced analysis. Kudos! 👏👏",kept_original_english,none,neutral,relabel,translated English appears informational/unclear rather than explicit sentiment
YT_UgztkTMDyjiluGnviQp4AaABAg,YouTube,top_level_comment,UgztkTMDyjiluGnviQp4AaABAg,UgztkTMDyjiluGnviQp4AaABAg,zCSY4bGWUXc,"Suara Rakyat: Nilai semula subsidi petrol golongan kaya, apa kata orang miskin?",Astro AWANI,https://www.youtube.com/watch?v=zCSY4bGWUXc,2026-05-11T12:14:22Z,cost_of_living_public_policy,"Org miskin asyik minta sedekah, org kaya bayar cukai yg tinggi. Jgn malas, kerja kuat, ramai org miskin bila kerja kuat dah jadi kaya.",58bd5276d82c0cb6a945,2026-05-11T14:35:44Z,2026-05-11T14:35:44Z,2,1,True,True,none,,2026-06-17T15:11:37.971032+00:00,raw,,"Org miskin asyik minta sedekah, org kaya bayar cukai yg tinggi. Jgn malas, kerja kuat, ramai org miskin bila kerja kuat dah jadi kaya.",org miskin asyik minta sedekah org kaya bayar cukai yg tinggi jgn malas kerja kuat ramai org miskin bila kerja kuat dah jadi kaya,24,134,0,False,True,0,0,0,BM,id,2,0,,False,False,accepted,positive,0.3161951005458832,0.2733505964279175,0.4104543030261993,0.4104543030261993,0.0942592024803161,low,high,low_confidence | small_probability_margin,neutral,reviewed,Moved from positive supplement to neutral after manual review,neutral,cardiffnlp/twitter-xlm-roberta-base-sentiment-multilingual,automatic_prelabel,,False,106,2026-06-18 20:30:19,human_manual_review_positive_supplement,available,,positive_shortage_after_manual_review,neutral_after_manual_review,True,final_youtube_sentiment_825_balanced,2026-06-18 20:43:24,696,"Org miskin asyik minta sedekah, org kaya bayar cukai yg tinggi. Jgn malas, kerja kuat, ramai org miskin bila kerja kuat dah jadi kaya.","Poor people busy asking for alms, rich people pay high taxes. Don't be lazy, work hard, many poor people become rich when they work hard.",translated,google_translate_auto_to_en,negative,keep,current label is acceptable or ambiguous
YT_UgyfU6HAaYdwxOmr7Fl4AaABAg,YouTube,top_level_comment,UgyfU6HAaYdwxOmr7Fl4AaABAg,UgyfU6HAaYdwxOmr7Fl4AaABAg,oULUeT07fa0,JPJ MALAYSIA? ADA APA APA JAWAPAN KE? SITA KENDERAAN ORANG SAMPAI BERBULAN BULAN? TERIMA KASIH SINGH,Bossrul Channel,https://www.youtube.com/watch?v=oULUeT07fa0,2025-07-01T02:14:17Z,transport_public_services,Rakyat bayar gaji ..rakyat boleh turunkn jpj... Allahhuakhbar....,a2f9a9970962eb72f7b0,2025-07-17T23:37:23Z,2025-07-17T23:37:23Z,0,0,True,True,none,,2026-06-17T15:11:48.875593+00:00,raw,,Rakyat bayar gaji ..rakyat boleh turunkn jpj.. Allahhuakhbar..,rakyat bayar gaji rakyat boleh turunkn jpj allahhuakhbar,8,62,0,False,True,0,0,0,BM,id,2,0,,False,False,accepted,positive,0.2078730762004852,0.1967446953058242,0.5953822135925293,0.5953822135925293,0.387509137392044,low,high,low_confidence,neutral,reviewed,,neutral,cardiffnlp/twitter-xlm-roberta-base-sentiment-multilingual,automatic_prelabel,positive | neutral | negative | uncertain,True,336,2026-06-18 17:19:54,human_manual_review,,,,,True,final_youtube_sentiment_825_balanced,2026-06-18 20:43:24,772,Rakyat bayar gaji ..rakyat boleh turunkn jpj.. Allahhuakhbar..,The people pay the salary .. the people can lower the jpj .. Allahhuakhbar..,translated,google_translate_auto_to_en,neutral,keep,current label is acceptable
YT_UgxEKGY_KMFpVMFZA-x4AaABAg,YouTube,top_level_comment,UgxEKGY_KMFpVMFZA-x4AaABAg,UgxEKGY_KMFpVMFZA-x4AaABAg,9tQzzOjBIdI,KOS SARA HIDUP | Kerajaan Bakal Umum Langkah Tangani Kos Sara Hidup,Buletin TV3,https://www.youtube.com/watch?v=9tQzzOjBIdI,2025-07-19T05:38:22Z,cost_of_living_public_policy,Rakyat mahu I madani 10k one off!!!!!!😂,4aac2e76dfdea57fbf15,2025-07-21T13:35:10Z,2025-07-21T13:35:10Z,0,0,True,True,none,,2026-06-17T15:11:40.014815+00:00,raw,,Rakyat mahu I madani 10k one off!!😂,rakyat mahu i madani 10k one off,7,35,1,False,True,0,0,0,MIXED,id,2,1,,False,False,accepted,positive,0.2111350297927856,0.3417165279388428,0.4471484720706939,0.4471484720706939,0.1054319441318512,low,high,low_confidence | small_probability_margin | mixed_language,negative,reviewed,,negative,cardiffnlp/twitter-xlm-roberta-base-sentiment-multilingual,automatic_prelabel,positive | neutral | negative | uncertain,True,79,2026-06-18 15:41:24,human_manual_review,,,,,True,final_youtube_sentiment_825_balanced,2026-06-18 20:43:24,727,Rakyat mahu I madani 10k one off!!😂,People want me to pay 10k one off!!😂,translated,google_translate_auto_to_en,neutral,relabel,translated English appears informational/unclear rather than explicit sentiment
YT_UgyWElyuLiUrnqXCnCR4AaABAg,YouTube,top_level_comment,UgyWElyuLiUrnqXCnCR4AaABAg,UgyWElyuLiUrnqXCnCR4AaABAg,MpBToZaCuWE,LRT derailment: Commuters want track and train maintenance to be enhanced,The Star,https://www.youtube.com/watch?v=MpBToZaCuWE,2026-05-28T08:54:43Z,transport_public_services,Good luck to RTS,5563304be749c4836771,2026-05-30T01:34:39Z,2026-05-30T01:34:39Z,0,0,True,True,none,,2026-06-17T15:11:46.538198+00:00,raw,,Good luck to RTS,good luck to rts,4,16,0,False,True,0,0,0,EN,en,0,1,,False,False,accepted,positive,0.009009282104671,0.0765301212668418,0.9144606590270996,0.9144606590270996,0.8379305377602577,high,low,,positive,reviewed,Added from reviewed positive supplement,positive,cardiffnlp/twitter-xlm-roberta-base-sentiment-multilingual,automatic_prelabel,,False,8,2026-06-18 20:33:38,human_manual_review_positive_supplement,available,,positive_shortage_after_manual_review,positive,True,final_youtube_sentiment_825_balanced,2026-06-18 20:43:24,739,Good luck to RTS,Good luck to RTS,kept_original_english,none,positive,keep,current label is acceptable or ambiguous
YT_UgwuzRed13QGdPsrnI14AaABAg,YouTube,top_level_comment,UgwuzRed13QGdPsrnI14AaABAg,UgwuzRed13QGdPsrnI14AaABAg,3Pk956RGn7o,10 MENU SCAM PALING PELIK DI BAZAR RAMADAN,Faktaw Channel,https://www.youtube.com/watch?v=3Pk956RGn7o,2025-03-22T08:00:02Z,festivals_national_events,Perniaga yg menipu.... Rezeki yg dia dapat adalah HARAM dan tak BERKAT,4f8d3ca61c502d83c977,2025-11-19T20:51:00Z,2025-11-19T20:51:00Z,0,0,True,True,none,,2026-06-17T15:11:43.541707+00:00,raw,,Perniaga yg menipu.. Rezeki yg dia dapat adalah HARAM dan tak BERKAT,perniaga yg menipu rezeki yg dia dapat adalah haram dan tak berkat,12,68,0,False,True,0,0,0,BM,id,2,0,,False,False,accepted,negative,0.9484050869941713,0.0230496115982532,0.0285453256219625,0.9484050869941713,0.9198597613722086,high,low,,negative,reviewed,,negative,cardiffnlp/twitter-xlm-roberta-base-sentiment-multilingual,automatic_prelabel,positive | neutral | negative | uncertain,True,683,2026-06-18 19:20:44,human_manual_review,,,,,True,final_youtube_sentiment_825_balanced,2026-06-18 20:43:24,401,Perniaga yg menipu.. Rezeki yg dia dapat adalah HARAM dan tak BERKAT,Deceptive business.. The sustenance he gets is HARAM and not BLESSED,translated,google_translate_auto_to_en,negative,keep,current label is acceptable or ambiguous
YT_UgwGa02dpQ6HnocTMjF4AaABAg,YouTube,top_level_comment,UgwGa02dpQ6HnocTMjF4AaABAg,UgwGa02dpQ6HnocTMjF4AaABAg,Yu37CmWLvK0,SATU MALAYSIA KENA SCAM MAKANAN DI BAZAR RAMADAN‼️ LELAKI SOUND PENIAGA BAZAAR,NuR MuHD,https://www.youtube.com/watch?v=Yu37CmWLvK0,2026-02-22T17:36:49Z,festivals_national_events,Menjawab lah peniaga2 yg bermasalah ni di dpn Allah Swt nanti,276719c5e223e22554be,2026-03-09T06:37:56Z,2026-03-09T06:37:56Z,0,0,True,True,none,,2026-06-17T15:11:44.742355+00:00,raw,,Menjawab lah peniaga2 yg bermasalah ni di dpn Allah Swt nanti,menjawab lah peniaga2 yg bermasalah ni di dpn allah swt nanti,11,61,0,False,True,0,0,0,BM,id,1,0,,False,False,accepted,positive,0.19873608648777,0.3855779469013214,0.4156858921051025,0.4156858921051025,0.0301079452037811,low,high,low_confidence | small_probability_margin,positive,reviewed,Added from reviewed positive supplement,positive,cardiffnlp/twitter-xlm-roberta-base-sentiment-multilingual,automatic_prelabel,,False,102,2026-06-18 20:33:38,human_manual_review_positive_supplement,available,,positive_shortage_after_manual_review,positive,True,final_youtube_sentiment_825_balanced,2026-06-18 20:43:24,596,Menjawab lah peniaga2 yg bermasalah ni di dpn Allah Swt nanti,Answer the traders who have problems in front of Allah swt later,translated,google_translate_auto_to_en,negative,relabel,negative cues outweigh positive label after translation
YT_Ugw6rUYSuEJQfxSKbZ94AaABAg,YouTube,top_level_comment,Ugw6rUYSuEJQfxSKbZ94AaABAg,Ugw6rUYSuEJQfxSKbZ94AaABAg,dDRZ6AZbcfw,Malaysian Hawker Fights To Keep His Noodles Affordable As Food Prices Rise | Money Mind | Inflation,CNA Insider,https://www.youtube.com/watch?v=dDRZ6AZbcfw,2025-11-25T14:01:10Z,cost_of_living_public_policy,CNA couldn't find other hawkers to speak to? Poor reporting as always!,db0f87f980d2ef504ba7,2025-11-28T00:40:37Z,2025-11-28T00:40:37Z,0,0,True,True,none,,2026-06-17T15:11:42.418320+00:00,raw,,CNA couldn't find other hawkers to speak to? Poor reporting as always!,cna couldn t find other hawkers to speak to poor reporting as always,12,70,0,False,True,0,0,0,EN,en,0,0,,False,False,accepted,negative,0.9667387008666992,0.0207135807722806,0.0125477472320199,0.9667387008666992,0.9460251200944184,high,low,,neutral,reviewed,,neutral,cardiffnlp/twitter-xlm-roberta-base-sentiment-multilingual,automatic_prelabel,positive | neutral | negative | uncertain,True,749,2026-06-18 20:09:27,human_manual_review,,,,,True,final_youtube_sentiment_825_balanced,2026-06-18 20:43:24,779,CNA couldn't find other hawkers to speak to? Poor reporting as always!,CNA couldn't find other hawkers to speak to? Poor reporting as always!,kept_original_english,none,neutral,keep,current label is acceptable or ambiguous
YT_UgwVT0d_-AKhCrQzZEx4AaABAg,YouTube,top_level_comment,UgwVT0d_-AKhCrQzZEx4AaABAg,UgwVT0d_-AKhCrQzZEx4AaABAg,UGAL8690ngc,"Bantuan Asas Rahmah diteruskan: RM100 untuk  dewasa, RM500 untuk penerima miskin tegar - Anwar",KiniTV,https://www.youtube.com/watch?v=UGAL8690ngc,2026-01-05T06:06:45Z,cost_of_living_public_policy,"Sir, can retired senior citizen request for money instead of Sara? This enable them to pay their utility bills. Tq",df41351f6a00a6de6ca2,2026-01-10T07:28:06Z,2026-01-10T07:28:06Z,1,0,True,True,none,,2026-06-17T15:11:40.405538+00:00,raw,,"Sir, can retired senior citizen request for money instead of Sara? This enable them to pay their utility bills. Tq",sir can retired senior citizen request for money instead of sara this enable them to pay their utility bills tq,20,114,0,False,True,0,0,0,EN,en,0,1,,False,False,accepted,neutral,0.0881246253848075,0.6673259735107422,0.244549348950386,0.6673259735107422,0.4227766245603561,medium,medium,medium_confidence | neutral_prediction,neutral,reviewed,,neutral,cardiffnlp/twitter-xlm-roberta-base-sentiment-multilingual,automatic_prelabel,positive | neutral | negative | uncertain,True,369,2026-06-18 18:28:35,human_manual_review,,,,,True,final_youtube_sentiment_825_balanced,2026-06-18 20:43:24,453,"Sir, can retired senior citizen request for money instead of Sara? This enable them to pay their utility bills. Tq","Sir, can retired senior citizen request for money instead of Sara? This enable them to pay their utility bills. Tq",kept_original_english,none,neutral,keep,current label is acceptable
YT_UgxbFUMymgeIbElJ9zV4AaABAg,YouTube,top_level_comment,UgxbFUMymgeIbElJ9zV4AaABAg,UgxbFUMymgeIbElJ9zV4AaABAg,J5SEcQAe1AM,Why Malaysia Forces You to Own a Car,UrbanShiftMY,https://www.youtube.com/watch?v=J5SEcQAe1AM,2026-05-11T05:16:17Z,transport_public_services,"I don't think there's a need to actively encourage every single car-use penalty. Just 3 will do: 1) Remove street parking on streets as well as surface parking around buildings. Build multi-storey or underground carparks and charge heftily for the maintenance of these parking facilities. 2) Remove road lanes and allocate them to properly-wide cycling lanes and bus- and tram-only lanes. 3) Re-program traffic lights to prioritise the smooth flow of public transport and pedestrians ala Amsterdam. These 3 alone will induce demand towards public transport and non-ICE private transport, while significantly discouraging car use.",bcd651784f5f54f5a910,2026-05-13T13:06:51Z,2026-05-13T13:07:24Z,0,0,True,True,none,,2026-06-17T15:11:48.080950+00:00,raw,,"I don't think there's a need to actively encourage every single car-use penalty. Just 3 will do: 1) Remove street parking on streets as well as surface parking around buildings. Build multi-storey or underground carparks and charge heftily for the maintenance of these parking facilities. 2) Remove road lanes and allocate them to properly-wide cycling lanes and bus- and tram-only lanes. 3) Re-program traffic lights to prioritise the smooth flow of public transport and pedestrians ala Amsterdam. These 3 alone will induce demand towards public transport and non-ICE private transport, while significantly discouraging car use.",i don t think there s a need to actively encourage every single car use penalty just 3 will do 1 remove street parking on streets as well as surface parking around buildings build multi storey or underground carparks and charge heftily for the maintenance of these parking facilities 2 remove road lanes and allocate them to properly wide cycling lanes and bus and tram only lanes 3 re program traffic lights to prioritise the smooth flow of public transport and pedestrians ala amsterdam these 3 alone will induce demand towards public transport and non ice private transport while significantly discouraging car use,95,629,0,False,True,0,0,0,EN,en,0,5,,False,False,accepted,neutral,0.1624424755573272,0.6277934908866882,0.2097640931606292,0.6277934908866882,0.4180293977260589,medium,medium,medium_confidence | neutral_prediction,positive,reviewed,,positive,cardiffnlp/twitter-xlm-roberta-base-sentiment-multilingual,automatic_prelabel,positive | neutral | negative | uncertain,True,356,2026-06-18 18:25:02,human_manual_review,,,,,True,final_youtube_sentiment_825_balanced,2026-06-18 20:43:24,603,"I don't think there's a need to actively encourage every single car-use penalty. Just 3 will do: 1) Remove street parking on streets as well as surface parking around buildings. Build multi-storey or underground carparks and charge heftily for the maintenance of these parking facilities. 2) Remove road lanes and allocate them to properly-wide cycling lanes and bus- and tram-only lanes. 3) Re-program traffic lights to prioritise the smooth flow of public transport and pedestrians ala Amsterdam. These 3 alone will induce demand towards public transport and non-ICE private transport, while significantly discouraging car use.","I don't think there's a need to actively encourage every single car-use penalty. Just 3 will do: 1) Remove street parking on streets as well as surface parking around buildings. Build multi-storey or underground carparks and charge heftily for the maintenance of these parking facilities. 2) Remove road lanes and allocate them to properly-wide cycling lanes and bus- and tram-only lanes. 3) Re-program traffic lights to prioritise the smooth flow of public transport and pedestrians ala Amsterdam. These 3 alone will induce demand towards public transport and non-ICE private transport, while significantly discouraging car use.",kept_original_english,none,negative,relabel,negative cues outweigh positive label after translation
YT_UgyUUmD83fO6u3Syfrd4AaABAg,YouTube,top_level_comment,UgyUUmD83fO6u3Syfrd4AaABAg,UgyUUmD83fO6u3Syfrd4AaABAg,hXMCJ90cK7M,Car vs Public Transport in Malaysia. Who Wins?,Mr Money TV,https://www.youtube.com/watch?v=hXMCJ90cK7M,2025-05-23T12:42:56Z,transport_public_services,"living in PJ, working in PJ. Married and have one daughter without a car or motorcycle. Second child in Sept. It is doable",13e0ba69a51c9127aa4f,2025-05-24T02:37:38Z,2025-05-24T02:37:38Z,53,6,True,True,none,,2026-06-17T15:11:46.927619+00:00,raw,,"living in PJ, working in PJ. Married and have one daughter without a car or motorcycle. Second child in Sept. It is doable",living in pj working in pj married and have one daughter without a car or motorcycle second child in sept it is doable,23,122,0,False,True,0,0,0,EN,en,0,2,,False,False,accepted,positive,0.0041152564808726,0.3368635475635528,0.6590211987495422,0.6590211987495422,0.3221576511859894,medium,medium,medium_confidence,neutral,reviewed,Moved from positive supplement to neutral after manual review,neutral,cardiffnlp/twitter-xlm-roberta-base-sentiment-multilingual,automatic_prelabel,,False,54,2026-06-18 20:30:19,human_manual_review_positive_supplement,available,,positive_shortage_after_manual_review,neutral_after_manual_review,True,final_youtube_sentiment_825_balanced,2026-06-18 20:43:24,230,"living in PJ, working in PJ. Married and have one daughter without a car or motorcycle. Second child in Sept. It is doable","living in PJ, working in PJ. Married and have one daughter without a car or motorcycle. Second child in Sept. It is doable",kept_original_english,none,neutral,keep,current label is acceptable
YT_UgyinSYeMX452Pk2NMl4AaABAg,YouTube,top_level_comment,UgyinSYeMX452Pk2NMl4AaABAg,UgyinSYeMX452Pk2NMl4AaABAg,J5SEcQAe1AM,Why Malaysia Forces You to Own a Car,UrbanShiftMY,https://www.youtube.com/watch?v=J5SEcQAe1AM,2026-05-11T05:16:17Z,transport_public_services,Because government earn a lot from excise duty,75385ca4f494c998d01d,2026-05-17T04:52:20Z,2026-05-17T04:52:20Z,0,0,True,True,none,,2026-06-17T15:11:48.079199+00:00,raw,,Because government earn a lot from excise duty,because government earn a lot from excise duty,8,46,0,False,True,0,0,0,EN,en,0,2,,False,False,accepted,neutral,0.1062798127532005,0.4972180128097534,0.396502137184143,0.4972180128097534,0.1007158756256103,low,high,low_confidence | small_probability_margin | neutral_prediction,neutral,reviewed,,neutral,cardiffnlp/twitter-xlm-roberta-base-sentiment-multilingual,automatic_prelabel,positive | neutral | negative | uncertain,True,143,2026-06-18 15:52:23,human_manual_review,,,,,True,final_youtube_sentiment_825_balanced,2026-06-18 20:43:24,45,Because government earn a lot from excise duty,Because government earn a lot from excise duty,kept_original_english,none,neutral,keep,current label is acceptable
YT_UgxE2gRf2VR2KZ8xYLV4AaABAg,YouTube,top_level_comment,UgxE2gRf2VR2KZ8xYLV4AaABAg,UgxE2gRf2VR2KZ8xYLV4AaABAg,oULUeT07fa0,JPJ MALAYSIA? ADA APA APA JAWAPAN KE? SITA KENDERAAN ORANG SAMPAI BERBULAN BULAN? TERIMA KASIH SINGH,Bossrul Channel,https://www.youtube.com/watch?v=oULUeT07fa0,2025-07-01T02:14:17Z,transport_public_services,Sesuai nama JPJ ... Jabatan Paling Jahat,db60fcf7d8c862a0a5b7,2025-07-11T04:57:37Z,2025-07-11T04:57:37Z,0,0,True,True,none,,2026-06-17T15:11:48.876635+00:00,raw,,Sesuai nama JPJ .. Jabatan Paling Jahat,sesuai nama jpj jabatan paling jahat,6,39,0,False,True,0,0,0,BM,id,0,0,,False,False,accepted,negative,0.944049835205078,0.0237812716513872,0.032168909907341,0.944049835205078,0.9118809252977372,high,low,,negative,reviewed,,negative,cardiffnlp/twitter-xlm-roberta-base-sentiment-multilingual,automatic_prelabel,positive | neutral | negative | uncertain,True,667,2026-06-18 19:18:20,human_manual_review,,,,,True,final_youtube_sentiment_825_balanced,2026-06-18 20:43:24,77,Sesuai nama JPJ .. Jabatan Paling Jahat,True to the name JPJ .. The Worst Department,translated,google_translate_auto_to_en,negative,keep,current label is acceptable or ambiguous
YT_Ugwo_L1rYuGK7Btmf4F4AaABAg,YouTube,top_level_comment,Ugwo_L1rYuGK7Btmf4F4AaABAg,Ugwo_L1rYuGK7Btmf4F4AaABAg,zCSY4bGWUXc,"Suara Rakyat: Nilai semula subsidi petrol golongan kaya, apa kata orang miskin?",Astro AWANI,https://www.youtube.com/watch?v=zCSY4bGWUXc,2026-05-11T12:14:22Z,cost_of_living_public_policy,"T20 ke, M40 ke, B40 ke, semua rakyat juga. Sebelum nak cekik rakyat lagi, baik mansuhkan pencen MP ADUN, kurangkan elaun2 dorang, jangan guna polis iringan dan wajibkan wakil rakyat guna pengangkutan awam sekurang-kurangnya sekali seminggu",8c7fdf5b3eb61df74592,2026-05-11T16:18:38Z,2026-05-11T16:18:38Z,7,0,True,True,none,,2026-06-17T15:11:37.970933+00:00,raw,,"T20 ke, M40 ke, B40 ke, semua rakyat juga. Sebelum nak cekik rakyat lagi, baik mansuhkan pencen MP ADUN, kurangkan elaun2 dorang, jangan guna polis iringan dan wajibkan wakil rakyat guna pengangkutan awam sekurang-kurangnya sekali seminggu",t20 ke m40 ke b40 ke semua rakyat juga sebelum nak cekik rakyat lagi baik mansuhkan pencen mp adun kurangkan elaun2 dorang jangan guna polis iringan dan wajibkan wakil rakyat guna pengangkutan awam sekurang kurangnya sekali seminggu,36,239,0,False,True,0,0,0,BM,id,5,0,,False,False,accepted,negative,0.9508989453315736,0.0245071593672037,0.0245939120650291,0.9508989453315736,0.9263050332665445,high,low,,negative,reviewed,,negative,cardiffnlp/twitter-xlm-roberta-base-sentiment-multilingual,automatic_prelabel,positive | neutral | negative | uncertain,True,688,2026-06-18 19:21:40,human_manual_review,,,,,True,final_youtube_sentiment_825_balanced,2026-06-18 20:43:24,58,"T20 ke, M40 ke, B40 ke, semua rakyat juga. Sebelum nak cekik rakyat lagi, baik mansuhkan pencen MP ADUN, kurangkan elaun2 dorang, jangan guna polis iringan dan wajibkan wakil rakyat guna pengangkutan awam sekurang-kurangnya sekali seminggu","T20th, M40th, B40th, all the people too. Before you want to strangle the people again, better abolish the pension of MPs and councilors, reduce their allowances, don't use police escorts and make it mandatory for elected representatives to use public transport at least once a week",translated,google_translate_auto_to_en,negative,keep,current label is acceptable or ambiguous
YT_Ugy28aMRPdn3q5T6fs14AaABAg,YouTube,top_level_comment,Ugy28aMRPdn3q5T6fs14AaABAg,Ugy28aMRPdn3q5T6fs14AaABAg,pByBSEMjiyo,MENJELANG AIDILFITRI | PM Umum Cuti Tambahan Sehari Sambut Hari Raya Aidilfitri,Buletin TV3,https://www.youtube.com/watch?v=pByBSEMjiyo,2026-03-15T05:40:33Z,festivals_national_events,Terima kasih YAB Perdana Menteri 🥰,86a64e95a586a649701d,2026-03-15T07:12:26Z,2026-03-15T07:12:26Z,2,0,True,True,none,,2026-06-17T15:11:43.139001+00:00,raw,,Terima kasih YAB Perdana Menteri 🥰,terima kasih yab perdana menteri,5,34,1,False,True,0,0,0,BM,id,0,0,,False,False,accepted,positive,0.008291239850223,0.01117102522403,0.9805377125740052,0.9805377125740052,0.9693666873499752,high,low,,positive,reviewed,,positive,cardiffnlp/twitter-xlm-roberta-base-sentiment-multilingual,automatic_prelabel,positive | neutral | negative | uncertain,True,811,2026-06-18 19:52:16,human_manual_review,,,,,True,final_youtube_sentiment_825_balanced,2026-06-18 20:43:24,386,Terima kasih YAB Perdana Menteri 🥰,"Thank you, Prime Minister",translated,google_translate_auto_to_en,positive,keep,current label is acceptable or ambiguous
YT_Ugzmqzgn-UYjcq0ODPB4AaABAg,YouTube,top_level_comment,Ugzmqzgn-UYjcq0ODPB4AaABAg,Ugzmqzgn-UYjcq0ODPB4AaABAg,0zi0v_kJ7BE,"Belanjawan 2026: Bantuan tunai STR dikurang RM300, Sara naik",KiniTV,https://www.youtube.com/watch?v=0zi0v_kJ7BE,2025-10-13T05:24:51Z,cost_of_living_public_policy,bodo..Sembang billiom2 0:45 pelabur pastu buang str bujang.,6bf49e17d200d111d41a,2025-10-14T08:24:06Z,2025-10-14T08:24:06Z,0,0,True,True,none,,2026-06-17T15:11:41.176821+00:00,raw,,bodo..Sembang billiom2 0:45 pelabur pastu buang str bujang.,bodo sembang billiom2 0 45 pelabur pastu buang str bujang,10,59,0,False,True,0,0,0,BM,id,0,0,,False,False,accepted,negative,0.9410902261734008,0.0335842333734035,0.0253255534917116,0.9410902261734008,0.9075059927999972,high,low,,negative,reviewed,,negative,cardiffnlp/twitter-xlm-roberta-base-sentiment-multilingual,automatic_prelabel,positive | neutral | negative | uncertain,True,657,2026-06-18 19:16:50,human_manual_review,,,,,True,final_youtube_sentiment_825_balanced,2026-06-18 20:43:24,75,bodo..Sembang billiom2 0:45 pelabur pastu buang str bujang.,stupid.. Billiom2 chat 0:45 investors should throw away single str.,translated,google_translate_auto_to_en,negative,keep,current label is acceptable or ambiguous
YT_Ugyp_x4Y6xMxtOJunEh4AaABAg,YouTube,top_level_comment,Ugyp_x4Y6xMxtOJunEh4AaABAg,Ugyp_x4Y6xMxtOJunEh4AaABAg,UGAL8690ngc,"Bantuan Asas Rahmah diteruskan: RM100 untuk  dewasa, RM500 untuk penerima miskin tegar - Anwar",KiniTV,https://www.youtube.com/watch?v=UGAL8690ngc,2026-01-05T06:06:45Z,cost_of_living_public_policy,Boleh ckf tanya sara bujang is rm150 or rm200 dan bujang have strkah tidak kahwin tapi ibubapa sudah mati,9184e6dc6a367d393b2b,2026-01-07T02:58:45Z,2026-01-07T02:58:45Z,0,0,True,True,none,,2026-06-17T15:11:40.405969+00:00,raw,,Boleh ckf tanya sara bujang is rm150 or rm200 dan bujang have strkah tidak kahwin tapi ibubapa sudah mati,boleh ckf tanya sara bujang is rm150 or rm200 dan bujang have strkah tidak kahwin tapi ibubapa sudah mati,19,105,0,False,True,0,0,0,MIXED,id,4,1,,False,False,accepted,neutral,0.411255419254303,0.5350192785263062,0.0537253282964229,0.5350192785263062,0.1237638592720031,low,high,low_confidence | small_probability_margin | neutral_prediction | mixed_language,neutral,reviewed,,neutral,cardiffnlp/twitter-xlm-roberta-base-sentiment-multilingual,automatic_prelabel,positive | neutral | negative | uncertain,True,219,2026-06-18 16:07:44,human_manual_review,,,,,True,final_youtube_sentiment_825_balanced,2026-06-18 20:43:24,169,Boleh ckf tanya sara bujang is rm150 or rm200 dan bujang have strkah tidak kahwin tapi ibubapa sudah mati,Can I ask if the single support is rm150 or rm200 and the single is unmarried but the parents are dead,translated,google_translate_auto_to_en,neutral,keep,current label is acceptable or ambiguous
YT_UgwS3NDfY_BjMQvni9d4AaABAg,YouTube,top_level_comment,UgwS3NDfY_BjMQvni9d4AaABAg,UgwS3NDfY_BjMQvni9d4AaABAg,hXMCJ90cK7M,Car vs Public Transport in Malaysia. Who Wins?,Mr Money TV,https://www.youtube.com/watch?v=hXMCJ90cK7M,2025-05-23T12:42:56Z,transport_public_services,this kind of video is fun to watch~,e152957e16ffb089e360,2025-05-28T04:23:59Z,2025-05-28T04:23:59Z,0,0,True,True,none,,2026-06-17T15:11:46.925129+00:00,raw,,this kind of video is fun to watch~,this kind of video is fun to watch,8,35,0,False,True,0,0,0,EN,en,0,2,,False,False,accepted,positive,0.0096330977976322,0.016970744356513,0.9733961224555968,0.9733961224555968,0.956425378099084,high,low,,positive,reviewed,,positive,cardiffnlp/twitter-xlm-roberta-base-sentiment-multilingual,automatic_prelabel,positive | neutral | negative | uncertain,True,770,2026-06-18 19:57:26,human_manual_review,,,,,True,final_youtube_sentiment_825_balanced,2026-06-18 20:43:24,545,this kind of video is fun to watch~,this kind of video is fun to watch~,kept_original_english,none,positive,keep,current label is acceptable or ambiguous
YT_UgxFqamrSVW8sqUFvSF4AaABAg,YouTube,top_level_comment,UgxFqamrSVW8sqUFvSF4AaABAg,UgxFqamrSVW8sqUFvSF4AaABAg,MpBToZaCuWE,LRT derailment: Commuters want track and train maintenance to be enhanced,The Star,https://www.youtube.com/watch?v=MpBToZaCuWE,2026-05-28T08:54:43Z,transport_public_services,"All this activities are sabotage of Malaysia economy, fuel cost expensive, peoples have take buses, same stupid activities geng Geng PAS performed Motor convoy to waste government subsidi",83bb220b0804ab54536d,2026-05-28T13:29:19Z,2026-05-28T13:29:19Z,0,0,True,True,none,,2026-06-17T15:11:46.538602+00:00,raw,,"All this activities are sabotage of Malaysia economy, fuel cost expensive, peoples have take buses, same stupid activities geng Geng PAS performed Motor convoy to waste government subsidi",all this activities are sabotage of malaysia economy fuel cost expensive peoples have take buses same stupid activities geng geng pas performed motor convoy to waste government subsidi,28,187,0,False,True,0,0,0,MIXED,en,2,4,,False,False,accepted,negative,0.9646618962287904,0.0192875675857067,0.0160505715757608,0.9646618962287904,0.9453743286430836,high,medium,mixed_language,negative,reviewed,,negative,cardiffnlp/twitter-xlm-roberta-base-sentiment-multilingual,automatic_prelabel,positive | neutral | negative | uncertain,True,593,2026-06-18 19:06:02,human_manual_review,,,,,True,final_youtube_sentiment_825_balanced,2026-06-18 20:43:24,308,"All this activities are sabotage of Malaysia economy, fuel cost expensive, peoples have take buses, same stupid activities geng Geng PAS performed Motor convoy to waste government subsidi","All this activities are sabotage of Malaysia economy, fuel cost expensive, peoples have take buses, same stupid activities geng Geng PAS performed Motor convoy to waste government subsidi",kept_original_english,none,negative,keep,current label is acceptable or ambiguous
YT_UgxN9gc-oJUGoLZfD2h4AaABAg,YouTube,top_level_comment,UgxN9gc-oJUGoLZfD2h4AaABAg,UgxN9gc-oJUGoLZfD2h4AaABAg,oULUeT07fa0,JPJ MALAYSIA? ADA APA APA JAWAPAN KE? SITA KENDERAAN ORANG SAMPAI BERBULAN BULAN? TERIMA KASIH SINGH,Bossrul Channel,https://www.youtube.com/watch?v=oULUeT07fa0,2025-07-01T02:14:17Z,transport_public_services,Sistem lapuk xberguna... Org pulak xdeh tanggungjawab😂😂😂,d1d7636a25f064679c37,2025-07-03T22:20:31Z,2025-07-03T22:20:31Z,6,0,True,True,none,,2026-06-17T15:11:49.222372+00:00,raw,,Sistem lapuk xberguna.. Org pulak xdeh tanggungjawab😂😂😂,sistem lapuk xberguna org pulak xdeh tanggungjawab,7,55,3,False,True,0,0,0,BM,id,0,0,,False,False,accepted,negative,0.7889030575752258,0.1254822909832,0.085614688694477,0.7889030575752258,0.6634207665920258,medium,medium,medium_confidence,negative,reviewed,,negative,cardiffnlp/twitter-xlm-roberta-base-sentiment-multilingual,automatic_prelabel,positive | neutral | negative | uncertain,True,516,2026-06-18 18:54:58,human_manual_review,,,,,True,final_youtube_sentiment_825_balanced,2026-06-18 20:43:24,334,Sistem lapuk xberguna.. Org pulak xdeh tanggungjawab😂😂😂,Outdated system is useless.. Org is not responsible😂😂😂,translated,google_translate_auto_to_en,negative,keep,current label is acceptable or ambiguous
YT_UgyE8NQNr-Adbe199GN4AaABAg,YouTube,top_level_comment,UgyE8NQNr-Adbe199GN4AaABAg,UgyE8NQNr-Adbe199GN4AaABAg,UGAL8690ngc,"Bantuan Asas Rahmah diteruskan: RM100 untuk  dewasa, RM500 untuk penerima miskin tegar - Anwar",KiniTV,https://www.youtube.com/watch?v=UGAL8690ngc,2026-01-05T06:06:45Z,cost_of_living_public_policy,Alhamdulillah syukur biarpun sedikit .kita bersyukur yg sedikit nnti Allah tambah.. Allah yg mengetahui apa yg Allah tambah.janji.kita bersyukur apa yg ada,3ce0b3e18773015617dd,2026-01-06T00:19:00Z,2026-01-06T00:19:00Z,3,0,True,True,none,,2026-06-17T15:11:40.741839+00:00,raw,,Alhamdulillah syukur biarpun sedikit .kita bersyukur yg sedikit nnti Allah tambah.. Allah yg mengetahui apa yg Allah tambah.janji.kita bersyukur apa yg ada,alhamdulillah syukur biarpun sedikit kita bersyukur yg sedikit nnti allah tambah allah yg mengetahui apa yg allah tambah janji kita bersyukur apa yg ada,24,155,0,False,True,0,0,0,BM,id,1,0,,False,False,accepted,positive,0.0775549113750457,0.1216765865683555,0.8007684946060181,0.8007684946060181,0.6790919080376625,high,low,,positive,reviewed,Added from reviewed positive supplement,positive,cardiffnlp/twitter-xlm-roberta-base-sentiment-multilingual,automatic_prelabel,,False,43,2026-06-18 20:33:38,human_manual_review_positive_supplement,available,,positive_shortage_after_manual_review,positive,True,final_youtube_sentiment_825_balanced,2026-06-18 20:43:24,722,Alhamdulillah syukur biarpun sedikit .kita bersyukur yg sedikit nnti Allah tambah.. Allah yg mengetahui apa yg Allah tambah.janji.kita bersyukur apa yg ada,"Alhamdulillah, thank you even if it's a little. We are grateful for the little. God will add more.. God knows what God adds. Promise. We are grateful for what we have.",translated,google_translate_auto_to_en,positive,keep,current label is acceptable or ambiguous
YT_UgzVxFrZV1shfCKJz2F4AaABAg,YouTube,top_level_comment,UgzVxFrZV1shfCKJz2F4AaABAg,UgzVxFrZV1shfCKJz2F4AaABAg,3Pk956RGn7o,10 MENU SCAM PALING PELIK DI BAZAR RAMADAN,Faktaw Channel,https://www.youtube.com/watch?v=3Pk956RGn7o,2025-03-22T08:00:02Z,festivals_national_events,We need this as annual reminder for Malaysian,d922329ea3813966a70f,2025-12-30T11:44:18Z,2025-12-30T11:44:18Z,0,0,True,True,none,,2026-06-17T15:11:43.541508+00:00,raw,,We need this as annual reminder for Malaysian,we need this as annual reminder for malaysian,8,45,0,False,True,0,0,0,MIXED,en,1,2,,False,False,accepted,neutral,0.1460870951414108,0.4685181677341461,0.3853946924209595,0.4685181677341461,0.0831234753131866,low,high,low_confidence | small_probability_margin | neutral_prediction | mixed_language,positive,reviewed,,positive,cardiffnlp/twitter-xlm-roberta-base-sentiment-multilingual,automatic_prelabel,positive | neutral | negative | uncertain,True,108,2026-06-18 15:46:14,human_manual_review,,,,,True,final_youtube_sentiment_825_balanced,2026-06-18 20:43:24,619,We need this as annual reminder for Malaysian,We need this as annual reminder for Malaysian,kept_original_english,none,neutral,relabel,translated English appears informational/unclear rather than explicit sentiment
YT_UgzeRBjdlIik3Qd1LRF4AaABAg,YouTube,top_level_comment,UgzeRBjdlIik3Qd1LRF4AaABAg,UgzeRBjdlIik3Qd1LRF4AaABAg,lWY3O9pFexo,KOS SARA HIDUP | PM Umum Butiran Penghargaan Untuk Rakyat Esok (BU),Buletin TV3,https://www.youtube.com/watch?v=lWY3O9pFexo,2025-07-22T12:11:44Z,cost_of_living_public_policy,Umum Letak jawatan itu berita paling baik.,3085ba2befd120df653a,2025-07-22T14:33:43Z,2025-07-22T14:34:07Z,69,17,True,True,none,,2026-06-17T15:11:38.667038+00:00,raw,,Umum Letak jawatan itu berita paling baik.,umum letak jawatan itu berita paling baik,7,42,0,False,True,0,0,0,BM,id,1,0,,False,False,accepted,positive,0.0297374185174703,0.029519684612751,0.94074285030365,0.94074285030365,0.9110054317861797,high,low,,positive,reviewed,,positive,cardiffnlp/twitter-xlm-roberta-base-sentiment-multilingual,automatic_prelabel,positive | neutral | negative | uncertain,True,654,2026-06-18 19:16:16,human_manual_review,,,,,True,final_youtube_sentiment_825_balanced,2026-06-18 20:43:24,395,Umum Letak jawatan itu berita paling baik.,General Resignation is the best news.,translated,google_translate_auto_to_en,positive,keep,current label is acceptable or ambiguous
YT_UgwPu6xuDqlDNabxiLB4AaABAg,YouTube,top_level_comment,UgwPu6xuDqlDNabxiLB4AaABAg,UgwPu6xuDqlDNabxiLB4AaABAg,J5SEcQAe1AM,Why Malaysia Forces You to Own a Car,UrbanShiftMY,https://www.youtube.com/watch?v=J5SEcQAe1AM,2026-05-11T05:16:17Z,transport_public_services,"I personally love cars, but having a car centric city is a no go at all. I felt happier walking around in an european city vs what we have in Malaysia, plus I love buses. Having great urbanism helps to free up the roads form congestion and giving space for people who do, and want to drive. Thats something many car lovers dont get when we talk about urbanism The ""last mile"" for me is the biggest issue with living near KL having no way to get to my nearest MRT other than driving Though for 9:33 , if it does happen, I hope it won't become a system that forces you to lose your precious car (ahemm singapore with their 10k SGD payment per 10 years), but instead just provide an easier way for people to get in touch with buisnesses that take and sell parts off old cars, as many just abandon their cars after failing to find buyers leading to eyesores in many old flat areas",73a716b0db7b882f12d2,2026-05-12T22:20:21Z,2026-05-12T22:20:21Z,3,0,True,True,none,,2026-06-17T15:11:48.489312+00:00,raw,,"I personally love cars, but having a car centric city is a no go at all. I felt happier walking around in an european city vs what we have in Malaysia, plus I love buses. Having great urbanism helps to free up the roads form congestion and giving space for people who do, and want to drive. Thats something many car lovers dont get when we talk about urbanism The ""last mile"" for me is the biggest issue with living near KL having no way to get to my nearest MRT other than driving Though for 9:33 , if it does happen, I hope it won't become a system that forces you to lose your precious car (ahemm singapore with their 10k SGD payment per 10 years), but instead just provide an easier way for people to get in touch with buisnesses that take and sell parts off old cars, as many just abandon their cars after failing to find buyers leading to eyesores in many old flat areas",i personally love cars but having a car centric city is a no go at all i felt happier walking around in an european city vs what we have in malaysia plus i love buses having great urbanism helps to free up the roads form congestion and giving space for people who do and want to drive thats something many car lovers dont get when we talk about urbanism the last mile for me is the biggest issue with living near kl having no way to get to my nearest mrt other than driving though for 9 33 if it does happen i hope it won t become a system that forces you to lose your precious car ahemm singapore with their 10k sgd payment per 10 years but instead just provide an easier way for people to get in touch with buisnesses that take and sell parts off old cars as many just abandon their cars after failing to find buyers leading to eyesores in many old flat areas,169,876,0,False,True,0,0,0,MIXED,en,1,10,,False,False,accepted,positive,0.1498031020164489,0.18606998026371,0.6641268730163574,0.6641268730163574,0.4780568927526474,medium,medium,medium_confidence | mixed_language,positive,reviewed,,positive,cardiffnlp/twitter-xlm-roberta-base-sentiment-multilingual,automatic_prelabel,positive | neutral | negative | uncertain,True,366,2026-06-18 18:27:50,human_manual_review,,,,,True,final_youtube_sentiment_825_balanced,2026-06-18 20:43:24,503,"I personally love cars, but having a car centric city is a no go at all. I felt happier walking around in an european city vs what we have in Malaysia, plus I love buses. Having great urbanism helps to free up the roads form congestion and giving space for people who do, and want to drive. Thats something many car lovers dont get when we talk about urbanism The ""last mile"" for me is the biggest issue with living near KL having no way to get to my nearest MRT other than driving Though for 9:33 , if it does happen, I hope it won't become a system that forces you to lose your precious car (ahemm singapore with their 10k SGD payment per 10 years), but instead just provide an easier way for people to get in touch with buisnesses that take and sell parts off old cars, as many just abandon their cars after failing to find buyers leading to eyesores in many old flat areas","I personally love cars, but having a car centric city is a no go at all. I felt happier walking around in an european city vs what we have in Malaysia, plus I love buses. Having great urbanism helps to free up the roads form congestion and giving space for people who do, and want to drive. Thats something many car lovers dont get when we talk about urbanism The ""last mile"" for me is the biggest issue with living near KL having no way to get to my nearest MRT other than driving Though for 9:33 , if it does happen, I hope it won't become a system that forces you to lose your precious car (ahemm singapore with their 10k SGD payment per 10 years), but instead just provide an easier way for people to get in touch with buisnesses that take and sell parts off old cars, as many just abandon their cars after failing to find buyers leading to eyesores in many old flat areas",kept_original_english,none,positive,keep,current label is acceptable or ambiguous
YT_UgzFuSVcQGpew9yC4hh4AaABAg,YouTube,top_level_comment,UgzFuSVcQGpew9yC4hh4AaABAg,UgzFuSVcQGpew9yC4hh4AaABAg,hc8RMN2hnnQ,[LANGSUNG] Pengumuman Hari Raya Aidilfitri 2026/1447H  | 19 Mac 2026,Astro AWANI,https://www.youtube.com/watch?v=hc8RMN2hnnQ,2026-03-19T12:16:11Z,festivals_national_events,Sy pilih sabtu jumaat kerja,863dd9ab6e611266e3da,2026-03-19T12:21:55Z,2026-03-19T12:21:55Z,2,0,True,True,none,,2026-06-17T15:11:42.763826+00:00,raw,,Sy pilih sabtu jumaat kerja,sy pilih sabtu jumaat kerja,5,27,0,False,True,0,0,0,BM,id,0,0,,False,False,accepted,positive,0.1566001027822494,0.289835661649704,0.5535643100738525,0.5535643100738525,0.2637286484241485,low,high,low_confidence,neutral,reviewed,,neutral,cardiffnlp/twitter-xlm-roberta-base-sentiment-multilingual,automatic_prelabel,positive | neutral | negative | uncertain,True,257,2026-06-18 17:03:32,human_manual_review,,,,,True,final_youtube_sentiment_825_balanced,2026-06-18 20:43:24,147,Sy pilih sabtu jumaat kerja,Sy choose saturday friday work,translated,google_translate_auto_to_en,neutral,keep,current label is acceptable or ambiguous
YT_UgxyaZfmJFijfj516yx4AaABAg,YouTube,top_level_comment,UgxyaZfmJFijfj516yx4AaABAg,UgxyaZfmJFijfj516yx4AaABAg,dDRZ6AZbcfw,Malaysian Hawker Fights To Keep His Noodles Affordable As Food Prices Rise | Money Mind | Inflation,CNA Insider,https://www.youtube.com/watch?v=dDRZ6AZbcfw,2025-11-25T14:01:10Z,cost_of_living_public_policy,What eggs is he buying? There still plenty of egges around rm12 per tray in the supermarket ?,26e701a497f2f6b8ec5f,2025-11-26T10:57:43Z,2025-11-26T10:57:43Z,2,1,True,True,none,,2026-06-17T15:11:42.418581+00:00,raw,,What eggs is he buying? There still plenty of egges around rm12 per tray in the supermarket ?,what eggs is he buying there still plenty of egges around rm12 per tray in the supermarket,17,93,0,False,True,0,0,0,EN,en,0,2,,False,False,accepted,neutral,0.1269735842943191,0.8481289148330688,0.0248975288122892,0.8481289148330688,0.7211553305387497,high,medium,neutral_prediction,neutral,reviewed,,neutral,cardiffnlp/twitter-xlm-roberta-base-sentiment-multilingual,automatic_prelabel,positive | neutral | negative | uncertain,True,546,2026-06-18 19:00:36,human_manual_review,,,,,True,final_youtube_sentiment_825_balanced,2026-06-18 20:43:24,740,What eggs is he buying? There still plenty of egges around rm12 per tray in the supermarket ?,What eggs is he buying? There still plenty of egges around rm12 per tray in the supermarket ?,kept_original_english,none,neutral,keep,current label is acceptable
YT_UgyoNot5HFb2jzqb5454AaABAg,YouTube,top_level_comment,UgyoNot5HFb2jzqb5454AaABAg,UgyoNot5HFb2jzqb5454AaABAg,UGAL8690ngc,"Bantuan Asas Rahmah diteruskan: RM100 untuk  dewasa, RM500 untuk penerima miskin tegar - Anwar",KiniTV,https://www.youtube.com/watch?v=UGAL8690ngc,2026-01-05T06:06:45Z,cost_of_living_public_policy,Alhamdulillah ❤ Terima Kasih PMX 🎉🎉Madani Terbaik,6bdeb3a61e000ed49941,2026-01-05T11:53:03Z,2026-01-05T11:53:03Z,3,0,True,True,none,,2026-06-17T15:11:40.742084+00:00,raw,,Alhamdulillah ❤ Terima Kasih PMX 🎉🎉Madani Terbaik,alhamdulillah terima kasih pmx madani terbaik,6,49,3,False,True,0,0,0,BM,id,0,0,,False,False,accepted,positive,0.0198415610939264,0.0168387833982706,0.9633196592330932,0.9633196592330932,0.9434780981391668,high,low,,positive,reviewed,,positive,cardiffnlp/twitter-xlm-roberta-base-sentiment-multilingual,automatic_prelabel,positive | neutral | negative | uncertain,True,739,2026-06-18 19:27:24,human_manual_review,,,,,True,final_youtube_sentiment_825_balanced,2026-06-18 20:43:24,94,Alhamdulillah ❤ Terima Kasih PMX 🎉🎉Madani Terbaik,Alhamdulillah ❤ Thank you PMX 🎉🎉Best Madani,translated,google_translate_auto_to_en,positive,keep,current label is acceptable or ambiguous
YT_UgyJtl0QW_l061HDcyp4AaABAg,YouTube,top_level_comment,UgyJtl0QW_l061HDcyp4AaABAg,UgyJtl0QW_l061HDcyp4AaABAg,9tQzzOjBIdI,KOS SARA HIDUP | Kerajaan Bakal Umum Langkah Tangani Kos Sara Hidup,Buletin TV3,https://www.youtube.com/watch?v=9tQzzOjBIdI,2025-07-19T05:38:22Z,cost_of_living_public_policy,Letak jawatan lah..Rakyat dah hilang kepercayaan kamu tak pandai urus hal Rakyat.,5ec9254ac1a9ff218002,2025-07-19T07:19:03Z,2025-07-19T07:19:03Z,1,1,True,True,none,,2026-06-17T15:11:40.015761+00:00,raw,,Letak jawatan lah..Rakyat dah hilang kepercayaan kamu tak pandai urus hal Rakyat.,letak jawatan lah rakyat dah hilang kepercayaan kamu tak pandai urus hal rakyat,13,81,0,False,True,0,0,0,BM,id,4,0,,False,False,accepted,negative,0.9464787244796752,0.0258512776345014,0.0276700221002101,0.9464787244796752,0.9188087023794652,high,low,,negative,reviewed,,negative,cardiffnlp/twitter-xlm-roberta-base-sentiment-multilingual,automatic_prelabel,positive | neutral | negative | uncertain,True,678,2026-06-18 19:19:59,human_manual_review,,,,,True,final_youtube_sentiment_825_balanced,2026-06-18 20:43:24,362,Letak jawatan lah..Rakyat dah hilang kepercayaan kamu tak pandai urus hal Rakyat.,"Resign.. The people have lost their trust, you are not good at managing the affairs of the people.",translated,google_translate_auto_to_en,negative,keep,current label is acceptable or ambiguous
YT_UgztGa3tZrxzOeNwXdB4AaABAg,YouTube,top_level_comment,UgztGa3tZrxzOeNwXdB4AaABAg,UgztGa3tZrxzOeNwXdB4AaABAg,lWY3O9pFexo,KOS SARA HIDUP | PM Umum Butiran Penghargaan Untuk Rakyat Esok (BU),Buletin TV3,https://www.youtube.com/watch?v=lWY3O9pFexo,2025-07-22T12:11:44Z,cost_of_living_public_policy,Sembang gempak mmg champion sudagha ketimbang ni,7c65ac6351c0a87630ea,2025-07-22T16:10:23Z,2025-07-22T16:10:23Z,9,0,True,True,none,,2026-06-17T15:11:38.330914+00:00,raw,,Sembang gempak mmg champion sudagha ketimbang ni,sembang gempak mmg champion sudagha ketimbang ni,7,48,0,False,True,0,0,0,BM,id,0,0,,False,False,accepted,positive,0.2825503945350647,0.1906453073024749,0.5268042683601379,0.5268042683601379,0.2442538738250732,low,high,low_confidence,negative,reviewed,,negative,cardiffnlp/twitter-xlm-roberta-base-sentiment-multilingual,automatic_prelabel,positive | neutral | negative | uncertain,True,204,2026-06-18 16:04:43,human_manual_review,,,,,True,final_youtube_sentiment_825_balanced,2026-06-18 20:43:24,14,Sembang gempak mmg champion sudagha ketimbang ni,"A great chat, even a champion is better than this",translated,google_translate_auto_to_en,positive,relabel,positive/supportive cues outweigh negative label after translation
YT_UgytEwKqSBbd_V4ggE54AaABAg,YouTube,top_level_comment,UgytEwKqSBbd_V4ggE54AaABAg,UgytEwKqSBbd_V4ggE54AaABAg,hXMCJ90cK7M,Car vs Public Transport in Malaysia. Who Wins?,Mr Money TV,https://www.youtube.com/watch?v=hXMCJ90cK7M,2025-05-23T12:42:56Z,transport_public_services,it's still down to our personal preference. If you are single obviously public transport is the best choice. But imagine you have children gotta be sent to daycare/school etc then you have to drive a car,7879d7a79772f1acac95,2025-06-03T02:14:17Z,2025-06-03T02:14:17Z,0,0,True,True,none,,2026-06-17T15:11:46.924045+00:00,raw,,it's still down to our personal preference. If you are single obviously public transport is the best choice. But imagine you have children gotta be sent to daycare/school etc then you have to drive a car,it s still down to our personal preference if you are single obviously public transport is the best choice but imagine you have children gotta be sent to daycare school etc then you have to drive a car,37,203,0,False,True,0,0,0,MIXED,en,1,4,,False,False,accepted,neutral,0.4127322733402252,0.5317041873931885,0.0555635057389736,0.5317041873931885,0.1189719140529632,low,high,low_confidence | small_probability_margin | neutral_prediction | mixed_language,neutral,reviewed,,neutral,cardiffnlp/twitter-xlm-roberta-base-sentiment-multilingual,automatic_prelabel,positive | neutral | negative | uncertain,True,213,2026-06-18 16:06:41,human_manual_review,,,,,True,final_youtube_sentiment_825_balanced,2026-06-18 20:43:24,484,it's still down to our personal preference. If you are single obviously public transport is the best choice. But imagine you have children gotta be sent to daycare/school etc then you have to drive a car,it's still down to our personal preference. If you are single obviously public transport is the best choice. But imagine you have children gotta be sent to daycare/school etc then you have to drive a car,kept_original_english,none,positive,relabel,translated English contains stronger positive/supportive sentiment cues
YT_UgzgxM95m1fq1HJYPF94AaABAg,YouTube,top_level_comment,UgzgxM95m1fq1HJYPF94AaABAg,UgzgxM95m1fq1HJYPF94AaABAg,dDRZ6AZbcfw,Malaysian Hawker Fights To Keep His Noodles Affordable As Food Prices Rise | Money Mind | Inflation,CNA Insider,https://www.youtube.com/watch?v=dDRZ6AZbcfw,2025-11-25T14:01:10Z,cost_of_living_public_policy,"F&B is just an inefficient business. There's so much manual labour, no way to automate and in some places, rents are high. Generally once an economy becomes developed, all these cottage industries and hawkers become an obsolete business",29d2f29108603f1bcdc1,2025-11-26T16:20:44Z,2025-11-26T16:20:44Z,0,0,True,True,none,,2026-06-17T15:11:42.418553+00:00,raw,,"F&B is just an inefficient business. There's so much manual labour, no way to automate and in some places, rents are high. Generally once an economy becomes developed, all these cottage industries and hawkers become an obsolete business",f b is just an inefficient business there s so much manual labour no way to automate and in some places rents are high generally once an economy becomes developed all these cottage industries and hawkers become an obsolete business,39,236,0,False,True,0,0,0,EN,en,0,3,,False,False,accepted,negative,0.9748643040657043,0.0176030937582254,0.0075325635261833,0.9748643040657043,0.9572612103074788,high,low,,neutral,reviewed,,neutral,cardiffnlp/twitter-xlm-roberta-base-sentiment-multilingual,automatic_prelabel,positive | neutral | negative | uncertain,True,781,2026-06-18 19:58:00,human_manual_review,,,,,True,final_youtube_sentiment_825_balanced,2026-06-18 20:43:24,317,"F&B is just an inefficient business. There's so much manual labour, no way to automate and in some places, rents are high. Generally once an economy becomes developed, all these cottage industries and hawkers become an obsolete business","F&B is just an inefficient business. There's so much manual labour, no way to automate and in some places, rents are high. Generally once an economy becomes developed, all these cottage industries and hawkers become an obsolete business",kept_original_english,none,neutral,keep,current label is acceptable or ambiguous
YT_UgysXDOOQw35NgN7TdZ4AaABAg,YouTube,top_level_comment,UgysXDOOQw35NgN7TdZ4AaABAg,UgysXDOOQw35NgN7TdZ4AaABAg,0zi0v_kJ7BE,"Belanjawan 2026: Bantuan tunai STR dikurang RM300, Sara naik",KiniTV,https://www.youtube.com/watch?v=0zi0v_kJ7BE,2025-10-13T05:24:51Z,cost_of_living_public_policy,"Rakyat berharap yuran persekolahan juga dikurangkan tidak melebihi dari rm100,pibg dimansuhkan...kesian gan ibubapa yg menangung ramai anak bersokolah",69e6d7d90f2ea8e64bb1,2026-01-09T03:33:14Z,2026-01-09T03:33:14Z,0,0,True,True,none,,2026-06-17T15:11:41.175732+00:00,raw,,"Rakyat berharap yuran persekolahan juga dikurangkan tidak melebihi dari rm100,pibg dimansuhkan..kesian gan ibubapa yg menangung ramai anak bersokolah",rakyat berharap yuran persekolahan juga dikurangkan tidak melebihi dari rm100 pibg dimansuhkan kesian gan ibubapa yg menangung ramai anak bersokolah,20,149,0,False,True,0,0,0,BM,id,4,0,,False,False,accepted,negative,0.946559488773346,0.0229652523994445,0.0304752103984355,0.946559488773346,0.9160842783749104,high,low,,neutral,reviewed,,neutral,cardiffnlp/twitter-xlm-roberta-base-sentiment-multilingual,automatic_prelabel,positive | neutral | negative | uncertain,True,680,2026-06-18 19:20:17,human_manual_review,,,,,True,final_youtube_sentiment_825_balanced,2026-06-18 20:43:24,55,"Rakyat berharap yuran persekolahan juga dikurangkan tidak melebihi dari rm100,pibg dimansuhkan..kesian gan ibubapa yg menangung ramai anak bersokolah","The people hope that the school fees will also be reduced to no more than rm100, that the PIBG will be abolished.",translated,google_translate_auto_to_en,neutral,keep,current label is acceptable or ambiguous
YT_Ugzd2u3dVz8rCZ9aoyp4AaABAg,YouTube,top_level_comment,Ugzd2u3dVz8rCZ9aoyp4AaABAg,Ugzd2u3dVz8rCZ9aoyp4AaABAg,lWY3O9pFexo,KOS SARA HIDUP | PM Umum Butiran Penghargaan Untuk Rakyat Esok (BU),Buletin TV3,https://www.youtube.com/watch?v=lWY3O9pFexo,2025-07-22T12:11:44Z,cost_of_living_public_policy,"BERGGANTI PERDANA MENTERI, MELAYU TETAP MISKIN DI BUMI SENDIRI.. GULA-GULANYA BAGAI SEMUA RAKYAT RASA MANIS... TAPI YANG BERTIMBUN DUIT DALAM RUMAH MUKA-MUKA MACAM KAMU SEMUA NILAH.. MULUT TU JANGAN SEPERTI BOSSKU..KERANA PERDANA MENTERI YANG MESKIN BOLEH DAPAT DERMA BILION JUTA.. RAKYAT MISKIN DAPAT APA ?.....Berita benar.",2777054e7b9e31bdf05b,2025-07-22T13:21:54Z,2025-07-22T13:21:54Z,0,0,True,True,none,,2026-06-17T15:11:38.667145+00:00,raw,,"BERGGANTI PERDANA MENTERI, MELAYU TETAP MISKIN DI BUMI SENDIRI.. GULA-GULANYA BAGAI SEMUA RAKYAT RASA MANIS.. TAPI YANG BERTIMBUN DUIT DALAM RUMAH MUKA-MUKA MACAM KAMU SEMUA NILAH.. MULUT TU JANGAN SEPERTI BOSSKU..KERANA PERDANA MENTERI YANG MESKIN BOLEH DAPAT DERMA BILION JUTA.. RAKYAT MISKIN DAPAT APA ?..Berita benar.",bergganti perdana menteri melayu tetap miskin di bumi sendiri gula gulanya bagai semua rakyat rasa manis tapi yang bertimbun duit dalam rumah muka muka macam kamu semua nilah mulut tu jangan seperti bossku kerana perdana menteri yang meskin boleh dapat derma bilion juta rakyat miskin dapat apa berita benar,47,321,0,False,True,0,0,0,BM,de,4,0,,False,False,accepted,negative,0.944129765033722,0.0269145723432302,0.0289557538926601,0.944129765033722,0.9151740111410618,high,low,,negative,reviewed,,negative,cardiffnlp/twitter-xlm-roberta-base-sentiment-multilingual,automatic_prelabel,positive | neutral | negative | uncertain,True,668,2026-06-18 19:18:30,human_manual_review,,,,,True,final_youtube_sentiment_825_balanced,2026-06-18 20:43:24,610,"BERGGANTI PERDANA MENTERI, MELAYU TETAP MISKIN DI BUMI SENDIRI.. GULA-GULANYA BAGAI SEMUA RAKYAT RASA MANIS.. TAPI YANG BERTIMBUN DUIT DALAM RUMAH MUKA-MUKA MACAM KAMU SEMUA NILAH.. MULUT TU JANGAN SEPERTI BOSSKU..KERANA PERDANA MENTERI YANG MESKIN BOLEH DAPAT DERMA BILION JUTA.. RAKYAT MISKIN DAPAT APA ?..Berita benar.","REPLACING THE PRIME MINISTER, THE MALAYS ARE STILL POOR ON THEIR OWN EARTH.. THE CANDY LIKE ALL THE PEOPLE TASTES SWEET.. BUT THE PEOPLE HAVING MONEY IN THE HOUSE WITH FACES LIKE YOU ARE ALL NIL.. DON'T MOUTH LIKE MY BOSS.. BECAUSE A POOR PRIME MINISTER CAN GET BILLION MILLION DONATIONS.. WHAT DO THE POOR PEOPLE GET ?..True news.",translated,google_translate_auto_to_en,negative,keep,current label is acceptable or ambiguous
YT_UgxTHSp3RLh6jEruDft4AaABAg,YouTube,top_level_comment,UgxTHSp3RLh6jEruDft4AaABAg,UgxTHSp3RLh6jEruDft4AaABAg,zCSY4bGWUXc,"Suara Rakyat: Nilai semula subsidi petrol golongan kaya, apa kata orang miskin?",Astro AWANI,https://www.youtube.com/watch?v=zCSY4bGWUXc,2026-05-11T12:14:22Z,cost_of_living_public_policy,Kena tetapkan pendapatan T20 mengikut alamat kediaman kerana lain kawasan lain kos sara hidup...,f1c218d08183bf0d9aa2,2026-05-11T17:00:59Z,2026-05-11T17:00:59Z,0,0,True,True,none,,2026-06-17T15:11:37.970899+00:00,raw,,Kena tetapkan pendapatan T20 mengikut alamat kediaman kerana lain kawasan lain kos sara hidup..,kena tetapkan pendapatan t20 mengikut alamat kediaman kerana lain kawasan lain kos sara hidup,14,95,0,False,True,0,0,0,BM,id,0,0,,False,False,accepted,neutral,0.2099050432443618,0.6101577281951904,0.1799371838569641,0.6101577281951904,0.4002526849508285,medium,medium,medium_confidence | neutral_prediction,positive,reviewed,,positive,cardiffnlp/twitter-xlm-roberta-base-sentiment-multilingual,automatic_prelabel,positive | neutral | negative | uncertain,True,350,2026-06-18 18:23:57,human_manual_review,,,,,True,final_youtube_sentiment_825_balanced,2026-06-18 20:43:24,785,Kena tetapkan pendapatan T20 mengikut alamat kediaman kerana lain kawasan lain kos sara hidup..,Have to set the T20 income according to the residential address because the cost of living is different in other areas..,translated,google_translate_auto_to_en,neutral,relabel,translated English appears informational/unclear rather than explicit sentiment
YT_Ugxhtdp_VoERNpFrMDh4AaABAg,YouTube,top_level_comment,Ugxhtdp_VoERNpFrMDh4AaABAg,Ugxhtdp_VoERNpFrMDh4AaABAg,J5SEcQAe1AM,Why Malaysia Forces You to Own a Car,UrbanShiftMY,https://www.youtube.com/watch?v=J5SEcQAe1AM,2026-05-11T05:16:17Z,transport_public_services,"Malaysia should improve its bus network first. Many TODs are simply apartments built near stations, with limited amenities within walking distance. Schools, clinics, grocery stores, and commercial areas are often not located near transit stations. As a result, residents still need a car or must rely on expensive Grab rides for daily needs. If amenities can’t be built within walking distance to housing, there should be an alternative for residents to travel to those locations within a 15 minutes bus ride",3fca81c92d0161eb7ea8,2026-06-03T03:05:51Z,2026-06-03T03:05:51Z,0,0,True,True,none,,2026-06-17T15:11:48.076779+00:00,raw,,"Malaysia should improve its bus network first. Many TODs are simply apartments built near stations, with limited amenities within walking distance. Schools, clinics, grocery stores, and commercial areas are often not located near transit stations. As a result, residents still need a car or must rely on expensive Grab rides for daily needs. If amenities can’t be built within walking distance to housing, there should be an alternative for residents to travel to those locations within a 15 minutes bus ride",malaysia should improve its bus network first many tods are simply apartments built near stations with limited amenities within walking distance schools clinics grocery stores and commercial areas are often not located near transit stations as a result residents still need a car or must rely on expensive grab rides for daily needs if amenities can t be built within walking distance to housing there should be an alternative for residents to travel to those locations within a 15 minutes bus ride,82,508,0,False,True,0,0,0,MIXED,en,1,6,,False,False,accepted,neutral,0.2663075923919678,0.5314167141914368,0.2022757828235626,0.5314167141914368,0.265109121799469,low,high,low_confidence | neutral_prediction | mixed_language,neutral,reviewed,Changed from negative to neutral after text-based manual review,neutral,cardiffnlp/twitter-xlm-roberta-base-sentiment-multilingual,automatic_prelabel,positive | neutral | negative | uncertain,True,212,2026-06-18 20:41:44,human_manual_text_based_negative_recheck,,,,,True,final_youtube_sentiment_825_balanced,2026-06-18 20:43:24,359,"Malaysia should improve its bus network first. Many TODs are simply apartments built near stations, with limited amenities within walking distance. Schools, clinics, grocery stores, and commercial areas are often not located near transit stations. As a result, residents still need a car or must rely on expensive Grab rides for daily needs. If amenities can’t be built within walking distance to housing, there should be an alternative for residents to travel to those locations within a 15 minutes bus ride","Malaysia should improve its bus network first. Many TODs are simply apartments built near stations, with limited amenities within walking distance. Schools, clinics, grocery stores, and commercial areas are often not located near transit stations. As a result, residents still need a car or must rely on expensive Grab rides for daily needs. If amenities can’t be built within walking distance to housing, there should be an alternative for residents to travel to those locations within a 15 minutes bus ride",kept_original_english,none,negative,relabel,translated English contains stronger negative sentiment cues
YT_Ugz3CYUpm0-vPQVFRsN4AaABAg,YouTube,top_level_comment,Ugz3CYUpm0-vPQVFRsN4AaABAg,Ugz3CYUpm0-vPQVFRsN4AaABAg,pByBSEMjiyo,MENJELANG AIDILFITRI | PM Umum Cuti Tambahan Sehari Sambut Hari Raya Aidilfitri,Buletin TV3,https://www.youtube.com/watch?v=pByBSEMjiyo,2026-03-15T05:40:33Z,festivals_national_events,Alhamdulillah. Jimatttt AL saya. Thank you PMX! 🎉🎉,4894dd7c864558bf13a6,2026-03-15T06:06:45Z,2026-03-15T06:06:45Z,1,1,True,True,none,,2026-06-17T15:11:43.139114+00:00,raw,,Alhamdulillah. Jimatttt AL saya. Thank you PMX! 🎉🎉,alhamdulillah jimatttt al saya thank you pmx,7,50,2,False,True,0,0,0,MIXED,id,1,2,,False,False,accepted,positive,0.0111780045554041,0.0156194204464554,0.9732025861740112,0.9732025861740112,0.9575831657275558,high,medium,mixed_language,positive,reviewed,Added from reviewed positive supplement,positive,cardiffnlp/twitter-xlm-roberta-base-sentiment-multilingual,automatic_prelabel,,False,1,2026-06-18 20:33:38,human_manual_review_positive_supplement,available,,positive_shortage_after_manual_review,positive,True,final_youtube_sentiment_825_balanced,2026-06-18 20:43:24,195,Alhamdulillah. Jimatttt AL saya. Thank you PMX! 🎉🎉,Alhamdulillah. Save my AL. Thank you PMX! 🎉🎉,translated,google_translate_auto_to_en,positive,keep,current label is acceptable or ambiguous
YT_UgzuV5QBwpXeK4UDE4Z4AaABAg,YouTube,top_level_comment,UgzuV5QBwpXeK4UDE4Z4AaABAg,UgzuV5QBwpXeK4UDE4Z4AaABAg,qlQj6Zlgc-M,MyDigital ID akan diwajibkan untuk akses aplikasi MyJPJ & MyBayar PDRM!,SoyaCincau BM,https://www.youtube.com/watch?v=qlQj6Zlgc-M,2025-08-27T12:39:08Z,technology_digital_services,Urusan bank boleh ke,91694cb31ae92f647a13,2026-02-22T04:33:12Z,2026-02-22T04:33:12Z,0,1,True,True,none,,2026-06-17T15:11:45.563599+00:00,raw,,Urusan bank boleh ke,urusan bank boleh ke,4,20,0,False,True,0,0,0,BM,id,1,0,,False,False,accepted,neutral,0.1338101923465728,0.7199679017066956,0.1462219208478927,0.7199679017066956,0.5737459808588028,medium,medium,medium_confidence | neutral_prediction,neutral,reviewed,,neutral,cardiffnlp/twitter-xlm-roberta-base-sentiment-multilingual,automatic_prelabel,positive | neutral | negative | uncertain,True,410,2026-06-18 18:35:18,human_manual_review,,,,,True,final_youtube_sentiment_825_balanced,2026-06-18 20:43:24,644,Urusan bank boleh ke,Bank affairs can be done,translated,google_translate_auto_to_en,neutral,keep,current label is acceptable
YT_UgxHoLSU84kr656IrfJ4AaABAg,YouTube,top_level_comment,UgxHoLSU84kr656IrfJ4AaABAg,UgxHoLSU84kr656IrfJ4AaABAg,Wk-HcKtIaGY,Are We About to See a Chinese Tourist Boom in Malaysia?,Ziet Invests,https://www.youtube.com/watch?v=Wk-HcKtIaGY,2026-02-12T11:00:42Z,tourism_lifestyle_events,"Such a great reporting! And I plea to ALL MALAYSIANS to stop telling our international friends that KL is “soooo dangerous and our public transportation system is so lousy” when many of these people NEVER took a day of their lives to experience the connectivity of LRT, MRTs, and buses, we’re much better that. Our society has evolved drastically since the 90s, stop the exaggeration & gives our beautiful Nation a chance. Let’s spread LOVE & positive vibes to our visitors 💗💗🇲🇾🇲🇾",cb5a9ec4516969f62cce,2026-02-13T05:05:21Z,2026-02-13T05:05:21Z,20,3,True,True,none,,2026-06-17T15:11:46.188016+00:00,raw,,"Such a great reporting! And I plea to ALL MALAYSIANS to stop telling our international friends that KL is “soooo dangerous and our public transportation system is so lousy” when many of these people NEVER took a day of their lives to experience the connectivity of LRT, MRTs, and buses, we’re much better that. Our society has evolved drastically since the 90s, stop the exaggeration & gives our beautiful Nation a chance. Let’s spread LOVE & positive vibes to our visitors 💗💗🇲🇾🇲🇾",such a great reporting and i plea to all malaysians to stop telling our international friends that kl is soooo dangerous and our public transportation system is so lousy when many of these people never took a day of their lives to experience the connectivity of lrt mrts and buses we re much better that our society has evolved drastically since the 90s stop the exaggeration gives our beautiful nation a chance let s spread love positive vibes to our visitors,81,480,4,False,True,0,0,0,EN,en,0,9,,False,False,accepted,positive,0.1567626148462295,0.1761578917503357,0.667079508304596,0.667079508304596,0.4909216165542602,medium,medium,medium_confidence,positive,reviewed,,positive,cardiffnlp/twitter-xlm-roberta-base-sentiment-multilingual,automatic_prelabel,positive | neutral | negative | uncertain,True,367,2026-06-18 18:28:19,human_manual_review,,,,,True,final_youtube_sentiment_825_balanced,2026-06-18 20:43:24,335,"Such a great reporting! And I plea to ALL MALAYSIANS to stop telling our international friends that KL is “soooo dangerous and our public transportation system is so lousy” when many of these people NEVER took a day of their lives to experience the connectivity of LRT, MRTs, and buses, we’re much better that. Our society has evolved drastically since the 90s, stop the exaggeration & gives our beautiful Nation a chance. Let’s spread LOVE & positive vibes to our visitors 💗💗🇲🇾🇲🇾","Such a great reporting! And I plea to ALL MALAYSIANS to stop telling our international friends that KL is “soooo dangerous and our public transportation system is so lousy” when many of these people NEVER took a day of their lives to experience the connectivity of LRT, MRTs, and buses, we’re much better that. Our society has evolved drastically since the 90s, stop the exaggeration & gives our beautiful Nation a chance. Let’s spread LOVE & positive vibes to our visitors 💗💗🇲🇾🇲🇾",kept_original_english,none,positive,keep,current label is acceptable or ambiguous
YT_Ugxw90uz-6bgSkAUmDp4AaABAg,YouTube,top_level_comment,Ugxw90uz-6bgSkAUmDp4AaABAg,Ugxw90uz-6bgSkAUmDp4AaABAg,lWY3O9pFexo,KOS SARA HIDUP | PM Umum Butiran Penghargaan Untuk Rakyat Esok (BU),Buletin TV3,https://www.youtube.com/watch?v=lWY3O9pFexo,2025-07-22T12:11:44Z,cost_of_living_public_policy,Nuar situ2 gak pusing dia hahahah,fae568b03582868ab0e8,2025-07-23T05:29:14Z,2025-07-23T05:29:14Z,0,0,True,True,none,,2026-06-17T15:11:38.329940+00:00,raw,,Nuar situ2 gak pusing dia hahahah,nuar situ2 gak pusing dia hahahah,6,33,0,False,True,0,0,0,BM,id,0,0,,False,False,accepted,positive,0.2418573051691055,0.2697045505046844,0.4884380996227264,0.4884380996227264,0.218733549118042,low,high,low_confidence,negative,reviewed,Reverted wrong sequence-based correction back to negative,negative,cardiffnlp/twitter-xlm-roberta-base-sentiment-multilingual,automatic_prelabel,positive | neutral | negative | uncertain,True,131,2026-06-18 20:39:17,human_manual_text_based_revert,,,,,True,final_youtube_sentiment_825_balanced,2026-06-18 20:43:24,260,Nuar situ2 gak pusing dia hahahah,"From there, he doesn't have any headaches hahahah",translated,google_translate_auto_to_en,neutral,relabel,translated English appears informational/unclear rather than explicit sentiment
YT_Ugzy6zDCLUEyqxphvmJ4AaABAg,YouTube,top_level_comment,Ugzy6zDCLUEyqxphvmJ4AaABAg,Ugzy6zDCLUEyqxphvmJ4AaABAg,Yu37CmWLvK0,SATU MALAYSIA KENA SCAM MAKANAN DI BAZAR RAMADAN‼️ LELAKI SOUND PENIAGA BAZAAR,NuR MuHD,https://www.youtube.com/watch?v=Yu37CmWLvK0,2026-02-22T17:36:49Z,festivals_national_events,"Mana tak merapunya makanan kalau yang jual dan masak kebanyakkan konoha. Tak percaya ko tanya la diaorang. Orang2 kita kebanyakkan dah berumur, dah tak larat. Yang muda2 semua kerja. Last2 yang menjual konoha.",cfe93cdb7508020a604d,2026-02-28T07:10:43Z,2026-02-28T07:10:43Z,0,0,True,True,none,,2026-06-17T15:11:44.743059+00:00,raw,,"Mana tak merapunya makanan kalau yang jual dan masak kebanyakkan konoha. Tak percaya ko tanya la diaorang. Orang2 kita kebanyakkan dah berumur, dah tak larat. Yang muda2 semua kerja. Last2 yang menjual konoha.",mana tak merapunya makanan kalau yang jual dan masak kebanyakkan konoha tak percaya ko tanya la diaorang orang2 kita kebanyakkan dah berumur dah tak larat yang muda2 semua kerja last2 yang menjual konoha,33,209,0,False,True,0,0,0,BM,id,6,0,,False,False,accepted,negative,0.7510010004043579,0.1405230611562729,0.1084759458899498,0.7510010004043579,0.610477939248085,medium,medium,medium_confidence,negative,reviewed,,negative,cardiffnlp/twitter-xlm-roberta-base-sentiment-multilingual,automatic_prelabel,positive | neutral | negative | uncertain,True,444,2026-06-18 18:41:26,human_manual_review,,,,,True,final_youtube_sentiment_825_balanced,2026-06-18 20:43:24,86,"Mana tak merapunya makanan kalau yang jual dan masak kebanyakkan konoha. Tak percaya ko tanya la diaorang. Orang2 kita kebanyakkan dah berumur, dah tak larat. Yang muda2 semua kerja. Last2 yang menjual konoha.",Where is the food if most of the people who sell and cook it are in Konoha? I can't believe I asked him. Most of our people are old and unwell. The young ones all work. Last2 who sold konoha.,translated,google_translate_auto_to_en,negative,keep,current label is acceptable or ambiguous
YT_UgzLFxx3Eq9eJbEDqfl4AaABAg,YouTube,top_level_comment,UgzLFxx3Eq9eJbEDqfl4AaABAg,UgzLFxx3Eq9eJbEDqfl4AaABAg,dDRZ6AZbcfw,Malaysian Hawker Fights To Keep His Noodles Affordable As Food Prices Rise | Money Mind | Inflation,CNA Insider,https://www.youtube.com/watch?v=dDRZ6AZbcfw,2025-11-25T14:01:10Z,cost_of_living_public_policy,"I'm from JB and cost according to their grade i guess, theres grade ""D"" to ""Premium"" , range from rm8.90 to rm18 per tray of 30...🧐",f49b437ca38e676be2c6,2025-11-27T05:23:50Z,2025-11-27T05:23:50Z,0,0,True,True,none,,2026-06-17T15:11:42.418412+00:00,raw,,"I'm from JB and cost according to their grade i guess, theres grade ""D"" to ""Premium"" , range from rm8.90 to rm18 per tray of 30..🧐",i m from jb and cost according to their grade i guess theres grade d to premium range from rm8 90 to rm18 per tray of 30,26,130,1,False,True,0,0,0,EN,en,0,2,,False,False,accepted,neutral,0.0735489726066589,0.789655327796936,0.1367956548929214,0.789655327796936,0.6528596729040146,medium,medium,medium_confidence | neutral_prediction,neutral,reviewed,,neutral,cardiffnlp/twitter-xlm-roberta-base-sentiment-multilingual,automatic_prelabel,positive | neutral | negative | uncertain,True,522,2026-06-18 18:55:54,human_manual_review,,,,,True,final_youtube_sentiment_825_balanced,2026-06-18 20:43:24,146,"I'm from JB and cost according to their grade i guess, theres grade ""D"" to ""Premium"" , range from rm8.90 to rm18 per tray of 30..🧐","I'm from JB and cost according to their grade i guess, theres grade ""D"" to ""Premium"" , range from rm8.90 to rm18 per tray of 30..🧐",kept_original_english,none,neutral,keep,current label is acceptable
YT_UgyqbvIM9SaWej6H2Xp4AaABAg,YouTube,top_level_comment,UgyqbvIM9SaWej6H2Xp4AaABAg,UgyqbvIM9SaWej6H2Xp4AaABAg,dDRZ6AZbcfw,Malaysian Hawker Fights To Keep His Noodles Affordable As Food Prices Rise | Money Mind | Inflation,CNA Insider,https://www.youtube.com/watch?v=dDRZ6AZbcfw,2025-11-25T14:01:10Z,cost_of_living_public_policy,raise price if you must..,1630a9f950c7b2153f06,2025-11-25T14:44:36Z,2025-11-25T14:44:36Z,4,0,True,True,none,,2026-06-17T15:11:42.419020+00:00,raw,,raise price if you must..,raise price if you must,5,25,0,False,True,0,0,0,EN,fr,0,2,,False,False,accepted,neutral,0.1890122145414352,0.4290543496608734,0.3819333910942077,0.4290543496608734,0.0471209585666656,low,high,low_confidence | small_probability_margin | neutral_prediction,neutral,reviewed,,neutral,cardiffnlp/twitter-xlm-roberta-base-sentiment-multilingual,automatic_prelabel,positive | neutral | negative | uncertain,True,57,2026-06-18 15:37:24,human_manual_review,,,,,True,final_youtube_sentiment_825_balanced,2026-06-18 20:43:24,736,raise price if you must..,raise price if you must..,kept_original_english,none,neutral,keep,current label is acceptable
YT_Ugzy6RnukbUYc-cUvR54AaABAg,YouTube,top_level_comment,Ugzy6RnukbUYc-cUvR54AaABAg,Ugzy6RnukbUYc-cUvR54AaABAg,Yu37CmWLvK0,SATU MALAYSIA KENA SCAM MAKANAN DI BAZAR RAMADAN‼️ LELAKI SOUND PENIAGA BAZAAR,NuR MuHD,https://www.youtube.com/watch?v=Yu37CmWLvK0,2026-02-22T17:36:49Z,festivals_national_events,"Dulu mmg best bila beli makanan di bazaar Ramadhan tapi bkn skrg.Sebab tu bila member2 ajak p beli makanan kt bazaar Ramadhan, saya menolak.Lg suka masak kt rumah or mkn kt kedai makan yg kita dah biasa pergi",276719c5e223e22554be,2026-03-09T06:36:46Z,2026-03-09T06:36:46Z,0,0,True,True,none,,2026-06-17T15:11:44.742372+00:00,raw,,"Dulu mmg best bila beli makanan di bazaar Ramadhan tapi bkn skrg.Sebab tu bila member2 ajak p beli makanan kt bazaar Ramadhan, saya menolak.Lg suka masak kt rumah or mkn kt kedai makan yg kita dah biasa pergi",dulu mmg best bila beli makanan di bazaar ramadhan tapi bkn skrg sebab tu bila member2 ajak p beli makanan kt bazaar ramadhan saya menolak lg suka masak kt rumah or mkn kt kedai makan yg kita dah biasa pergi,40,208,0,False,True,0,0,0,BM,id,5,0,,False,False,accepted,positive,0.2351960688829422,0.2543988823890686,0.5104050636291504,0.5104050636291504,0.2560061812400818,low,high,low_confidence,negative,reviewed,,negative,cardiffnlp/twitter-xlm-roberta-base-sentiment-multilingual,automatic_prelabel,positive | neutral | negative | uncertain,True,166,2026-06-18 15:55:37,human_manual_review,,,,,True,final_youtube_sentiment_825_balanced,2026-06-18 20:43:24,773,"Dulu mmg best bila beli makanan di bazaar Ramadhan tapi bkn skrg.Sebab tu bila member2 ajak p beli makanan kt bazaar Ramadhan, saya menolak.Lg suka masak kt rumah or mkn kt kedai makan yg kita dah biasa pergi","It used to be best to buy food at the Ramadhan bazaar, but not now. That's why when people invite me to buy food at the Ramadhan bazaar, I refuse. I prefer to cook at home or eat at the restaurants we used to go to.",translated,google_translate_auto_to_en,negative,keep,current label is acceptable or ambiguous
YT_UgxYn0ozznprkR2i2IF4AaABAg,YouTube,top_level_comment,UgxYn0ozznprkR2i2IF4AaABAg,UgxYn0ozznprkR2i2IF4AaABAg,Wk-HcKtIaGY,Are We About to See a Chinese Tourist Boom in Malaysia?,Ziet Invests,https://www.youtube.com/watch?v=Wk-HcKtIaGY,2026-02-12T11:00:42Z,tourism_lifestyle_events,"well our tourism this year starts well with malaysian convincing everyone malaysia is just a jungle country, much love and tq for the video",86a6cd45afbb2bf2a661,2026-02-13T03:02:21Z,2026-02-13T03:02:21Z,8,2,True,True,none,,2026-06-17T15:11:46.188083+00:00,raw,,"well our tourism this year starts well with malaysian convincing everyone malaysia is just a jungle country, much love and tq for the video",well our tourism this year starts well with malaysian convincing everyone malaysia is just a jungle country much love and tq for the video,24,139,0,False,True,0,0,0,MIXED,en,2,5,,False,False,accepted,positive,0.1207393258810043,0.1455462127923965,0.7337144613265991,0.7337144613265991,0.5881682485342026,medium,medium,medium_confidence | mixed_language,positive,reviewed,,positive,cardiffnlp/twitter-xlm-roberta-base-sentiment-multilingual,automatic_prelabel,positive | neutral | negative | uncertain,True,421,2026-06-18 18:36:38,human_manual_review,,,,,True,final_youtube_sentiment_825_balanced,2026-06-18 20:43:24,24,"well our tourism this year starts well with malaysian convincing everyone malaysia is just a jungle country, much love and tq for the video","well our tourism this year starts well with malaysian convincing everyone malaysia is just a jungle country, much love and tq for the video",kept_original_english,none,positive,keep,current label is acceptable or ambiguous
YT_UgzdPLhET87XxqYTrUN4AaABAg,YouTube,top_level_comment,UgzdPLhET87XxqYTrUN4AaABAg,UgzdPLhET87XxqYTrUN4AaABAg,9tQzzOjBIdI,KOS SARA HIDUP | Kerajaan Bakal Umum Langkah Tangani Kos Sara Hidup,Buletin TV3,https://www.youtube.com/watch?v=9tQzzOjBIdI,2025-07-19T05:38:22Z,cost_of_living_public_policy,saya cadang kan pm anuwar agar naik kan bantuan mykasih tu 50 s pada 200s sebulan tu supaya warga emas daat belanja banyak dan cukup 50s tu twrlalu sikit barang semua .nya melambung tinggi saya harap pm anuar naik kan 50 pada 200s itu yang saya .harap kan dari pm datuk anuar sekian ok,3d2b48068a383326e0b4,2025-07-21T07:33:53Z,2025-07-21T07:33:53Z,0,0,True,True,none,,2026-06-17T15:11:40.014915+00:00,raw,,saya cadang kan pm anuwar agar naik kan bantuan mykasih tu 50 s pada 200s sebulan tu supaya warga emas daat belanja banyak dan cukup 50s tu twrlalu sikit barang semua .nya melambung tinggi saya harap pm anuar naik kan 50 pada 200s itu yang saya .harap kan dari pm datuk anuar sekian ok,saya cadang kan pm anuwar agar naik kan bantuan mykasih tu 50 s pada 200s sebulan tu supaya warga emas daat belanja banyak dan cukup 50s tu twrlalu sikit barang semua nya melambung tinggi saya harap pm anuar naik kan 50 pada 200s itu yang saya harap kan dari pm datuk anuar sekian ok,54,285,0,False,True,0,0,0,BM,id,7,0,,False,False,accepted,positive,0.178527683019638,0.2223604321479797,0.5991119146347046,0.5991119146347046,0.3767514824867248,low,high,low_confidence,positive,reviewed,,positive,cardiffnlp/twitter-xlm-roberta-base-sentiment-multilingual,automatic_prelabel,positive | neutral | negative | uncertain,True,343,2026-06-18 18:22:44,human_manual_review,,,,,True,final_youtube_sentiment_825_balanced,2026-06-18 20:43:24,236,saya cadang kan pm anuwar agar naik kan bantuan mykasih tu 50 s pada 200s sebulan tu supaya warga emas daat belanja banyak dan cukup 50s tu twrlalu sikit barang semua .nya melambung tinggi saya harap pm anuar naik kan 50 pada 200s itu yang saya .harap kan dari pm datuk anuar sekian ok,I suggest PM Anuwar to increase the mykasih's assistance by 50s to 200s a month so that the elderly can spend a lot and 50s is enough. It's too little for everything. It's so high. I hope PM Anuar increases it by 50s to 200s. That's what I'm doing. I hope from PM Anuar's grandfather that's ok.,translated,google_translate_auto_to_en,positive,keep,current label is acceptable or ambiguous
YT_UgyP72nR7pb1CjgxsUJ4AaABAg,YouTube,top_level_comment,UgyP72nR7pb1CjgxsUJ4AaABAg,UgyP72nR7pb1CjgxsUJ4AaABAg,pByBSEMjiyo,MENJELANG AIDILFITRI | PM Umum Cuti Tambahan Sehari Sambut Hari Raya Aidilfitri,Buletin TV3,https://www.youtube.com/watch?v=pByBSEMjiyo,2026-03-15T05:40:33Z,festivals_national_events,"He is a Such Wonderful PMX , Thank You Soo Much for Always Doing The Best For Us. U Re D REAL “PAPA” of MALAYSIA. بارك الله فيك ❤",6b246568ad23fd233202,2026-03-15T09:22:55Z,2026-03-15T09:22:55Z,1,0,True,True,none,,2026-06-17T15:11:43.138729+00:00,raw,,"He is a Such Wonderful PMX , Thank You Soo Much for Always Doing The Best For Us. U Re D REAL “PAPA” of MALAYSIA. بارك الله فيك ❤",he is a such wonderful pmx thank you soo much for always doing the best for us u re d real papa of malaysia بارك الله فيك,27,129,1,False,True,0,0,0,MIXED,en,2,4,,False,False,accepted,positive,0.0123977344483137,0.0143544925376772,0.9732477068901062,0.9732477068901062,0.9588932143524288,high,medium,mixed_language,positive,reviewed,,positive,cardiffnlp/twitter-xlm-roberta-base-sentiment-multilingual,automatic_prelabel,positive | neutral | negative | uncertain,True,604,2026-06-18 19:06:58,human_manual_review,,,,,True,final_youtube_sentiment_825_balanced,2026-06-18 20:43:24,662,"He is a Such Wonderful PMX , Thank You Soo Much for Always Doing The Best For Us. U Re D REAL “PAPA” of MALAYSIA. بارك الله فيك ❤","He is a Such Wonderful PMX , Thank You Soo Much for Always Doing The Best For Us. U Re D REAL “PAPA” of MALAYSIA. بارك الله فيك ❤",kept_original_english,none,positive,keep,current label is acceptable or ambiguous
YT_Ugx96_XnABHY-8DqwZl4AaABAg,YouTube,top_level_comment,Ugx96_XnABHY-8DqwZl4AaABAg,Ugx96_XnABHY-8DqwZl4AaABAg,J5SEcQAe1AM,Why Malaysia Forces You to Own a Car,UrbanShiftMY,https://www.youtube.com/watch?v=J5SEcQAe1AM,2026-05-11T05:16:17Z,transport_public_services,"Reasons i prefer driving than rely on public transports is because:- 1. I’m a car guy. Driving is my therapy 2. Time is gold. Driving is quicker than rely on public transports 3. Not comfortable. Public transport nowadays full of foreigners like Banglas and Myanmars. Not being racist, just that I don’t tolerate bad odours. The only thing i prefer on public transport is when my car is on repair and i can save lots of money. Period…",d52e9e8e2f2486c54484,2026-05-14T05:35:36Z,2026-05-14T05:35:36Z,0,0,True,True,none,,2026-06-17T15:11:48.080509+00:00,raw,,"Reasons i prefer driving than rely on public transports is because:- 1. I’m a car guy. Driving is my therapy 2. Time is gold. Driving is quicker than rely on public transports 3. Not comfortable. Public transport nowadays full of foreigners like Banglas and Myanmars. Not being racist, just that I don’t tolerate bad odours. The only thing i prefer on public transport is when my car is on repair and i can save lots of money. Period..",reasons i prefer driving than rely on public transports is because 1 i m a car guy driving is my therapy 2 time is gold driving is quicker than rely on public transports 3 not comfortable public transport nowadays full of foreigners like banglas and myanmars not being racist just that i don t tolerate bad odours the only thing i prefer on public transport is when my car is on repair and i can save lots of money period,80,435,0,False,True,0,0,0,EN,en,0,8,,False,False,accepted,positive,0.1729239821434021,0.2573427259922027,0.5697333216667175,0.5697333216667175,0.3123905956745147,low,high,low_confidence,neutral,reviewed,,neutral,cardiffnlp/twitter-xlm-roberta-base-sentiment-multilingual,automatic_prelabel,positive | neutral | negative | uncertain,True,289,2026-06-18 17:09:35,human_manual_review,,,,,True,final_youtube_sentiment_825_balanced,2026-06-18 20:43:24,811,"Reasons i prefer driving than rely on public transports is because:- 1. I’m a car guy. Driving is my therapy 2. Time is gold. Driving is quicker than rely on public transports 3. Not comfortable. Public transport nowadays full of foreigners like Banglas and Myanmars. Not being racist, just that I don’t tolerate bad odours. The only thing i prefer on public transport is when my car is on repair and i can save lots of money. Period..","Reasons i prefer driving than rely on public transports is because:- 1. I’m a car guy. Driving is my therapy 2. Time is gold. Driving is quicker than rely on public transports 3. Not comfortable. Public transport nowadays full of foreigners like Banglas and Myanmars. Not being racist, just that I don’t tolerate bad odours. The only thing i prefer on public transport is when my car is on repair and i can save lots of money. Period..",kept_original_english,none,negative,keep,current label is acceptable or ambiguous
YT_UgwAcKjZFy9HCsGbJDB4AaABAg,YouTube,top_level_comment,UgwAcKjZFy9HCsGbJDB4AaABAg,UgwAcKjZFy9HCsGbJDB4AaABAg,dDRZ6AZbcfw,Malaysian Hawker Fights To Keep His Noodles Affordable As Food Prices Rise | Money Mind | Inflation,CNA Insider,https://www.youtube.com/watch?v=dDRZ6AZbcfw,2025-11-25T14:01:10Z,cost_of_living_public_policy,If you want to open more chicken house find me ✌🏻,3a47df6d75cf4ff9fcbe,2025-11-30T09:47:55Z,2025-11-30T09:47:55Z,0,0,True,True,none,,2026-06-17T15:11:42.418051+00:00,raw,,If you want to open more chicken house find me ✌🏻,if you want to open more chicken house find me,10,49,1,False,True,0,0,0,EN,en,0,1,,False,False,accepted,neutral,0.0096022011712193,0.6948363184928894,0.2955615222454071,0.6948363184928894,0.3992747962474823,medium,medium,medium_confidence | neutral_prediction,positive,reviewed,,positive,cardiffnlp/twitter-xlm-roberta-base-sentiment-multilingual,automatic_prelabel,positive | neutral | negative | uncertain,True,389,2026-06-18 18:32:00,human_manual_review,,,,,True,final_youtube_sentiment_825_balanced,2026-06-18 20:43:24,720,If you want to open more chicken house find me ✌🏻,If you want to open more chicken house find me ✌🏻,kept_original_english,none,neutral,relabel,translated English appears informational/unclear rather than explicit sentiment
YT_Ugz9qj3ZrLAd7Gnkc094AaABAg,YouTube,top_level_comment,Ugz9qj3ZrLAd7Gnkc094AaABAg,Ugz9qj3ZrLAd7Gnkc094AaABAg,ze_IuVwkuFc,KTMB's 'ghost train' transforms commute for students from the interior,The Star,https://www.youtube.com/watch?v=ze_IuVwkuFc,2026-01-11T13:05:33Z,transport_public_services,"In Japan, there one line continue because one student take train ride to school.",6dec72e4b188e44ed9c4,2026-01-15T12:49:57Z,2026-01-15T12:49:57Z,1,0,True,True,none,,2026-06-17T15:11:47.668020+00:00,raw,,"In Japan, there one line continue because one student take train ride to school.",in japan there one line continue because one student take train ride to school,14,80,0,False,True,0,0,0,EN,en,0,2,,False,False,accepted,neutral,0.0107822511345148,0.9648060202598572,0.0244117844849824,0.9648060202598572,0.9403942357748748,high,medium,neutral_prediction,positive,reviewed,,positive,cardiffnlp/twitter-xlm-roberta-base-sentiment-multilingual,automatic_prelabel,positive | neutral | negative | uncertain,True,594,2026-06-18 19:06:10,human_manual_review,,,,,True,final_youtube_sentiment_825_balanced,2026-06-18 20:43:24,57,"In Japan, there one line continue because one student take train ride to school.","In Japan, there one line continue because one student take train ride to school.",kept_original_english,none,neutral,relabel,translated English appears informational/unclear rather than explicit sentiment
YT_UgxeDtuYb0HCZoFEIe94AaABAg,YouTube,top_level_comment,UgxeDtuYb0HCZoFEIe94AaABAg,UgxeDtuYb0HCZoFEIe94AaABAg,ePfJmLXfPwU,JPJ perkenal wajah baharu lesen memandu,Harian Metro,https://www.youtube.com/watch?v=ePfJmLXfPwU,2025-05-21T11:30:02Z,transport_public_services,Selagi benda yg mendatangkan duit itulah kerajaan mau dr rakyat.. harap ada rakyat Malaysia yg kreatif cipta id tercanggih nanti,d5666ed8adc6186bb7de,2025-05-21T16:05:12Z,2025-05-21T16:05:12Z,4,0,True,True,none,,2026-06-17T15:11:47.300868+00:00,raw,,Selagi benda yg mendatangkan duit itulah kerajaan mau dr rakyat.. harap ada rakyat Malaysia yg kreatif cipta id tercanggih nanti,selagi benda yg mendatangkan duit itulah kerajaan mau dr rakyat harap ada rakyat malaysia yg kreatif cipta id tercanggih nanti,20,128,0,False,True,0,0,0,BM,id,3,0,,False,False,accepted,positive,0.2019956260919571,0.2159233093261718,0.5820810794830322,0.5820810794830322,0.3661577701568603,low,high,low_confidence,negative,reviewed,,negative,cardiffnlp/twitter-xlm-roberta-base-sentiment-multilingual,automatic_prelabel,positive | neutral | negative | uncertain,True,311,2026-06-18 17:14:44,human_manual_review,,,,,True,final_youtube_sentiment_825_balanced,2026-06-18 20:43:24,489,Selagi benda yg mendatangkan duit itulah kerajaan mau dr rakyat.. harap ada rakyat Malaysia yg kreatif cipta id tercanggih nanti,As long as the thing that brings money is what the government wants from the people.. I hope there will be creative Malaysians to create the most advanced ID later,translated,google_translate_auto_to_en,positive,relabel,positive/supportive cues outweigh negative label after translation
YT_Ugx_eTpQPlwiJvbnhH94AaABAg,YouTube,top_level_comment,Ugx_eTpQPlwiJvbnhH94AaABAg,Ugx_eTpQPlwiJvbnhH94AaABAg,0zi0v_kJ7BE,"Belanjawan 2026: Bantuan tunai STR dikurang RM300, Sara naik",KiniTV,https://www.youtube.com/watch?v=0zi0v_kJ7BE,2025-10-13T05:24:51Z,cost_of_living_public_policy,baik la mcm pm najib..dia buat kdai rncit 1mlysia brng tmpatan hrga berpatutan..brim pun dpat..bru la balance..,57bf3f86f8b5b76ed257,2025-10-14T09:23:56Z,2025-10-14T09:23:56Z,19,3,True,True,none,,2026-06-17T15:11:41.176791+00:00,raw,,baik la mcm pm najib..dia buat kdai rncit 1mlysia brng tmpatan hrga berpatutan..brim pun dpat..bru la balance..,baik la mcm pm najib dia buat kdai rncit 1mlysia brng tmpatan hrga berpatutan brim pun dpat bru la balance,20,111,0,False,True,0,0,0,BM,id,1,0,,False,False,accepted,positive,0.2326254546642303,0.2067302763462066,0.5606442093849182,0.5606442093849182,0.3280187547206878,low,high,low_confidence,positive,reviewed,,positive,cardiffnlp/twitter-xlm-roberta-base-sentiment-multilingual,automatic_prelabel,positive | neutral | negative | uncertain,True,274,2026-06-18 17:07:05,human_manual_review,,,,,True,final_youtube_sentiment_825_balanced,2026-06-18 20:43:24,421,baik la mcm pm najib..dia buat kdai rncit 1mlysia brng tmpatan hrga berpatutan..brim pun dpat..bru la balance..,it's good like pm najib..he made a local retail store in 1mlysia with a reasonable price..brim is also available..bru la balance..,translated,google_translate_auto_to_en,positive,keep,current label is acceptable or ambiguous
YT_UgwTsAsx2bEXmd4TjgB4AaABAg,YouTube,top_level_comment,UgwTsAsx2bEXmd4TjgB4AaABAg,UgwTsAsx2bEXmd4TjgB4AaABAg,bjYbNs8TvLc,[PENUH] Perkembangan Terkini Proses Cerapan Anak Bulan Syawal | 19 Mac 2026,Buletin TV3,https://www.youtube.com/watch?v=bjYbNs8TvLc,2026-03-19T10:26:41Z,festivals_national_events,Cuaca mendung.. insyaallah raya Sabtu..anak bulan X nmpk😂,decc6fa1331de6eaed8c,2026-03-19T10:57:16Z,2026-03-19T10:57:16Z,12,0,True,True,none,,2026-06-17T15:11:44.348366+00:00,raw,,Cuaca mendung.. insyaallah raya Sabtu..anak bulan X nmpk😂,cuaca mendung insyaallah raya sabtu anak bulan x nmpk,9,57,1,False,True,0,0,0,BM,id,0,0,,False,False,accepted,positive,0.0898389667272567,0.1623913496732711,0.7477697134017944,0.7477697134017944,0.5853783637285233,medium,medium,medium_confidence,positive,reviewed,,positive,cardiffnlp/twitter-xlm-roberta-base-sentiment-multilingual,automatic_prelabel,positive | neutral | negative | uncertain,True,436,2026-06-18 18:39:34,human_manual_review,,,,,True,final_youtube_sentiment_825_balanced,2026-06-18 20:43:24,60,Cuaca mendung.. insyaallah raya Sabtu..anak bulan X nmpk😂,The weather is cloudy.. Insyaallah Raya Saturday.. moon child X nmpk😂,translated,google_translate_auto_to_en,neutral,relabel,translated English appears informational/unclear rather than explicit sentiment
YT_UgwvRvXNZO0wKpLjXQh4AaABAg,YouTube,top_level_comment,UgwvRvXNZO0wKpLjXQh4AaABAg,UgwvRvXNZO0wKpLjXQh4AaABAg,mVmYibok-7A,[TERKINI] MOF sekat MyKad individu salah guna subsidi BUDI95,Astro AWANI,https://www.youtube.com/watch?v=mVmYibok-7A,2026-03-23T23:22:33Z,cost_of_living_public_policy,IC kita..Jual pulak minyak tu kewarga asing...tu yg perlu kita bendung..kalau 15 hari dah habis subsidi tu..kita untung juga pasal kerajaan tlg ringankan duit minyak tu..syukur selalu.,9b3faa17bc2c56726e1e,2026-03-24T03:41:30Z,2026-03-24T03:41:30Z,2,0,True,True,none,,2026-06-17T15:11:39.404557+00:00,raw,,IC kita..Jual pulak minyak tu kewarga asing..tu yg perlu kita bendung..kalau 15 hari dah habis subsidi tu..kita untung juga pasal kerajaan tlg ringankan duit minyak tu..syukur selalu.,ic kita jual pulak minyak tu kewarga asing tu yg perlu kita bendung kalau 15 hari dah habis subsidi tu kita untung juga pasal kerajaan tlg ringankan duit minyak tu syukur selalu,32,183,0,False,True,0,0,0,BM,id,6,0,,False,False,accepted,positive,0.2242000699043274,0.197293996810913,0.5785059332847595,0.5785059332847595,0.3543058633804321,low,high,low_confidence,positive,reviewed,,positive,cardiffnlp/twitter-xlm-roberta-base-sentiment-multilingual,automatic_prelabel,positive | neutral | negative | uncertain,True,304,2026-06-18 17:12:07,human_manual_review,,,,,True,final_youtube_sentiment_825_balanced,2026-06-18 20:43:24,72,IC kita..Jual pulak minyak tu kewarga asing..tu yg perlu kita bendung..kalau 15 hari dah habis subsidi tu..kita untung juga pasal kerajaan tlg ringankan duit minyak tu..syukur selalu.,Our IC..sell the oil to foreigners..that is what we need to curb..if the subsidy runs out in 15 days..we are also lucky because the government has eased the oil money..thank you always.,translated,google_translate_auto_to_en,positive,keep,current label is acceptable or ambiguous
YT_UgznGAF5Q-VXs7y7a0p4AaABAg,YouTube,top_level_comment,UgznGAF5Q-VXs7y7a0p4AaABAg,UgznGAF5Q-VXs7y7a0p4AaABAg,UGAL8690ngc,"Bantuan Asas Rahmah diteruskan: RM100 untuk  dewasa, RM500 untuk penerima miskin tegar - Anwar",KiniTV,https://www.youtube.com/watch?v=UGAL8690ngc,2026-01-05T06:06:45Z,cost_of_living_public_policy,Dpt bantuan alhmdllh tp knp pg bli brg takda plastik lagi ek teruk lah,10c782abd4a7d5e8d5e2,2026-01-06T00:34:59Z,2026-01-06T00:34:59Z,1,3,True,True,none,,2026-06-17T15:11:40.406438+00:00,raw,,Dpt bantuan alhmdllh tp knp pg bli brg takda plastik lagi ek teruk lah,dpt bantuan alhmdllh tp knp pg bli brg takda plastik lagi ek teruk lah,14,70,0,False,True,0,0,0,BM,id,4,0,,False,False,accepted,negative,0.9451470375061036,0.0283907409757375,0.0264621544629335,0.9451470375061036,0.916756296530366,high,low,,negative,reviewed,,negative,cardiffnlp/twitter-xlm-roberta-base-sentiment-multilingual,automatic_prelabel,positive | neutral | negative | uncertain,True,673,2026-06-18 19:19:09,human_manual_review,,,,,True,final_youtube_sentiment_825_balanced,2026-06-18 20:43:24,823,Dpt bantuan alhmdllh tp knp pg bli brg takda plastik lagi ek teruk lah,"Got help, thank you, but why did I buy it, there's no plastic anymore, it's really bad",translated,google_translate_auto_to_en,positive,relabel,translated English contains stronger positive/supportive sentiment cues
YT_UgwAAZTQ0n0km_E8rE54AaABAg,YouTube,top_level_comment,UgwAAZTQ0n0km_E8rE54AaABAg,UgwAAZTQ0n0km_E8rE54AaABAg,Wk-HcKtIaGY,Are We About to See a Chinese Tourist Boom in Malaysia?,Ziet Invests,https://www.youtube.com/watch?v=Wk-HcKtIaGY,2026-02-12T11:00:42Z,tourism_lifestyle_events,Great. Good encouragement. Ya Malaysia boleh 😊,4052294f3fc426a9fbf2,2026-05-02T11:59:25Z,2026-05-02T11:59:25Z,1,0,True,True,none,,2026-06-17T15:11:46.187354+00:00,raw,,Great. Good encouragement. Ya Malaysia boleh 😊,great good encouragement ya malaysia boleh,6,46,1,False,True,0,0,0,MIXED,en,2,2,,False,False,accepted,positive,0.022263266146183,0.0204912088811397,0.9572455883026124,0.9572455883026124,0.9349823221564292,high,medium,mixed_language,positive,reviewed,,positive,cardiffnlp/twitter-xlm-roberta-base-sentiment-multilingual,automatic_prelabel,positive | neutral | negative | uncertain,True,586,2026-06-18 19:05:01,human_manual_review,,,,,True,final_youtube_sentiment_825_balanced,2026-06-18 20:43:24,683,Great. Good encouragement. Ya Malaysia boleh 😊,Great. Good encouragement. Ya Malaysia boleh 😊,kept_original_english,none,positive,keep,current label is acceptable or ambiguous
YT_UgyiiP0QD8dPPPdVXbh4AaABAg,YouTube,top_level_comment,UgyiiP0QD8dPPPdVXbh4AaABAg,UgyiiP0QD8dPPPdVXbh4AaABAg,UGAL8690ngc,"Bantuan Asas Rahmah diteruskan: RM100 untuk  dewasa, RM500 untuk penerima miskin tegar - Anwar",KiniTV,https://www.youtube.com/watch?v=UGAL8690ngc,2026-01-05T06:06:45Z,cost_of_living_public_policy,Sukur alhamdulillah dapat lagi belanja dapur setiap bulan terima Kasih.perdana menteri negara ku Malaysia,dbeccc4aabbb62dbec16,2026-01-05T22:09:12Z,2026-01-05T22:09:12Z,6,1,True,True,none,,2026-06-17T15:11:40.741855+00:00,raw,,Sukur alhamdulillah dapat lagi belanja dapur setiap bulan terima Kasih.perdana menteri negara ku Malaysia,sukur alhamdulillah dapat lagi belanja dapur setiap bulan terima kasih perdana menteri negara ku malaysia,15,105,0,False,True,0,0,0,BM,id,2,0,,False,False,accepted,positive,0.0448280237615108,0.0411568023264408,0.9140151739120485,0.9140151739120485,0.8691871501505375,high,low,,positive,reviewed,,positive,cardiffnlp/twitter-xlm-roberta-base-sentiment-multilingual,automatic_prelabel,positive | neutral | negative | uncertain,True,629,2026-06-18 19:12:17,human_manual_review,,,,,True,final_youtube_sentiment_825_balanced,2026-06-18 20:43:24,628,Sukur alhamdulillah dapat lagi belanja dapur setiap bulan terima Kasih.perdana menteri negara ku Malaysia,Grateful to God to be able to shop for the kitchen every month again. Thank you. Prime Minister of my country Malaysia,translated,google_translate_auto_to_en,positive,keep,current label is acceptable or ambiguous
YT_UgyAr7X2W57jq5FnzvB4AaABAg,YouTube,top_level_comment,UgyAr7X2W57jq5FnzvB4AaABAg,UgyAr7X2W57jq5FnzvB4AaABAg,hXMCJ90cK7M,Car vs Public Transport in Malaysia. Who Wins?,Mr Money TV,https://www.youtube.com/watch?v=hXMCJ90cK7M,2025-05-23T12:42:56Z,transport_public_services,"I enquired on a TOD project near jelatek. D deal breaker for me was, it doesnt come with a car park space for the unit. For me, while i may not drive on weekday, it doesn't mean that weekend i dont need a car While grab is an option, there was once i was charged rm50 for a trip from pavillion bukit jalil to cyberjaya presint 8 at 2pm on a weekday. Not having a car and not much ofnother choice, i felt i was held ransom. So yeah, developers - car park space iss still crucial",c4f80a3d6f28c6933fdd,2025-05-26T05:50:39Z,2025-05-26T05:56:49Z,0,0,True,True,none,,2026-06-17T15:11:46.926467+00:00,raw,,"I enquired on a TOD project near jelatek. D deal breaker for me was, it doesnt come with a car park space for the unit. For me, while i may not drive on weekday, it doesn't mean that weekend i dont need a car While grab is an option, there was once i was charged rm50 for a trip from pavillion bukit jalil to cyberjaya presint 8 at 2pm on a weekday. Not having a car and not much ofnother choice, i felt i was held ransom. So yeah, developers - car park space iss still crucial",i enquired on a tod project near jelatek d deal breaker for me was it doesnt come with a car park space for the unit for me while i may not drive on weekday it doesn t mean that weekend i dont need a car while grab is an option there was once i was charged rm50 for a trip from pavillion bukit jalil to cyberjaya presint 8 at 2pm on a weekday not having a car and not much ofnother choice i felt i was held ransom so yeah developers car park space iss still crucial,96,477,0,False,True,0,0,0,EN,en,0,7,,False,False,accepted,neutral,0.3953567743301391,0.4282218515872955,0.1764214485883712,0.4282218515872955,0.0328650772571563,low,high,low_confidence | small_probability_margin | neutral_prediction,negative,reviewed,,negative,cardiffnlp/twitter-xlm-roberta-base-sentiment-multilingual,automatic_prelabel,positive | neutral | negative | uncertain,True,55,2026-06-18 15:37:09,human_manual_review,,,,,True,final_youtube_sentiment_825_balanced,2026-06-18 20:43:24,561,"I enquired on a TOD project near jelatek. D deal breaker for me was, it doesnt come with a car park space for the unit. For me, while i may not drive on weekday, it doesn't mean that weekend i dont need a car While grab is an option, there was once i was charged rm50 for a trip from pavillion bukit jalil to cyberjaya presint 8 at 2pm on a weekday. Not having a car and not much ofnother choice, i felt i was held ransom. So yeah, developers - car park space iss still crucial","I enquired on a TOD project near jelatek. D deal breaker for me was, it doesnt come with a car park space for the unit. For me, while i may not drive on weekday, it doesn't mean that weekend i dont need a car While grab is an option, there was once i was charged rm50 for a trip from pavillion bukit jalil to cyberjaya presint 8 at 2pm on a weekday. Not having a car and not much ofnother choice, i felt i was held ransom. So yeah, developers - car park space iss still crucial",kept_original_english,none,negative,keep,current label is acceptable or ambiguous
YT_UgzpPSKE_mXEuxPIWfJ4AaABAg,YouTube,top_level_comment,UgzpPSKE_mXEuxPIWfJ4AaABAg,UgzpPSKE_mXEuxPIWfJ4AaABAg,0zi0v_kJ7BE,"Belanjawan 2026: Bantuan tunai STR dikurang RM300, Sara naik",KiniTV,https://www.youtube.com/watch?v=0zi0v_kJ7BE,2025-10-13T05:24:51Z,cost_of_living_public_policy,Pimai pimai tang tu juga..potong str 300..tambah 50 tuk sara...250 baki masuk poket madanon..,6ad2a2e093dde51b8da8,2025-12-21T11:50:08Z,2025-12-21T11:50:08Z,0,0,True,True,none,,2026-06-17T15:11:41.175798+00:00,raw,,Pimai pimai tang tu juga..potong str 300..tambah 50 tuk sara..250 baki masuk poket madanon..,pimai pimai tang tu juga potong str 300 tambah 50 tuk sara 250 baki masuk poket madanon,17,92,0,False,True,0,0,0,BM,id,1,0,,False,False,accepted,neutral,0.2888833582401275,0.4291259348392486,0.2819907367229461,0.4291259348392486,0.1402425765991211,low,high,low_confidence | small_probability_margin | neutral_prediction,negative,reviewed,,negative,cardiffnlp/twitter-xlm-roberta-base-sentiment-multilingual,automatic_prelabel,positive | neutral | negative | uncertain,True,58,2026-06-18 15:37:32,human_manual_review,,,,,True,final_youtube_sentiment_825_balanced,2026-06-18 20:43:24,18,Pimai pimai tang tu juga..potong str 300..tambah 50 tuk sara..250 baki masuk poket madanon..,Pimai pimai but this too .. cut str 300 .. add 50 tuk sara .. 250 tray into the pocket madanon ..,translated,google_translate_auto_to_en,negative,keep,current label is acceptable or ambiguous
YT_Ugx2WLL5LG6fe1aFZxt4AaABAg,YouTube,top_level_comment,Ugx2WLL5LG6fe1aFZxt4AaABAg,Ugx2WLL5LG6fe1aFZxt4AaABAg,UGAL8690ngc,"Bantuan Asas Rahmah diteruskan: RM100 untuk  dewasa, RM500 untuk penerima miskin tegar - Anwar",KiniTV,https://www.youtube.com/watch?v=UGAL8690ngc,2026-01-05T06:06:45Z,cost_of_living_public_policy,Yea btl barang basah Lulus kan lah terima kaseh.,0565eb9ba193b8c48c7d,2026-01-06T10:43:47Z,2026-01-06T10:43:47Z,0,0,True,True,none,,2026-06-17T15:11:40.406121+00:00,raw,,Yea btl barang basah Lulus kan lah terima kaseh.,yea btl barang basah lulus kan lah terima kaseh,9,48,0,False,True,0,0,0,BM,id,3,0,,False,False,accepted,positive,0.135365292429924,0.2259424477815628,0.6386922001838684,0.6386922001838684,0.4127497524023056,medium,medium,medium_confidence,positive,reviewed,Added from reviewed positive supplement,positive,cardiffnlp/twitter-xlm-roberta-base-sentiment-multilingual,automatic_prelabel,,False,62,2026-06-18 20:33:38,human_manual_review_positive_supplement,available,,positive_shortage_after_manual_review,positive,True,final_youtube_sentiment_825_balanced,2026-06-18 20:43:24,582,Yea btl barang basah Lulus kan lah terima kaseh.,"Yes, no wet items. Passed, thank you.",translated,google_translate_auto_to_en,positive,keep,current label is acceptable or ambiguous
YT_Ugx8J-Zo9_-Wo2cYCKR4AaABAg,YouTube,top_level_comment,Ugx8J-Zo9_-Wo2cYCKR4AaABAg,Ugx8J-Zo9_-Wo2cYCKR4AaABAg,dDRZ6AZbcfw,Malaysian Hawker Fights To Keep His Noodles Affordable As Food Prices Rise | Money Mind | Inflation,CNA Insider,https://www.youtube.com/watch?v=dDRZ6AZbcfw,2025-11-25T14:01:10Z,cost_of_living_public_policy,"I think it's unreasonable for us customers to expect prices to remain while honest vendors eat themselves alive. When all these good vendors can no longer sustain and go under, the only choices we have left will be those unscrupulous ones.",a8be47e105e184c9626e,2025-11-26T08:45:49Z,2025-11-26T08:45:49Z,3,0,True,True,none,,2026-06-17T15:11:42.418639+00:00,raw,,"I think it's unreasonable for us customers to expect prices to remain while honest vendors eat themselves alive. When all these good vendors can no longer sustain and go under, the only choices we have left will be those unscrupulous ones.",i think it s unreasonable for us customers to expect prices to remain while honest vendors eat themselves alive when all these good vendors can no longer sustain and go under the only choices we have left will be those unscrupulous ones,41,239,0,False,True,0,0,0,EN,en,0,6,,False,False,accepted,negative,0.9768641591072084,0.0135908154770731,0.0095450719818472,0.9768641591072084,0.9632733436301352,high,low,,neutral,reviewed,,neutral,cardiffnlp/twitter-xlm-roberta-base-sentiment-multilingual,automatic_prelabel,positive | neutral | negative | uncertain,True,793,2026-06-18 19:51:11,human_manual_review,,,,,True,final_youtube_sentiment_825_balanced,2026-06-18 20:43:24,530,"I think it's unreasonable for us customers to expect prices to remain while honest vendors eat themselves alive. When all these good vendors can no longer sustain and go under, the only choices we have left will be those unscrupulous ones.","I think it's unreasonable for us customers to expect prices to remain while honest vendors eat themselves alive. When all these good vendors can no longer sustain and go under, the only choices we have left will be those unscrupulous ones.",kept_original_english,none,neutral,keep,current label is acceptable or ambiguous
YT_UgzI_PkePsCns_JgHdJ4AaABAg,YouTube,top_level_comment,UgzI_PkePsCns_JgHdJ4AaABAg,UgzI_PkePsCns_JgHdJ4AaABAg,lWY3O9pFexo,KOS SARA HIDUP | PM Umum Butiran Penghargaan Untuk Rakyat Esok (BU),Buletin TV3,https://www.youtube.com/watch?v=lWY3O9pFexo,2025-07-22T12:11:44Z,cost_of_living_public_policy,"Ko pusing sana sini,,Rakyat nak ko letak jawatan.",0f7693cb18a45ae61b4f,2025-07-22T15:11:22Z,2025-07-22T15:11:22Z,5,5,True,True,none,,2026-06-17T15:11:38.331109+00:00,raw,,"Ko pusing sana sini,,Rakyat nak ko letak jawatan.",ko pusing sana sini rakyat nak ko letak jawatan,9,49,0,False,True,0,0,0,BM,id,2,0,,False,False,accepted,negative,0.9368036389350892,0.0280549954622983,0.03514139726758,0.9368036389350892,0.9016622416675092,high,low,,negative,reviewed,,negative,cardiffnlp/twitter-xlm-roberta-base-sentiment-multilingual,automatic_prelabel,positive | neutral | negative | uncertain,True,648,2026-06-18 19:14:53,human_manual_review,,,,,True,final_youtube_sentiment_825_balanced,2026-06-18 20:43:24,312,"Ko pusing sana sini,,Rakyat nak ko letak jawatan.","I'm turning here and there, The people want me to resign.",translated,google_translate_auto_to_en,neutral,relabel,translated English appears informational/unclear rather than explicit sentiment
YT_UgxRnrRw064gOE41C2h4AaABAg,YouTube,top_level_comment,UgxRnrRw064gOE41C2h4AaABAg,UgxRnrRw064gOE41C2h4AaABAg,J5SEcQAe1AM,Why Malaysia Forces You to Own a Car,UrbanShiftMY,https://www.youtube.com/watch?v=J5SEcQAe1AM,2026-05-11T05:16:17Z,transport_public_services,"What if...if laaaaa😂 we all do one event all go by bicycle or electric skater to work on Monday? If can, we do poll and set a date 🙂‍↕️ no car no bike hahah...okay la bike can Bike, bicycle and electric skate (KL Area)..can do trial for a day",2be1ffbee55531e16f8f,2026-05-24T22:16:31Z,2026-05-24T22:18:16Z,2,0,True,True,none,,2026-06-17T15:11:48.077245+00:00,raw,,"What if..if laaaaa😂 we all do one event all go by bicycle or electric skater to work on Monday? If can, we do poll and set a date 🙂↕️ no car no bike hahah..okay la bike can Bike, bicycle and electric skate (KL Area)..can do trial for a day",what if if laaaaa we all do one event all go by bicycle or electric skater to work on monday if can we do poll and set a date no car no bike hahah okay la bike can bike bicycle and electric skate kl area can do trial for a day,51,239,3,False,True,0,0,0,EN,en,0,3,,False,False,accepted,neutral,0.1424412280321121,0.4351686537265777,0.4223901033401489,0.4351686537265777,0.0127785503864288,low,high,low_confidence | small_probability_margin | neutral_prediction,positive,reviewed,,positive,cardiffnlp/twitter-xlm-roberta-base-sentiment-multilingual,automatic_prelabel,positive | neutral | negative | uncertain,True,63,2026-06-18 15:38:17,human_manual_review,,,,,True,final_youtube_sentiment_825_balanced,2026-06-18 20:43:24,201,"What if..if laaaaa😂 we all do one event all go by bicycle or electric skater to work on Monday? If can, we do poll and set a date 🙂↕️ no car no bike hahah..okay la bike can Bike, bicycle and electric skate (KL Area)..can do trial for a day","What if..if laaaaa😂 we all do one event all go by bicycle or electric skater to work on Monday? If can, we do poll and set a date 🙂↕️ no car no bike hahah..okay la bike can Bike, bicycle and electric skate (KL Area)..can do trial for a day",kept_original_english,none,positive,keep,current label is acceptable or ambiguous
YT_Ugz3fdvGjXwLt8GtLpB4AaABAg,YouTube,top_level_comment,Ugz3fdvGjXwLt8GtLpB4AaABAg,Ugz3fdvGjXwLt8GtLpB4AaABAg,mVmYibok-7A,[TERKINI] MOF sekat MyKad individu salah guna subsidi BUDI95,Astro AWANI,https://www.youtube.com/watch?v=mVmYibok-7A,2026-03-23T23:22:33Z,cost_of_living_public_policy,nasib baik saya guna mesin rumput double AA Li Po Mah 10000w (Ultra senyap potong rumput..awa apa tau..created barang sendiri pon tak reti.),2db81f5f6c19a8226d2d,2026-03-24T23:39:14Z,2026-03-24T23:39:14Z,0,0,True,True,none,,2026-06-17T15:11:39.037108+00:00,raw,,nasib baik saya guna mesin rumput double AA Li Po Mah 10000w (Ultra senyap potong rumput..awa apa tau..created barang sendiri pon tak reti.),nasib baik saya guna mesin rumput double aa li po mah 10000w ultra senyap potong rumput awa apa tau created barang sendiri pon tak reti,25,140,0,False,True,0,0,0,BM,id,3,0,,False,False,accepted,neutral,0.2998469471931457,0.3580791056156158,0.3420739769935608,0.3580791056156158,0.016005128622055,low,high,low_confidence | small_probability_margin | neutral_prediction,negative,reviewed,,negative,cardiffnlp/twitter-xlm-roberta-base-sentiment-multilingual,automatic_prelabel,positive | neutral | negative | uncertain,True,8,2026-06-18 15:21:29,human_manual_review,,,,,True,final_youtube_sentiment_825_balanced,2026-06-18 20:43:24,162,nasib baik saya guna mesin rumput double AA Li Po Mah 10000w (Ultra senyap potong rumput..awa apa tau..created barang sendiri pon tak reti.),"Good luck, I use a double AA Li Po Mah 10000w lawn machine (Ultra quiet for cutting grass...what do you know...created my own stuff, no problem.)",translated,google_translate_auto_to_en,negative,relabel,negative cues outweigh positive label after translation
YT_UgxoE-QWTYow_jqt2vV4AaABAg,YouTube,top_level_comment,UgxoE-QWTYow_jqt2vV4AaABAg,UgxoE-QWTYow_jqt2vV4AaABAg,MpBToZaCuWE,LRT derailment: Commuters want track and train maintenance to be enhanced,The Star,https://www.youtube.com/watch?v=MpBToZaCuWE,2026-05-28T08:54:43Z,transport_public_services,"Its so sad to hear all these matters. The Government buys expensive machineries and equipments, But always management and maintenance is never abided. Sad, always Rakyat are the victims.😮",3d31ce37ab097898bc9e,2026-05-28T12:54:02Z,2026-05-28T12:54:43Z,0,0,True,True,none,,2026-06-17T15:11:46.538691+00:00,raw,,"Its so sad to hear all these matters. The Government buys expensive machineries and equipments, But always management and maintenance is never abided. Sad, always Rakyat are the victims.😮",its so sad to hear all these matters the government buys expensive machineries and equipments but always management and maintenance is never abided sad always rakyat are the victims,29,187,1,False,True,0,0,0,MIXED,en,1,6,,False,False,accepted,negative,0.9799906015396118,0.0110779237002134,0.0089314337819814,0.9799906015396118,0.9689126778393984,high,medium,mixed_language,negative,reviewed,,negative,cardiffnlp/twitter-xlm-roberta-base-sentiment-multilingual,automatic_prelabel,positive | neutral | negative | uncertain,True,606,2026-06-18 19:07:08,human_manual_review,,,,,True,final_youtube_sentiment_825_balanced,2026-06-18 20:43:24,321,"Its so sad to hear all these matters. The Government buys expensive machineries and equipments, But always management and maintenance is never abided. Sad, always Rakyat are the victims.😮","Its so sad to hear all these matters. The Government buys expensive machineries and equipments, But always management and maintenance is never abided. Sad, always Rakyat are the victims.😮",kept_original_english,none,negative,keep,current label is acceptable or ambiguous
YT_Ugx-_E8U6uAHvL_upvp4AaABAg,YouTube,top_level_comment,Ugx-_E8U6uAHvL_upvp4AaABAg,Ugx-_E8U6uAHvL_upvp4AaABAg,L-iPwc5b3oI,Malaysia rolls out the welcome mat for first tourists of 2026,The Star,https://www.youtube.com/watch?v=L-iPwc5b3oI,2026-01-01T05:54:35Z,tourism_lifestyle_events,So cute our Malayan Sun Bears mascot!,465d029c5cf45b6fd55a,2026-01-01T16:51:38Z,2026-01-01T16:51:38Z,2,0,True,True,none,,2026-06-17T15:11:45.906509+00:00,raw,,So cute our Malayan Sun Bears mascot!,so cute our malayan sun bears mascot,7,37,0,False,True,0,0,0,EN,en,0,0,,False,False,accepted,positive,0.0069710393436253,0.0098277078941464,0.9832012057304382,0.9832012057304382,0.9733734978362918,high,low,,neutral,reviewed,,neutral,cardiffnlp/twitter-xlm-roberta-base-sentiment-multilingual,automatic_prelabel,positive | neutral | negative | uncertain,True,821,2026-06-18 19:54:06,human_manual_review,,,,,True,final_youtube_sentiment_825_balanced,2026-06-18 20:43:24,188,So cute our Malayan Sun Bears mascot!,So cute our Malayan Sun Bears mascot!,kept_original_english,none,neutral,keep,current label is acceptable
YT_UgyMkHGxjq9twZm31u94AaABAg,YouTube,top_level_comment,UgyMkHGxjq9twZm31u94AaABAg,UgyMkHGxjq9twZm31u94AaABAg,3Pk956RGn7o,10 MENU SCAM PALING PELIK DI BAZAR RAMADAN,Faktaw Channel,https://www.youtube.com/watch?v=3Pk956RGn7o,2025-03-22T08:00:02Z,festivals_national_events,"✨❤‍🔥🔥 Giveaway Sempena Raya! 🔥❤‍🔥✨ Cara-cara untuk sertai 👇🏻 Korang perlu pergi ke channel @FaktawShorts, Komen pengalaman paling lawak masa puasa atau raya korang 🌙 dan jangan lupa gunakan hashtag #FaktawRaya2025 untuk video shorts sepanjang bulan puasa ini. 🎬📲 * 5 pemenang akan dipilih secara random. 🎲 * 5 lagi pemenang akan dipilih berdasarkan komen yang paling lawak atau menarik! 😍 10 orang pemenang ini berpeluang memenangi hadiah keseluruhan bernilai RM1,000! ✨🎁 Good Luck korang dan selamat menonton 📺💪🏻🔥",152fe6a92cf96740c8d1,2025-03-22T08:01:17Z,2025-03-22T08:01:17Z,140,26,True,True,none,,2026-06-17T15:11:43.540856+00:00,raw,,"✨❤🔥🔥 Giveaway Sempena Raya! 🔥❤🔥✨ Cara-cara untuk sertai 👇🏻 Korang perlu pergi ke channel USER_MENTION , Komen pengalaman paling lawak masa puasa atau raya korang 🌙 dan jangan lupa gunakan hashtag FaktawRaya2025 untuk video shorts sepanjang bulan puasa ini. 🎬📲 * 5 pemenang akan dipilih secara random. 🎲 * 5 lagi pemenang akan dipilih berdasarkan komen yang paling lawak atau menarik! 😍 10 orang pemenang ini berpeluang memenangi hadiah keseluruhan bernilai RM1,000! ✨🎁 Good Luck korang dan selamat menonton 📺💪🏻🔥",giveaway sempena raya cara cara untuk sertai korang perlu pergi ke channel user_mention komen pengalaman paling lawak masa puasa atau raya korang dan jangan lupa gunakan hashtag faktawraya2025 untuk video shorts sepanjang bulan puasa ini 5 pemenang akan dipilih secara random 5 lagi pemenang akan dipilih berdasarkan komen yang paling lawak atau menarik 10 orang pemenang ini berpeluang memenangi hadiah keseluruhan bernilai rm1 000 good luck korang dan selamat menonton,69,511,19,False,True,0,1,1,MIXED,id,6,1,,False,False,accepted,positive,0.085501842200756,0.3753584325313568,0.5391397476196289,0.5391397476196289,0.1637813150882721,low,high,low_confidence | mixed_language,positive,reviewed,,positive,cardiffnlp/twitter-xlm-roberta-base-sentiment-multilingual,automatic_prelabel,positive | neutral | negative | uncertain,True,228,2026-06-18 16:52:04,human_manual_review,,,,,True,final_youtube_sentiment_825_balanced,2026-06-18 20:43:24,678,"✨❤🔥🔥 Giveaway Sempena Raya! 🔥❤🔥✨ Cara-cara untuk sertai 👇🏻 Korang perlu pergi ke channel USER_MENTION , Komen pengalaman paling lawak masa puasa atau raya korang 🌙 dan jangan lupa gunakan hashtag FaktawRaya2025 untuk video shorts sepanjang bulan puasa ini. 🎬📲 * 5 pemenang akan dipilih secara random. 🎲 * 5 lagi pemenang akan dipilih berdasarkan komen yang paling lawak atau menarik! 😍 10 orang pemenang ini berpeluang memenangi hadiah keseluruhan bernilai RM1,000! ✨🎁 Good Luck korang dan selamat menonton 📺💪🏻🔥","✨❤🔥🔥 Raya Giveaway! 🔥❤🔥✨ How to participate 👇🏻 You need to go to the USER_MENTION channel, comment on your funniest experience during fasting or Raya 🌙 and don't forget to use the hashtag FaktawRaya2025 for video shorts throughout this fasting month. 🎬📲 * 5 winners will be chosen randomly. 🎲 * 5 more winners will be chosen based on the funniest or most interesting comments! 😍 These 10 winners have a chance to win a total prize worth RM1,000! ✨🎁 Good luck to you guys and enjoy watching 📺💪🏻🔥",translated,google_translate_auto_to_en,positive,keep,current label is acceptable or ambiguous
YT_UgzawMzaUUtqqjKCJkp4AaABAg,YouTube,top_level_comment,UgzawMzaUUtqqjKCJkp4AaABAg,UgzawMzaUUtqqjKCJkp4AaABAg,MpBToZaCuWE,LRT derailment: Commuters want track and train maintenance to be enhanced,The Star,https://www.youtube.com/watch?v=MpBToZaCuWE,2026-05-28T08:54:43Z,transport_public_services,Too much corruption this stupid MALAYSIA.....created by the one and only 100yo dictator...Malaysia will never progress due to wrong fundamental,c0d0d9ddaa540e49695f,2026-05-28T09:22:11Z,2026-05-28T09:22:11Z,0,0,True,True,none,,2026-06-17T15:11:46.539367+00:00,raw,,Too much corruption this stupid MALAYSIA..created by the one and only 100yo dictator..Malaysia will never progress due to wrong fundamental,too much corruption this stupid malaysia created by the one and only 100yo dictator malaysia will never progress due to wrong fundamental,22,139,0,False,True,0,0,0,MIXED,en,1,3,,False,False,accepted,negative,0.9617554545402528,0.0188598241657018,0.019384691491723,0.9617554545402528,0.9423707630485296,high,medium,mixed_language,negative,reviewed,,negative,cardiffnlp/twitter-xlm-roberta-base-sentiment-multilingual,automatic_prelabel,positive | neutral | negative | uncertain,True,590,2026-06-18 19:05:41,human_manual_review,,,,,True,final_youtube_sentiment_825_balanced,2026-06-18 20:43:24,37,Too much corruption this stupid MALAYSIA..created by the one and only 100yo dictator..Malaysia will never progress due to wrong fundamental,Too much corruption this stupid MALAYSIA..created by the one and only 100yo dictator..Malaysia will never progress due to wrong fundamental,kept_original_english,none,negative,keep,current label is acceptable or ambiguous
YT_UgxhJ0LHSbzCvIR6ZZ94AaABAg,YouTube,top_level_comment,UgxhJ0LHSbzCvIR6ZZ94AaABAg,UgxhJ0LHSbzCvIR6ZZ94AaABAg,qlQj6Zlgc-M,MyDigital ID akan diwajibkan untuk akses aplikasi MyJPJ & MyBayar PDRM!,SoyaCincau BM,https://www.youtube.com/watch?v=qlQj6Zlgc-M,2025-08-27T12:39:08Z,technology_digital_services,Menyusahkan betul..aku try masuk x lepas2 aiyo....,1653c226120facb7389a,2026-04-29T09:13:42Z,2026-04-29T09:13:42Z,1,1,True,True,none,,2026-06-17T15:11:45.563404+00:00,raw,,Menyusahkan betul..aku try masuk x lepas2 aiyo..,menyusahkan betul aku try masuk x lepas2 aiyo,8,48,0,False,True,0,0,0,BM,id,1,0,,False,False,accepted,negative,0.9572492837905884,0.0220967326313257,0.0206540338695049,0.9572492837905884,0.9351525511592628,high,low,,negative,reviewed,,negative,cardiffnlp/twitter-xlm-roberta-base-sentiment-multilingual,automatic_prelabel,positive | neutral | negative | uncertain,True,713,2026-06-18 20:01:04,human_manual_review,,,,,True,final_youtube_sentiment_825_balanced,2026-06-18 20:43:24,721,Menyusahkan betul..aku try masuk x lepas2 aiyo..,It's really troublesome.. I tried to log in and it didn't work..,translated,google_translate_auto_to_en,positive,relabel,positive/supportive cues outweigh negative label after translation
YT_Ugx1zFTqB3MhHrmzKm14AaABAg,YouTube,top_level_comment,Ugx1zFTqB3MhHrmzKm14AaABAg,Ugx1zFTqB3MhHrmzKm14AaABAg,FgMUKH-xEec,"Kerajaan setuju semakan tarik subsidi minyak golongan berpendapatan tinggi, kata PM",Free Malaysia Today,https://www.youtube.com/watch?v=FgMUKH-xEec,2026-05-10T09:06:58Z,cost_of_living_public_policy,awal awal dah patut buat semakan la. Billionaire Malaysia pun dapat Rahmah 100. b0d0 betul,91c06dbde729dd583e4c,2026-05-11T03:12:54Z,2026-05-11T03:12:54Z,0,0,True,True,none,,2026-06-17T15:11:41.872134+00:00,raw,,awal awal dah patut buat semakan la. Billionaire Malaysia pun dapat Rahmah 100. b0d0 betul,awal awal dah patut buat semakan la billionaire malaysia pun dapat rahmah 100 b0d0 betul,15,90,0,False,True,0,0,0,BM,id,3,0,,False,False,accepted,positive,0.1557533144950866,0.1401412785053253,0.7041054368019104,0.7041054368019104,0.5483521223068237,medium,medium,medium_confidence,negative,reviewed,,negative,cardiffnlp/twitter-xlm-roberta-base-sentiment-multilingual,automatic_prelabel,positive | neutral | negative | uncertain,True,399,2026-06-18 18:33:34,human_manual_review,,,,,True,final_youtube_sentiment_825_balanced,2026-06-18 20:43:24,500,awal awal dah patut buat semakan la. Billionaire Malaysia pun dapat Rahmah 100. b0d0 betul,It should be checked early. Billionaire Malaysia also got Rahmah 100. b0d0 is right,translated,google_translate_auto_to_en,positive,relabel,positive/supportive cues outweigh negative label after translation
YT_Ugzo0rFRPrQ4SY8_bA54AaABAg,YouTube,top_level_comment,Ugzo0rFRPrQ4SY8_bA54AaABAg,Ugzo0rFRPrQ4SY8_bA54AaABAg,J5SEcQAe1AM,Why Malaysia Forces You to Own a Car,UrbanShiftMY,https://www.youtube.com/watch?v=J5SEcQAe1AM,2026-05-11T05:16:17Z,transport_public_services,I love to drive because I am a car enthusiast. But I just never like to drive in traffic jem 👽,2b266db578b782c2fed7,2026-05-14T23:54:18Z,2026-05-14T23:54:18Z,0,0,True,True,none,,2026-06-17T15:11:48.079788+00:00,raw,,I love to drive because I am a car enthusiast. But I just never like to drive in traffic jem 👽,i love to drive because i am a car enthusiast but i just never like to drive in traffic jem,20,94,1,False,True,0,0,0,EN,en,0,3,,False,False,accepted,positive,0.193420872092247,0.1158602312207222,0.6907188892364502,0.6907188892364502,0.4972980171442032,medium,medium,medium_confidence,neutral,reviewed,,neutral,cardiffnlp/twitter-xlm-roberta-base-sentiment-multilingual,automatic_prelabel,positive | neutral | negative | uncertain,True,385,2026-06-18 18:31:28,human_manual_review,,,,,True,final_youtube_sentiment_825_balanced,2026-06-18 20:43:24,570,I love to drive because I am a car enthusiast. But I just never like to drive in traffic jem 👽,I love to drive because I am a car enthusiast. But I just never like to drive in traffic jem 👽,kept_original_english,none,neutral,keep,current label is acceptable or ambiguous
YT_Ugy6XDQYqTEumpUI1xJ4AaABAg,YouTube,top_level_comment,Ugy6XDQYqTEumpUI1xJ4AaABAg,Ugy6XDQYqTEumpUI1xJ4AaABAg,L-iPwc5b3oI,Malaysia rolls out the welcome mat for first tourists of 2026,The Star,https://www.youtube.com/watch?v=L-iPwc5b3oI,2026-01-01T05:54:35Z,tourism_lifestyle_events,Datuk u should learn to smile so that ur looks more welcoming and friendly. I know I can do it datuk...Malaysia boleh! 😁,8759a667ef3d2e915f45,2026-01-01T14:57:37Z,2026-01-01T15:03:21Z,0,1,True,True,none,,2026-06-17T15:11:45.906577+00:00,raw,,Datuk u should learn to smile so that ur looks more welcoming and friendly. I know I can do it datuk..Malaysia boleh! 😁,datuk u should learn to smile so that ur looks more welcoming and friendly i know i can do it datuk malaysia boleh,23,119,1,False,True,0,0,0,MIXED,en,2,4,,False,False,accepted,positive,0.0723113715648651,0.0995500609278678,0.828138530254364,0.828138530254364,0.7285884693264961,high,medium,mixed_language,positive,reviewed,Added from reviewed positive supplement,positive,cardiffnlp/twitter-xlm-roberta-base-sentiment-multilingual,automatic_prelabel,,False,32,2026-06-18 20:33:38,human_manual_review_positive_supplement,available,,positive_shortage_after_manual_review,positive,True,final_youtube_sentiment_825_balanced,2026-06-18 20:43:24,516,Datuk u should learn to smile so that ur looks more welcoming and friendly. I know I can do it datuk..Malaysia boleh! 😁,Datuk u should learn to smile so that ur looks more welcoming and friendly. I know I can do it datuk..Malaysia boleh! 😁,kept_original_english,none,neutral,relabel,translated English appears informational/unclear rather than explicit sentiment
YT_UgzkYq-LxboAxHxNzbl4AaABAg,YouTube,top_level_comment,UgzkYq-LxboAxHxNzbl4AaABAg,UgzkYq-LxboAxHxNzbl4AaABAg,oULUeT07fa0,JPJ MALAYSIA? ADA APA APA JAWAPAN KE? SITA KENDERAAN ORANG SAMPAI BERBULAN BULAN? TERIMA KASIH SINGH,Bossrul Channel,https://www.youtube.com/watch?v=oULUeT07fa0,2025-07-01T02:14:17Z,transport_public_services,Pakai Peguam atau lawyer CTS Mont kiara level 3 KL,185f892746f93e858508,2025-07-07T23:46:46Z,2025-07-07T23:46:46Z,0,0,True,True,none,,2026-06-17T15:11:48.877459+00:00,raw,,Pakai Peguam atau lawyer CTS Mont kiara level 3 KL,pakai peguam atau lawyer cts mont kiara level 3 kl,10,50,0,False,True,0,0,0,BM,id,0,0,,False,False,accepted,neutral,0.0872496962547302,0.8068289160728455,0.1059213727712631,0.8068289160728455,0.7009075433015823,high,medium,neutral_prediction,neutral,reviewed,,neutral,cardiffnlp/twitter-xlm-roberta-base-sentiment-multilingual,automatic_prelabel,positive | neutral | negative | uncertain,True,539,2026-06-18 18:58:53,human_manual_review,,,,,True,final_youtube_sentiment_825_balanced,2026-06-18 20:43:24,741,Pakai Peguam atau lawyer CTS Mont kiara level 3 KL,Use a lawyer or CTS Mont kiara level 3 KL lawyer,translated,google_translate_auto_to_en,neutral,keep,current label is acceptable
YT_Ugz8nYKF07osYkvMa794AaABAg,YouTube,top_level_comment,Ugz8nYKF07osYkvMa794AaABAg,Ugz8nYKF07osYkvMa794AaABAg,MpBToZaCuWE,LRT derailment: Commuters want track and train maintenance to be enhanced,The Star,https://www.youtube.com/watch?v=MpBToZaCuWE,2026-05-28T08:54:43Z,transport_public_services,Bila last tahun diaorg buat insepction untuk track?,44f30e06d4651a3f04ae,2026-05-29T06:42:04Z,2026-05-29T06:42:04Z,0,0,True,True,none,,2026-06-17T15:11:46.538359+00:00,raw,,Bila last tahun diaorg buat insepction untuk track?,bila last tahun diaorg buat insepction untuk track,8,51,0,False,True,0,0,0,BM,id,1,0,,False,False,accepted,neutral,0.1462182998657226,0.7437922358512878,0.1099894791841507,0.7437922358512878,0.5975739359855652,medium,medium,medium_confidence | neutral_prediction,neutral,reviewed,,neutral,cardiffnlp/twitter-xlm-roberta-base-sentiment-multilingual,automatic_prelabel,positive | neutral | negative | uncertain,True,432,2026-06-18 18:38:43,human_manual_review,,,,,True,final_youtube_sentiment_825_balanced,2026-06-18 20:43:24,268,Bila last tahun diaorg buat insepction untuk track?,When did the inspection for the track last year?,translated,google_translate_auto_to_en,neutral,keep,current label is acceptable
YT_UgyhfKF5u18YTjs-Z3R4AaABAg,YouTube,top_level_comment,UgyhfKF5u18YTjs-Z3R4AaABAg,UgyhfKF5u18YTjs-Z3R4AaABAg,hXMCJ90cK7M,Car vs Public Transport in Malaysia. Who Wins?,Mr Money TV,https://www.youtube.com/watch?v=hXMCJ90cK7M,2025-05-23T12:42:56Z,transport_public_services,"Klang, shah alam puchong subang pj bandar sungai long elmina ampang, taman muda hospital ampang bandar baru ampang hulu klang bukit antarbangsar kapar puncak jalil puncak alam bukit jelutong setia ALAM kota kemuning pandan perdana, pandan prima, pandan utama shamelin perkasa kg cheras baru desa pandan, desa tasik desa tun razak desa petaling alam damai damai perdana pulau indah hulu langat kuala langat kuala selangor hulu selangor hulu langat kuala langat semenyih bangi kajang cheras hartamas pudu ulu rawang selayang banting sungai pelek tanjubg sepat sungai besar sri kembangan/ serdang dont have any lrt mrt stn",246824094ac50dab04c2,2025-05-23T14:54:03Z,2025-05-23T14:54:03Z,0,1,True,True,none,,2026-06-17T15:11:46.928341+00:00,raw,,"Klang, shah alam puchong subang pj bandar sungai long elmina ampang, taman muda hospital ampang bandar baru ampang hulu klang bukit antarbangsar kapar puncak jalil puncak alam bukit jelutong setia ALAM kota kemuning pandan perdana, pandan prima, pandan utama shamelin perkasa kg cheras baru desa pandan, desa tasik desa tun razak desa petaling alam damai damai perdana pulau indah hulu langat kuala langat kuala selangor hulu selangor hulu langat kuala langat semenyih bangi kajang cheras hartamas pudu ulu rawang selayang banting sungai pelek tanjubg sepat sungai besar sri kembangan/ serdang dont have any lrt mrt stn",klang shah alam puchong subang pj bandar sungai long elmina ampang taman muda hospital ampang bandar baru ampang hulu klang bukit antarbangsar kapar puncak jalil puncak alam bukit jelutong setia alam kota kemuning pandan perdana pandan prima pandan utama shamelin perkasa kg cheras baru desa pandan desa tasik desa tun razak desa petaling alam damai damai perdana pulau indah hulu langat kuala langat kuala selangor hulu selangor hulu langat kuala langat semenyih bangi kajang cheras hartamas pudu ulu rawang selayang banting sungai pelek tanjubg sepat sungai besar sri kembangan serdang dont have any lrt mrt stn,96,619,0,False,True,0,0,0,BM,id,0,0,,False,False,accepted,neutral,0.142400860786438,0.500342607498169,0.3572564721107483,0.500342607498169,0.1430861353874206,low,high,low_confidence | small_probability_margin | neutral_prediction,negative,reviewed,,negative,cardiffnlp/twitter-xlm-roberta-base-sentiment-multilingual,automatic_prelabel,positive | neutral | negative | uncertain,True,148,2026-06-18 15:52:58,human_manual_review,,,,,True,final_youtube_sentiment_825_balanced,2026-06-18 20:43:24,310,"Klang, shah alam puchong subang pj bandar sungai long elmina ampang, taman muda hospital ampang bandar baru ampang hulu klang bukit antarbangsar kapar puncak jalil puncak alam bukit jelutong setia ALAM kota kemuning pandan perdana, pandan prima, pandan utama shamelin perkasa kg cheras baru desa pandan, desa tasik desa tun razak desa petaling alam damai damai perdana pulau indah hulu langat kuala langat kuala selangor hulu selangor hulu langat kuala langat semenyih bangi kajang cheras hartamas pudu ulu rawang selayang banting sungai pelek tanjubg sepat sungai besar sri kembangan/ serdang dont have any lrt mrt stn","Klang, shah alam puchong subang pj town sungai long elmina ampang, youth park ampang hospital new town ampang hulu klang bukit antarbangsar kapar peak jalil peak alam hill jelutong setia ALAM kota kemuning pandan pandan, pandan prima, pandan utama shamelin perkasa kg cheras baru pandan village, village lake village tun razak village petaling nature peace damai perdana island indah hulu langat kuala langat kuala selangor hulu selangor hulu langat kuala langat semenyih bangi kajang cheras hartamas pudu ulu rawang selayang banting river pelek tanjubg sepat big river sri kembangan/serdang dont have any lrt mrt stn",translated,google_translate_auto_to_en,negative,keep,current label is acceptable or ambiguous
YT_UgwTqJtqvjv-c3xs6pZ4AaABAg,YouTube,top_level_comment,UgwTqJtqvjv-c3xs6pZ4AaABAg,UgwTqJtqvjv-c3xs6pZ4AaABAg,9tQzzOjBIdI,KOS SARA HIDUP | Kerajaan Bakal Umum Langkah Tangani Kos Sara Hidup,Buletin TV3,https://www.youtube.com/watch?v=9tQzzOjBIdI,2025-07-19T05:38:22Z,cost_of_living_public_policy,Kalau boleh kerajaan tolong lah lulus kan pengeluaran EPF JE .. kebanyakan rakyat perlukan wang tunai .. tolong faham kami sikit ..,ff82a04f710e3a505620,2025-07-19T20:56:52Z,2025-07-19T20:58:09Z,8,0,True,True,none,,2026-06-17T15:11:40.015295+00:00,raw,,Kalau boleh kerajaan tolong lah lulus kan pengeluaran EPF JE .. kebanyakan rakyat perlukan wang tunai .. tolong faham kami sikit ..,kalau boleh kerajaan tolong lah lulus kan pengeluaran epf je kebanyakan rakyat perlukan wang tunai tolong faham kami sikit,19,131,0,False,True,0,0,0,BM,id,8,0,,False,False,accepted,neutral,0.3176669478416443,0.3598486185073852,0.3224844634532928,0.3598486185073852,0.0373641550540924,low,high,low_confidence | small_probability_margin | neutral_prediction,negative,reviewed,,negative,cardiffnlp/twitter-xlm-roberta-base-sentiment-multilingual,automatic_prelabel,positive | neutral | negative | uncertain,True,10,2026-06-18 15:22:23,human_manual_review,,,,,True,final_youtube_sentiment_825_balanced,2026-06-18 20:43:24,526,Kalau boleh kerajaan tolong lah lulus kan pengeluaran EPF JE .. kebanyakan rakyat perlukan wang tunai .. tolong faham kami sikit ..,If the government can please pass the withdrawal of EPF JE .. most people need cash .. please understand we are a little ..,translated,google_translate_auto_to_en,neutral,relabel,translated English appears informational/unclear rather than explicit sentiment
YT_Ugz703-PGcQQWQZNyhF4AaABAg,YouTube,top_level_comment,Ugz703-PGcQQWQZNyhF4AaABAg,Ugz703-PGcQQWQZNyhF4AaABAg,zCSY4bGWUXc,"Suara Rakyat: Nilai semula subsidi petrol golongan kaya, apa kata orang miskin?",Astro AWANI,https://www.youtube.com/watch?v=zCSY4bGWUXc,2026-05-11T12:14:22Z,cost_of_living_public_policy,"Pendapat aku org2 kaya atau sesiapa bergaji besar tu tak perlulah SUBSiDI MINYAK BUDI95 sbb mereka berkemampuan.Mereka boleh support bantu org2 yg terbeban sedangkan org yg tak punya lesen tak semua nyar kaya2 tapi terpaksa tampung SUBSiDI juga.Para2 menteri,YB,tan Sri tu sedarlah anda bukan org yg terbeban dan susah pun.Projek juta2,bilion2 takkan nak tumpang guna SUBSIDI juga. 🖕 KERAjaan Madanon Kunyit",2133eb9cb0e780e3b8ad,2026-05-12T00:49:48Z,2026-05-12T00:49:48Z,0,0,True,True,none,,2026-06-17T15:11:37.970810+00:00,raw,,"Pendapat aku org2 kaya atau sesiapa bergaji besar tu tak perlulah SUBSiDI MINYAK BUDI95 sbb mereka berkemampuan.Mereka boleh support bantu org2 yg terbeban sedangkan org yg tak punya lesen tak semua nyar kaya2 tapi terpaksa tampung SUBSiDI juga.Para2 menteri,YB,tan Sri tu sedarlah anda bukan org yg terbeban dan susah pun.Projek juta2,bilion2 takkan nak tumpang guna SUBSIDI juga. 🖕 KERAjaan Madanon Kunyit",pendapat aku org2 kaya atau sesiapa bergaji besar tu tak perlulah subsidi minyak budi95 sbb mereka berkemampuan mereka boleh support bantu org2 yg terbeban sedangkan org yg tak punya lesen tak semua nyar kaya2 tapi terpaksa tampung subsidi juga para2 menteri yb tan sri tu sedarlah anda bukan org yg terbeban dan susah pun projek juta2 bilion2 takkan nak tumpang guna subsidi juga kerajaan madanon kunyit,66,407,1,False,True,0,0,0,MIXED,id,11,1,,False,False,accepted,negative,0.5515615344047546,0.203952744603157,0.2444857358932495,0.5515615344047546,0.3070757985115051,low,high,low_confidence | mixed_language,neutral,reviewed,Changed from negative to neutral after text-based manual review,neutral,cardiffnlp/twitter-xlm-roberta-base-sentiment-multilingual,automatic_prelabel,positive | neutral | negative | uncertain,True,248,2026-06-18 20:41:44,human_manual_text_based_negative_recheck,,,,,True,final_youtube_sentiment_825_balanced,2026-06-18 20:43:24,93,"Pendapat aku org2 kaya atau sesiapa bergaji besar tu tak perlulah SUBSiDI MINYAK BUDI95 sbb mereka berkemampuan.Mereka boleh support bantu org2 yg terbeban sedangkan org yg tak punya lesen tak semua nyar kaya2 tapi terpaksa tampung SUBSiDI juga.Para2 menteri,YB,tan Sri tu sedarlah anda bukan org yg terbeban dan susah pun.Projek juta2,bilion2 takkan nak tumpang guna SUBSIDI juga. 🖕 KERAjaan Madanon Kunyit","My opinion is that rich people or those with high salaries don't need the BUDI95 OIL SUBSIDY because they are capable. They can support and help people who are burdened, while people who don't have a license are not all rich but have to accept SUBSIDI too. Ministers, YB, tan Sri, realize that you are not burdened and difficult people. Projects of millions, billions will not want to use SUBSIDI too. 🖕 KINGDOM Madanon Kunyit",translated,google_translate_auto_to_en,negative,keep,current label is acceptable or ambiguous
YT_UgzXscXBMA01Uqpkje54AaABAg,YouTube,top_level_comment,UgzXscXBMA01Uqpkje54AaABAg,UgzXscXBMA01Uqpkje54AaABAg,9tQzzOjBIdI,KOS SARA HIDUP | Kerajaan Bakal Umum Langkah Tangani Kos Sara Hidup,Buletin TV3,https://www.youtube.com/watch?v=9tQzzOjBIdI,2025-07-19T05:38:22Z,cost_of_living_public_policy,Perdana menteri kata nnti aku bincang dgn menteri kewangan...anuar jgk...lulus lah duit rakyat untuk melancong mkn angin luar negara,1ba3178bc50dd960e946,2025-07-21T09:50:34Z,2025-07-21T09:50:34Z,0,0,True,True,none,,2026-06-17T15:11:40.014868+00:00,raw,,Perdana menteri kata nnti aku bincang dgn menteri kewangan..anuar jgk..lulus lah duit rakyat untuk melancong mkn angin luar negara,perdana menteri kata nnti aku bincang dgn menteri kewangan anuar jgk lulus lah duit rakyat untuk melancong mkn angin luar negara,21,130,0,False,True,0,0,0,BM,id,4,0,,False,False,accepted,neutral,0.3336035907268524,0.3670545816421509,0.2993418872356415,0.3670545816421509,0.0334509909152984,low,high,low_confidence | small_probability_margin | neutral_prediction,negative,reviewed,,negative,cardiffnlp/twitter-xlm-roberta-base-sentiment-multilingual,automatic_prelabel,positive | neutral | negative | uncertain,True,13,2026-06-18 15:23:22,human_manual_review,,,,,True,final_youtube_sentiment_825_balanced,2026-06-18 20:43:24,653,Perdana menteri kata nnti aku bincang dgn menteri kewangan..anuar jgk..lulus lah duit rakyat untuk melancong mkn angin luar negara,The prime minister said later I will discuss with the finance minister.,translated,google_translate_auto_to_en,negative,keep,current label is acceptable or ambiguous
YT_UgzrpwoDJivndmadTxZ4AaABAg,YouTube,top_level_comment,UgzrpwoDJivndmadTxZ4AaABAg,UgzrpwoDJivndmadTxZ4AaABAg,lWY3O9pFexo,KOS SARA HIDUP | PM Umum Butiran Penghargaan Untuk Rakyat Esok (BU),Buletin TV3,https://www.youtube.com/watch?v=lWY3O9pFexo,2025-07-22T12:11:44Z,cost_of_living_public_policy,"sembang ja, harga barang naik juga walaupun madanon bg duit gula gula 🤣",747f8d6320a7fad95448,2025-07-22T16:38:19Z,2025-07-22T16:38:19Z,5,3,True,True,none,,2026-06-17T15:11:38.330835+00:00,raw,,"sembang ja, harga barang naik juga walaupun madanon bg duit gula gula 🤣",sembang ja harga barang naik juga walaupun madanon bg duit gula gula,12,71,1,False,True,0,0,0,BM,id,3,0,,False,False,accepted,positive,0.2527070343494415,0.2434110641479492,0.5038818717002869,0.5038818717002869,0.2511748373508453,low,high,low_confidence,negative,reviewed,,negative,cardiffnlp/twitter-xlm-roberta-base-sentiment-multilingual,automatic_prelabel,positive | neutral | negative | uncertain,True,154,2026-06-18 15:54:19,human_manual_review,,,,,True,final_youtube_sentiment_825_balanced,2026-06-18 20:43:24,726,"sembang ja, harga barang naik juga walaupun madanon bg duit gula gula 🤣","chat, prices of goods are also rising even though madanon is for sugar money 🤣",translated,google_translate_auto_to_en,negative,keep,current label is acceptable or ambiguous
YT_UgwhwX4C1eS7gxnXBBl4AaABAg,YouTube,top_level_comment,UgwhwX4C1eS7gxnXBBl4AaABAg,UgwhwX4C1eS7gxnXBBl4AaABAg,Yu37CmWLvK0,SATU MALAYSIA KENA SCAM MAKANAN DI BAZAR RAMADAN‼️ LELAKI SOUND PENIAGA BAZAAR,NuR MuHD,https://www.youtube.com/watch?v=Yu37CmWLvK0,2026-02-22T17:36:49Z,festivals_national_events,Saya kalo g PON cuma bli air dan kuih je kalau lauk pauk msk sendiri,003a7ebff0356d1e4af1,2026-03-03T10:20:38Z,2026-03-03T10:20:38Z,0,0,True,True,none,,2026-06-17T15:11:44.742771+00:00,raw,,Saya kalo g PON cuma bli air dan kuih je kalau lauk pauk msk sendiri,saya kalo g pon cuma bli air dan kuih je kalau lauk pauk msk sendiri,15,68,0,False,True,0,0,0,BM,id,4,0,,False,False,accepted,neutral,0.4040400683879852,0.4092121422290802,0.1867478191852569,0.4092121422290802,0.0051720738410949,low,high,low_confidence | small_probability_margin | neutral_prediction,neutral,reviewed,,neutral,cardiffnlp/twitter-xlm-roberta-base-sentiment-multilingual,automatic_prelabel,positive | neutral | negative | uncertain,True,41,2026-06-18 15:33:12,human_manual_review,,,,,True,final_youtube_sentiment_825_balanced,2026-06-18 20:43:24,264,Saya kalo g PON cuma bli air dan kuih je kalau lauk pauk msk sendiri,"If I don't have PON, I'll just buy water and cake if I have my own side dish",translated,google_translate_auto_to_en,neutral,keep,current label is acceptable or ambiguous
YT_Ugyq21wdBGlvCM06Z7d4AaABAg,YouTube,top_level_comment,Ugyq21wdBGlvCM06Z7d4AaABAg,Ugyq21wdBGlvCM06Z7d4AaABAg,bjYbNs8TvLc,[PENUH] Perkembangan Terkini Proses Cerapan Anak Bulan Syawal | 19 Mac 2026,Buletin TV3,https://www.youtube.com/watch?v=bjYbNs8TvLc,2026-03-19T10:26:41Z,festivals_national_events,Raya Sabtu ke Ahad... Raya tahun ni,3fb226cbae0a3315a16c,2026-03-20T12:57:15Z,2026-03-20T12:57:15Z,0,0,True,True,none,,2026-06-17T15:11:44.347767+00:00,raw,,Raya Sabtu ke Ahad.. Raya tahun ni,raya sabtu ke ahad raya tahun ni,7,34,0,False,True,0,0,0,BM,id,0,0,,False,False,accepted,neutral,0.1047715842723846,0.6137639284133911,0.2814644873142242,0.6137639284133911,0.3322994410991668,medium,medium,medium_confidence | neutral_prediction,neutral,reviewed,,neutral,cardiffnlp/twitter-xlm-roberta-base-sentiment-multilingual,automatic_prelabel,positive | neutral | negative | uncertain,True,351,2026-06-18 18:24:08,human_manual_review,,,,,True,final_youtube_sentiment_825_balanced,2026-06-18 20:43:24,688,Raya Sabtu ke Ahad.. Raya tahun ni,Raya Saturday to Sunday.. Raya this year,translated,google_translate_auto_to_en,neutral,keep,current label is acceptable
YT_UgxVnwLwKpDzdu-6KQR4AaABAg,YouTube,top_level_comment,UgxVnwLwKpDzdu-6KQR4AaABAg,UgxVnwLwKpDzdu-6KQR4AaABAg,UGAL8690ngc,"Bantuan Asas Rahmah diteruskan: RM100 untuk  dewasa, RM500 untuk penerima miskin tegar - Anwar",KiniTV,https://www.youtube.com/watch?v=UGAL8690ngc,2026-01-05T06:06:45Z,cost_of_living_public_policy,Orang kaya dan sederhana juga dapat sara 100 harus serah kepada orang orang miskin...sokong👈,6fcfa21ad6739f5bb8a7,2026-01-07T00:31:08Z,2026-01-07T00:31:08Z,22,0,True,True,none,,2026-06-17T15:11:40.405999+00:00,raw,,Orang kaya dan sederhana juga dapat sara 100 harus serah kepada orang orang miskin..sokong👈,orang kaya dan sederhana juga dapat sara 100 harus serah kepada orang orang miskin sokong,15,91,1,False,True,0,0,0,BM,id,3,0,,False,False,accepted,positive,0.1422054916620254,0.2604046165943146,0.5973899364471436,0.5973899364471436,0.336985319852829,low,high,low_confidence,positive,reviewed,,positive,cardiffnlp/twitter-xlm-roberta-base-sentiment-multilingual,automatic_prelabel,positive | neutral | negative | uncertain,True,340,2026-06-18 18:22:16,human_manual_review,,,,,True,final_youtube_sentiment_825_balanced,2026-06-18 20:43:24,364,Orang kaya dan sederhana juga dapat sara 100 harus serah kepada orang orang miskin..sokong👈,Rich and simple people can also support 100 should give it to the poor.. support👈,translated,google_translate_auto_to_en,positive,keep,current label is acceptable or ambiguous
YT_UgyJnqyAEZEcaiZAYwF4AaABAg,YouTube,top_level_comment,UgyJnqyAEZEcaiZAYwF4AaABAg,UgyJnqyAEZEcaiZAYwF4AaABAg,L-iPwc5b3oI,Malaysia rolls out the welcome mat for first tourists of 2026,The Star,https://www.youtube.com/watch?v=L-iPwc5b3oI,2026-01-01T05:54:35Z,tourism_lifestyle_events,Welcome in Malaysia the number1econ country tourist spots..i love Tourism❤,d525cf649fe27f2ff0a3,2026-01-01T12:38:45Z,2026-01-01T12:38:45Z,0,0,True,True,none,,2026-06-17T15:11:45.906663+00:00,raw,,Welcome in Malaysia the number1econ country tourist spots..i love Tourism❤,welcome in malaysia the number1econ country tourist spots i love tourism,11,74,1,False,True,0,0,0,MIXED,en,1,3,,False,False,accepted,positive,0.0443100184202194,0.0524529963731765,0.9032369256019592,0.9032369256019592,0.8507839292287827,high,medium,mixed_language,positive,reviewed,,positive,cardiffnlp/twitter-xlm-roberta-base-sentiment-multilingual,automatic_prelabel,positive | neutral | negative | uncertain,True,563,2026-06-18 19:02:32,human_manual_review,,,,,True,final_youtube_sentiment_825_balanced,2026-06-18 20:43:24,320,Welcome in Malaysia the number1econ country tourist spots..i love Tourism❤,Welcome in Malaysia the number1econ country tourist spots..i love Tourism❤,kept_original_english,none,positive,keep,current label is acceptable or ambiguous
YT_Ugx6vUK811EeXRFcRTB4AaABAg,YouTube,top_level_comment,Ugx6vUK811EeXRFcRTB4AaABAg,Ugx6vUK811EeXRFcRTB4AaABAg,mVmYibok-7A,[TERKINI] MOF sekat MyKad individu salah guna subsidi BUDI95,Astro AWANI,https://www.youtube.com/watch?v=mVmYibok-7A,2026-03-23T23:22:33Z,cost_of_living_public_policy,Nk isi kt Genset utk berniaga pasal malam x blh ke isi dlm tong?,06dc337c46cfef271869,2026-03-24T14:02:32Z,2026-03-24T14:02:32Z,1,0,True,True,none,,2026-06-17T15:11:39.037296+00:00,raw,,Nk isi kt Genset utk berniaga pasal malam x blh ke isi dlm tong?,nk isi kt genset utk berniaga pasal malam x blh ke isi dlm tong,14,64,0,False,True,0,0,0,BM,id,0,0,,False,False,accepted,neutral,0.2789954245090484,0.5627082586288452,0.1582964062690735,0.5627082586288452,0.2837128341197967,low,high,low_confidence | neutral_prediction,neutral,reviewed,,neutral,cardiffnlp/twitter-xlm-roberta-base-sentiment-multilingual,automatic_prelabel,positive | neutral | negative | uncertain,True,277,2026-06-18 17:07:40,human_manual_review,,,,,True,final_youtube_sentiment_825_balanced,2026-06-18 20:43:24,125,Nk isi kt Genset utk berniaga pasal malam x blh ke isi dlm tong?,"If you want to fill the generator for business at night, can you fill it in a barrel?",translated,google_translate_auto_to_en,neutral,keep,current label is acceptable
YT_Ugzy98E8U07p-Pi7axJ4AaABAg,YouTube,top_level_comment,Ugzy98E8U07p-Pi7axJ4AaABAg,Ugzy98E8U07p-Pi7axJ4AaABAg,J5SEcQAe1AM,Why Malaysia Forces You to Own a Car,UrbanShiftMY,https://www.youtube.com/watch?v=J5SEcQAe1AM,2026-05-11T05:16:17Z,transport_public_services,"Great piece. I’m an American expat living in Penang. Let me also say that from my perspective, Malaysia (society & government) is asking all the right questions, and actually taking intelligent action to solve some of these challenges. I pray my home country gets to this point.",8ab56a1c5a2fe65fdf90,2026-05-13T00:51:24Z,2026-05-13T00:51:24Z,2,1,True,True,none,,2026-06-17T15:11:48.489108+00:00,raw,,"Great piece. I’m an American expat living in Penang. Let me also say that from my perspective, Malaysia (society & government) is asking all the right questions, and actually taking intelligent action to solve some of these challenges. I pray my home country gets to this point.",great piece i m an american expat living in penang let me also say that from my perspective malaysia society government is asking all the right questions and actually taking intelligent action to solve some of these challenges i pray my home country gets to this point,47,278,0,False,True,0,0,0,MIXED,en,1,8,,False,False,accepted,positive,0.0516829378902912,0.0827551037073135,0.8655619025230408,0.8655619025230408,0.7828067988157272,high,medium,mixed_language,positive,reviewed,,positive,cardiffnlp/twitter-xlm-roberta-base-sentiment-multilingual,automatic_prelabel,positive | neutral | negative | uncertain,True,551,2026-06-18 19:01:04,human_manual_review,,,,,True,final_youtube_sentiment_825_balanced,2026-06-18 20:43:24,495,"Great piece. I’m an American expat living in Penang. Let me also say that from my perspective, Malaysia (society & government) is asking all the right questions, and actually taking intelligent action to solve some of these challenges. I pray my home country gets to this point.","Great piece. I’m an American expat living in Penang. Let me also say that from my perspective, Malaysia (society & government) is asking all the right questions, and actually taking intelligent action to solve some of these challenges. I pray my home country gets to this point.",kept_original_english,none,positive,keep,current label is acceptable or ambiguous
YT_Ugwb6dSUIQPY3F9qKHJ4AaABAg,YouTube,top_level_comment,Ugwb6dSUIQPY3F9qKHJ4AaABAg,Ugwb6dSUIQPY3F9qKHJ4AaABAg,UGAL8690ngc,"Bantuan Asas Rahmah diteruskan: RM100 untuk  dewasa, RM500 untuk penerima miskin tegar - Anwar",KiniTV,https://www.youtube.com/watch?v=UGAL8690ngc,2026-01-05T06:06:45Z,cost_of_living_public_policy,aku dpt 50 warga emas anak 4..warga emas ank berkerja gaji 5k keatas dpt 100..mcmna..😂😂😂bawang penting xtermasuk senarai mcmna..,2fa7972c938167db0369,2026-01-13T17:30:36Z,2026-01-13T17:31:39Z,0,0,True,True,none,,2026-06-17T15:11:40.405317+00:00,raw,,aku dpt 50 warga emas anak 4..warga emas ank berkerja gaji 5k keatas dpt 100..mcmna..😂😂😂bawang penting xtermasuk senarai mcmna..,aku dpt 50 warga emas anak 4 warga emas ank berkerja gaji 5k keatas dpt 100 mcmna bawang penting xtermasuk senarai mcmna,22,128,3,False,True,0,0,0,BM,id,1,0,,False,False,accepted,positive,0.2878316044807434,0.2986974716186523,0.4134709537029266,0.4134709537029266,0.1147734820842742,low,high,low_confidence | small_probability_margin,positive,reviewed,Added from reviewed positive supplement,positive,cardiffnlp/twitter-xlm-roberta-base-sentiment-multilingual,automatic_prelabel,,False,104,2026-06-18 20:33:38,human_manual_review_positive_supplement,available,,positive_shortage_after_manual_review,positive,True,final_youtube_sentiment_825_balanced,2026-06-18 20:43:24,121,aku dpt 50 warga emas anak 4..warga emas ank berkerja gaji 5k keatas dpt 100..mcmna..😂😂😂bawang penting xtermasuk senarai mcmna..,I get 50 elderly people with 4 children.. elderly people who work for a salary of 5k and above can get 100..how..😂😂😂 important onions are not included in the list..,translated,google_translate_auto_to_en,positive,keep,current label is acceptable or ambiguous
YT_UgxUPWUXqr_pd_0zSth4AaABAg,YouTube,top_level_comment,UgxUPWUXqr_pd_0zSth4AaABAg,UgxUPWUXqr_pd_0zSth4AaABAg,lWY3O9pFexo,KOS SARA HIDUP | PM Umum Butiran Penghargaan Untuk Rakyat Esok (BU),Buletin TV3,https://www.youtube.com/watch?v=lWY3O9pFexo,2025-07-22T12:11:44Z,cost_of_living_public_policy,Akan datang....akhir Disember ini....,8917b6c53240ab6c1052,2025-07-22T15:55:53Z,2025-07-22T15:55:53Z,1,0,True,True,none,,2026-06-17T15:11:38.330958+00:00,raw,,Akan datang..akhir Disember ini..,akan datang akhir disember ini,5,33,0,False,True,0,0,0,BM,id,1,0,,False,False,accepted,neutral,0.063156858086586,0.4888110160827636,0.4480320811271667,0.4888110160827636,0.0407789349555969,low,high,low_confidence | small_probability_margin | neutral_prediction,neutral,reviewed,,neutral,cardiffnlp/twitter-xlm-roberta-base-sentiment-multilingual,automatic_prelabel,positive | neutral | negative | uncertain,True,133,2026-06-18 15:51:12,human_manual_review,,,,,True,final_youtube_sentiment_825_balanced,2026-06-18 20:43:24,643,Akan datang..akhir Disember ini..,Coming..end of December..,translated,google_translate_auto_to_en,neutral,keep,current label is acceptable
YT_UgxnrHzEkbrFje7ZQTx4AaABAg,YouTube,top_level_comment,UgxnrHzEkbrFje7ZQTx4AaABAg,UgxnrHzEkbrFje7ZQTx4AaABAg,Wk-HcKtIaGY,Are We About to See a Chinese Tourist Boom in Malaysia?,Ziet Invests,https://www.youtube.com/watch?v=Wk-HcKtIaGY,2026-02-12T11:00:42Z,tourism_lifestyle_events,Yb Tiong should get an award if we get there.,fd8e04072e4c3533e353,2026-02-15T13:39:12Z,2026-02-15T13:39:12Z,1,0,True,True,none,,2026-06-17T15:11:46.187727+00:00,raw,,Yb Tiong should get an award if we get there.,yb tiong should get an award if we get there,10,45,0,False,True,0,0,0,EN,en,0,2,,False,False,accepted,positive,0.0891655758023262,0.1804022490978241,0.7304321527481079,0.7304321527481079,0.5500299036502838,medium,medium,medium_confidence,positive,reviewed,,positive,cardiffnlp/twitter-xlm-roberta-base-sentiment-multilingual,automatic_prelabel,positive | neutral | negative | uncertain,True,420,2026-06-18 18:36:32,human_manual_review,,,,,True,final_youtube_sentiment_825_balanced,2026-06-18 20:43:24,355,Yb Tiong should get an award if we get there.,Yb Tiong should get an award if we get there.,kept_original_english,none,neutral,relabel,translated English appears informational/unclear rather than explicit sentiment
YT_Ugw9O9LDhJYGFLPG4794AaABAg,YouTube,top_level_comment,Ugw9O9LDhJYGFLPG4794AaABAg,Ugw9O9LDhJYGFLPG4794AaABAg,3Pk956RGn7o,10 MENU SCAM PALING PELIK DI BAZAR RAMADAN,Faktaw Channel,https://www.youtube.com/watch?v=3Pk956RGn7o,2025-03-22T08:00:02Z,festivals_national_events,Beli kuih yg ada nyok hampa jaga2. Nyok basi tokey dia ckp..'bulan posa tk boleh rasa dn org yg tumpang htr kuih2 tu..' Beli nasi yg siap dibungkus hampa bau bila dh beli kot2 basi atau mentah.,bb5bcc8e52d2c46b2383,2026-01-19T05:17:40Z,2026-01-19T05:17:40Z,0,0,True,True,none,,2026-06-17T15:11:43.541442+00:00,raw,,Beli kuih yg ada nyok hampa jaga2. Nyok basi tokey dia ckp..'bulan posa tk boleh rasa dn org yg tumpang htr kuih2 tu..' Beli nasi yg siap dibungkus hampa bau bila dh beli kot2 basi atau mentah.,beli kuih yg ada nyok hampa jaga2 nyok basi tokey dia ckp bulan posa tk boleh rasa dn org yg tumpang htr kuih2 tu beli nasi yg siap dibungkus hampa bau bila dh beli kot2 basi atau mentah,38,193,0,False,True,0,0,0,BM,id,1,0,,False,False,accepted,negative,0.7477062940597534,0.1459449976682663,0.1063487082719802,0.7477062940597534,0.6017612963914871,medium,medium,medium_confidence,negative,reviewed,,negative,cardiffnlp/twitter-xlm-roberta-base-sentiment-multilingual,automatic_prelabel,positive | neutral | negative | uncertain,True,435,2026-06-18 18:39:23,human_manual_review,,,,,True,final_youtube_sentiment_825_balanced,2026-06-18 20:43:24,512,Beli kuih yg ada nyok hampa jaga2. Nyok basi tokey dia ckp..'bulan posa tk boleh rasa dn org yg tumpang htr kuih2 tu..' Beli nasi yg siap dibungkus hampa bau bila dh beli kot2 basi atau mentah.,"Buy a cake with a filling, take care. It's stale tokey..'the posta month can't be tasted and the people who sit on top of the cakes..' Buy ready-packaged rice to remove the smell when you buy kot2 stale or raw.",translated,google_translate_auto_to_en,negative,keep,current label is acceptable or ambiguous
YT_UgwZITzbS9y45vCd9zp4AaABAg,YouTube,top_level_comment,UgwZITzbS9y45vCd9zp4AaABAg,UgwZITzbS9y45vCd9zp4AaABAg,hXMCJ90cK7M,Car vs Public Transport in Malaysia. Who Wins?,Mr Money TV,https://www.youtube.com/watch?v=hXMCJ90cK7M,2025-05-23T12:42:56Z,transport_public_services,"the moment i heard lot 10 i know the car team is going to stuck a lot 🤣 bukit bintang, the well know place for jam",4f5d8320af1240728a25,2025-06-10T09:16:27Z,2025-06-10T09:16:27Z,1,0,True,True,none,,2026-06-17T15:11:46.923345+00:00,raw,,"the moment i heard lot 10 i know the car team is going to stuck a lot 🤣 bukit bintang, the well know place for jam",the moment i heard lot 10 i know the car team is going to stuck a lot bukit bintang the well know place for jam,25,114,1,False,True,0,0,0,EN,en,0,3,,False,False,accepted,neutral,0.3152164816856384,0.3887937664985657,0.2959897816181183,0.3887937664985657,0.0735772848129272,low,high,low_confidence | small_probability_margin | neutral_prediction,neutral,reviewed,Changed from negative to neutral after text-based manual review,neutral,cardiffnlp/twitter-xlm-roberta-base-sentiment-multilingual,automatic_prelabel,positive | neutral | negative | uncertain,True,24,2026-06-18 20:41:44,human_manual_text_based_negative_recheck,,,,,True,final_youtube_sentiment_825_balanced,2026-06-18 20:43:24,496,"the moment i heard lot 10 i know the car team is going to stuck a lot 🤣 bukit bintang, the well know place for jam","the moment i heard lot 10 i know the car team is going to stuck a lot 🤣 bukit bintang, the well know place for jam",kept_original_english,none,neutral,keep,current label is acceptable
YT_Ugz5aaZCpyTmyTXMhUl4AaABAg,YouTube,top_level_comment,Ugz5aaZCpyTmyTXMhUl4AaABAg,Ugz5aaZCpyTmyTXMhUl4AaABAg,lWY3O9pFexo,KOS SARA HIDUP | PM Umum Butiran Penghargaan Untuk Rakyat Esok (BU),Buletin TV3,https://www.youtube.com/watch?v=lWY3O9pFexo,2025-07-22T12:11:44Z,cost_of_living_public_policy,Harap2 adalah pengumuman pengeluaran khas kwsp itu pun sudah cukup menggembirakan bg golongan pencarum yang sangat memerlukan pd waktu ini..,fefb8c84825b9a7ef472,2025-07-22T14:15:42Z,2025-07-22T14:15:42Z,15,4,True,True,none,,2026-06-17T15:11:38.667064+00:00,raw,,Harap2 adalah pengumuman pengeluaran khas kwsp itu pun sudah cukup menggembirakan bg golongan pencarum yang sangat memerlukan pd waktu ini..,harap2 adalah pengumuman pengeluaran khas kwsp itu pun sudah cukup menggembirakan bg golongan pencarum yang sangat memerlukan pd waktu ini,20,140,0,False,True,0,0,0,BM,id,6,0,,False,False,accepted,positive,0.1093093380331993,0.1072833761572837,0.7834073305130005,0.7834073305130005,0.6740979924798012,medium,medium,medium_confidence,positive,reviewed,,positive,cardiffnlp/twitter-xlm-roberta-base-sentiment-multilingual,automatic_prelabel,positive | neutral | negative | uncertain,True,503,2026-06-18 18:52:50,human_manual_review,,,,,True,final_youtube_sentiment_825_balanced,2026-06-18 20:43:24,781,Harap2 adalah pengumuman pengeluaran khas kwsp itu pun sudah cukup menggembirakan bg golongan pencarum yang sangat memerlukan pd waktu ini..,"Hopefully, the announcement of the special production of kwsp is already enough to please the group of contributors who are in dire need at this time..",translated,google_translate_auto_to_en,neutral,relabel,translated English appears informational/unclear rather than explicit sentiment
YT_Ugyie_PfUfZNcwOk1Td4AaABAg,YouTube,top_level_comment,Ugyie_PfUfZNcwOk1Td4AaABAg,Ugyie_PfUfZNcwOk1Td4AaABAg,hXMCJ90cK7M,Car vs Public Transport in Malaysia. Who Wins?,Mr Money TV,https://www.youtube.com/watch?v=hXMCJ90cK7M,2025-05-23T12:42:56Z,transport_public_services,Lamest challenge of this aort ever. The BYD M6 ruin everything 🤮 Skip,bf61e68233fa81cd2baa,2025-05-23T21:26:31Z,2025-05-23T21:26:31Z,0,0,True,True,none,,2026-06-17T15:11:46.927865+00:00,raw,,Lamest challenge of this aort ever. The BYD M6 ruin everything 🤮 Skip,lamest challenge of this aort ever the byd m6 ruin everything skip,12,69,1,False,True,0,0,0,EN,en,0,2,,False,False,accepted,negative,0.9804628491401672,0.0084356497973203,0.0111014880239963,0.9804628491401672,0.9693613611161708,high,low,,neutral,reviewed,,neutral,cardiffnlp/twitter-xlm-roberta-base-sentiment-multilingual,automatic_prelabel,positive | neutral | negative | uncertain,True,810,2026-06-18 19:59:46,human_manual_review,,,,,True,final_youtube_sentiment_825_balanced,2026-06-18 20:43:24,672,Lamest challenge of this aort ever. The BYD M6 ruin everything 🤮 Skip,Lamest challenge of this aort ever. The BYD M6 ruin everything 🤮 Skip,kept_original_english,none,neutral,relabel,translated English appears informational/unclear rather than explicit sentiment
YT_UgxCLhv5NUP9beCL_tF4AaABAg,YouTube,top_level_comment,UgxCLhv5NUP9beCL_tF4AaABAg,UgxCLhv5NUP9beCL_tF4AaABAg,ePfJmLXfPwU,JPJ perkenal wajah baharu lesen memandu,Harian Metro,https://www.youtube.com/watch?v=ePfJmLXfPwU,2025-05-21T11:30:02Z,transport_public_services,Upgrade lah sistem urusan kt kaunter to sekali. Jgn biarkan org ramai beratur smpai keluar,52961fd39b95b8cbcc23,2025-05-22T10:30:02Z,2025-05-22T10:30:02Z,11,0,True,True,none,,2026-06-17T15:11:47.299452+00:00,raw,,Upgrade lah sistem urusan kt kaunter to sekali. Jgn biarkan org ramai beratur smpai keluar,upgrade lah sistem urusan kt kaunter to sekali jgn biarkan org ramai beratur smpai keluar,15,90,0,False,True,0,0,0,BM,id,2,0,,False,False,accepted,negative,0.5148473978042603,0.2838946282863617,0.2012580335140228,0.5148473978042603,0.2309527695178985,low,high,low_confidence,negative,reviewed,,negative,cardiffnlp/twitter-xlm-roberta-base-sentiment-multilingual,automatic_prelabel,positive | neutral | negative | uncertain,True,175,2026-06-18 15:58:36,human_manual_review,,,,,True,final_youtube_sentiment_825_balanced,2026-06-18 20:43:24,35,Upgrade lah sistem urusan kt kaunter to sekali. Jgn biarkan org ramai beratur smpai keluar,Upgrade the business system at the counter once. Don't let the crowd line up to get out,translated,google_translate_auto_to_en,negative,keep,current label is acceptable or ambiguous
YT_UgxuRP-Ho5a0008Pkmd4AaABAg,YouTube,top_level_comment,UgxuRP-Ho5a0008Pkmd4AaABAg,UgxuRP-Ho5a0008Pkmd4AaABAg,J5SEcQAe1AM,Why Malaysia Forces You to Own a Car,UrbanShiftMY,https://www.youtube.com/watch?v=J5SEcQAe1AM,2026-05-11T05:16:17Z,transport_public_services,"I was going to go a full-on rant on why I hate cars and all these modernization BS but I know things will not change and everyone's going to suck it up and make it the new ""norm"". God, I love this country so much :D",565926b38cbabc8c16c0,2026-05-18T07:42:06Z,2026-05-18T07:42:06Z,0,0,True,True,none,,2026-06-17T15:11:48.078613+00:00,raw,,"I was going to go a full-on rant on why I hate cars and all these modernization BS but I know things will not change and everyone's going to suck it up and make it the new ""norm"". God, I love this country so much :D",i was going to go a full on rant on why i hate cars and all these modernization bs but i know things will not change and everyone s going to suck it up and make it the new norm god i love this country so much d,46,215,0,False,True,0,0,0,EN,en,0,7,,False,False,accepted,positive,0.4133664667606354,0.065799593925476,0.5208339691162109,0.5208339691162109,0.1074675023555755,low,high,low_confidence | small_probability_margin,positive,reviewed,,positive,cardiffnlp/twitter-xlm-roberta-base-sentiment-multilingual,automatic_prelabel,positive | neutral | negative | uncertain,True,188,2026-06-18 16:01:12,human_manual_review,,,,,True,final_youtube_sentiment_825_balanced,2026-06-18 20:43:24,306,"I was going to go a full-on rant on why I hate cars and all these modernization BS but I know things will not change and everyone's going to suck it up and make it the new ""norm"". God, I love this country so much :D","I was going to go a full-on rant on why I hate cars and all these modernization BS but I know things will not change and everyone's going to suck it up and make it the new ""norm"". God, I love this country so much :D",kept_original_english,none,negative,relabel,negative cues outweigh positive label after translation
YT_UgxZK6l7UUywmp8GvWd4AaABAg,YouTube,top_level_comment,UgxZK6l7UUywmp8GvWd4AaABAg,UgxZK6l7UUywmp8GvWd4AaABAg,zCSY4bGWUXc,"Suara Rakyat: Nilai semula subsidi petrol golongan kaya, apa kata orang miskin?",Astro AWANI,https://www.youtube.com/watch?v=zCSY4bGWUXc,2026-05-11T12:14:22Z,cost_of_living_public_policy,Kalau kata org kaya bayar cukai patut depa DPT subsid... Mcm mna pula org yang bayar cukai tapi xde lesen dia tak layak?apa beza nya... Tetap kena byar cukai...,d66f7a1bf8ed896b77a6,2026-05-12T14:06:05Z,2026-05-12T14:06:05Z,0,0,True,True,none,,2026-06-17T15:11:37.970681+00:00,raw,,Kalau kata org kaya bayar cukai patut depa DPT subsid.. Mcm mna pula org yang bayar cukai tapi xde lesen dia tak layak?apa beza nya.. Tetap kena byar cukai..,kalau kata org kaya bayar cukai patut depa dpt subsid mcm mna pula org yang bayar cukai tapi xde lesen dia tak layak apa beza nya tetap kena byar cukai,30,157,0,False,True,0,0,0,BM,id,3,0,,False,False,accepted,negative,0.7877097725868225,0.1167574077844619,0.0955328121781349,0.7877097725868225,0.6709523648023605,medium,medium,medium_confidence,negative,reviewed,,negative,cardiffnlp/twitter-xlm-roberta-base-sentiment-multilingual,automatic_prelabel,positive | neutral | negative | uncertain,True,514,2026-06-18 18:54:31,human_manual_review,,,,,True,final_youtube_sentiment_825_balanced,2026-06-18 20:43:24,248,Kalau kata org kaya bayar cukai patut depa DPT subsid.. Mcm mna pula org yang bayar cukai tapi xde lesen dia tak layak?apa beza nya.. Tetap kena byar cukai..,"If you say that rich people pay taxes, they should get DPT subsidy.. How about people who pay taxes but don't have a license, they don't qualify? What's the difference.. They still have to pay taxes..",translated,google_translate_auto_to_en,negative,keep,current label is acceptable or ambiguous
YT_UgyniD90qFMVuGjUud94AaABAg,YouTube,top_level_comment,UgyniD90qFMVuGjUud94AaABAg,UgyniD90qFMVuGjUud94AaABAg,Wk-HcKtIaGY,Are We About to See a Chinese Tourist Boom in Malaysia?,Ziet Invests,https://www.youtube.com/watch?v=Wk-HcKtIaGY,2026-02-12T11:00:42Z,tourism_lifestyle_events,"Hello from Singapore! I love your videos, very informative and simple to understand. May our countries prosper together!",312a574caf3acadddf9b,2026-02-12T15:51:47Z,2026-02-12T15:51:47Z,61,1,True,True,none,,2026-06-17T15:11:46.188257+00:00,raw,,"Hello from Singapore! I love your videos, very informative and simple to understand. May our countries prosper together!",hello from singapore i love your videos very informative and simple to understand may our countries prosper together,18,120,0,False,True,0,0,0,EN,en,0,3,,False,False,accepted,positive,0.0110937124118208,0.0146564142778515,0.9742498397827148,0.9742498397827148,0.9595934255048632,high,low,,positive,reviewed,,positive,cardiffnlp/twitter-xlm-roberta-base-sentiment-multilingual,automatic_prelabel,positive | neutral | negative | uncertain,True,776,2026-06-18 19:37:22,human_manual_review,,,,,True,final_youtube_sentiment_825_balanced,2026-06-18 20:43:24,695,"Hello from Singapore! I love your videos, very informative and simple to understand. May our countries prosper together!","Hello from Singapore! I love your videos, very informative and simple to understand. May our countries prosper together!",kept_original_english,none,positive,keep,current label is acceptable or ambiguous
YT_UgyX3u2p2myE09oyNJ14AaABAg,YouTube,top_level_comment,UgyX3u2p2myE09oyNJ14AaABAg,UgyX3u2p2myE09oyNJ14AaABAg,oULUeT07fa0,JPJ MALAYSIA? ADA APA APA JAWAPAN KE? SITA KENDERAAN ORANG SAMPAI BERBULAN BULAN? TERIMA KASIH SINGH,Bossrul Channel,https://www.youtube.com/watch?v=oULUeT07fa0,2025-07-01T02:14:17Z,transport_public_services,"Not only that , my friends even had face their car parts missing, who does all this , when you ask them their only stupidity uneducated answer is ''itu kita tak tahu"" Sebab apa yang hanya mereka tahu ialah cari makan , ambil Rasuah, hidup mewah. Hanya anak saitan dan Haram hidup melalui duit Rasuah.",1f34681c800625034489,2025-07-05T02:06:11Z,2025-07-05T02:06:11Z,1,0,True,True,none,,2026-06-17T15:11:48.878723+00:00,raw,,"Not only that , my friends even had face their car parts missing, who does all this , when you ask them their only stupidity uneducated answer is ''itu kita tak tahu"" Sebab apa yang hanya mereka tahu ialah cari makan , ambil Rasuah, hidup mewah. Hanya anak saitan dan Haram hidup melalui duit Rasuah.",not only that my friends even had face their car parts missing who does all this when you ask them their only stupidity uneducated answer is itu kita tak tahu sebab apa yang hanya mereka tahu ialah cari makan ambil rasuah hidup mewah hanya anak saitan dan haram hidup melalui duit rasuah,52,300,0,False,True,0,0,0,MIXED,en,7,5,,False,False,accepted,negative,0.9451918601989746,0.0323802717030048,0.0224278904497623,0.9451918601989746,0.9128115884959698,high,medium,mixed_language,negative,reviewed,,negative,cardiffnlp/twitter-xlm-roberta-base-sentiment-multilingual,automatic_prelabel,positive | neutral | negative | uncertain,True,581,2026-06-18 19:04:42,human_manual_review,,,,,True,final_youtube_sentiment_825_balanced,2026-06-18 20:43:24,185,"Not only that , my friends even had face their car parts missing, who does all this , when you ask them their only stupidity uneducated answer is ''itu kita tak tahu"" Sebab apa yang hanya mereka tahu ialah cari makan , ambil Rasuah, hidup mewah. Hanya anak saitan dan Haram hidup melalui duit Rasuah.","Not only that , my friends even had face their car parts missing, who does all this , when you ask them their only stupidity uneducated answer is ''itu kita tak tahu"" Sebab apa yang hanya mereka tahu ialah cari makan , ambil Rasuah, hidup mewah. Hanya anak saitan dan Haram hidup melalui duit Rasuah.",kept_original_english,none,negative,keep,current label is acceptable or ambiguous
YT_Ugxmvg7g0GZ8rnOC-LF4AaABAg,YouTube,top_level_comment,Ugxmvg7g0GZ8rnOC-LF4AaABAg,Ugxmvg7g0GZ8rnOC-LF4AaABAg,L-iPwc5b3oI,Malaysia rolls out the welcome mat for first tourists of 2026,The Star,https://www.youtube.com/watch?v=L-iPwc5b3oI,2026-01-01T05:54:35Z,tourism_lifestyle_events,I like the Sun Bear as the mascot ...well picked .,67907f71b17523134fba,2026-01-01T13:48:19Z,2026-01-01T13:48:19Z,1,0,True,True,none,,2026-06-17T15:11:45.906601+00:00,raw,,I like the Sun Bear as the mascot ..well picked .,i like the sun bear as the mascot well picked,10,49,0,False,True,0,0,0,EN,en,0,2,,False,False,accepted,positive,0.0341325365006923,0.0450977124273777,0.9207696914672852,0.9207696914672852,0.8756719790399075,high,low,,positive,reviewed,Added from reviewed positive supplement,positive,cardiffnlp/twitter-xlm-roberta-base-sentiment-multilingual,automatic_prelabel,,False,6,2026-06-18 20:33:38,human_manual_review_positive_supplement,available,,positive_shortage_after_manual_review,positive,True,final_youtube_sentiment_825_balanced,2026-06-18 20:43:24,518,I like the Sun Bear as the mascot ..well picked .,I like the Sun Bear as the mascot ..well picked .,kept_original_english,none,neutral,relabel,translated English appears informational/unclear rather than explicit sentiment
YT_UgwjiAHkApgdOuAsiMV4AaABAg,YouTube,top_level_comment,UgwjiAHkApgdOuAsiMV4AaABAg,UgwjiAHkApgdOuAsiMV4AaABAg,Wk-HcKtIaGY,Are We About to See a Chinese Tourist Boom in Malaysia?,Ziet Invests,https://www.youtube.com/watch?v=Wk-HcKtIaGY,2026-02-12T11:00:42Z,tourism_lifestyle_events,"Korupsi adalah tradisi warisan UNESCO turun temurun tengkolok gayong yg ditakdir untuk selamatkan multiverse, alam bunian, middle earth dan ade yg juga kate alam isekai.",73318ac874ca5ba4abd1,2026-02-22T03:32:10Z,2026-02-22T03:32:10Z,0,0,True,True,none,,2026-06-17T15:11:46.187577+00:00,raw,,"Korupsi adalah tradisi warisan UNESCO turun temurun tengkolok gayong yg ditakdir untuk selamatkan multiverse, alam bunian, middle earth dan ade yg juga kate alam isekai.",korupsi adalah tradisi warisan unesco turun temurun tengkolok gayong yg ditakdir untuk selamatkan multiverse alam bunian middle earth dan ade yg juga kate alam isekai,25,169,0,False,True,0,0,0,BM,id,3,0,,False,False,accepted,negative,0.7406697273254395,0.141054019331932,0.1182763054966926,0.7406697273254395,0.5996157079935074,medium,medium,medium_confidence,negative,reviewed,,negative,cardiffnlp/twitter-xlm-roberta-base-sentiment-multilingual,automatic_prelabel,positive | neutral | negative | uncertain,True,428,2026-06-18 18:38:05,human_manual_review,,,,,True,final_youtube_sentiment_825_balanced,2026-06-18 20:43:24,617,"Korupsi adalah tradisi warisan UNESCO turun temurun tengkolok gayong yg ditakdir untuk selamatkan multiverse, alam bunian, middle earth dan ade yg juga kate alam isekai.","Corruption is a UNESCO heritage tradition passed down from generation to generation by the Tengkolok Gayong who are destined to save the multiverse, elven realm, middle earth and ade which is also known as the isekai realm.",translated,google_translate_auto_to_en,negative,keep,current label is acceptable or ambiguous
YT_UgxJFS7rL3_M8ONf64F4AaABAg,YouTube,top_level_comment,UgxJFS7rL3_M8ONf64F4AaABAg,UgxJFS7rL3_M8ONf64F4AaABAg,dDRZ6AZbcfw,Malaysian Hawker Fights To Keep His Noodles Affordable As Food Prices Rise | Money Mind | Inflation,CNA Insider,https://www.youtube.com/watch?v=dDRZ6AZbcfw,2025-11-25T14:01:10Z,cost_of_living_public_policy,"There was a time i needed help on some DJ’ing stuff, i went to Paul and he was kind enough to guide and teach me without asking anything but my hardwork. Man is really hustling out here!! Respect sifu",c36ce31176abe3b2bdcc,2025-12-08T12:10:23Z,2025-12-08T12:10:23Z,4,0,True,True,none,,2026-06-17T15:11:42.417968+00:00,raw,,"There was a time i needed help on some DJ’ing stuff, i went to Paul and he was kind enough to guide and teach me without asking anything but my hardwork. Man is really hustling out here!! Respect sifu",there was a time i needed help on some dj ing stuff i went to paul and he was kind enough to guide and teach me without asking anything but my hardwork man is really hustling out here respect sifu,40,200,0,False,True,0,0,0,EN,en,0,5,,False,False,accepted,positive,0.0155314179137349,0.0310424901545047,0.9534261226654052,0.9534261226654052,0.9223836325109004,high,low,,positive,reviewed,,positive,cardiffnlp/twitter-xlm-roberta-base-sentiment-multilingual,automatic_prelabel,positive | neutral | negative | uncertain,True,697,2026-06-18 19:23:11,human_manual_review,,,,,True,final_youtube_sentiment_825_balanced,2026-06-18 20:43:24,85,"There was a time i needed help on some DJ’ing stuff, i went to Paul and he was kind enough to guide and teach me without asking anything but my hardwork. Man is really hustling out here!! Respect sifu","There was a time i needed help on some DJ’ing stuff, i went to Paul and he was kind enough to guide and teach me without asking anything but my hardwork. Man is really hustling out here!! Respect sifu",kept_original_english,none,positive,keep,current label is acceptable or ambiguous
YT_UgxBzQgl1P1aeCDDW4l4AaABAg,YouTube,top_level_comment,UgxBzQgl1P1aeCDDW4l4AaABAg,UgxBzQgl1P1aeCDDW4l4AaABAg,Wk-HcKtIaGY,Are We About to See a Chinese Tourist Boom in Malaysia?,Ziet Invests,https://www.youtube.com/watch?v=Wk-HcKtIaGY,2026-02-12T11:00:42Z,tourism_lifestyle_events,Singapore’s Changi isn’t even in the top 10 of world’s most connected airport but KLIA is no. 4. What an achievement!,cb45bf6a1b3ff6e25004,2026-02-25T11:41:19Z,2026-02-25T11:41:19Z,0,0,True,True,none,,2026-06-17T15:11:46.187500+00:00,raw,,Singapore’s Changi isn’t even in the top 10 of world’s most connected airport but KLIA is no. 4. What an achievement!,singapore s changi isn t even in the top 10 of world s most connected airport but klia is no 4 what an achievement,24,117,0,False,True,0,0,0,EN,en,0,2,,False,False,accepted,positive,0.0366128571331501,0.040299218147993,0.9230879545211792,0.9230879545211792,0.8827887363731861,high,low,,positive,reviewed,Added from reviewed positive supplement,positive,cardiffnlp/twitter-xlm-roberta-base-sentiment-multilingual,automatic_prelabel,,False,5,2026-06-18 20:33:38,human_manual_review_positive_supplement,available,,positive_shortage_after_manual_review,positive,True,final_youtube_sentiment_825_balanced,2026-06-18 20:43:24,747,Singapore’s Changi isn’t even in the top 10 of world’s most connected airport but KLIA is no. 4. What an achievement!,Singapore’s Changi isn’t even in the top 10 of world’s most connected airport but KLIA is no. 4. What an achievement!,kept_original_english,none,negative,relabel,negative cues outweigh positive label after translation
YT_Ugwac6w_KENlqJuZa-B4AaABAg,YouTube,top_level_comment,Ugwac6w_KENlqJuZa-B4AaABAg,Ugwac6w_KENlqJuZa-B4AaABAg,J5SEcQAe1AM,Why Malaysia Forces You to Own a Car,UrbanShiftMY,https://www.youtube.com/watch?v=J5SEcQAe1AM,2026-05-11T05:16:17Z,transport_public_services,"Bandar Sri Damansara is the most well-designed township in KL, people enjoy both walking and driving here, come take a look for yourself, people only ""hate to drive"" in a badly planned road system",d45286ffd0803803825b,2026-05-18T08:11:15Z,2026-05-18T08:11:15Z,0,0,True,True,none,,2026-06-17T15:11:48.078522+00:00,raw,,"Bandar Sri Damansara is the most well-designed township in KL, people enjoy both walking and driving here, come take a look for yourself, people only ""hate to drive"" in a badly planned road system",bandar sri damansara is the most well designed township in kl people enjoy both walking and driving here come take a look for yourself people only hate to drive in a badly planned road system,34,196,0,False,True,0,0,0,EN,en,0,4,,False,False,accepted,positive,0.1921858340501785,0.2141811400651931,0.5936329960823059,0.5936329960823059,0.3794518560171127,low,high,low_confidence,positive,reviewed,,positive,cardiffnlp/twitter-xlm-roberta-base-sentiment-multilingual,automatic_prelabel,positive | neutral | negative | uncertain,True,332,2026-06-18 17:19:14,human_manual_review,,,,,True,final_youtube_sentiment_825_balanced,2026-06-18 20:43:24,737,"Bandar Sri Damansara is the most well-designed township in KL, people enjoy both walking and driving here, come take a look for yourself, people only ""hate to drive"" in a badly planned road system","Bandar Sri Damansara is the most well-designed township in KL, people enjoy both walking and driving here, come take a look for yourself, people only ""hate to drive"" in a badly planned road system",kept_original_english,none,negative,relabel,negative cues outweigh positive label after translation
YT_UgwdjO1mCsV7U0-xJRd4AaABAg,YouTube,top_level_comment,UgwdjO1mCsV7U0-xJRd4AaABAg,UgwdjO1mCsV7U0-xJRd4AaABAg,oULUeT07fa0,JPJ MALAYSIA? ADA APA APA JAWAPAN KE? SITA KENDERAAN ORANG SAMPAI BERBULAN BULAN? TERIMA KASIH SINGH,Bossrul Channel,https://www.youtube.com/watch?v=oULUeT07fa0,2025-07-01T02:14:17Z,transport_public_services,Uncle ni saya sokong sangat jadi menteri pengangkutan.. terbaik uncle...,9f540457ad2e94b7fde0,2025-07-05T05:23:19Z,2025-07-05T05:23:19Z,9,0,True,True,none,,2026-06-17T15:11:48.878513+00:00,raw,,Uncle ni saya sokong sangat jadi menteri pengangkutan.. terbaik uncle..,uncle ni saya sokong sangat jadi menteri pengangkutan terbaik uncle,10,71,0,False,True,0,0,0,BM,id,2,0,,False,False,accepted,positive,0.0694752782583236,0.0712955817580223,0.8592291474342346,0.8592291474342346,0.7879335656762123,high,low,,positive,reviewed,,positive,cardiffnlp/twitter-xlm-roberta-base-sentiment-multilingual,automatic_prelabel,positive | neutral | negative | uncertain,True,613,2026-06-18 19:08:29,human_manual_review,,,,,True,final_youtube_sentiment_825_balanced,2026-06-18 20:43:24,776,Uncle ni saya sokong sangat jadi menteri pengangkutan.. terbaik uncle..,I support this uncle very much to be the minister of transport.. the best uncle..,translated,google_translate_auto_to_en,positive,keep,current label is acceptable or ambiguous
YT_UgyZ5zFSZ0Q8UBsma7J4AaABAg,YouTube,top_level_comment,UgyZ5zFSZ0Q8UBsma7J4AaABAg,UgyZ5zFSZ0Q8UBsma7J4AaABAg,Wk-HcKtIaGY,Are We About to See a Chinese Tourist Boom in Malaysia?,Ziet Invests,https://www.youtube.com/watch?v=Wk-HcKtIaGY,2026-02-12T11:00:42Z,tourism_lifestyle_events,"Malaysia’s really stepped up its game lately. In 2025 they pulled in something like 42 million visitors — even edged past Thailand as the most visited in Southeast Asia. A lot of it’s down to visa-free travel for Chinese and Indian tourists, better flight connections, and the ringgit being pretty competitive, so it’s good value. Now they’re focusing on improving service standards and sustainability to keep the momentum going into 2026. Quietly becoming the place to watch in the region.",09f886ba8641b70364c8,2026-02-13T02:53:21Z,2026-02-13T02:53:21Z,22,0,True,True,none,,2026-06-17T15:11:46.188127+00:00,raw,,"Malaysia’s really stepped up its game lately. In 2025 they pulled in something like 42 million visitors — even edged past Thailand as the most visited in Southeast Asia. A lot of it’s down to visa-free travel for Chinese and Indian tourists, better flight connections, and the ringgit being pretty competitive, so it’s good value. Now they’re focusing on improving service standards and sustainability to keep the momentum going into 2026. Quietly becoming the place to watch in the region.",malaysia s really stepped up its game lately in 2025 they pulled in something like 42 million visitors even edged past thailand as the most visited in southeast asia a lot of it s down to visa free travel for chinese and indian tourists better flight connections and the ringgit being pretty competitive so it s good value now they re focusing on improving service standards and sustainability to keep the momentum going into 2026 quietly becoming the place to watch in the region,83,490,0,False,True,0,0,0,MIXED,en,1,7,,False,False,accepted,positive,0.0508690625429153,0.0798785910010337,0.8692522644996643,0.8692522644996643,0.7893736734986305,high,medium,mixed_language,positive,reviewed,Added from reviewed positive supplement,positive,cardiffnlp/twitter-xlm-roberta-base-sentiment-multilingual,automatic_prelabel,,False,17,2026-06-18 20:33:38,human_manual_review_positive_supplement,available,,positive_shortage_after_manual_review,positive,True,final_youtube_sentiment_825_balanced,2026-06-18 20:43:24,713,"Malaysia’s really stepped up its game lately. In 2025 they pulled in something like 42 million visitors — even edged past Thailand as the most visited in Southeast Asia. A lot of it’s down to visa-free travel for Chinese and Indian tourists, better flight connections, and the ringgit being pretty competitive, so it’s good value. Now they’re focusing on improving service standards and sustainability to keep the momentum going into 2026. Quietly becoming the place to watch in the region.","Malaysia’s really stepped up its game lately. In 2025 they pulled in something like 42 million visitors — even edged past Thailand as the most visited in Southeast Asia. A lot of it’s down to visa-free travel for Chinese and Indian tourists, better flight connections, and the ringgit being pretty competitive, so it’s good value. Now they’re focusing on improving service standards and sustainability to keep the momentum going into 2026. Quietly becoming the place to watch in the region.",kept_original_english,none,positive,keep,current label is acceptable or ambiguous
YT_UgwoSza3USgC5QdoGGx4AaABAg,YouTube,top_level_comment,UgwoSza3USgC5QdoGGx4AaABAg,UgwoSza3USgC5QdoGGx4AaABAg,Wk-HcKtIaGY,Are We About to See a Chinese Tourist Boom in Malaysia?,Ziet Invests,https://www.youtube.com/watch?v=Wk-HcKtIaGY,2026-02-12T11:00:42Z,tourism_lifestyle_events,"This is just my theory, the major tourist contributions are: 1. Muslim tourists (wide halal food). 2. China Mainland tourist (food heritage and whether). 3. Medical Tourist (comfy and effortable) 4. Tech Tourist (digital entrepreneur kick off). All of this can kick all entertainment tourism around SEA.",2351596920f963e62555,2026-02-13T16:23:47Z,2026-02-13T16:23:47Z,45,2,True,True,none,,2026-06-17T15:11:46.187909+00:00,raw,,"This is just my theory, the major tourist contributions are: 1. Muslim tourists (wide halal food). 2. China Mainland tourist (food heritage and whether). 3. Medical Tourist (comfy and effortable) 4. Tech Tourist (digital entrepreneur kick off). All of this can kick all entertainment tourism around SEA.",this is just my theory the major tourist contributions are 1 muslim tourists wide halal food 2 china mainland tourist food heritage and whether 3 medical tourist comfy and effortable 4 tech tourist digital entrepreneur kick off all of this can kick all entertainment tourism around sea,47,303,0,False,True,0,0,0,EN,en,0,6,,False,False,accepted,neutral,0.0586207695305347,0.6095659732818604,0.3318132162094116,0.6095659732818604,0.2777527570724487,medium,medium,medium_confidence | neutral_prediction,positive,reviewed,,positive,cardiffnlp/twitter-xlm-roberta-base-sentiment-multilingual,automatic_prelabel,positive | neutral | negative | uncertain,True,349,2026-06-18 18:23:46,human_manual_review,,,,,True,final_youtube_sentiment_825_balanced,2026-06-18 20:43:24,357,"This is just my theory, the major tourist contributions are: 1. Muslim tourists (wide halal food). 2. China Mainland tourist (food heritage and whether). 3. Medical Tourist (comfy and effortable) 4. Tech Tourist (digital entrepreneur kick off). All of this can kick all entertainment tourism around SEA.","This is just my theory, the major tourist contributions are: 1. Muslim tourists (wide halal food). 2. China Mainland tourist (food heritage and whether). 3. Medical Tourist (comfy and effortable) 4. Tech Tourist (digital entrepreneur kick off). All of this can kick all entertainment tourism around SEA.",kept_original_english,none,neutral,relabel,translated English appears informational/unclear rather than explicit sentiment
YT_UgySEACK_1cgSpza7LB4AaABAg,YouTube,top_level_comment,UgySEACK_1cgSpza7LB4AaABAg,UgySEACK_1cgSpza7LB4AaABAg,mVmYibok-7A,[TERKINI] MOF sekat MyKad individu salah guna subsidi BUDI95,Astro AWANI,https://www.youtube.com/watch?v=mVmYibok-7A,2026-03-23T23:22:33Z,cost_of_living_public_policy,"Bengong la kerajaan skrg ni, byr gaji mahal2 pun tak tahu nak urus negara....Berapa byk sgtlah org ramai boleh jual minyak petrol tu.... klu org nak beli utk mesin rumput atau minyak motor abis ke mcmana?",6c5747bfaf491aa1c0a8,2026-03-24T06:47:02Z,2026-03-24T06:47:02Z,1,0,True,True,none,,2026-06-17T15:11:39.037842+00:00,raw,,"Bengong la kerajaan skrg ni, byr gaji mahal2 pun tak tahu nak urus negara..Berapa byk sgtlah org ramai boleh jual minyak petrol tu.. klu org nak beli utk mesin rumput atau minyak motor abis ke mcmana?",bengong la kerajaan skrg ni byr gaji mahal2 pun tak tahu nak urus negara berapa byk sgtlah org ramai boleh jual minyak petrol tu klu org nak beli utk mesin rumput atau minyak motor abis ke mcmana,37,200,0,False,True,0,0,0,BM,id,6,0,,False,False,accepted,negative,0.945529282093048,0.0246385503560304,0.0298322010785341,0.945529282093048,0.915697081014514,high,low,,negative,reviewed,,negative,cardiffnlp/twitter-xlm-roberta-base-sentiment-multilingual,automatic_prelabel,positive | neutral | negative | uncertain,True,674,2026-06-18 19:19:18,human_manual_review,,,,,True,final_youtube_sentiment_825_balanced,2026-06-18 20:43:24,614,"Bengong la kerajaan skrg ni, byr gaji mahal2 pun tak tahu nak urus negara..Berapa byk sgtlah org ramai boleh jual minyak petrol tu.. klu org nak beli utk mesin rumput atau minyak motor abis ke mcmana?","The government is crazy right now, they don't even know how to manage the country.. How much can people sell gasoline.. If people want to buy it for lawn mowers or motor oil, where do they go?",translated,google_translate_auto_to_en,negative,keep,current label is acceptable or ambiguous
YT_UgyxZA7iHrYimRJWegR4AaABAg,YouTube,top_level_comment,UgyxZA7iHrYimRJWegR4AaABAg,UgyxZA7iHrYimRJWegR4AaABAg,hXMCJ90cK7M,Car vs Public Transport in Malaysia. Who Wins?,Mr Money TV,https://www.youtube.com/watch?v=hXMCJ90cK7M,2025-05-23T12:42:56Z,transport_public_services,Did you all notice that Frankie has lost some weight? Or is it just me?,03ddb2bbed3120a63a6b,2025-05-23T14:30:39Z,2025-05-23T14:30:39Z,3,0,True,True,none,,2026-06-17T15:11:46.929054+00:00,raw,,Did you all notice that Frankie has lost some weight? Or is it just me?,did you all notice that frankie has lost some weight or is it just me,15,71,0,False,True,0,0,0,EN,en,0,3,,False,False,accepted,neutral,0.0361714996397495,0.8996610641479492,0.0641674399375915,0.8996610641479492,0.8354936242103577,high,medium,neutral_prediction,positive,reviewed,,positive,cardiffnlp/twitter-xlm-roberta-base-sentiment-multilingual,automatic_prelabel,positive | neutral | negative | uncertain,True,559,2026-06-18 19:02:09,human_manual_review,,,,,True,final_youtube_sentiment_825_balanced,2026-06-18 20:43:24,715,Did you all notice that Frankie has lost some weight? Or is it just me?,Did you all notice that Frankie has lost some weight? Or is it just me?,kept_original_english,none,neutral,keep,current label is acceptable
YT_Ugw67x7dxWu14CzSa8Z4AaABAg,YouTube,top_level_comment,Ugw67x7dxWu14CzSa8Z4AaABAg,Ugw67x7dxWu14CzSa8Z4AaABAg,mVmYibok-7A,[TERKINI] MOF sekat MyKad individu salah guna subsidi BUDI95,Astro AWANI,https://www.youtube.com/watch?v=mVmYibok-7A,2026-03-23T23:22:33Z,cost_of_living_public_policy,😂 apa lah ..segali dia bayar okey lah ... Bukan dia warga asing yang guna Ic pun...semua Liter yang diperuntukkan tu memang dah sah2 utk kegunaan yg dah ditetapkan...jadi apa masalahnya...dia nak isi terus 300L pun biarlah janji dia bayar,c0bcf17bb2660f3f9653,2026-03-24T07:27:13Z,2026-03-24T07:27:13Z,0,0,True,True,none,,2026-06-17T15:11:39.037718+00:00,raw,,😂 apa lah ..segali dia bayar okey lah .. Bukan dia warga asing yang guna Ic pun..semua Liter yang diperuntukkan tu memang dah sah2 utk kegunaan yg dah ditetapkan..jadi apa masalahnya..dia nak isi terus 300L pun biarlah janji dia bayar,apa lah segali dia bayar okey lah bukan dia warga asing yang guna ic pun semua liter yang diperuntukkan tu memang dah sah2 utk kegunaan yg dah ditetapkan jadi apa masalahnya dia nak isi terus 300l pun biarlah janji dia bayar,41,234,1,False,True,0,0,0,BM,id,7,0,,False,False,accepted,neutral,0.3300727307796478,0.3533869683742523,0.3165402710437774,0.3533869683742523,0.0233142375946044,low,high,low_confidence | small_probability_margin | neutral_prediction,neutral,reviewed,,neutral,cardiffnlp/twitter-xlm-roberta-base-sentiment-multilingual,automatic_prelabel,positive | neutral | negative | uncertain,True,2,2026-06-18 15:19:42,human_manual_review,,,,,True,final_youtube_sentiment_825_balanced,2026-06-18 20:43:24,5,😂 apa lah ..segali dia bayar okey lah .. Bukan dia warga asing yang guna Ic pun..semua Liter yang diperuntukkan tu memang dah sah2 utk kegunaan yg dah ditetapkan..jadi apa masalahnya..dia nak isi terus 300L pun biarlah janji dia bayar,😂 what's the matter .. as long as he pays it's okay .. He's not a foreigner who uses Ic either .. all the liters allocated are indeed valid for the specified use .. so what's the problem .. he wants to fill up 300L directly let him promise to pay,translated,google_translate_auto_to_en,negative,relabel,translated English contains stronger negative sentiment cues
YT_UgyBlOrr7TJE50zORoN4AaABAg,YouTube,top_level_comment,UgyBlOrr7TJE50zORoN4AaABAg,UgyBlOrr7TJE50zORoN4AaABAg,hXMCJ90cK7M,Car vs Public Transport in Malaysia. Who Wins?,Mr Money TV,https://www.youtube.com/watch?v=hXMCJ90cK7M,2025-05-23T12:42:56Z,transport_public_services,"Unless you buy TOD, for regular housing areas, public transport is just not viable. There might be a MRT/LRT station within a 2km radius...but the last mile sucks. Feeder buses don't operate on a regular basis and doesn't go into the tamans.",7dbcd9940e54014406f7,2025-05-23T14:42:15Z,2025-05-23T14:42:15Z,10,1,True,True,none,,2026-06-17T15:11:46.928768+00:00,raw,,"Unless you buy TOD, for regular housing areas, public transport is just not viable. There might be a MRT/LRT station within a 2km radius..but the last mile sucks. Feeder buses don't operate on a regular basis and doesn't go into the tamans.",unless you buy tod for regular housing areas public transport is just not viable there might be a mrt lrt station within a 2km radius but the last mile sucks feeder buses don t operate on a regular basis and doesn t go into the tamans,44,240,0,False,True,0,0,0,EN,en,0,5,,False,False,accepted,negative,0.9800431728363036,0.0123537937179207,0.0076031167991459,0.9800431728363036,0.9676893791183828,high,low,,neutral,reviewed,,neutral,cardiffnlp/twitter-xlm-roberta-base-sentiment-multilingual,automatic_prelabel,positive | neutral | negative | uncertain,True,806,2026-06-18 19:59:33,human_manual_review,,,,,True,final_youtube_sentiment_825_balanced,2026-06-18 20:43:24,406,"Unless you buy TOD, for regular housing areas, public transport is just not viable. There might be a MRT/LRT station within a 2km radius..but the last mile sucks. Feeder buses don't operate on a regular basis and doesn't go into the tamans.","Unless you buy TOD, for regular housing areas, public transport is just not viable. There might be a MRT/LRT station within a 2km radius..but the last mile sucks. Feeder buses don't operate on a regular basis and doesn't go into the tamans.",kept_original_english,none,negative,relabel,translated English contains stronger negative sentiment cues
YT_UgzKEmc1QnU8XkEm2BF4AaABAg,YouTube,top_level_comment,UgzKEmc1QnU8XkEm2BF4AaABAg,UgzKEmc1QnU8XkEm2BF4AaABAg,MpBToZaCuWE,LRT derailment: Commuters want track and train maintenance to be enhanced,The Star,https://www.youtube.com/watch?v=MpBToZaCuWE,2026-05-28T08:54:43Z,transport_public_services,Anthony Loke menteri paling gagal..xde 5% pun dari pencapaian Dato Seri Ling Liong Sik,c51e8a4f8334d8b9cdbe,2026-05-28T10:34:55Z,2026-05-28T10:34:55Z,3,0,True,True,none,,2026-06-17T15:11:46.539004+00:00,raw,,Anthony Loke menteri paling gagal..xde 5% pun dari pencapaian Dato Seri Ling Liong Sik,anthony loke menteri paling gagal xde 5 pun dari pencapaian dato seri ling liong sik,15,86,0,False,True,0,0,0,BM,id,1,0,,False,False,accepted,negative,0.9336504936218262,0.0302632469683885,0.0360862985253334,0.9336504936218262,0.8975641950964928,high,low,,negative,reviewed,,negative,cardiffnlp/twitter-xlm-roberta-base-sentiment-multilingual,automatic_prelabel,positive | neutral | negative | uncertain,True,640,2026-06-18 19:13:47,human_manual_review,,,,,True,final_youtube_sentiment_825_balanced,2026-06-18 20:43:24,604,Anthony Loke menteri paling gagal..xde 5% pun dari pencapaian Dato Seri Ling Liong Sik,Anthony Loke is the most failed minister... even 5% of Dato Seri Ling Liong Sik's achievements,translated,google_translate_auto_to_en,negative,keep,current label is acceptable or ambiguous
YT_UgzP8NtP6q-OzBoiNdV4AaABAg,YouTube,top_level_comment,UgzP8NtP6q-OzBoiNdV4AaABAg,UgzP8NtP6q-OzBoiNdV4AaABAg,hXMCJ90cK7M,Car vs Public Transport in Malaysia. Who Wins?,Mr Money TV,https://www.youtube.com/watch?v=hXMCJ90cK7M,2025-05-23T12:42:56Z,transport_public_services,Public transport outside the city centre outskirt area need to build railway station not only in city centre kuala lumpur,246824094ac50dab04c2,2025-05-23T14:45:56Z,2025-05-23T14:45:56Z,1,0,True,True,none,,2026-06-17T15:11:46.928649+00:00,raw,,Public transport outside the city centre outskirt area need to build railway station not only in city centre kuala lumpur,public transport outside the city centre outskirt area need to build railway station not only in city centre kuala lumpur,20,121,0,False,True,0,0,0,EN,en,0,2,,False,False,accepted,neutral,0.1977303177118301,0.55296790599823,0.249301791191101,0.55296790599823,0.3036661148071289,low,high,low_confidence | neutral_prediction,positive,reviewed,,positive,cardiffnlp/twitter-xlm-roberta-base-sentiment-multilingual,automatic_prelabel,positive | neutral | negative | uncertain,True,254,2026-06-18 16:57:49,human_manual_review,,,,,True,final_youtube_sentiment_825_balanced,2026-06-18 20:43:24,755,Public transport outside the city centre outskirt area need to build railway station not only in city centre kuala lumpur,Public transport outside the city centre outskirt area need to build railway station not only in city centre kuala lumpur,kept_original_english,none,negative,relabel,negative cues outweigh positive label after translation
YT_Ugx1FaxyOhxrA7mye9x4AaABAg,YouTube,top_level_comment,Ugx1FaxyOhxrA7mye9x4AaABAg,Ugx1FaxyOhxrA7mye9x4AaABAg,hXMCJ90cK7M,Car vs Public Transport in Malaysia. Who Wins?,Mr Money TV,https://www.youtube.com/watch?v=hXMCJ90cK7M,2025-05-23T12:42:56Z,transport_public_services,5:41 why did u exit the station? U should walk to the connecting MRT station. Waste of money and time,29357edea3612805f73d,2026-01-26T10:42:03Z,2026-01-26T10:42:03Z,0,0,True,True,none,,2026-06-17T15:11:46.922783+00:00,raw,,5:41 why did u exit the station? U should walk to the connecting MRT station. Waste of money and time,5 41 why did u exit the station u should walk to the connecting mrt station waste of money and time,21,101,0,False,True,0,0,0,EN,en,0,4,,False,False,accepted,negative,0.976736545562744,0.0136637678369879,0.0095997359603643,0.976736545562744,0.9630727777257562,high,low,,neutral,reviewed,,neutral,cardiffnlp/twitter-xlm-roberta-base-sentiment-multilingual,automatic_prelabel,positive | neutral | negative | uncertain,True,790,2026-06-18 19:58:52,human_manual_review,,,,,True,final_youtube_sentiment_825_balanced,2026-06-18 20:43:24,374,5:41 why did u exit the station? U should walk to the connecting MRT station. Waste of money and time,5:41 why did u exit the station? U should walk to the connecting MRT station. Waste of money and time,kept_original_english,none,negative,relabel,translated English contains stronger negative sentiment cues
YT_UgySLu21upYCD86fZz14AaABAg,YouTube,top_level_comment,UgySLu21upYCD86fZz14AaABAg,UgySLu21upYCD86fZz14AaABAg,3Pk956RGn7o,10 MENU SCAM PALING PELIK DI BAZAR RAMADAN,Faktaw Channel,https://www.youtube.com/watch?v=3Pk956RGn7o,2025-03-22T08:00:02Z,festivals_national_events,Kawan saya beli nasi dagang macam nasi minyak lepastu ayam pehe kecil,91f67f20add6a16dbd5d,2025-05-16T14:55:52Z,2025-05-16T14:55:52Z,0,0,True,True,none,,2026-06-17T15:11:44.002077+00:00,raw,,Kawan saya beli nasi dagang macam nasi minyak lepastu ayam pehe kecil,kawan saya beli nasi dagang macam nasi minyak lepastu ayam pehe kecil,12,69,0,False,True,0,0,0,BM,id,2,0,,False,False,accepted,neutral,0.2644616067409515,0.4797647595405578,0.2557736039161682,0.4797647595405578,0.2153031527996063,low,high,low_confidence | neutral_prediction,negative,reviewed,Reverted wrong sequence-based correction back to negative,negative,cardiffnlp/twitter-xlm-roberta-base-sentiment-multilingual,automatic_prelabel,positive | neutral | negative | uncertain,True,117,2026-06-18 20:39:17,human_manual_text_based_revert,,,,,True,final_youtube_sentiment_825_balanced,2026-06-18 20:43:24,339,Kawan saya beli nasi dagang macam nasi minyak lepastu ayam pehe kecil,My friend buys commercial rice like oil rice and then small pehe chicken,translated,google_translate_auto_to_en,neutral,relabel,translated English appears informational/unclear rather than explicit sentiment
YT_Ugy3kQpyg7VK6vnxAbN4AaABAg,YouTube,top_level_comment,Ugy3kQpyg7VK6vnxAbN4AaABAg,Ugy3kQpyg7VK6vnxAbN4AaABAg,dDRZ6AZbcfw,Malaysian Hawker Fights To Keep His Noodles Affordable As Food Prices Rise | Money Mind | Inflation,CNA Insider,https://www.youtube.com/watch?v=dDRZ6AZbcfw,2025-11-25T14:01:10Z,cost_of_living_public_policy,Are you sure? I just checked and eggs are not RM20 for 30. Much less. RM11-15.,f22f25d669986351f24b,2025-11-25T14:18:45Z,2025-11-25T14:18:45Z,13,4,True,True,none,,2026-06-17T15:11:42.419071+00:00,raw,,Are you sure? I just checked and eggs are not RM20 for 30. Much less. RM11-15.,are you sure i just checked and eggs are not rm20 for 30 much less rm11 15,16,78,0,False,True,0,0,0,EN,en,0,5,,False,False,accepted,neutral,0.2308026850223541,0.7421237826347351,0.0270734895020723,0.7421237826347351,0.511321097612381,medium,medium,medium_confidence | neutral_prediction,neutral,reviewed,,neutral,cardiffnlp/twitter-xlm-roberta-base-sentiment-multilingual,automatic_prelabel,positive | neutral | negative | uncertain,True,430,2026-06-18 18:38:26,human_manual_review,,,,,True,final_youtube_sentiment_825_balanced,2026-06-18 20:43:24,475,Are you sure? I just checked and eggs are not RM20 for 30. Much less. RM11-15.,Are you sure? I just checked and eggs are not RM20 for 30. Much less. RM11-15.,kept_original_english,none,neutral,keep,current label is acceptable or ambiguous
YT_UgxhwVshyTizj0BW8UN4AaABAg,YouTube,top_level_comment,UgxhwVshyTizj0BW8UN4AaABAg,UgxhwVshyTizj0BW8UN4AaABAg,Wk-HcKtIaGY,Are We About to See a Chinese Tourist Boom in Malaysia?,Ziet Invests,https://www.youtube.com/watch?v=Wk-HcKtIaGY,2026-02-12T11:00:42Z,tourism_lifestyle_events,"If Malaysia really hits 47 million tourists in 2026, do you think it will strengthen the ringgit and boost the economy, or will the risks outweigh the rewards?🟢𝗚𝗲𝘁 𝗙𝗥𝗘𝗘 𝗧𝗿𝗮𝗻𝘀𝗳𝗲𝗿 𝘄𝗶𝘁𝗵 𝗪𝗶𝘀𝗲 (𝘂𝗽 𝘁𝗼 RM2,500) ➡ https://wise.com/invite/u/weif84",75088e05e26e28610dbe,2026-02-12T10:59:41Z,2026-02-12T10:59:41Z,17,2,True,True,none,,2026-06-17T15:11:46.187326+00:00,raw,,"If Malaysia really hits 47 million tourists in 2026, do you think it will strengthen the ringgit and boost the economy, or will the risks outweigh the rewards?🟢Get FREE Transfer with Wise (up to RM2,500) ➡ URL",if malaysia really hits 47 million tourists in 2026 do you think it will strengthen the ringgit and boost the economy or will the risks outweigh the rewards get free transfer with wise up to rm2 500 url,38,209,2,False,True,1,0,0,MIXED,en,1,4,,False,False,accepted,positive,0.0722045078873634,0.4448225200176239,0.4829729199409485,0.4829729199409485,0.0381503999233245,low,high,low_confidence | small_probability_margin | mixed_language,neutral,reviewed,,neutral,cardiffnlp/twitter-xlm-roberta-base-sentiment-multilingual,automatic_prelabel,positive | neutral | negative | uncertain,True,121,2026-06-18 15:47:59,human_manual_review,,,,,True,final_youtube_sentiment_825_balanced,2026-06-18 20:43:24,796,"If Malaysia really hits 47 million tourists in 2026, do you think it will strengthen the ringgit and boost the economy, or will the risks outweigh the rewards?🟢Get FREE Transfer with Wise (up to RM2,500) ➡ URL","If Malaysia really hits 47 million tourists in 2026, do you think it will strengthen the ringgit and boost the economy, or will the risks outweigh the rewards?🟢Get FREE Transfer with Wise (up to RM2,500) ➡ URL",kept_original_english,none,neutral,keep,current label is acceptable
YT_Ugw1esM1AWsvMT5Pxlh4AaABAg,YouTube,top_level_comment,Ugw1esM1AWsvMT5Pxlh4AaABAg,Ugw1esM1AWsvMT5Pxlh4AaABAg,zCSY4bGWUXc,"Suara Rakyat: Nilai semula subsidi petrol golongan kaya, apa kata orang miskin?",Astro AWANI,https://www.youtube.com/watch?v=zCSY4bGWUXc,2026-05-11T12:14:22Z,cost_of_living_public_policy,"Kite harus bangge Ringgit kite berjaye... Kalau beras mahal, kite boleh makan ubi kayu. Kalau bahan api mahal, kite boleh naik bysikal. Tengok Konoha rupiah teruk sangat walaupun warga Konoha kenyang makan nasi, beras murah dan kebutuhan murah, walaupun warga Konoha bahan api tak naik seperti kite. Kita tetap bangge ringgit berjaye dan naik walaupun warga mengeluh dan hidup sulit kite tetap takboleh marah karena kite patik2 raje. Walaupun raje kite takde guna. Kita tetap bangga Ringgit kite berjaye..",99ff67ebea1a6274abbf,2026-05-13T10:11:29Z,2026-05-13T10:11:29Z,4,2,True,True,none,,2026-06-17T15:11:37.970254+00:00,raw,,"Kite harus bangge Ringgit kite berjaye.. Kalau beras mahal, kite boleh makan ubi kayu. Kalau bahan api mahal, kite boleh naik bysikal. Tengok Konoha rupiah teruk sangat walaupun warga Konoha kenyang makan nasi, beras murah dan kebutuhan murah, walaupun warga Konoha bahan api tak naik seperti kite. Kita tetap bangge ringgit berjaye dan naik walaupun warga mengeluh dan hidup sulit kite tetap takboleh marah karena kite patik2 raje. Walaupun raje kite takde guna. Kita tetap bangga Ringgit kite berjaye..",kite harus bangge ringgit kite berjaye kalau beras mahal kite boleh makan ubi kayu kalau bahan api mahal kite boleh naik bysikal tengok konoha rupiah teruk sangat walaupun warga konoha kenyang makan nasi beras murah dan kebutuhan murah walaupun warga konoha bahan api tak naik seperti kite kita tetap bangge ringgit berjaye dan naik walaupun warga mengeluh dan hidup sulit kite tetap takboleh marah karena kite patik2 raje walaupun raje kite takde guna kita tetap bangga ringgit kite berjaye,79,504,0,False,True,0,0,0,BM,id,9,0,,False,False,accepted,negative,0.5949757099151611,0.1963129639625549,0.2087112367153167,0.5949757099151611,0.3862644731998443,low,high,low_confidence,negative,reviewed,,negative,cardiffnlp/twitter-xlm-roberta-base-sentiment-multilingual,automatic_prelabel,positive | neutral | negative | uncertain,True,335,2026-06-18 17:19:41,human_manual_review,,,,,True,final_youtube_sentiment_825_balanced,2026-06-18 20:43:24,376,"Kite harus bangge Ringgit kite berjaye.. Kalau beras mahal, kite boleh makan ubi kayu. Kalau bahan api mahal, kite boleh naik bysikal. Tengok Konoha rupiah teruk sangat walaupun warga Konoha kenyang makan nasi, beras murah dan kebutuhan murah, walaupun warga Konoha bahan api tak naik seperti kite. Kita tetap bangge ringgit berjaye dan naik walaupun warga mengeluh dan hidup sulit kite tetap takboleh marah karena kite patik2 raje. Walaupun raje kite takde guna. Kita tetap bangga Ringgit kite berjaye..","We have to be proud of our Ringgit to win... If rice is expensive, we can eat cassava. If fuel is expensive, we can ride a bicycle. Look at Konoha, the rupiah is really bad even though the people of Konoha are full of rice, cheap rice and cheap necessities, even though the people of Konoha fuel is not rising like us. We are still proud that the ringgit is successful and rising, even though people complain and life is difficult, we still can't be angry because we are diligent. Even if we are diligent, it's useless. We are still proud that our Ringgit won..",translated,google_translate_auto_to_en,negative,keep,current label is acceptable or ambiguous
YT_UgySvRXdaFZCCVdiwcN4AaABAg,YouTube,top_level_comment,UgySvRXdaFZCCVdiwcN4AaABAg,UgySvRXdaFZCCVdiwcN4AaABAg,3Pk956RGn7o,10 MENU SCAM PALING PELIK DI BAZAR RAMADAN,Faktaw Channel,https://www.youtube.com/watch?v=3Pk956RGn7o,2025-03-22T08:00:02Z,festivals_national_events,Pernah beli roti John kat bazaar inti sos je,f01fa01219e08a117e4f,2026-04-13T10:28:02Z,2026-04-13T10:28:02Z,0,0,True,True,none,,2026-06-17T15:11:43.541007+00:00,raw,,Pernah beli roti John kat bazaar inti sos je,pernah beli roti john kat bazaar inti sos je,9,44,0,False,True,0,0,0,BM,sl,2,0,,False,False,accepted,neutral,0.2082056552171707,0.5521246194839478,0.2396696805953979,0.5521246194839478,0.3124549388885498,low,high,low_confidence | neutral_prediction,neutral,reviewed,,neutral,cardiffnlp/twitter-xlm-roberta-base-sentiment-multilingual,automatic_prelabel,positive | neutral | negative | uncertain,True,250,2026-06-18 16:55:20,human_manual_review,,,,,True,final_youtube_sentiment_825_balanced,2026-06-18 20:43:24,261,Pernah beli roti John kat bazaar inti sos je,I once bought John's bread at the Inti Sos Bazaar,translated,google_translate_auto_to_en,neutral,keep,current label is acceptable
YT_UgzMTUoJ4pm-zboHE354AaABAg,YouTube,top_level_comment,UgzMTUoJ4pm-zboHE354AaABAg,UgzMTUoJ4pm-zboHE354AaABAg,zCSY4bGWUXc,"Suara Rakyat: Nilai semula subsidi petrol golongan kaya, apa kata orang miskin?",Astro AWANI,https://www.youtube.com/watch?v=zCSY4bGWUXc,2026-05-11T12:14:22Z,cost_of_living_public_policy,Hari ini saya jd PM besok minyak turun,afb7149f097dd877a62e,2026-05-12T03:15:39Z,2026-05-12T03:15:39Z,8,2,True,True,none,,2026-06-17T15:11:37.970767+00:00,raw,,Hari ini saya jd PM besok minyak turun,hari ini saya jd pm besok minyak turun,8,38,0,False,True,0,0,0,BM,id,2,0,,False,False,accepted,positive,0.2631350457668304,0.2946120500564575,0.4422528445720672,0.4422528445720672,0.1476407945156097,low,high,low_confidence | small_probability_margin,negative,reviewed,,negative,cardiffnlp/twitter-xlm-roberta-base-sentiment-multilingual,automatic_prelabel,positive | neutral | negative | uncertain,True,69,2026-06-18 15:39:05,human_manual_review,,,,,True,final_youtube_sentiment_825_balanced,2026-06-18 20:43:24,102,Hari ini saya jd PM besok minyak turun,"Today I am PM, tomorrow oil will go down",translated,google_translate_auto_to_en,neutral,relabel,translated English appears informational/unclear rather than explicit sentiment
YT_UgwXQWcBCxITiqIAie94AaABAg,YouTube,top_level_comment,UgwXQWcBCxITiqIAie94AaABAg,UgwXQWcBCxITiqIAie94AaABAg,MpBToZaCuWE,LRT derailment: Commuters want track and train maintenance to be enhanced,The Star,https://www.youtube.com/watch?v=MpBToZaCuWE,2026-05-28T08:54:43Z,transport_public_services,Like what Anthony Loke said: we have first class facility but third class maintenance.,4069d119c297b2b42af2,2026-05-28T11:53:37Z,2026-05-28T11:53:37Z,4,1,True,True,none,,2026-06-17T15:11:46.538822+00:00,raw,,Like what Anthony Loke said: we have first class facility but third class maintenance.,like what anthony loke said we have first class facility but third class maintenance,14,86,0,False,True,0,0,0,EN,en,0,1,,False,False,accepted,neutral,0.019959483295679,0.9201814532279968,0.0598590373992919,0.9201814532279968,0.8603224158287048,high,medium,neutral_prediction,negative,reviewed,,negative,cardiffnlp/twitter-xlm-roberta-base-sentiment-multilingual,automatic_prelabel,positive | neutral | negative | uncertain,True,571,2026-06-18 19:03:25,human_manual_review,,,,,True,final_youtube_sentiment_825_balanced,2026-06-18 20:43:24,368,Like what Anthony Loke said: we have first class facility but third class maintenance.,Like what Anthony Loke said: we have first class facility but third class maintenance.,kept_original_english,none,neutral,relabel,translated English appears informational/unclear rather than explicit sentiment
YT_UgzDcCEuMsjZ-Lpa6e14AaABAg,YouTube,top_level_comment,UgzDcCEuMsjZ-Lpa6e14AaABAg,UgzDcCEuMsjZ-Lpa6e14AaABAg,Yu37CmWLvK0,SATU MALAYSIA KENA SCAM MAKANAN DI BAZAR RAMADAN‼️ LELAKI SOUND PENIAGA BAZAAR,NuR MuHD,https://www.youtube.com/watch?v=Yu37CmWLvK0,2026-02-22T17:36:49Z,festivals_national_events,Sebab tu kalau nak beli cari org yg mmg dia kerja buat kueh ataupun mmg dia ada kedai berniaga. Kalau yg setaun sekali tu xpayah le ko beli. Nasib² je jmpa yg sedap 😅😅😅,5434300816b16b5895b3,2026-02-27T13:28:13Z,2026-02-27T13:28:13Z,0,0,True,True,none,,2026-06-17T15:11:45.123694+00:00,raw,,Sebab tu kalau nak beli cari org yg mmg dia kerja buat kueh ataupun mmg dia ada kedai berniaga. Kalau yg setaun sekali tu xpayah le ko beli. Nasib2 je jmpa yg sedap 😅😅😅,sebab tu kalau nak beli cari org yg mmg dia kerja buat kueh ataupun mmg dia ada kedai berniaga kalau yg setaun sekali tu xpayah le ko beli nasib2 je jmpa yg sedap,33,168,3,False,True,0,0,0,BM,id,5,0,,False,False,accepted,positive,0.1779570132493972,0.2441623657941818,0.5778806805610657,0.5778806805610657,0.3337183147668838,low,high,low_confidence,positive,reviewed,,positive,cardiffnlp/twitter-xlm-roberta-base-sentiment-multilingual,automatic_prelabel,positive | neutral | negative | uncertain,True,302,2026-06-18 17:11:42,human_manual_review,,,,,True,final_youtube_sentiment_825_balanced,2026-06-18 20:43:24,98,Sebab tu kalau nak beli cari org yg mmg dia kerja buat kueh ataupun mmg dia ada kedai berniaga. Kalau yg setaun sekali tu xpayah le ko beli. Nasib2 je jmpa yg sedap 😅😅😅,"That's why if you want to buy, look for someone who actually works to make cakes or even has a business shop. If it's only once a year, I don't need to buy it. It's good luck to find a good one 😅😅😅",translated,google_translate_auto_to_en,positive,keep,current label is acceptable or ambiguous
YT_UgxOOzD7769Dkpaeod54AaABAg,YouTube,top_level_comment,UgxOOzD7769Dkpaeod54AaABAg,UgxOOzD7769Dkpaeod54AaABAg,hXMCJ90cK7M,Car vs Public Transport in Malaysia. Who Wins?,Mr Money TV,https://www.youtube.com/watch?v=hXMCJ90cK7M,2025-05-23T12:42:56Z,transport_public_services,I had good experience taking MRT and LRT to work during ASEAN meeting last few days. Park and Rides only RM 4 and RM6 daily pass to and come back from my working place. Clean and comfort the MRT and LRT👍,23521130ddf946612fec,2025-06-02T09:49:15Z,2025-06-02T09:49:15Z,0,0,True,True,none,,2026-06-17T15:11:46.924221+00:00,raw,,I had good experience taking MRT and LRT to work during ASEAN meeting last few days. Park and Rides only RM 4 and RM6 daily pass to and come back from my working place. Clean and comfort the MRT and LRT👍,i had good experience taking mrt and lrt to work during asean meeting last few days park and rides only rm 4 and rm6 daily pass to and come back from my working place clean and comfort the mrt and lrt,41,203,1,False,True,0,0,0,EN,en,0,4,,False,False,accepted,positive,0.0248712114989757,0.0609454587101936,0.9141832590103148,0.9141832590103148,0.8532378003001213,high,low,,positive,reviewed,Added from reviewed positive supplement,positive,cardiffnlp/twitter-xlm-roberta-base-sentiment-multilingual,automatic_prelabel,,False,9,2026-06-18 20:33:38,human_manual_review_positive_supplement,available,,positive_shortage_after_manual_review,positive,True,final_youtube_sentiment_825_balanced,2026-06-18 20:43:24,140,I had good experience taking MRT and LRT to work during ASEAN meeting last few days. Park and Rides only RM 4 and RM6 daily pass to and come back from my working place. Clean and comfort the MRT and LRT👍,I had good experience taking MRT and LRT to work during ASEAN meeting last few days. Park and Rides only RM 4 and RM6 daily pass to and come back from my working place. Clean and comfort the MRT and LRT👍,kept_original_english,none,positive,keep,current label is acceptable or ambiguous
YT_UgxTwWkrIJwnvackkoh4AaABAg,YouTube,top_level_comment,UgxTwWkrIJwnvackkoh4AaABAg,UgxTwWkrIJwnvackkoh4AaABAg,MpBToZaCuWE,LRT derailment: Commuters want track and train maintenance to be enhanced,The Star,https://www.youtube.com/watch?v=MpBToZaCuWE,2026-05-28T08:54:43Z,transport_public_services,Somoga semua baik semula,b67e5a39cd2a67caad1f,2026-05-28T11:48:26Z,2026-05-28T11:48:26Z,0,0,True,True,none,,2026-06-17T15:11:46.538849+00:00,raw,,Somoga semua baik semula,somoga semua baik semula,4,24,0,False,True,0,0,0,BM,id,0,0,,False,False,accepted,positive,0.1631111949682235,0.2556763589382171,0.5812124609947205,0.5812124609947205,0.3255361020565033,low,high,low_confidence,positive,reviewed,,positive,cardiffnlp/twitter-xlm-roberta-base-sentiment-multilingual,automatic_prelabel,positive | neutral | negative | uncertain,True,308,2026-06-18 17:14:04,human_manual_review,,,,,True,final_youtube_sentiment_825_balanced,2026-06-18 20:43:24,197,Somoga semua baik semula,Hope all is well again,translated,google_translate_auto_to_en,positive,keep,current label is acceptable or ambiguous
YT_UgxkJdzedkAk70-fSFh4AaABAg,YouTube,top_level_comment,UgxkJdzedkAk70-fSFh4AaABAg,UgxkJdzedkAk70-fSFh4AaABAg,Yu37CmWLvK0,SATU MALAYSIA KENA SCAM MAKANAN DI BAZAR RAMADAN‼️ LELAKI SOUND PENIAGA BAZAAR,NuR MuHD,https://www.youtube.com/watch?v=Yu37CmWLvK0,2026-02-22T17:36:49Z,festivals_national_events,"beruntung duduk dekat kampung aku ni,dekat sini makcik²,pakcik² and peniaga yang jual kuih Dan lain² makanan,semua sedap² and murah,takde lagi aku beli kuih sebiji RM2,dekat sini rata-rata RM2 dapat 4 biji kuih 1 bekas,macam² kuih ada,semuanya sangat layak untuk di makan.dah 2 tahun aku tak pernah ke bazzar Ramadan dekat pekan,sebab dekat kampung aku dah complete hampir semua ada..",f004b5e2f50709870e12,2026-03-10T17:46:43Z,2026-03-10T17:46:43Z,0,0,True,True,none,,2026-06-17T15:11:44.742209+00:00,raw,,"beruntung duduk dekat kampung aku ni,dekat sini makcik2,pakcik2 and peniaga yang jual kuih Dan lain2 makanan,semua sedap2 and murah,takde lagi aku beli kuih sebiji RM2,dekat sini rata-rata RM2 dapat 4 biji kuih 1 bekas,macam2 kuih ada,semuanya sangat layak untuk di makan.dah 2 tahun aku tak pernah ke bazzar Ramadan dekat pekan,sebab dekat kampung aku dah complete hampir semua ada..",beruntung duduk dekat kampung aku ni dekat sini makcik2 pakcik2 and peniaga yang jual kuih dan lain2 makanan semua sedap2 and murah takde lagi aku beli kuih sebiji rm2 dekat sini rata rata rm2 dapat 4 biji kuih 1 bekas macam2 kuih ada semuanya sangat layak untuk di makan dah 2 tahun aku tak pernah ke bazzar ramadan dekat pekan sebab dekat kampung aku dah complete hampir semua ada,68,384,0,False,True,0,0,0,MIXED,id,11,1,,False,False,accepted,positive,0.1494929641485214,0.2038624435663223,0.6466445922851562,0.6466445922851562,0.4427821487188339,medium,medium,medium_confidence | mixed_language,positive,reviewed,,positive,cardiffnlp/twitter-xlm-roberta-base-sentiment-multilingual,automatic_prelabel,positive | neutral | negative | uncertain,True,361,2026-06-18 18:26:01,human_manual_review,,,,,True,final_youtube_sentiment_825_balanced,2026-06-18 20:43:24,369,"beruntung duduk dekat kampung aku ni,dekat sini makcik2,pakcik2 and peniaga yang jual kuih Dan lain2 makanan,semua sedap2 and murah,takde lagi aku beli kuih sebiji RM2,dekat sini rata-rata RM2 dapat 4 biji kuih 1 bekas,macam2 kuih ada,semuanya sangat layak untuk di makan.dah 2 tahun aku tak pernah ke bazzar Ramadan dekat pekan,sebab dekat kampung aku dah complete hampir semua ada..","I'm lucky to live near my village, there are aunties, uncles and traders who sell cakes and other food, they are all delicious and cheap, I can't buy a cake for RM2 anymore, near here it's an average of RM2 to get 4 cakes in 1 container, there are all kinds of cakes, they're all very worthy to eat. I haven't been to a Ramadan bazaar near the town for 2 years, because near my village, almost everything is there..",translated,google_translate_auto_to_en,positive,keep,current label is acceptable or ambiguous
YT_UgzTgIJPxtRCSYaPzBN4AaABAg,YouTube,top_level_comment,UgzTgIJPxtRCSYaPzBN4AaABAg,UgzTgIJPxtRCSYaPzBN4AaABAg,dDRZ6AZbcfw,Malaysian Hawker Fights To Keep His Noodles Affordable As Food Prices Rise | Money Mind | Inflation,CNA Insider,https://www.youtube.com/watch?v=dDRZ6AZbcfw,2025-11-25T14:01:10Z,cost_of_living_public_policy,CNA is giving the wrong impression. Eggs cost 9 to 12 Ringgit for 30 in JB and west Malaysia. In East Malaysia everything has always cost more.,ac438e617d45c5c2127c,2025-11-25T23:58:16Z,2025-11-25T23:58:16Z,73,17,True,True,none,,2026-06-17T15:11:42.418848+00:00,raw,,CNA is giving the wrong impression. Eggs cost 9 to 12 Ringgit for 30 in JB and west Malaysia. In East Malaysia everything has always cost more.,cna is giving the wrong impression eggs cost 9 to 12 ringgit for 30 in jb and west malaysia in east malaysia everything has always cost more,27,143,0,False,True,0,0,0,MIXED,en,1,3,,False,False,accepted,negative,0.9616450667381288,0.0263043325394392,0.0120504852384328,0.9616450667381288,0.9353407341986896,high,medium,mixed_language,negative,reviewed,,negative,cardiffnlp/twitter-xlm-roberta-base-sentiment-multilingual,automatic_prelabel,positive | neutral | negative | uncertain,True,589,2026-06-18 19:05:38,human_manual_review,,,,,True,final_youtube_sentiment_825_balanced,2026-06-18 20:43:24,246,CNA is giving the wrong impression. Eggs cost 9 to 12 Ringgit for 30 in JB and west Malaysia. In East Malaysia everything has always cost more.,CNA is giving the wrong impression. Eggs cost 9 to 12 Ringgit for 30 in JB and west Malaysia. In East Malaysia everything has always cost more.,kept_original_english,none,negative,keep,current label is acceptable or ambiguous
YT_Ugz-DbMJKjzHVzpl6al4AaABAg,YouTube,top_level_comment,Ugz-DbMJKjzHVzpl6al4AaABAg,Ugz-DbMJKjzHVzpl6al4AaABAg,pByBSEMjiyo,MENJELANG AIDILFITRI | PM Umum Cuti Tambahan Sehari Sambut Hari Raya Aidilfitri,Buletin TV3,https://www.youtube.com/watch?v=pByBSEMjiyo,2026-03-15T05:40:33Z,festivals_national_events,Saya hari hari cuti tak kesah,f320efd84643270de254,2026-03-15T08:59:58Z,2026-03-15T08:59:58Z,2,0,True,True,none,,2026-06-17T15:11:43.138772+00:00,raw,,Saya hari hari cuti tak kesah,saya hari hari cuti tak kesah,6,29,0,False,True,0,0,0,BM,id,2,0,,False,False,accepted,positive,0.234591007232666,0.3508163392543793,0.4145925939083099,0.4145925939083099,0.0637762546539306,low,high,low_confidence | small_probability_margin,positive,reviewed,Added from reviewed positive supplement,positive,cardiffnlp/twitter-xlm-roberta-base-sentiment-multilingual,automatic_prelabel,,False,103,2026-06-18 20:33:38,human_manual_review_positive_supplement,available,,positive_shortage_after_manual_review,positive,True,final_youtube_sentiment_825_balanced,2026-06-18 20:43:24,19,Saya hari hari cuti tak kesah,I don't have days off,translated,google_translate_auto_to_en,negative,relabel,negative cues outweigh positive label after translation
YT_UgzQuVcAIJQFSJ27jc94AaABAg,YouTube,top_level_comment,UgzQuVcAIJQFSJ27jc94AaABAg,UgzQuVcAIJQFSJ27jc94AaABAg,Yu37CmWLvK0,SATU MALAYSIA KENA SCAM MAKANAN DI BAZAR RAMADAN‼️ LELAKI SOUND PENIAGA BAZAAR,NuR MuHD,https://www.youtube.com/watch?v=Yu37CmWLvK0,2026-02-22T17:36:49Z,festivals_national_events,Ada mata ada otak sebelum beli tengok dulu pakai otak untuk pilihan yang terbaik sebelum membuat pembelian sesuatu 😂😅😂....,2e0224794c0c8682639f,2026-03-10T04:25:43Z,2026-03-10T04:25:43Z,1,1,True,True,none,,2026-06-17T15:11:44.742291+00:00,raw,,Ada mata ada otak sebelum beli tengok dulu pakai otak untuk pilihan yang terbaik sebelum membuat pembelian sesuatu 😂😅😂..,ada mata ada otak sebelum beli tengok dulu pakai otak untuk pilihan yang terbaik sebelum membuat pembelian sesuatu,18,120,3,False,True,0,0,0,BM,id,2,0,,False,False,accepted,positive,0.1361303180456161,0.3099897801876068,0.5538798570632935,0.5538798570632935,0.2438900768756866,low,high,low_confidence,positive,reviewed,,positive,cardiffnlp/twitter-xlm-roberta-base-sentiment-multilingual,automatic_prelabel,positive | neutral | negative | uncertain,True,258,2026-06-18 17:03:48,human_manual_review,,,,,True,final_youtube_sentiment_825_balanced,2026-06-18 20:43:24,752,Ada mata ada otak sebelum beli tengok dulu pakai otak untuk pilihan yang terbaik sebelum membuat pembelian sesuatu 😂😅😂..,"There are eyes and a brain before buying, look first, use your brain for the best choice before making a purchase 😂😅😂..",translated,google_translate_auto_to_en,positive,keep,current label is acceptable or ambiguous
YT_UgwiELgPA0dIX2Fmq0V4AaABAg,YouTube,top_level_comment,UgwiELgPA0dIX2Fmq0V4AaABAg,UgwiELgPA0dIX2Fmq0V4AaABAg,Yu37CmWLvK0,SATU MALAYSIA KENA SCAM MAKANAN DI BAZAR RAMADAN‼️ LELAKI SOUND PENIAGA BAZAAR,NuR MuHD,https://www.youtube.com/watch?v=Yu37CmWLvK0,2026-02-22T17:36:49Z,festivals_national_events,hanya membeli kt orang yg sama yg punya rekod baik dr tahun2 yg lepas...,761fba22781269391093,2026-03-23T07:43:58Z,2026-03-23T07:43:58Z,0,0,True,True,none,,2026-06-17T15:11:44.741692+00:00,raw,,hanya membeli kt orang yg sama yg punya rekod baik dr tahun2 yg lepas..,hanya membeli kt orang yg sama yg punya rekod baik dr tahun2 yg lepas,14,71,0,False,True,0,0,0,BM,id,1,0,,False,False,accepted,positive,0.2309978008270263,0.3461617827415466,0.4228403866291046,0.4228403866291046,0.0766786038875579,low,high,low_confidence | small_probability_margin,positive,reviewed,Added from reviewed positive supplement,positive,cardiffnlp/twitter-xlm-roberta-base-sentiment-multilingual,automatic_prelabel,,False,94,2026-06-18 20:33:38,human_manual_review_positive_supplement,available,,positive_shortage_after_manual_review,positive,True,final_youtube_sentiment_825_balanced,2026-06-18 20:43:24,576,hanya membeli kt orang yg sama yg punya rekod baik dr tahun2 yg lepas..,only buy from the same person who has a good record from the past years..,translated,google_translate_auto_to_en,positive,keep,current label is acceptable or ambiguous
YT_UgxlNtffCmXYqcxrcuh4AaABAg,YouTube,top_level_comment,UgxlNtffCmXYqcxrcuh4AaABAg,UgxlNtffCmXYqcxrcuh4AaABAg,zCSY4bGWUXc,"Suara Rakyat: Nilai semula subsidi petrol golongan kaya, apa kata orang miskin?",Astro AWANI,https://www.youtube.com/watch?v=zCSY4bGWUXc,2026-05-11T12:14:22Z,cost_of_living_public_policy,Yang penting ringgit berjaye...,fb34ddf0a0e5ba306d4d,2026-05-13T21:43:14Z,2026-05-13T21:43:14Z,0,0,True,True,none,,2026-06-17T15:11:37.970170+00:00,raw,,Yang penting ringgit berjaye..,yang penting ringgit berjaye,4,30,0,False,True,0,0,0,BM,id,1,0,,False,False,accepted,neutral,0.236335813999176,0.3874408900737762,0.3762233257293701,0.3874408900737762,0.0112175643444061,low,high,low_confidence | small_probability_margin | neutral_prediction,positive,reviewed,,positive,cardiffnlp/twitter-xlm-roberta-base-sentiment-multilingual,automatic_prelabel,positive | neutral | negative | uncertain,True,22,2026-06-18 15:28:13,human_manual_review,,,,,True,final_youtube_sentiment_825_balanced,2026-06-18 20:43:24,778,Yang penting ringgit berjaye..,The important thing is to win the ringgit..,translated,google_translate_auto_to_en,neutral,relabel,translated English appears informational/unclear rather than explicit sentiment
YT_UgwniVepWMcs1apQTk14AaABAg,YouTube,top_level_comment,UgwniVepWMcs1apQTk14AaABAg,UgwniVepWMcs1apQTk14AaABAg,3Pk956RGn7o,10 MENU SCAM PALING PELIK DI BAZAR RAMADAN,Faktaw Channel,https://www.youtube.com/watch?v=3Pk956RGn7o,2025-03-22T08:00:02Z,festivals_national_events,10 paranormal yang bahaya pernah orang buat,11c266fc356a640bf29b,2025-04-27T07:46:17Z,2025-04-27T07:46:17Z,0,0,True,True,none,,2026-06-17T15:11:44.002217+00:00,raw,,10 paranormal yang bahaya pernah orang buat,10 paranormal yang bahaya pernah orang buat,7,43,0,False,True,0,0,0,BM,id,2,0,,False,False,accepted,negative,0.9420601725578308,0.0283774230629205,0.0295623484998941,0.9420601725578308,0.9124978240579368,high,low,,neutral,reviewed,,neutral,cardiffnlp/twitter-xlm-roberta-base-sentiment-multilingual,automatic_prelabel,positive | neutral | negative | uncertain,True,663,2026-06-18 19:17:49,human_manual_review,,,,,True,final_youtube_sentiment_825_balanced,2026-06-18 20:43:24,54,10 paranormal yang bahaya pernah orang buat,10 dangerous paranormal things people have ever done,translated,google_translate_auto_to_en,neutral,keep,current label is acceptable or ambiguous
YT_UgySP7CsTdbBfR417EF4AaABAg,YouTube,top_level_comment,UgySP7CsTdbBfR417EF4AaABAg,UgySP7CsTdbBfR417EF4AaABAg,ePfJmLXfPwU,JPJ perkenal wajah baharu lesen memandu,Harian Metro,https://www.youtube.com/watch?v=ePfJmLXfPwU,2025-05-21T11:30:02Z,transport_public_services,Lah..ku baru buat minggu lepas ..xde gambo pun...kena buat lagi ke,457f84a5c2cfdffd3240,2025-05-21T15:25:02Z,2025-05-21T15:25:02Z,7,0,True,True,none,,2026-06-17T15:11:47.301090+00:00,raw,,Lah..ku baru buat minggu lepas ..xde gambo pun..kena buat lagi ke,lah ku baru buat minggu lepas xde gambo pun kena buat lagi ke,13,65,0,False,True,0,0,0,BM,id,3,0,,False,False,accepted,neutral,0.3119945526123047,0.4660234749317169,0.2219820171594619,0.4660234749317169,0.1540289223194122,low,high,low_confidence | neutral_prediction,negative,reviewed,,negative,cardiffnlp/twitter-xlm-roberta-base-sentiment-multilingual,automatic_prelabel,positive | neutral | negative | uncertain,True,106,2026-06-18 15:46:03,human_manual_review,,,,,True,final_youtube_sentiment_825_balanced,2026-06-18 20:43:24,111,Lah..ku baru buat minggu lepas ..xde gambo pun..kena buat lagi ke,Nah.. I just made it last week .. I don't even have gambo.. I have to make it again,translated,google_translate_auto_to_en,negative,keep,current label is acceptable or ambiguous
YT_UgzUGIjB-UlksDKIie94AaABAg,YouTube,top_level_comment,UgzUGIjB-UlksDKIie94AaABAg,UgzUGIjB-UlksDKIie94AaABAg,UGAL8690ngc,"Bantuan Asas Rahmah diteruskan: RM100 untuk  dewasa, RM500 untuk penerima miskin tegar - Anwar",KiniTV,https://www.youtube.com/watch?v=UGAL8690ngc,2026-01-05T06:06:45Z,cost_of_living_public_policy,Jualan Rahmah 3x sebulan ok tu terbaik pmx,3ce0b3e18773015617dd,2026-01-06T00:21:27Z,2026-01-06T00:21:27Z,0,0,True,True,none,,2026-06-17T15:11:40.406459+00:00,raw,,Jualan Rahmah 3x sebulan ok tu terbaik pmx,jualan rahmah 3x sebulan ok tu terbaik pmx,8,42,0,False,True,0,0,0,BM,id,0,0,,False,False,accepted,positive,0.0744874700903892,0.0917899012565612,0.8337226510047913,0.8337226510047913,0.74193274974823,high,low,,positive,reviewed,Added from reviewed positive supplement,positive,cardiffnlp/twitter-xlm-roberta-base-sentiment-multilingual,automatic_prelabel,,False,28,2026-06-18 20:33:38,human_manual_review_positive_supplement,available,,positive_shortage_after_manual_review,positive,True,final_youtube_sentiment_825_balanced,2026-06-18 20:43:24,21,Jualan Rahmah 3x sebulan ok tu terbaik pmx,"Selling Rahmah 3x a month is ok, that's the best pmx",translated,google_translate_auto_to_en,positive,keep,current label is acceptable or ambiguous
YT_UgwQimp3SAzbAMqLdaN4AaABAg,YouTube,top_level_comment,UgwQimp3SAzbAMqLdaN4AaABAg,UgwQimp3SAzbAMqLdaN4AaABAg,J5SEcQAe1AM,Why Malaysia Forces You to Own a Car,UrbanShiftMY,https://www.youtube.com/watch?v=J5SEcQAe1AM,2026-05-11T05:16:17Z,transport_public_services,I very much prefer to drive,9d03219885b7604c6aec,2026-05-16T01:54:04Z,2026-05-16T01:54:04Z,0,0,True,True,none,,2026-06-17T15:11:48.079518+00:00,raw,,I very much prefer to drive,i very much prefer to drive,6,27,0,False,True,0,0,0,EN,en,0,2,,False,False,accepted,positive,0.0943526551127433,0.3382829129695892,0.5673644542694092,0.5673644542694092,0.2290815412998199,low,high,low_confidence,neutral,reviewed,,neutral,cardiffnlp/twitter-xlm-roberta-base-sentiment-multilingual,automatic_prelabel,positive | neutral | negative | uncertain,True,282,2026-06-18 17:08:27,human_manual_review,,,,,True,final_youtube_sentiment_825_balanced,2026-06-18 20:43:24,219,I very much prefer to drive,I very much prefer to drive,kept_original_english,none,neutral,keep,current label is acceptable
YT_Ugz70h26hYLb6q5hYEF4AaABAg,YouTube,top_level_comment,Ugz70h26hYLb6q5hYEF4AaABAg,Ugz70h26hYLb6q5hYEF4AaABAg,zCSY4bGWUXc,"Suara Rakyat: Nilai semula subsidi petrol golongan kaya, apa kata orang miskin?",Astro AWANI,https://www.youtube.com/watch?v=zCSY4bGWUXc,2026-05-11T12:14:22Z,cost_of_living_public_policy,"MALAYDESH menyalak keserata mengaku sebagai donia Negara KAYA... Bahan Api naik harga, rakyat nya pada berteriak gelisah semua... 😂",ea1c1e3b31d75b4bb1c2,2026-05-13T21:27:33Z,2026-05-13T21:27:33Z,0,0,True,True,none,,2026-06-17T15:11:37.970186+00:00,raw,,"MALAYDESH menyalak keserata mengaku sebagai donia Negara KAYA.. Bahan Api naik harga, rakyat nya pada berteriak gelisah semua.. 😂",malaydesh menyalak keserata mengaku sebagai donia negara kaya bahan api naik harga rakyat nya pada berteriak gelisah semua,18,129,1,False,True,0,0,0,BM,id,2,0,,False,False,accepted,negative,0.9463257193565368,0.0236390121281147,0.0300351995974779,0.9463257193565368,0.916290519759059,high,low,,negative,reviewed,,negative,cardiffnlp/twitter-xlm-roberta-base-sentiment-multilingual,automatic_prelabel,positive | neutral | negative | uncertain,True,677,2026-06-18 19:19:49,human_manual_review,,,,,True,final_youtube_sentiment_825_balanced,2026-06-18 20:43:24,557,"MALAYDESH menyalak keserata mengaku sebagai donia Negara KAYA.. Bahan Api naik harga, rakyat nya pada berteriak gelisah semua.. 😂","MALAYDESH is barking all over the world claiming to be a RICH country.. Fuel prices are going up, the people are all shouting anxiously.. 😂",translated,google_translate_auto_to_en,negative,keep,current label is acceptable or ambiguous
YT_UgyNT5RFCCNKoa-_7LF4AaABAg,YouTube,top_level_comment,UgyNT5RFCCNKoa-_7LF4AaABAg,UgyNT5RFCCNKoa-_7LF4AaABAg,ze_IuVwkuFc,KTMB's 'ghost train' transforms commute for students from the interior,The Star,https://www.youtube.com/watch?v=ze_IuVwkuFc,2026-01-11T13:05:33Z,transport_public_services,"Wow, something like this really remember me of how japanese teen too use train to go to school. Is this finally the future that we waiting for at Malaysia? I think this is good idea",e2556fe3396c1de57220,2026-01-15T20:31:02Z,2026-01-15T20:31:02Z,0,0,True,True,none,,2026-06-17T15:11:47.667939+00:00,raw,,"Wow, something like this really remember me of how japanese teen too use train to go to school. Is this finally the future that we waiting for at Malaysia? I think this is good idea",wow something like this really remember me of how japanese teen too use train to go to school is this finally the future that we waiting for at malaysia i think this is good idea,35,181,0,False,True,0,0,0,MIXED,en,1,9,,False,False,accepted,positive,0.0790803655982017,0.0923620536923408,0.8285576105117798,0.8285576105117798,0.7361955568194389,high,medium,mixed_language,positive,reviewed,Added from reviewed positive supplement,positive,cardiffnlp/twitter-xlm-roberta-base-sentiment-multilingual,automatic_prelabel,,False,31,2026-06-18 20:33:38,human_manual_review_positive_supplement,available,,positive_shortage_after_manual_review,positive,True,final_youtube_sentiment_825_balanced,2026-06-18 20:43:24,549,"Wow, something like this really remember me of how japanese teen too use train to go to school. Is this finally the future that we waiting for at Malaysia? I think this is good idea","Wow, something like this really remember me of how japanese teen too use train to go to school. Is this finally the future that we waiting for at Malaysia? I think this is good idea",kept_original_english,none,positive,keep,current label is acceptable or ambiguous
YT_UgySCqcMaTOA4L-L3tF4AaABAg,YouTube,top_level_comment,UgySCqcMaTOA4L-L3tF4AaABAg,UgySCqcMaTOA4L-L3tF4AaABAg,ze_IuVwkuFc,KTMB's 'ghost train' transforms commute for students from the interior,The Star,https://www.youtube.com/watch?v=ze_IuVwkuFc,2026-01-11T13:05:33Z,transport_public_services,That's cute. I hope we get more convenient public transportation. Encourage people to walk rather than using cars or motorcycles.,5d824695ab1fdf9ffabf,2026-01-12T06:20:21Z,2026-01-12T06:20:59Z,24,0,True,True,none,,2026-06-17T15:11:47.668646+00:00,raw,,That's cute. I hope we get more convenient public transportation. Encourage people to walk rather than using cars or motorcycles.,that s cute i hope we get more convenient public transportation encourage people to walk rather than using cars or motorcycles,20,129,0,False,True,0,0,0,EN,en,0,3,,False,False,accepted,positive,0.0217069219797849,0.0535321608185768,0.9247609376907348,0.9247609376907348,0.871228776872158,high,low,,positive,reviewed,Added from reviewed positive supplement,positive,cardiffnlp/twitter-xlm-roberta-base-sentiment-multilingual,automatic_prelabel,,False,4,2026-06-18 20:33:38,human_manual_review_positive_supplement,available,,positive_shortage_after_manual_review,positive,True,final_youtube_sentiment_825_balanced,2026-06-18 20:43:24,356,That's cute. I hope we get more convenient public transportation. Encourage people to walk rather than using cars or motorcycles.,That's cute. I hope we get more convenient public transportation. Encourage people to walk rather than using cars or motorcycles.,kept_original_english,none,positive,keep,current label is acceptable or ambiguous
YT_UgyV4o3tT8YtZPDmR1Z4AaABAg,YouTube,top_level_comment,UgyV4o3tT8YtZPDmR1Z4AaABAg,UgyV4o3tT8YtZPDmR1Z4AaABAg,L-iPwc5b3oI,Malaysia rolls out the welcome mat for first tourists of 2026,The Star,https://www.youtube.com/watch?v=L-iPwc5b3oI,2026-01-01T05:54:35Z,tourism_lifestyle_events,You are the best! Dato's Sri Tiong. You are our hero. No doubt about it.,ace39ce2b02a7a885acb,2026-01-01T07:32:46Z,2026-01-01T07:32:46Z,9,0,True,True,none,,2026-06-17T15:11:45.906900+00:00,raw,,You are the best! Dato's Sri Tiong. You are our hero. No doubt about it.,you are the best dato s sri tiong you are our hero no doubt about it,15,72,0,False,True,0,0,0,MIXED,en,1,3,,False,False,accepted,positive,0.0367029830813407,0.0488781109452247,0.914418876171112,0.914418876171112,0.8655407652258873,high,medium,mixed_language,positive,reviewed,,positive,cardiffnlp/twitter-xlm-roberta-base-sentiment-multilingual,automatic_prelabel,positive | neutral | negative | uncertain,True,568,2026-06-18 19:02:57,human_manual_review,,,,,True,final_youtube_sentiment_825_balanced,2026-06-18 20:43:24,624,You are the best! Dato's Sri Tiong. You are our hero. No doubt about it.,You are the best! Dato's Sri Tiong. You are our hero. No doubt about it.,kept_original_english,none,positive,keep,current label is acceptable or ambiguous
YT_Ugy9BGDR2xTj9KPMIIZ4AaABAg,YouTube,top_level_comment,Ugy9BGDR2xTj9KPMIIZ4AaABAg,Ugy9BGDR2xTj9KPMIIZ4AaABAg,L-iPwc5b3oI,Malaysia rolls out the welcome mat for first tourists of 2026,The Star,https://www.youtube.com/watch?v=L-iPwc5b3oI,2026-01-01T05:54:35Z,tourism_lifestyle_events,Tiong love China backside❤❤❤❤❤,1fbe68234e9069764dab,2026-01-01T15:57:01Z,2026-01-01T15:57:01Z,0,0,True,True,none,,2026-06-17T15:11:45.906548+00:00,raw,,Tiong love China backside❤❤❤❤❤,tiong love china backside,4,30,5,False,True,0,0,0,EN,en,0,0,,False,False,accepted,positive,0.0293372385203838,0.0365902297198772,0.934072494506836,0.934072494506836,0.8974822647869587,high,low,,positive,reviewed,,positive,cardiffnlp/twitter-xlm-roberta-base-sentiment-multilingual,automatic_prelabel,positive | neutral | negative | uncertain,True,641,2026-06-18 19:13:50,human_manual_review,,,,,True,final_youtube_sentiment_825_balanced,2026-06-18 20:43:24,231,Tiong love China backside❤❤❤❤❤,Tiong love China backside❤❤❤❤❤,kept_original_english,none,positive,keep,current label is acceptable or ambiguous
YT_UgxaLh_QPSOGGifMWhJ4AaABAg,YouTube,top_level_comment,UgxaLh_QPSOGGifMWhJ4AaABAg,UgxaLh_QPSOGGifMWhJ4AaABAg,lWY3O9pFexo,KOS SARA HIDUP | PM Umum Butiran Penghargaan Untuk Rakyat Esok (BU),Buletin TV3,https://www.youtube.com/watch?v=lWY3O9pFexo,2025-07-22T12:11:44Z,cost_of_living_public_policy,Berita baik apanya str ekasih my sara tak lulus,00bceae9296ca977db33,2025-07-22T14:48:07Z,2025-07-22T14:48:07Z,0,0,True,True,none,,2026-06-17T15:11:38.666988+00:00,raw,,Berita baik apanya str ekasih my sara tak lulus,berita baik apanya str ekasih my sara tak lulus,9,47,0,False,True,0,0,0,BM,id,1,0,,False,False,accepted,positive,0.3111784160137176,0.1938981711864471,0.4949233829975128,0.4949233829975128,0.1837449669837951,low,high,low_confidence,negative,reviewed,Reverted wrong sequence-based correction back to negative,negative,cardiffnlp/twitter-xlm-roberta-base-sentiment-multilingual,automatic_prelabel,positive | neutral | negative | uncertain,True,140,2026-06-18 20:39:17,human_manual_text_based_revert,,,,,True,final_youtube_sentiment_825_balanced,2026-06-18 20:43:24,819,Berita baik apanya str ekasih my sara tak lulus,"What's the good news, my dear friend Sara didn't pass",translated,google_translate_auto_to_en,positive,relabel,positive/supportive cues outweigh negative label after translation
YT_UgwaiLYq8WLdtZVUiEZ4AaABAg,YouTube,top_level_comment,UgwaiLYq8WLdtZVUiEZ4AaABAg,UgwaiLYq8WLdtZVUiEZ4AaABAg,Yu37CmWLvK0,SATU MALAYSIA KENA SCAM MAKANAN DI BAZAR RAMADAN‼️ LELAKI SOUND PENIAGA BAZAAR,NuR MuHD,https://www.youtube.com/watch?v=Yu37CmWLvK0,2026-02-22T17:36:49Z,festivals_national_events,Ban saja lah peniaga mcm ini..mana boleh jadi mcm ini...mebazirkan Wang rakyat,563b6080bffcf01b6907,2026-02-27T16:31:06Z,2026-02-27T16:31:06Z,0,0,True,True,none,,2026-06-17T15:11:44.743224+00:00,raw,,Ban saja lah peniaga mcm ini..mana boleh jadi mcm ini..mebazirkan Wang rakyat,ban saja lah peniaga mcm ini mana boleh jadi mcm ini mebazirkan wang rakyat,14,77,0,False,True,0,0,0,BM,id,4,0,,False,False,accepted,negative,0.9557411670684814,0.0200890768319368,0.0241697952151298,0.9557411670684814,0.9315713718533516,high,low,,negative,reviewed,,negative,cardiffnlp/twitter-xlm-roberta-base-sentiment-multilingual,automatic_prelabel,positive | neutral | negative | uncertain,True,708,2026-06-18 19:25:02,human_manual_review,,,,,True,final_youtube_sentiment_825_balanced,2026-06-18 20:43:24,338,Ban saja lah peniaga mcm ini..mana boleh jadi mcm ini..mebazirkan Wang rakyat,Just ban this kind of dealer..how can it be like this..wasting people's money,translated,google_translate_auto_to_en,positive,relabel,positive/supportive cues outweigh negative label after translation
YT_UgzPyTaciXe2IclLmAV4AaABAg,YouTube,top_level_comment,UgzPyTaciXe2IclLmAV4AaABAg,UgzPyTaciXe2IclLmAV4AaABAg,J5SEcQAe1AM,Why Malaysia Forces You to Own a Car,UrbanShiftMY,https://www.youtube.com/watch?v=J5SEcQAe1AM,2026-05-11T05:16:17Z,transport_public_services,I have a driving license but I almost never drive. I only ride motorcycles to go everywhere.,0e8d6e380ed96f87d126,2026-05-16T02:26:30Z,2026-05-16T02:26:30Z,2,0,True,True,none,,2026-06-17T15:11:48.079489+00:00,raw,,I have a driving license but I almost never drive. I only ride motorcycles to go everywhere.,i have a driving license but i almost never drive i only ride motorcycles to go everywhere,17,92,0,False,True,0,0,0,EN,en,0,1,,False,False,accepted,neutral,0.0193862281739711,0.9648467302322388,0.0157670713961124,0.9648467302322388,0.9454605020582676,high,medium,neutral_prediction,neutral,reviewed,,neutral,cardiffnlp/twitter-xlm-roberta-base-sentiment-multilingual,automatic_prelabel,positive | neutral | negative | uncertain,True,595,2026-06-18 19:06:15,human_manual_review,,,,,True,final_youtube_sentiment_825_balanced,2026-06-18 20:43:24,444,I have a driving license but I almost never drive. I only ride motorcycles to go everywhere.,I have a driving license but I almost never drive. I only ride motorcycles to go everywhere.,kept_original_english,none,neutral,keep,current label is acceptable or ambiguous
YT_UgxgsamLXHQc5NrafS14AaABAg,YouTube,top_level_comment,UgxgsamLXHQc5NrafS14AaABAg,UgxgsamLXHQc5NrafS14AaABAg,Wk-HcKtIaGY,Are We About to See a Chinese Tourist Boom in Malaysia?,Ziet Invests,https://www.youtube.com/watch?v=Wk-HcKtIaGY,2026-02-12T11:00:42Z,tourism_lifestyle_events,Minister Tiong King Sing is doing a great job.,cea47081f53ca7ae16f3,2026-02-12T13:25:12Z,2026-02-12T13:25:12Z,19,0,True,True,none,,2026-06-17T15:11:46.188297+00:00,raw,,Minister Tiong King Sing is doing a great job.,minister tiong king sing is doing a great job,9,46,0,False,True,0,0,0,EN,en,0,2,,False,False,accepted,positive,0.0142340548336505,0.0203421842306852,0.965423822402954,0.965423822402954,0.9450816381722688,high,low,,positive,reviewed,,positive,cardiffnlp/twitter-xlm-roberta-base-sentiment-multilingual,automatic_prelabel,positive | neutral | negative | uncertain,True,746,2026-06-18 19:36:09,human_manual_review,,,,,True,final_youtube_sentiment_825_balanced,2026-06-18 20:43:24,468,Minister Tiong King Sing is doing a great job.,Minister Tiong King Sing is doing a great job.,kept_original_english,none,positive,keep,current label is acceptable or ambiguous
YT_UgxmSA3aNfQOxk94iWN4AaABAg,YouTube,top_level_comment,UgxmSA3aNfQOxk94iWN4AaABAg,UgxmSA3aNfQOxk94iWN4AaABAg,9tQzzOjBIdI,KOS SARA HIDUP | Kerajaan Bakal Umum Langkah Tangani Kos Sara Hidup,Buletin TV3,https://www.youtube.com/watch?v=9tQzzOjBIdI,2025-07-19T05:38:22Z,cost_of_living_public_policy,"Masalahnya negara lain berdepan kenaikkan kos sara hidup kerana kos asing tapi di Malaysia Kenaikan Kos Sara Hidup disebabkan kerajaan 'Mad'DaNi yg sengaja menaikkan cukai² barangan, menaikkan tarif elektrik dan menarik pelbagai subsidi yg dinikmati rakyat.. Akibatnya harga² barangan dan perkhidmatan meningkat yg kesan akhirnya tetap pergi kepada rakyat semua.. Bang Bang Bang Non Bangang!!",0a0ddb3af96e2b6b43a5,2025-07-19T07:17:40Z,2025-07-19T07:17:40Z,1,0,True,True,none,,2026-06-17T15:11:40.015783+00:00,raw,,"Masalahnya negara lain berdepan kenaikkan kos sara hidup kerana kos asing tapi di Malaysia Kenaikan Kos Sara Hidup disebabkan kerajaan 'Mad'DaNi yg sengaja menaikkan cukai2 barangan, menaikkan tarif elektrik dan menarik pelbagai subsidi yg dinikmati rakyat.. Akibatnya harga2 barangan dan perkhidmatan meningkat yg kesan akhirnya tetap pergi kepada rakyat semua.. Bang Bang Bang Non Bangang!!",masalahnya negara lain berdepan kenaikkan kos sara hidup kerana kos asing tapi di malaysia kenaikan kos sara hidup disebabkan kerajaan mad dani yg sengaja menaikkan cukai2 barangan menaikkan tarif elektrik dan menarik pelbagai subsidi yg dinikmati rakyat akibatnya harga2 barangan dan perkhidmatan meningkat yg kesan akhirnya tetap pergi kepada rakyat semua bang bang bang non bangang,55,392,0,False,True,0,0,0,BM,id,5,0,,False,False,accepted,negative,0.9521830677986144,0.0243546329438686,0.0234622824937105,0.9521830677986144,0.927828434854746,high,low,,negative,reviewed,,negative,cardiffnlp/twitter-xlm-roberta-base-sentiment-multilingual,automatic_prelabel,positive | neutral | negative | uncertain,True,692,2026-06-18 19:22:27,human_manual_review,,,,,True,final_youtube_sentiment_825_balanced,2026-06-18 20:43:24,450,"Masalahnya negara lain berdepan kenaikkan kos sara hidup kerana kos asing tapi di Malaysia Kenaikan Kos Sara Hidup disebabkan kerajaan 'Mad'DaNi yg sengaja menaikkan cukai2 barangan, menaikkan tarif elektrik dan menarik pelbagai subsidi yg dinikmati rakyat.. Akibatnya harga2 barangan dan perkhidmatan meningkat yg kesan akhirnya tetap pergi kepada rakyat semua.. Bang Bang Bang Non Bangang!!","The problem is that other countries are faced with an increase in the cost of living due to foreign costs, but in Malaysia the increase in the cost of living is due to the 'Mad' DaNi government that deliberately increases taxes on goods, increases electricity tariffs and withdraws various subsidies enjoyed by the people.. As a result, the prices of goods and services increase which ultimately goes to all the people.. Bang Bang Bang Non Bangang!!",translated,google_translate_auto_to_en,negative,keep,current label is acceptable or ambiguous
YT_UgxOSPeQ973-fmHuQRV4AaABAg,YouTube,top_level_comment,UgxOSPeQ973-fmHuQRV4AaABAg,UgxOSPeQ973-fmHuQRV4AaABAg,3Pk956RGn7o,10 MENU SCAM PALING PELIK DI BAZAR RAMADAN,Faktaw Channel,https://www.youtube.com/watch?v=3Pk956RGn7o,2025-03-22T08:00:02Z,festivals_national_events,Halo aku dari indo,e492c4bce2fd72a8e0d7,2026-02-08T13:52:26Z,2026-02-08T13:52:26Z,1,0,True,True,none,,2026-06-17T15:11:43.541399+00:00,raw,,Halo aku dari indo,halo aku dari indo,4,18,0,False,True,0,0,0,BM,id,1,0,,False,False,accepted,neutral,0.0228596907109022,0.6259729266166687,0.3511674106121063,0.6259729266166687,0.2748055160045624,medium,medium,medium_confidence | neutral_prediction,neutral,reviewed,,neutral,cardiffnlp/twitter-xlm-roberta-base-sentiment-multilingual,automatic_prelabel,positive | neutral | negative | uncertain,True,355,2026-06-18 18:24:49,human_manual_review,,,,,True,final_youtube_sentiment_825_balanced,2026-06-18 20:43:24,182,Halo aku dari indo,"Hello, I'm from Indonesia",translated,google_translate_auto_to_en,neutral,keep,current label is acceptable
YT_Ugzy-ASis9RPloyscHR4AaABAg,YouTube,top_level_comment,Ugzy-ASis9RPloyscHR4AaABAg,Ugzy-ASis9RPloyscHR4AaABAg,Wk-HcKtIaGY,Are We About to See a Chinese Tourist Boom in Malaysia?,Ziet Invests,https://www.youtube.com/watch?v=Wk-HcKtIaGY,2026-02-12T11:00:42Z,tourism_lifestyle_events,The Chinese tourists influx is that a good thing or bad😅 thing,8cbe3fed314e43c0a865,2026-02-15T04:22:56Z,2026-02-15T04:22:56Z,0,1,True,True,none,,2026-06-17T15:11:46.187792+00:00,raw,,The Chinese tourists influx is that a good thing or bad😅 thing,the chinese tourists influx is that a good thing or bad thing,12,62,1,False,True,0,0,0,EN,en,0,5,,False,False,accepted,neutral,0.3861448466777801,0.5722166299819946,0.041638508439064,0.5722166299819946,0.1860717833042144,low,high,low_confidence | neutral_prediction,neutral,reviewed,,neutral,cardiffnlp/twitter-xlm-roberta-base-sentiment-multilingual,automatic_prelabel,positive | neutral | negative | uncertain,True,293,2026-06-18 17:10:10,human_manual_review,,,,,True,final_youtube_sentiment_825_balanced,2026-06-18 20:43:24,543,The Chinese tourists influx is that a good thing or bad😅 thing,The Chinese tourists influx is that a good thing or bad😅 thing,kept_original_english,none,neutral,keep,current label is acceptable or ambiguous
YT_Ugx5rgMQ0nHfcEX_jIV4AaABAg,YouTube,top_level_comment,Ugx5rgMQ0nHfcEX_jIV4AaABAg,Ugx5rgMQ0nHfcEX_jIV4AaABAg,hXMCJ90cK7M,Car vs Public Transport in Malaysia. Who Wins?,Mr Money TV,https://www.youtube.com/watch?v=hXMCJ90cK7M,2025-05-23T12:42:56Z,transport_public_services,Need more videos like this. Great to watch hahaha,a11b91f7556c8164335b,2025-05-26T05:44:20Z,2025-05-26T05:44:20Z,0,1,True,True,none,,2026-06-17T15:11:46.926542+00:00,raw,,Need more videos like this. Great to watch hahaha,need more videos like this great to watch hahaha,9,49,0,False,True,0,0,0,EN,en,0,2,,False,False,accepted,positive,0.0075584878213703,0.013665054924786,0.978776514530182,0.978776514530182,0.9651114596053958,high,low,,positive,reviewed,,positive,cardiffnlp/twitter-xlm-roberta-base-sentiment-multilingual,automatic_prelabel,positive | neutral | negative | uncertain,True,800,2026-06-18 19:51:38,human_manual_review,,,,,True,final_youtube_sentiment_825_balanced,2026-06-18 20:43:24,677,Need more videos like this. Great to watch hahaha,Need more videos like this. Great to watch hahaha,kept_original_english,none,positive,keep,current label is acceptable or ambiguous
YT_UgxrGL_71T8wNvidX4N4AaABAg,YouTube,top_level_comment,UgxrGL_71T8wNvidX4N4AaABAg,UgxrGL_71T8wNvidX4N4AaABAg,hXMCJ90cK7M,Car vs Public Transport in Malaysia. Who Wins?,Mr Money TV,https://www.youtube.com/watch?v=hXMCJ90cK7M,2025-05-23T12:42:56Z,transport_public_services,"Probably try the challenge during 7am weekday Monday. Where the train is loaded, the traffic too, more realistic, as time crunching is the most realistic by then .",b6a3f3d6b6bdd3635b3a,2025-06-08T07:48:01Z,2025-06-08T07:48:01Z,5,0,True,True,none,,2026-06-17T15:11:46.923437+00:00,raw,,"Probably try the challenge during 7am weekday Monday. Where the train is loaded, the traffic too, more realistic, as time crunching is the most realistic by then .",probably try the challenge during 7am weekday monday where the train is loaded the traffic too more realistic as time crunching is the most realistic by then,27,163,0,False,True,0,0,0,EN,en,0,4,,False,False,accepted,positive,0.0754459276795387,0.4211393296718597,0.5034147500991821,0.5034147500991821,0.0822754204273223,low,high,low_confidence | small_probability_margin,neutral,reviewed,,neutral,cardiffnlp/twitter-xlm-roberta-base-sentiment-multilingual,automatic_prelabel,positive | neutral | negative | uncertain,True,153,2026-06-18 15:53:32,human_manual_review,,,,,True,final_youtube_sentiment_825_balanced,2026-06-18 20:43:24,447,"Probably try the challenge during 7am weekday Monday. Where the train is loaded, the traffic too, more realistic, as time crunching is the most realistic by then .","Probably try the challenge during 7am weekday Monday. Where the train is loaded, the traffic too, more realistic, as time crunching is the most realistic by then .",kept_original_english,none,neutral,keep,current label is acceptable
YT_UgwhbMBgyhSCiE_1nZ54AaABAg,YouTube,top_level_comment,UgwhbMBgyhSCiE_1nZ54AaABAg,UgwhbMBgyhSCiE_1nZ54AaABAg,dDRZ6AZbcfw,Malaysian Hawker Fights To Keep His Noodles Affordable As Food Prices Rise | Money Mind | Inflation,CNA Insider,https://www.youtube.com/watch?v=dDRZ6AZbcfw,2025-11-25T14:01:10Z,cost_of_living_public_policy,Thank you brother Paul for understanding everybody’s struggle . And being a mastermind of operating a great community business,b4502e426e745fcb3d56,2025-11-27T02:16:41Z,2025-11-27T02:16:41Z,6,0,True,True,none,,2026-06-17T15:11:42.418464+00:00,raw,,Thank you brother Paul for understanding everybody’s struggle . And being a mastermind of operating a great community business,thank you brother paul for understanding everybody s struggle and being a mastermind of operating a great community business,19,126,0,False,True,0,0,0,EN,en,0,4,,False,False,accepted,positive,0.0272205993533134,0.0415699183940887,0.9312095046043396,0.9312095046043396,0.8896395862102509,high,low,,positive,reviewed,Added from reviewed positive supplement,positive,cardiffnlp/twitter-xlm-roberta-base-sentiment-multilingual,automatic_prelabel,,False,2,2026-06-18 20:33:38,human_manual_review_positive_supplement,available,,positive_shortage_after_manual_review,positive,True,final_youtube_sentiment_825_balanced,2026-06-18 20:43:24,771,Thank you brother Paul for understanding everybody’s struggle . And being a mastermind of operating a great community business,Thank you brother Paul for understanding everybody’s struggle . And being a mastermind of operating a great community business,kept_original_english,none,positive,keep,current label is acceptable or ambiguous
YT_Ugy_31hteZ3X8yv8chh4AaABAg,YouTube,top_level_comment,Ugy_31hteZ3X8yv8chh4AaABAg,Ugy_31hteZ3X8yv8chh4AaABAg,bjYbNs8TvLc,[PENUH] Perkembangan Terkini Proses Cerapan Anak Bulan Syawal | 19 Mac 2026,Buletin TV3,https://www.youtube.com/watch?v=bjYbNs8TvLc,2026-03-19T10:26:41Z,festivals_national_events,alhamdulillah sabtu raya..selamat hari raya semuanya,d323e2e3afd5773f86d2,2026-03-19T12:39:55Z,2026-03-19T12:39:55Z,3,0,True,True,none,,2026-06-17T15:11:44.347857+00:00,raw,,alhamdulillah sabtu raya..selamat hari raya semuanya,alhamdulillah sabtu raya selamat hari raya semuanya,7,52,0,False,True,0,0,0,BM,id,0,0,,False,False,accepted,positive,0.0342512987554073,0.0494245737791061,0.9163240790367126,0.9163240790367126,0.8668995052576065,high,low,,positive,reviewed,,positive,cardiffnlp/twitter-xlm-roberta-base-sentiment-multilingual,automatic_prelabel,positive | neutral | negative | uncertain,True,630,2026-06-18 19:12:28,human_manual_review,,,,,True,final_youtube_sentiment_825_balanced,2026-06-18 20:43:24,130,alhamdulillah sabtu raya..selamat hari raya semuanya,Alhamdulillah Saturday Raya.. happy Raya everyone,translated,google_translate_auto_to_en,positive,keep,current label is acceptable or ambiguous
YT_UgwvxWN65J8C0-6ZKaZ4AaABAg,YouTube,top_level_comment,UgwvxWN65J8C0-6ZKaZ4AaABAg,UgwvxWN65J8C0-6ZKaZ4AaABAg,pByBSEMjiyo,MENJELANG AIDILFITRI | PM Umum Cuti Tambahan Sehari Sambut Hari Raya Aidilfitri,Buletin TV3,https://www.youtube.com/watch?v=pByBSEMjiyo,2026-03-15T05:40:33Z,festivals_national_events,Cuti banyak saya punyak anak belajar,6384002a846b700b4cab,2026-03-15T09:36:42Z,2026-03-15T09:36:42Z,0,0,True,True,none,,2026-06-17T15:11:43.138687+00:00,raw,,Cuti banyak saya punyak anak belajar,cuti banyak saya punyak anak belajar,6,36,0,False,True,0,0,0,BM,id,1,0,,False,False,accepted,positive,0.0250674020498991,0.0332685336470603,0.9416640400886536,0.9416640400886536,0.9083955064415932,high,low,,neutral,reviewed,,neutral,cardiffnlp/twitter-xlm-roberta-base-sentiment-multilingual,automatic_prelabel,positive | neutral | negative | uncertain,True,660,2026-06-18 19:17:21,human_manual_review,,,,,True,final_youtube_sentiment_825_balanced,2026-06-18 20:43:24,345,Cuti banyak saya punyak anak belajar,I have a lot of time off and my children study,translated,google_translate_auto_to_en,neutral,keep,current label is acceptable
YT_UgxmJnNlRMCNuUyAabR4AaABAg,YouTube,top_level_comment,UgxmJnNlRMCNuUyAabR4AaABAg,UgxmJnNlRMCNuUyAabR4AaABAg,hc8RMN2hnnQ,[LANGSUNG] Pengumuman Hari Raya Aidilfitri 2026/1447H  | 19 Mac 2026,Astro AWANI,https://www.youtube.com/watch?v=hc8RMN2hnnQ,2026-03-19T12:16:11Z,festivals_national_events,"Saye pilih Sabtu, sebab hari Sabtu Bos baru bagi cuti...😅😁",9b7bf6783956dae2d473,2026-03-19T12:16:51Z,2026-03-19T12:16:51Z,9,2,True,True,none,,2026-06-17T15:11:42.764071+00:00,raw,,"Saye pilih Sabtu, sebab hari Sabtu Bos baru bagi cuti..😅😁",saye pilih sabtu sebab hari sabtu bos baru bagi cuti,10,57,2,False,True,0,0,0,BM,id,1,0,,False,False,accepted,positive,0.0735424980521202,0.1565451771020889,0.7699123024940491,0.7699123024940491,0.6133671253919601,medium,medium,medium_confidence,positive,reviewed,,positive,cardiffnlp/twitter-xlm-roberta-base-sentiment-multilingual,automatic_prelabel,positive | neutral | negative | uncertain,True,479,2026-06-18 18:48:51,human_manual_review,,,,,True,final_youtube_sentiment_825_balanced,2026-06-18 20:43:24,573,"Saye pilih Sabtu, sebab hari Sabtu Bos baru bagi cuti..😅😁","I chose Saturday, because Saturday is the new boss's day off..😅😁",translated,google_translate_auto_to_en,neutral,relabel,translated English appears informational/unclear rather than explicit sentiment
YT_UgwlkKs5QVYQvB_zxLZ4AaABAg,YouTube,top_level_comment,UgwlkKs5QVYQvB_zxLZ4AaABAg,UgwlkKs5QVYQvB_zxLZ4AaABAg,J5SEcQAe1AM,Why Malaysia Forces You to Own a Car,UrbanShiftMY,https://www.youtube.com/watch?v=J5SEcQAe1AM,2026-05-11T05:16:17Z,transport_public_services,I hate cars Please more bikes and trains,0d029487361326e6d3a9,2026-05-14T13:07:22Z,2026-05-14T13:07:22Z,1,3,True,True,none,,2026-06-17T15:11:48.080185+00:00,raw,,I hate cars Please more bikes and trains,i hate cars please more bikes and trains,8,40,0,False,True,0,0,0,EN,en,0,3,,False,False,accepted,negative,0.9800307154655457,0.0112210838124156,0.0087483106181025,0.9800307154655457,0.96880963165313,high,low,,neutral,reviewed,,neutral,cardiffnlp/twitter-xlm-roberta-base-sentiment-multilingual,automatic_prelabel,positive | neutral | negative | uncertain,True,805,2026-06-18 19:59:23,human_manual_review,,,,,True,final_youtube_sentiment_825_balanced,2026-06-18 20:43:24,283,I hate cars Please more bikes and trains,I hate cars Please more bikes and trains,kept_original_english,none,neutral,keep,current label is acceptable or ambiguous
YT_UgxxVZ9WXaJuhrBDLHh4AaABAg,YouTube,top_level_comment,UgxxVZ9WXaJuhrBDLHh4AaABAg,UgxxVZ9WXaJuhrBDLHh4AaABAg,0zi0v_kJ7BE,"Belanjawan 2026: Bantuan tunai STR dikurang RM300, Sara naik",KiniTV,https://www.youtube.com/watch?v=0zi0v_kJ7BE,2025-10-13T05:24:51Z,cost_of_living_public_policy,Inilah anuar bodoh bukan main,21d1fbf5241442ec184e,2026-05-29T03:16:33Z,2026-05-29T03:16:33Z,0,0,True,True,none,,2026-06-17T15:11:41.175577+00:00,raw,,Inilah anuar bodoh bukan main,inilah anuar bodoh bukan main,5,29,0,False,True,0,0,0,BM,id,1,0,,False,False,accepted,negative,0.9534320831298828,0.0191907435655593,0.0273772608488798,0.9534320831298828,0.926054822281003,high,low,,neutral,reviewed,,neutral,cardiffnlp/twitter-xlm-roberta-base-sentiment-multilingual,automatic_prelabel,positive | neutral | negative | uncertain,True,698,2026-06-18 19:23:26,human_manual_review,,,,,True,final_youtube_sentiment_825_balanced,2026-06-18 20:43:24,207,Inilah anuar bodoh bukan main,This is stupid anuar not kidding,translated,google_translate_auto_to_en,negative,relabel,translated English contains stronger negative sentiment cues
YT_UgzAC_v0wzVQDTjVI9V4AaABAg,YouTube,top_level_comment,UgzAC_v0wzVQDTjVI9V4AaABAg,UgzAC_v0wzVQDTjVI9V4AaABAg,lWY3O9pFexo,KOS SARA HIDUP | PM Umum Butiran Penghargaan Untuk Rakyat Esok (BU),Buletin TV3,https://www.youtube.com/watch?v=lWY3O9pFexo,2025-07-22T12:11:44Z,cost_of_living_public_policy,Kwsp 1 off abg Non,fd9f89f2df5336f7e938,2025-07-22T17:25:22Z,2025-07-22T17:25:22Z,0,0,True,True,none,,2026-06-17T15:11:38.330737+00:00,raw,,Kwsp 1 off abg Non,kwsp 1 off abg non,5,18,0,False,True,0,0,0,EN,en,0,0,,False,False,accepted,neutral,0.1542248129844665,0.7683468461036682,0.0774283334612846,0.7683468461036682,0.6141220331192017,medium,medium,medium_confidence | neutral_prediction,neutral,reviewed,,neutral,cardiffnlp/twitter-xlm-roberta-base-sentiment-multilingual,automatic_prelabel,positive | neutral | negative | uncertain,True,476,2026-06-18 18:48:15,human_manual_review,,,,,True,final_youtube_sentiment_825_balanced,2026-06-18 20:43:24,27,Kwsp 1 off abg Non,Kwsp 1 off abg Non,kept_original_english,none,neutral,keep,current label is acceptable
YT_Ugyf778Kkr-4mb5UKVB4AaABAg,YouTube,top_level_comment,Ugyf778Kkr-4mb5UKVB4AaABAg,Ugyf778Kkr-4mb5UKVB4AaABAg,L-iPwc5b3oI,Malaysia rolls out the welcome mat for first tourists of 2026,The Star,https://www.youtube.com/watch?v=L-iPwc5b3oI,2026-01-01T05:54:35Z,tourism_lifestyle_events,Make sure all the tourist came as a tourist and return back to their country,2cdf21e7d3ff22190a7d,2026-01-01T08:25:10Z,2026-01-01T08:25:10Z,0,0,True,True,none,,2026-06-17T15:11:45.906833+00:00,raw,,Make sure all the tourist came as a tourist and return back to their country,make sure all the tourist came as a tourist and return back to their country,15,76,0,False,True,0,0,0,EN,en,0,2,,False,False,accepted,neutral,0.1092749461531639,0.7704436182975769,0.1202814504504203,0.7704436182975769,0.6501621678471565,medium,medium,medium_confidence | neutral_prediction,neutral,reviewed,Changed from negative to neutral after text-based manual review,neutral,cardiffnlp/twitter-xlm-roberta-base-sentiment-multilingual,automatic_prelabel,positive | neutral | negative | uncertain,True,480,2026-06-18 20:41:44,human_manual_text_based_negative_recheck,,,,,True,final_youtube_sentiment_825_balanced,2026-06-18 20:43:24,399,Make sure all the tourist came as a tourist and return back to their country,Make sure all the tourist came as a tourist and return back to their country,kept_original_english,none,neutral,keep,current label is acceptable
YT_UgxnBCzPAY_waQdDh754AaABAg,YouTube,top_level_comment,UgxnBCzPAY_waQdDh754AaABAg,UgxnBCzPAY_waQdDh754AaABAg,3Pk956RGn7o,10 MENU SCAM PALING PELIK DI BAZAR RAMADAN,Faktaw Channel,https://www.youtube.com/watch?v=3Pk956RGn7o,2025-03-22T08:00:02Z,festivals_national_events,Saya pernah beli tepung pelita tapi dalam tu ada getah patutlah rasa nya uuummmm😅😅,aeaf3fc5c2946b659ea4,2025-05-04T00:32:49Z,2025-05-04T00:32:49Z,0,0,True,True,none,,2026-06-17T15:11:44.002193+00:00,raw,,Saya pernah beli tepung pelita tapi dalam tu ada getah patutlah rasa nya uuummmm😅😅,saya pernah beli tepung pelita tapi dalam tu ada getah patutlah rasa nya uuummmm,14,82,2,False,True,0,0,0,BM,id,1,0,,False,False,accepted,negative,0.5338749289512634,0.2216516882181167,0.2444733679294586,0.5338749289512634,0.2894015610218048,low,high,low_confidence,negative,reviewed,,negative,cardiffnlp/twitter-xlm-roberta-base-sentiment-multilingual,automatic_prelabel,positive | neutral | negative | uncertain,True,217,2026-06-18 16:07:15,human_manual_review,,,,,True,final_youtube_sentiment_825_balanced,2026-06-18 20:43:24,443,Saya pernah beli tepung pelita tapi dalam tu ada getah patutlah rasa nya uuummmm😅😅,"I once bought lamp flour but there was rubber in it, it should taste like uuummmm😅😅",translated,google_translate_auto_to_en,neutral,relabel,translated English appears informational/unclear rather than explicit sentiment
YT_UgyCUK0ZMUwFA9vqOqZ4AaABAg,YouTube,top_level_comment,UgyCUK0ZMUwFA9vqOqZ4AaABAg,UgyCUK0ZMUwFA9vqOqZ4AaABAg,3Pk956RGn7o,10 MENU SCAM PALING PELIK DI BAZAR RAMADAN,Faktaw Channel,https://www.youtube.com/watch?v=3Pk956RGn7o,2025-03-22T08:00:02Z,festivals_national_events,Says tak perish kena tipu,70af5ccde51088cc6255,2025-05-24T13:33:11Z,2025-05-24T13:33:11Z,0,0,True,True,none,,2026-06-17T15:11:44.002052+00:00,raw,,Says tak perish kena tipu,says tak perish kena tipu,5,25,0,False,True,0,0,0,BM,id,1,0,,False,False,accepted,negative,0.7516788244247437,0.1495832800865173,0.0987378805875778,0.7516788244247437,0.6020955443382263,medium,medium,medium_confidence,negative,reviewed,,negative,cardiffnlp/twitter-xlm-roberta-base-sentiment-multilingual,automatic_prelabel,positive | neutral | negative | uncertain,True,446,2026-06-18 18:41:49,human_manual_review,,,,,True,final_youtube_sentiment_825_balanced,2026-06-18 20:43:24,150,Says tak perish kena tipu,"Says, I don't think I'll be tricked",translated,google_translate_auto_to_en,negative,keep,current label is acceptable or ambiguous
YT_UgyD-6PeYn7j5VmAcUZ4AaABAg,YouTube,top_level_comment,UgyD-6PeYn7j5VmAcUZ4AaABAg,UgyD-6PeYn7j5VmAcUZ4AaABAg,pByBSEMjiyo,MENJELANG AIDILFITRI | PM Umum Cuti Tambahan Sehari Sambut Hari Raya Aidilfitri,Buletin TV3,https://www.youtube.com/watch?v=pByBSEMjiyo,2026-03-15T05:40:33Z,festivals_national_events,Umum pemulangan wang dari scammer,4aebb4b5d3b7147e4589,2026-03-15T07:45:38Z,2026-03-15T07:45:38Z,0,0,True,True,none,,2026-06-17T15:11:43.138930+00:00,raw,,Umum pemulangan wang dari scammer,umum pemulangan wang dari scammer,5,33,0,False,True,0,0,0,BM,id,0,0,,False,False,accepted,neutral,0.1704548150300979,0.6984888315200806,0.1310563683509826,0.6984888315200806,0.5280340164899826,medium,medium,medium_confidence | neutral_prediction,positive,reviewed,,positive,cardiffnlp/twitter-xlm-roberta-base-sentiment-multilingual,automatic_prelabel,positive | neutral | negative | uncertain,True,392,2026-06-18 18:32:30,human_manual_review,,,,,True,final_youtube_sentiment_825_balanced,2026-06-18 20:43:24,707,Umum pemulangan wang dari scammer,General refunds from scammers,translated,google_translate_auto_to_en,negative,relabel,negative cues outweigh positive label after translation
YT_UgwsNC4q9BdAt5_4arZ4AaABAg,YouTube,top_level_comment,UgwsNC4q9BdAt5_4arZ4AaABAg,UgwsNC4q9BdAt5_4arZ4AaABAg,ze_IuVwkuFc,KTMB's 'ghost train' transforms commute for students from the interior,The Star,https://www.youtube.com/watch?v=ze_IuVwkuFc,2026-01-11T13:05:33Z,transport_public_services,Things like this bring a smile to my face.,dfc70d3c7d23bd9bef5b,2026-01-11T13:10:18Z,2026-01-11T13:10:18Z,50,0,True,True,none,,2026-06-17T15:11:47.668838+00:00,raw,,Things like this bring a smile to my face.,things like this bring a smile to my face,9,42,0,False,True,0,0,0,EN,en,0,1,,False,False,accepted,positive,0.0056453188881278,0.0070667504332959,0.9872878789901732,0.9872878789901732,0.9802211285568774,high,low,,positive,reviewed,,positive,cardiffnlp/twitter-xlm-roberta-base-sentiment-multilingual,automatic_prelabel,positive | neutral | negative | uncertain,True,825,2026-06-18 19:54:15,human_manual_review,,,,,True,final_youtube_sentiment_825_balanced,2026-06-18 20:43:24,529,Things like this bring a smile to my face.,Things like this bring a smile to my face.,kept_original_english,none,neutral,relabel,translated English appears informational/unclear rather than explicit sentiment
YT_Ugw31zZrm1MYz1s69B14AaABAg,YouTube,top_level_comment,Ugw31zZrm1MYz1s69B14AaABAg,Ugw31zZrm1MYz1s69B14AaABAg,lWY3O9pFexo,KOS SARA HIDUP | PM Umum Butiran Penghargaan Untuk Rakyat Esok (BU),Buletin TV3,https://www.youtube.com/watch?v=lWY3O9pFexo,2025-07-22T12:11:44Z,cost_of_living_public_policy,Harap ada bantuan wang one-off UTK B.40 dan miskin.,ea9219b80d4343db72e7,2025-07-22T22:52:54Z,2025-07-22T22:52:54Z,0,0,True,True,none,,2026-06-17T15:11:38.330462+00:00,raw,,Harap ada bantuan wang one-off UTK B.40 dan miskin.,harap ada bantuan wang one off utk b 40 dan miskin,10,51,0,False,True,0,0,0,BM,id,2,0,,False,False,accepted,negative,0.5338366031646729,0.2210619300603866,0.2451014369726181,0.5338366031646729,0.2887351661920547,low,high,low_confidence,positive,reviewed,,positive,cardiffnlp/twitter-xlm-roberta-base-sentiment-multilingual,automatic_prelabel,positive | neutral | negative | uncertain,True,216,2026-06-18 16:07:07,human_manual_review,,,,,True,final_youtube_sentiment_825_balanced,2026-06-18 20:43:24,7,Harap ada bantuan wang one-off UTK B.40 dan miskin.,Please have one-off money help for UTK B.40 and the poor.,translated,google_translate_auto_to_en,positive,keep,current label is acceptable or ambiguous
YT_UgxZWd8cXcMuhb0S-iB4AaABAg,YouTube,top_level_comment,UgxZWd8cXcMuhb0S-iB4AaABAg,UgxZWd8cXcMuhb0S-iB4AaABAg,FgMUKH-xEec,"Kerajaan setuju semakan tarik subsidi minyak golongan berpendapatan tinggi, kata PM",Free Malaysia Today,https://www.youtube.com/watch?v=FgMUKH-xEec,2026-05-10T09:06:58Z,cost_of_living_public_policy,"Terima kasih FMT. Hak rakyat Malaysia perlu dihormati. Mereka bayar cukai. Semua rakyat Malaysia bayar cukai. Fakta kukuh dan secara realiti. Setiap saat cukai dikutip secara aktif. Hidup mahupun meninggal. Bayi, muda, tua, miskin mahupun kaya. Bayar lampin, susu, urusan jenazah, dokumen dan sebagainya. Sudah buat semakan dan rujukan ChatGPT. Maaf, pendapat peribadi saya sahaja. Betulkan jika saya silap. 23/5/26",02b56019cfd332e54343,2026-05-23T02:36:51Z,2026-05-23T02:36:51Z,0,0,True,True,none,,2026-06-17T15:11:41.872032+00:00,raw,,"Terima kasih FMT. Hak rakyat Malaysia perlu dihormati. Mereka bayar cukai. Semua rakyat Malaysia bayar cukai. Fakta kukuh dan secara realiti. Setiap saat cukai dikutip secara aktif. Hidup mahupun meninggal. Bayi, muda, tua, miskin mahupun kaya. Bayar lampin, susu, urusan jenazah, dokumen dan sebagainya. Sudah buat semakan dan rujukan ChatGPT. Maaf, pendapat peribadi saya sahaja. Betulkan jika saya silap. 23/5/26",terima kasih fmt hak rakyat malaysia perlu dihormati mereka bayar cukai semua rakyat malaysia bayar cukai fakta kukuh dan secara realiti setiap saat cukai dikutip secara aktif hidup mahupun meninggal bayi muda tua miskin mahupun kaya bayar lampin susu urusan jenazah dokumen dan sebagainya sudah buat semakan dan rujukan chatgpt maaf pendapat peribadi saya sahaja betulkan jika saya silap 23 5 26,62,415,0,False,True,0,0,0,BM,id,6,0,,False,False,accepted,negative,0.5463616847991943,0.2029076963663101,0.2507306039333343,0.5463616847991943,0.29563108086586,low,high,low_confidence,neutral,reviewed,,neutral,cardiffnlp/twitter-xlm-roberta-base-sentiment-multilingual,automatic_prelabel,positive | neutral | negative | uncertain,True,241,2026-06-18 16:53:29,human_manual_review,,,,,True,final_youtube_sentiment_825_balanced,2026-06-18 20:43:24,95,"Terima kasih FMT. Hak rakyat Malaysia perlu dihormati. Mereka bayar cukai. Semua rakyat Malaysia bayar cukai. Fakta kukuh dan secara realiti. Setiap saat cukai dikutip secara aktif. Hidup mahupun meninggal. Bayi, muda, tua, miskin mahupun kaya. Bayar lampin, susu, urusan jenazah, dokumen dan sebagainya. Sudah buat semakan dan rujukan ChatGPT. Maaf, pendapat peribadi saya sahaja. Betulkan jika saya silap. 23/5/26","Thank you FMT. The rights of Malaysians need to be respected. They pay taxes. All Malaysians pay taxes. Solid facts and reality. Every moment taxes are actively collected. Live or die. Babies, young, old, poor or rich. Pay for diapers, milk, funeral arrangements, documents and so on. Have already reviewed and referenced ChatGPT. Sorry, just my personal opinion. Correct me if I'm wrong. 5/23/26",translated,google_translate_auto_to_en,positive,relabel,translated English contains stronger positive/supportive sentiment cues
YT_UgyJB58hs_88Pl_AkoR4AaABAg,YouTube,top_level_comment,UgyJB58hs_88Pl_AkoR4AaABAg,UgyJB58hs_88Pl_AkoR4AaABAg,UGAL8690ngc,"Bantuan Asas Rahmah diteruskan: RM100 untuk  dewasa, RM500 untuk penerima miskin tegar - Anwar",KiniTV,https://www.youtube.com/watch?v=UGAL8690ngc,2026-01-05T06:06:45Z,cost_of_living_public_policy,Ckf tahu satu hari ckf tidak ada ibu bapa,9184e6dc6a367d393b2b,2026-01-07T03:06:28Z,2026-01-07T03:06:28Z,0,0,True,True,none,,2026-06-17T15:11:40.405893+00:00,raw,,Ckf tahu satu hari ckf tidak ada ibu bapa,ckf tahu satu hari ckf tidak ada ibu bapa,9,41,0,False,True,0,0,0,BM,id,1,0,,False,False,accepted,neutral,0.2714966833591461,0.5124825239181519,0.2160207480192184,0.5124825239181519,0.2409858405590057,low,high,low_confidence | neutral_prediction,negative,reviewed,,negative,cardiffnlp/twitter-xlm-roberta-base-sentiment-multilingual,automatic_prelabel,positive | neutral | negative | uncertain,True,168,2026-06-18 15:57:06,human_manual_review,,,,,True,final_youtube_sentiment_825_balanced,2026-06-18 20:43:24,119,Ckf tahu satu hari ckf tidak ada ibu bapa,Ckf know one day ckf will not have parents,translated,google_translate_auto_to_en,negative,keep,current label is acceptable or ambiguous
YT_Ugzy4PHwV5y8cgSTIY94AaABAg,YouTube,top_level_comment,Ugzy4PHwV5y8cgSTIY94AaABAg,Ugzy4PHwV5y8cgSTIY94AaABAg,Yu37CmWLvK0,SATU MALAYSIA KENA SCAM MAKANAN DI BAZAR RAMADAN‼️ LELAKI SOUND PENIAGA BAZAAR,NuR MuHD,https://www.youtube.com/watch?v=Yu37CmWLvK0,2026-02-22T17:36:49Z,festivals_national_events,Murtabak area lrt cheras jg terbaik..isi padu ..sedap,66baa3839cff240bcc5d,2026-03-05T08:22:53Z,2026-03-05T08:22:53Z,0,0,True,True,none,,2026-06-17T15:11:44.742617+00:00,raw,,Murtabak area lrt cheras jg terbaik..isi padu ..sedap,murtabak area lrt cheras jg terbaik isi padu sedap,9,53,0,False,True,0,0,0,BM,id,1,0,,False,False,accepted,positive,0.1491750925779342,0.1633840799331665,0.687440812587738,0.687440812587738,0.5240567326545715,medium,medium,medium_confidence,positive,reviewed,,positive,cardiffnlp/twitter-xlm-roberta-base-sentiment-multilingual,automatic_prelabel,positive | neutral | negative | uncertain,True,383,2026-06-18 18:31:15,human_manual_review,,,,,True,final_youtube_sentiment_825_balanced,2026-06-18 20:43:24,735,Murtabak area lrt cheras jg terbaik..isi padu ..sedap,Murtabak area lrt cheras is also the best..solid content..delicious,translated,google_translate_auto_to_en,positive,keep,current label is acceptable or ambiguous
YT_Ugwl1b7DIiucXtUaXOd4AaABAg,YouTube,top_level_comment,Ugwl1b7DIiucXtUaXOd4AaABAg,Ugwl1b7DIiucXtUaXOd4AaABAg,J5SEcQAe1AM,Why Malaysia Forces You to Own a Car,UrbanShiftMY,https://www.youtube.com/watch?v=J5SEcQAe1AM,2026-05-11T05:16:17Z,transport_public_services,"1:26 🤡 Yes, *_""affordable""_* when you over tax import cars to make local brand ""affordable"". Look at other country, with the same price as 🇲🇾, they get featured rich vehicle. Unlike 🇲🇾, we paid for basic feature & outdated technology which are deemed as ""affordable"". This is why 🇲🇾 will always be a developing country, with that mindset. I rest my case. ❤ from 🇿🇼",5d513d9721c23b453705,2026-05-23T06:09:28Z,2026-05-23T06:09:28Z,2,0,True,True,none,,2026-06-17T15:11:48.077538+00:00,raw,,"1:26 🤡 Yes, *_""affordable""_* when you over tax import cars to make local brand ""affordable"". Look at other country, with the same price as 🇲🇾, they get featured rich vehicle. Unlike 🇲🇾, we paid for basic feature & outdated technology which are deemed as ""affordable"". This is why 🇲🇾 will always be a developing country, with that mindset. I rest my case. ❤ from 🇿🇼",1 26 yes _ affordable _ when you over tax import cars to make local brand affordable look at other country with the same price as they get featured rich vehicle unlike we paid for basic feature outdated technology which are deemed as affordable this is why will always be a developing country with that mindset i rest my case from,59,364,6,False,True,0,0,0,EN,en,0,11,,False,False,accepted,neutral,0.2871674001216888,0.3573351800441742,0.3554974198341369,0.3573351800441742,0.0018377602100372,low,high,low_confidence | small_probability_margin | neutral_prediction,negative,reviewed,,negative,cardiffnlp/twitter-xlm-roberta-base-sentiment-multilingual,automatic_prelabel,positive | neutral | negative | uncertain,True,7,2026-06-18 15:21:06,human_manual_review,,,,,True,final_youtube_sentiment_825_balanced,2026-06-18 20:43:24,78,"1:26 🤡 Yes, *_""affordable""_* when you over tax import cars to make local brand ""affordable"". Look at other country, with the same price as 🇲🇾, they get featured rich vehicle. Unlike 🇲🇾, we paid for basic feature & outdated technology which are deemed as ""affordable"". This is why 🇲🇾 will always be a developing country, with that mindset. I rest my case. ❤ from 🇿🇼","1:26 🤡 Yes, *_""affordable""_* when you over tax import cars to make local brand ""affordable"". Look at other country, with the same price as 🇲🇾, they get featured rich vehicle. Unlike 🇲🇾, we paid for basic feature & outdated technology which are deemed as ""affordable"". This is why 🇲🇾 will always be a developing country, with that mindset. I rest my case. ❤ from 🇿🇼",kept_original_english,none,negative,keep,current label is acceptable or ambiguous
YT_Ugyb9ZUwvP3jY2J4-ox4AaABAg,YouTube,top_level_comment,Ugyb9ZUwvP3jY2J4-ox4AaABAg,Ugyb9ZUwvP3jY2J4-ox4AaABAg,0zi0v_kJ7BE,"Belanjawan 2026: Bantuan tunai STR dikurang RM300, Sara naik",KiniTV,https://www.youtube.com/watch?v=0zi0v_kJ7BE,2025-10-13T05:24:51Z,cost_of_living_public_policy,Bantuan sara hanye boleh tebus ape yg boleh je .. kalau wang tunai boleh guna ape yg di perlukan ... Bukan semua senang boleh bg anak belanje sekolah boleh bayar apa yg patut ..,17cd20e9c71e142f2229,2025-10-14T05:38:15Z,2025-10-14T05:38:15Z,6,0,True,True,none,,2026-06-17T15:11:41.176942+00:00,raw,,Bantuan sara hanye boleh tebus ape yg boleh je .. kalau wang tunai boleh guna ape yg di perlukan .. Bukan semua senang boleh bg anak belanje sekolah boleh bayar apa yg patut ..,bantuan sara hanye boleh tebus ape yg boleh je kalau wang tunai boleh guna ape yg di perlukan bukan semua senang boleh bg anak belanje sekolah boleh bayar apa yg patut,31,176,0,False,True,0,0,0,BM,id,5,0,,False,False,accepted,positive,0.244739294052124,0.3477404415607452,0.4075202047824859,0.4075202047824859,0.0597797632217407,low,high,low_confidence | small_probability_margin,neutral,reviewed,Moved from positive supplement to neutral after manual review,neutral,cardiffnlp/twitter-xlm-roberta-base-sentiment-multilingual,automatic_prelabel,,False,112,2026-06-18 20:30:19,human_manual_review_positive_supplement,available,,positive_shortage_after_manual_review,neutral_after_manual_review,True,final_youtube_sentiment_825_balanced,2026-06-18 20:43:24,62,Bantuan sara hanye boleh tebus ape yg boleh je .. kalau wang tunai boleh guna ape yg di perlukan .. Bukan semua senang boleh bg anak belanje sekolah boleh bayar apa yg patut ..,Support can only be redeemed as much as possible .. if cash can be used for what is needed .. Not everything is easy for children to spend on school can pay what is appropriate ..,translated,google_translate_auto_to_en,positive,relabel,positive/supportive cues outweigh negative label after translation
YT_Ugw6Kufpn9a9bNZUeB14AaABAg,YouTube,top_level_comment,Ugw6Kufpn9a9bNZUeB14AaABAg,Ugw6Kufpn9a9bNZUeB14AaABAg,hXMCJ90cK7M,Car vs Public Transport in Malaysia. Who Wins?,Mr Money TV,https://www.youtube.com/watch?v=hXMCJ90cK7M,2025-05-23T12:42:56Z,transport_public_services,Should add Motorbike. Motor Vs Car Vs Public Transport.,429ba7a23e88ed6f25a2,2025-05-27T15:19:15Z,2025-05-27T15:19:15Z,1,0,True,True,none,,2026-06-17T15:11:46.925204+00:00,raw,,Should add Motorbike. Motor Vs Car Vs Public Transport.,should add motorbike motor vs car vs public transport,9,55,0,False,True,0,0,0,EN,en,0,1,,False,False,accepted,neutral,0.0202399566769599,0.9000095129013062,0.0797504931688308,0.9000095129013062,0.8202590197324753,high,medium,neutral_prediction,neutral,reviewed,,neutral,cardiffnlp/twitter-xlm-roberta-base-sentiment-multilingual,automatic_prelabel,positive | neutral | negative | uncertain,True,560,2026-06-18 19:02:13,human_manual_review,,,,,True,final_youtube_sentiment_825_balanced,2026-06-18 20:43:24,544,Should add Motorbike. Motor Vs Car Vs Public Transport.,Should add Motorbike. Motor Vs Car Vs Public Transport.,kept_original_english,none,neutral,keep,current label is acceptable
YT_UgzhlkEAFeO69zWNZ6p4AaABAg,YouTube,top_level_comment,UgzhlkEAFeO69zWNZ6p4AaABAg,UgzhlkEAFeO69zWNZ6p4AaABAg,qlQj6Zlgc-M,MyDigital ID akan diwajibkan untuk akses aplikasi MyJPJ & MyBayar PDRM!,SoyaCincau BM,https://www.youtube.com/watch?v=qlQj6Zlgc-M,2025-08-27T12:39:08Z,technology_digital_services,Kalau nak buat semauh digital xpayah suruh orang download sejutah app buat semauh dalam satu.lagi satu buat app biar server laju bukan macam kacang pok.,a4a62a9c6311d08bcb21,2025-12-16T07:19:31Z,2025-12-16T07:19:31Z,12,0,True,True,none,,2026-06-17T15:11:45.563858+00:00,raw,,Kalau nak buat semauh digital xpayah suruh orang download sejutah app buat semauh dalam satu.lagi satu buat app biar server laju bukan macam kacang pok.,kalau nak buat semauh digital xpayah suruh orang download sejutah app buat semauh dalam satu lagi satu buat app biar server laju bukan macam kacang pok,26,152,0,False,True,0,0,0,BM,id,6,0,,False,False,accepted,neutral,0.2765019237995147,0.3708222210407257,0.3526758253574371,0.3708222210407257,0.0181463956832885,low,high,low_confidence | small_probability_margin | neutral_prediction,negative,reviewed,,negative,cardiffnlp/twitter-xlm-roberta-base-sentiment-multilingual,automatic_prelabel,positive | neutral | negative | uncertain,True,14,2026-06-18 15:23:43,human_manual_review,,,,,True,final_youtube_sentiment_825_balanced,2026-06-18 20:43:24,754,Kalau nak buat semauh digital xpayah suruh orang download sejutah app buat semauh dalam satu.lagi satu buat app biar server laju bukan macam kacang pok.,"If you want to do as much digital as you want, you don't have to tell people to download a million apps to do as much as you want in one. Another one to make the app so that the server is fast, not like a pok nut.",translated,google_translate_auto_to_en,negative,keep,current label is acceptable or ambiguous
YT_UgyWW7gPTD_jrmVR8bN4AaABAg,YouTube,top_level_comment,UgyWW7gPTD_jrmVR8bN4AaABAg,UgyWW7gPTD_jrmVR8bN4AaABAg,pByBSEMjiyo,MENJELANG AIDILFITRI | PM Umum Cuti Tambahan Sehari Sambut Hari Raya Aidilfitri,Buletin TV3,https://www.youtube.com/watch?v=pByBSEMjiyo,2026-03-15T05:40:33Z,festivals_national_events,Dari mula berkuasa....sampai la sekarang ni....pengumuman cuti tambahan je la....hahahahaha....PiYem al juboori di sukai rakyat malaysia yg bangang😂😂😂,113e6f85b3460655c0f8,2026-03-15T08:08:58Z,2026-03-15T08:08:58Z,0,0,True,True,none,,2026-06-17T15:11:43.138863+00:00,raw,,Dari mula berkuasa..sampai la sekarang ni..pengumuman cuti tambahan je la..hahahahaha..PiYem al juboori di sukai rakyat malaysia yg bangang😂😂😂,dari mula berkuasa sampai la sekarang ni pengumuman cuti tambahan je la hahahahaha piyem al juboori di sukai rakyat malaysia yg bangang,22,142,3,False,True,0,0,0,BM,id,3,0,,False,False,accepted,positive,0.3009820580482483,0.238218292593956,0.4607996046543121,0.4607996046543121,0.1598175466060638,low,high,low_confidence,negative,reviewed,,negative,cardiffnlp/twitter-xlm-roberta-base-sentiment-multilingual,automatic_prelabel,positive | neutral | negative | uncertain,True,96,2026-06-18 15:43:55,human_manual_review,,,,,True,final_youtube_sentiment_825_balanced,2026-06-18 20:43:24,743,Dari mula berkuasa..sampai la sekarang ni..pengumuman cuti tambahan je la..hahahahaha..PiYem al juboori di sukai rakyat malaysia yg bangang😂😂😂,From the beginning of power..until now..the announcement of additional holidays..hahahahahaha..PiYem al juboori is loved by the proud Malaysians😂😂😂,translated,google_translate_auto_to_en,positive,relabel,positive/supportive cues outweigh negative label after translation
YT_UgwQX8oess_8NmXv6eF4AaABAg,YouTube,top_level_comment,UgwQX8oess_8NmXv6eF4AaABAg,UgwQX8oess_8NmXv6eF4AaABAg,3Pk956RGn7o,10 MENU SCAM PALING PELIK DI BAZAR RAMADAN,Faktaw Channel,https://www.youtube.com/watch?v=3Pk956RGn7o,2025-03-22T08:00:02Z,festivals_national_events,"Tahun ini, aku hanya sekali pergi pusat penjaja beli makanan berbuka. Tak jejak kaki ke bazar ramadhan.",88879c19cb7b68352b79,2026-03-13T09:55:42Z,2026-03-13T09:55:42Z,0,0,True,True,none,,2026-06-17T15:11:43.541078+00:00,raw,,"Tahun ini, aku hanya sekali pergi pusat penjaja beli makanan berbuka. Tak jejak kaki ke bazar ramadhan.",tahun ini aku hanya sekali pergi pusat penjaja beli makanan berbuka tak jejak kaki ke bazar ramadhan,17,103,0,False,True,0,0,0,BM,id,3,0,,False,False,accepted,neutral,0.2457988262176513,0.4513569474220276,0.3028441667556762,0.4513569474220276,0.1485127806663513,low,high,low_confidence | small_probability_margin | neutral_prediction,positive,reviewed,,positive,cardiffnlp/twitter-xlm-roberta-base-sentiment-multilingual,automatic_prelabel,positive | neutral | negative | uncertain,True,85,2026-06-18 15:42:08,human_manual_review,,,,,True,final_youtube_sentiment_825_balanced,2026-06-18 20:43:24,168,"Tahun ini, aku hanya sekali pergi pusat penjaja beli makanan berbuka. Tak jejak kaki ke bazar ramadhan.","This year, I only went to the hawker center to buy iftar food. No footsteps to the Ramadhan bazaar.",translated,google_translate_auto_to_en,negative,relabel,negative cues outweigh positive label after translation
YT_Ugz6I_AbIoOB7cdjBjl4AaABAg,YouTube,top_level_comment,Ugz6I_AbIoOB7cdjBjl4AaABAg,Ugz6I_AbIoOB7cdjBjl4AaABAg,pByBSEMjiyo,MENJELANG AIDILFITRI | PM Umum Cuti Tambahan Sehari Sambut Hari Raya Aidilfitri,Buletin TV3,https://www.youtube.com/watch?v=pByBSEMjiyo,2026-03-15T05:40:33Z,festivals_national_events,Walaun tak nak cuti silakan kerja🎉🎉🎉,cba13bd56fa46c3deb5d,2026-03-15T10:47:41Z,2026-03-15T10:47:41Z,0,0,True,True,none,,2026-06-17T15:11:43.138556+00:00,raw,,Walaun tak nak cuti silakan kerja🎉🎉🎉,walaun tak nak cuti silakan kerja,6,36,3,False,True,0,0,0,BM,id,2,0,,False,False,accepted,positive,0.0516563579440116,0.100653737783432,0.8476899266242981,0.8476899266242981,0.7470361888408661,high,low,,positive,reviewed,Added from reviewed positive supplement,positive,cardiffnlp/twitter-xlm-roberta-base-sentiment-multilingual,automatic_prelabel,,False,23,2026-06-18 20:33:38,human_manual_review_positive_supplement,available,,positive_shortage_after_manual_review,positive,True,final_youtube_sentiment_825_balanced,2026-06-18 20:43:24,244,Walaun tak nak cuti silakan kerja🎉🎉🎉,"Even if you don't want a holiday, please work 🎉🎉🎉",translated,google_translate_auto_to_en,positive,keep,current label is acceptable or ambiguous
YT_UgxPYZ-QBilwmlSSVoJ4AaABAg,YouTube,top_level_comment,UgxPYZ-QBilwmlSSVoJ4AaABAg,UgxPYZ-QBilwmlSSVoJ4AaABAg,mVmYibok-7A,[TERKINI] MOF sekat MyKad individu salah guna subsidi BUDI95,Astro AWANI,https://www.youtube.com/watch?v=mVmYibok-7A,2026-03-23T23:22:33Z,cost_of_living_public_policy,kena faham betul2 krjn beri maksima 300 ltr klu x sampai guna secukup shj lah jgn ambil kesempatan yg lebih pergi jual.jd lah rakyat beramanah sikit.aku sokong tindakan mof ambil tindakan.beri betis nak peha,f0ce64291be1050695db,2026-03-25T15:48:37Z,2026-03-25T15:48:37Z,0,0,True,True,none,,2026-06-17T15:11:39.036915+00:00,raw,,kena faham betul2 krjn beri maksima 300 ltr klu x sampai guna secukup shj lah jgn ambil kesempatan yg lebih pergi jual.jd lah rakyat beramanah sikit.aku sokong tindakan mof ambil tindakan.beri betis nak peha,kena faham betul2 krjn beri maksima 300 ltr klu x sampai guna secukup shj lah jgn ambil kesempatan yg lebih pergi jual jd lah rakyat beramanah sikit aku sokong tindakan mof ambil tindakan beri betis nak peha,37,207,0,False,True,0,0,0,BM,id,4,0,,False,False,accepted,negative,0.7496615052223206,0.1204710602760315,0.1298674941062927,0.7496615052223206,0.6197940111160278,medium,medium,medium_confidence,positive,reviewed,,positive,cardiffnlp/twitter-xlm-roberta-base-sentiment-multilingual,automatic_prelabel,positive | neutral | negative | uncertain,True,440,2026-06-18 18:40:34,human_manual_review,,,,,True,final_youtube_sentiment_825_balanced,2026-06-18 20:43:24,514,kena faham betul2 krjn beri maksima 300 ltr klu x sampai guna secukup shj lah jgn ambil kesempatan yg lebih pergi jual.jd lah rakyat beramanah sikit.aku sokong tindakan mof ambil tindakan.beri betis nak peha,"You have to understand, why give a maximum of 300 liters if you don't get enough to use, don't take the opportunity to go sell more. So the people will give you a little money. I support the action of Mof, take action. Give me a calf if you want a thigh",translated,google_translate_auto_to_en,negative,relabel,negative cues outweigh positive label after translation
YT_UgyN80m82EXOv1cbM_F4AaABAg,YouTube,top_level_comment,UgyN80m82EXOv1cbM_F4AaABAg,UgyN80m82EXOv1cbM_F4AaABAg,ze_IuVwkuFc,KTMB's 'ghost train' transforms commute for students from the interior,The Star,https://www.youtube.com/watch?v=ze_IuVwkuFc,2026-01-11T13:05:33Z,transport_public_services,Mesti rajin pergi sekolah lepas ni. Rajin pergi ngan balik sekolah je la,e9582cdfa5ebb7eab5bc,2026-01-15T06:29:44Z,2026-01-15T06:29:44Z,0,0,True,True,none,,2026-06-17T15:11:47.668088+00:00,raw,,Mesti rajin pergi sekolah lepas ni. Rajin pergi ngan balik sekolah je la,mesti rajin pergi sekolah lepas ni rajin pergi ngan balik sekolah je la,13,72,0,False,True,0,0,0,BM,id,1,0,,False,False,accepted,positive,0.1900638043880462,0.2682139575481415,0.5417222380638123,0.5417222380638123,0.2735082805156708,low,high,low_confidence,neutral,reviewed,,neutral,cardiffnlp/twitter-xlm-roberta-base-sentiment-multilingual,automatic_prelabel,positive | neutral | negative | uncertain,True,233,2026-06-18 16:52:37,human_manual_review,,,,,True,final_youtube_sentiment_825_balanced,2026-06-18 20:43:24,598,Mesti rajin pergi sekolah lepas ni. Rajin pergi ngan balik sekolah je la,Must be diligent to go to school after this. Go hard and go back to school,translated,google_translate_auto_to_en,neutral,keep,current label is acceptable
YT_Ugx2DlYOA_SGuiZmIhR4AaABAg,YouTube,top_level_comment,Ugx2DlYOA_SGuiZmIhR4AaABAg,Ugx2DlYOA_SGuiZmIhR4AaABAg,UGAL8690ngc,"Bantuan Asas Rahmah diteruskan: RM100 untuk  dewasa, RM500 untuk penerima miskin tegar - Anwar",KiniTV,https://www.youtube.com/watch?v=UGAL8690ngc,2026-01-05T06:06:45Z,cost_of_living_public_policy,🎉 berharap harap PMX boleh jadi PM sampai umur 💯 ya 🙏 PMX tolong hapuskan scammer dlm pejabat kerajaan rasuah n sakau ya 🙏,aa8d850b7f83e938a527,2026-01-06T07:22:01Z,2026-01-06T07:22:01Z,15,2,True,True,none,,2026-06-17T15:11:40.406310+00:00,raw,,🎉 berharap harap PMX boleh jadi PM sampai umur 💯 ya 🙏 PMX tolong hapuskan scammer dlm pejabat kerajaan rasuah n sakau ya 🙏,berharap harap pmx boleh jadi pm sampai umur ya pmx tolong hapuskan scammer dlm pejabat kerajaan rasuah n sakau ya,20,122,4,False,True,0,0,0,BM,id,2,0,,False,False,accepted,positive,0.3142449855804443,0.2242774069309234,0.4614775478839874,0.4614775478839874,0.1472325623035431,low,high,low_confidence | small_probability_margin,positive,reviewed,,positive,cardiffnlp/twitter-xlm-roberta-base-sentiment-multilingual,automatic_prelabel,positive | neutral | negative | uncertain,True,98,2026-06-18 15:44:06,human_manual_review,,,,,True,final_youtube_sentiment_825_balanced,2026-06-18 20:43:24,10,🎉 berharap harap PMX boleh jadi PM sampai umur 💯 ya 🙏 PMX tolong hapuskan scammer dlm pejabat kerajaan rasuah n sakau ya 🙏,🎉 I hope that PMX can be PM until the age of 💯 yes 🙏 PMX please eliminate scammers in corrupt government offices if not yes 🙏,translated,google_translate_auto_to_en,negative,relabel,translated English contains stronger negative sentiment cues
YT_UgyuVSOl_jxyC7owlUZ4AaABAg,YouTube,top_level_comment,UgyuVSOl_jxyC7owlUZ4AaABAg,UgyuVSOl_jxyC7owlUZ4AaABAg,hc8RMN2hnnQ,[LANGSUNG] Pengumuman Hari Raya Aidilfitri 2026/1447H  | 19 Mac 2026,Astro AWANI,https://www.youtube.com/watch?v=hc8RMN2hnnQ,2026-03-19T12:16:11Z,festivals_national_events,Yay tekaan warna baju betul,8c5fca6f20a9e9cb9ad2,2026-03-19T12:19:19Z,2026-03-19T12:19:19Z,3,0,True,True,none,,2026-06-17T15:11:42.763939+00:00,raw,,Yay tekaan warna baju betul,yay tekaan warna baju betul,5,27,0,False,True,0,0,0,BM,id,0,0,,False,False,accepted,positive,0.0334244929254055,0.0319584310054779,0.9346171021461488,0.9346171021461488,0.9011926092207432,high,low,,positive,reviewed,,positive,cardiffnlp/twitter-xlm-roberta-base-sentiment-multilingual,automatic_prelabel,positive | neutral | negative | uncertain,True,643,2026-06-18 19:14:06,human_manual_review,,,,,True,final_youtube_sentiment_825_balanced,2026-06-18 20:43:24,591,Yay tekaan warna baju betul,Yay guess the color of the shirt right,translated,google_translate_auto_to_en,neutral,relabel,translated English appears informational/unclear rather than explicit sentiment
YT_UgzZ5xn9bO-My6cV0UN4AaABAg,YouTube,top_level_comment,UgzZ5xn9bO-My6cV0UN4AaABAg,UgzZ5xn9bO-My6cV0UN4AaABAg,J5SEcQAe1AM,Why Malaysia Forces You to Own a Car,UrbanShiftMY,https://www.youtube.com/watch?v=J5SEcQAe1AM,2026-05-11T05:16:17Z,transport_public_services,If I get 1000 ringgit for every time he says parking I would own a parking lot,6a7596cc513e828d055c,2026-05-21T01:12:02Z,2026-05-21T01:12:02Z,0,0,True,True,none,,2026-06-17T15:11:48.077811+00:00,raw,,If I get 1000 ringgit for every time he says parking I would own a parking lot,if i get 1000 ringgit for every time he says parking i would own a parking lot,17,78,0,False,True,0,0,0,EN,en,0,2,,False,False,accepted,neutral,0.1530651450157165,0.445747047662735,0.4011878967285156,0.445747047662735,0.0445591509342193,low,high,low_confidence | small_probability_margin | neutral_prediction,negative,reviewed,,negative,cardiffnlp/twitter-xlm-roberta-base-sentiment-multilingual,automatic_prelabel,positive | neutral | negative | uncertain,True,76,2026-06-18 15:40:43,human_manual_review,,,,,True,final_youtube_sentiment_825_balanced,2026-06-18 20:43:24,73,If I get 1000 ringgit for every time he says parking I would own a parking lot,If I get 1000 ringgit for every time he says parking I would own a parking lot,kept_original_english,none,neutral,relabel,translated English appears informational/unclear rather than explicit sentiment
YT_UgwldmmkVwqQPRexltd4AaABAg,YouTube,top_level_comment,UgwldmmkVwqQPRexltd4AaABAg,UgwldmmkVwqQPRexltd4AaABAg,MpBToZaCuWE,LRT derailment: Commuters want track and train maintenance to be enhanced,The Star,https://www.youtube.com/watch?v=MpBToZaCuWE,2026-05-28T08:54:43Z,transport_public_services,"What's up with all these recent trains accidents? Thailand, Indonesia, and just the other day in Belgium. Something ain't right.",5b68291ffe2d19854ac3,2026-05-28T10:06:30Z,2026-05-28T10:06:30Z,14,4,True,True,none,,2026-06-17T15:11:46.539108+00:00,raw,,"What's up with all these recent trains accidents? Thailand, Indonesia, and just the other day in Belgium. Something ain't right.",what s up with all these recent trains accidents thailand indonesia and just the other day in belgium something ain t right,20,128,0,False,True,0,0,0,EN,en,0,2,,False,False,accepted,negative,0.977181315422058,0.0167902838438749,0.0060284808278083,0.977181315422058,0.9603910315781832,high,low,,neutral,reviewed,,neutral,cardiffnlp/twitter-xlm-roberta-base-sentiment-multilingual,automatic_prelabel,positive | neutral | negative | uncertain,True,795,2026-06-18 19:51:22,human_manual_review,,,,,True,final_youtube_sentiment_825_balanced,2026-06-18 20:43:24,289,"What's up with all these recent trains accidents? Thailand, Indonesia, and just the other day in Belgium. Something ain't right.","What's up with all these recent trains accidents? Thailand, Indonesia, and just the other day in Belgium. Something ain't right.",kept_original_english,none,neutral,relabel,translated English appears informational/unclear rather than explicit sentiment
YT_Ugx8OTapWUzPq0xdgYZ4AaABAg,YouTube,top_level_comment,Ugx8OTapWUzPq0xdgYZ4AaABAg,Ugx8OTapWUzPq0xdgYZ4AaABAg,oULUeT07fa0,JPJ MALAYSIA? ADA APA APA JAWAPAN KE? SITA KENDERAAN ORANG SAMPAI BERBULAN BULAN? TERIMA KASIH SINGH,Bossrul Channel,https://www.youtube.com/watch?v=oULUeT07fa0,2025-07-01T02:14:17Z,transport_public_services,Saman... Lawan jgn tak lawan,bce6c657cd62ae66cc1f,2025-07-14T08:57:00Z,2025-07-14T08:57:00Z,0,0,True,True,none,,2026-06-17T15:11:48.876128+00:00,raw,,Saman.. Lawan jgn tak lawan,saman lawan jgn tak lawan,5,27,0,False,True,0,0,0,BM,tl,1,0,,False,False,accepted,neutral,0.3354094922542572,0.3568819165229797,0.307708591222763,0.3568819165229797,0.0214724242687225,low,high,low_confidence | small_probability_margin | neutral_prediction,positive,reviewed,,positive,cardiffnlp/twitter-xlm-roberta-base-sentiment-multilingual,automatic_prelabel,positive | neutral | negative | uncertain,True,6,2026-06-18 15:20:49,human_manual_review,,,,,True,final_youtube_sentiment_825_balanced,2026-06-18 20:43:24,267,Saman.. Lawan jgn tak lawan,Sue.. Fight don't fight,translated,google_translate_auto_to_en,negative,relabel,negative cues outweigh positive label after translation
YT_Ugx5t6tgfXQwcsbqiSh4AaABAg,YouTube,top_level_comment,Ugx5t6tgfXQwcsbqiSh4AaABAg,Ugx5t6tgfXQwcsbqiSh4AaABAg,lWY3O9pFexo,KOS SARA HIDUP | PM Umum Butiran Penghargaan Untuk Rakyat Esok (BU),Buletin TV3,https://www.youtube.com/watch?v=lWY3O9pFexo,2025-07-22T12:11:44Z,cost_of_living_public_policy,Bukan duit rakyat duit kerajaan hasil dari cukai. Kalau rakyat tidak berkerja tak dapat duit. Kalau duit rakyat tak payahlah kerja.duduk diam di rumah mintalah duit rakyat.tak sampai sebulan negara lingkup.,c509d42f6b7a14c33fad,2025-07-23T02:11:24Z,2025-07-23T02:11:24Z,0,0,True,True,none,,2026-06-17T15:11:38.330052+00:00,raw,,Bukan duit rakyat duit kerajaan hasil dari cukai. Kalau rakyat tidak berkerja tak dapat duit. Kalau duit rakyat tak payahlah kerja.duduk diam di rumah mintalah duit rakyat.tak sampai sebulan negara lingkup.,bukan duit rakyat duit kerajaan hasil dari cukai kalau rakyat tidak berkerja tak dapat duit kalau duit rakyat tak payahlah kerja duduk diam di rumah mintalah duit rakyat tak sampai sebulan negara lingkup,33,206,0,False,True,0,0,0,BM,id,6,0,,False,False,accepted,negative,0.7784778475761414,0.1159776225686073,0.1055444478988647,0.7784778475761414,0.662500225007534,medium,medium,medium_confidence,negative,reviewed,,negative,cardiffnlp/twitter-xlm-roberta-base-sentiment-multilingual,automatic_prelabel,positive | neutral | negative | uncertain,True,492,2026-06-18 18:50:56,human_manual_review,,,,,True,final_youtube_sentiment_825_balanced,2026-06-18 20:43:24,12,Bukan duit rakyat duit kerajaan hasil dari cukai. Kalau rakyat tidak berkerja tak dapat duit. Kalau duit rakyat tak payahlah kerja.duduk diam di rumah mintalah duit rakyat.tak sampai sebulan negara lingkup.,"It's not the people's money, it's the government's money from taxes. If people don't work, they don't get money. If it's the people's money, you don't have to work. Sit quietly at home and ask for the people's money. It won't take more than a month to cover the country.",translated,google_translate_auto_to_en,negative,keep,current label is acceptable or ambiguous
YT_UgyG91os6B4p9znSNjh4AaABAg,YouTube,top_level_comment,UgyG91os6B4p9znSNjh4AaABAg,UgyG91os6B4p9znSNjh4AaABAg,L-iPwc5b3oI,Malaysia rolls out the welcome mat for first tourists of 2026,The Star,https://www.youtube.com/watch?v=L-iPwc5b3oI,2026-01-01T05:54:35Z,tourism_lifestyle_events,Why was he not at all smiling to greet the arrival of so many people if he will not be frightening anyone away yet🎉🎉,c556a52e3683af41868d,2026-01-03T10:11:27Z,2026-01-03T10:11:27Z,0,1,True,True,none,,2026-06-17T15:11:45.906283+00:00,raw,,Why was he not at all smiling to greet the arrival of so many people if he will not be frightening anyone away yet🎉🎉,why was he not at all smiling to greet the arrival of so many people if he will not be frightening anyone away yet,24,116,2,False,True,0,0,0,EN,en,0,5,,False,False,accepted,positive,0.0612466968595981,0.0859818831086158,0.8527714014053345,0.8527714014053345,0.7667895182967186,high,low,,positive,reviewed,Added from reviewed positive supplement,positive,cardiffnlp/twitter-xlm-roberta-base-sentiment-multilingual,automatic_prelabel,,False,22,2026-06-18 20:33:38,human_manual_review_positive_supplement,available,,positive_shortage_after_manual_review,positive,True,final_youtube_sentiment_825_balanced,2026-06-18 20:43:24,243,Why was he not at all smiling to greet the arrival of so many people if he will not be frightening anyone away yet🎉🎉,Why was he not at all smiling to greet the arrival of so many people if he will not be frightening anyone away yet🎉🎉,kept_original_english,none,negative,keep,current label is acceptable or ambiguous
YT_Ugx-F1FCO9zrJa4zZNR4AaABAg,YouTube,top_level_comment,Ugx-F1FCO9zrJa4zZNR4AaABAg,Ugx-F1FCO9zrJa4zZNR4AaABAg,ePfJmLXfPwU,JPJ perkenal wajah baharu lesen memandu,Harian Metro,https://www.youtube.com/watch?v=ePfJmLXfPwU,2025-05-21T11:30:02Z,transport_public_services,nak buat duit..bro..ada lah pembekal..yg senyum,6d6869b8e6faf3593bf1,2025-05-21T18:31:24Z,2025-05-21T18:31:24Z,0,0,True,True,none,,2026-06-17T15:11:47.300373+00:00,raw,,nak buat duit..bro..ada lah pembekal..yg senyum,nak buat duit bro ada lah pembekal yg senyum,9,47,0,False,True,0,0,0,BM,id,2,0,,False,False,accepted,positive,0.1556853055953979,0.4079948663711548,0.4363198280334472,0.4363198280334472,0.0283249616622924,low,high,low_confidence | small_probability_margin,positive,reviewed,,positive,cardiffnlp/twitter-xlm-roberta-base-sentiment-multilingual,automatic_prelabel,positive | neutral | negative | uncertain,True,65,2026-06-18 15:38:35,human_manual_review,,,,,True,final_youtube_sentiment_825_balanced,2026-06-18 20:43:24,318,nak buat duit..bro..ada lah pembekal..yg senyum,want to make money..bro..there is a supplier..who smiles,translated,google_translate_auto_to_en,neutral,relabel,translated English appears informational/unclear rather than explicit sentiment
YT_Ugz8IJf7uZdDSfOcV-t4AaABAg,YouTube,top_level_comment,Ugz8IJf7uZdDSfOcV-t4AaABAg,Ugz8IJf7uZdDSfOcV-t4AaABAg,zCSY4bGWUXc,"Suara Rakyat: Nilai semula subsidi petrol golongan kaya, apa kata orang miskin?",Astro AWANI,https://www.youtube.com/watch?v=zCSY4bGWUXc,2026-05-11T12:14:22Z,cost_of_living_public_policy,"Terima kasih ASTRO AWANI. Semua rakyat ada hak yang sama. Semua patut dapat subsidi. Asal ada lesen yang masih sah. Tiada beza kaya miskin dan tua muda. Semua rakyat, kaya miskin dan tua muda bayar cukai. Semakan ChatGPT (bertaip dan infografik), semua rakyat kena bayar cukai, bayi (lampin, susu, dokumen...) sampai meninggal (urusan si mati, dokumen...). Setiap saat, cukai sentiasa aktif. Maaf, pendapat peribadi saya sahaja. Betulkan jika saya silap. Mohon mencadangkan. 11/5/26",02b56019cfd332e54343,2026-05-11T13:15:52Z,2026-05-11T13:15:52Z,4,1,True,True,none,,2026-06-17T15:11:37.971157+00:00,raw,,"Terima kasih ASTRO AWANI. Semua rakyat ada hak yang sama. Semua patut dapat subsidi. Asal ada lesen yang masih sah. Tiada beza kaya miskin dan tua muda. Semua rakyat, kaya miskin dan tua muda bayar cukai. Semakan ChatGPT (bertaip dan infografik), semua rakyat kena bayar cukai, bayi (lampin, susu, dokumen..) sampai meninggal (urusan si mati, dokumen..). Setiap saat, cukai sentiasa aktif. Maaf, pendapat peribadi saya sahaja. Betulkan jika saya silap. Mohon mencadangkan. 11/5/26",terima kasih astro awani semua rakyat ada hak yang sama semua patut dapat subsidi asal ada lesen yang masih sah tiada beza kaya miskin dan tua muda semua rakyat kaya miskin dan tua muda bayar cukai semakan chatgpt bertaip dan infografik semua rakyat kena bayar cukai bayi lampin susu dokumen sampai meninggal urusan si mati dokumen setiap saat cukai sentiasa aktif maaf pendapat peribadi saya sahaja betulkan jika saya silap mohon mencadangkan 11 5 26,75,480,0,False,True,0,0,0,BM,id,5,0,,False,False,accepted,positive,0.2105637490749359,0.2110038846731186,0.5784323215484619,0.5784323215484619,0.3674284368753433,low,high,low_confidence,positive,reviewed,,positive,cardiffnlp/twitter-xlm-roberta-base-sentiment-multilingual,automatic_prelabel,positive | neutral | negative | uncertain,True,303,2026-06-18 17:11:56,human_manual_review,,,,,True,final_youtube_sentiment_825_balanced,2026-06-18 20:43:24,330,"Terima kasih ASTRO AWANI. Semua rakyat ada hak yang sama. Semua patut dapat subsidi. Asal ada lesen yang masih sah. Tiada beza kaya miskin dan tua muda. Semua rakyat, kaya miskin dan tua muda bayar cukai. Semakan ChatGPT (bertaip dan infografik), semua rakyat kena bayar cukai, bayi (lampin, susu, dokumen..) sampai meninggal (urusan si mati, dokumen..). Setiap saat, cukai sentiasa aktif. Maaf, pendapat peribadi saya sahaja. Betulkan jika saya silap. Mohon mencadangkan. 11/5/26","Thank you ASTRO AWANI. All people have the same rights. Everyone deserves a subsidy. As long as there is a valid license. There is no difference between rich and poor and old and young. All citizens, rich and poor and young and old pay taxes. ChatGPT review (typed and infographics), all citizens have to pay taxes, babies (diapers, milk, documents..) until they die (deceased affairs, documents..). At every moment, the tax is always active. Sorry, just my personal opinion. Correct me if I'm wrong. Please suggest. 11/5/26",translated,google_translate_auto_to_en,negative,relabel,translated English contains stronger negative sentiment cues
YT_UgwEbjwjNxGH2T4Xc6h4AaABAg,YouTube,top_level_comment,UgwEbjwjNxGH2T4Xc6h4AaABAg,UgwEbjwjNxGH2T4Xc6h4AaABAg,UGAL8690ngc,"Bantuan Asas Rahmah diteruskan: RM100 untuk  dewasa, RM500 untuk penerima miskin tegar - Anwar",KiniTV,https://www.youtube.com/watch?v=UGAL8690ngc,2026-01-05T06:06:45Z,cost_of_living_public_policy,Saya minta kebebasan utk beli apa yg perlu sehingga sayur-ikan..had2 hanya seperti maggi-beras dan tertentu sila loloskan ..Terima Kasih,56d18a7a92a6b2c514d0,2026-01-16T20:23:50Z,2026-01-16T20:23:50Z,0,0,True,True,none,,2026-06-17T15:11:40.405227+00:00,raw,,Saya minta kebebasan utk beli apa yg perlu sehingga sayur-ikan..had2 hanya seperti maggi-beras dan tertentu sila loloskan ..Terima Kasih,saya minta kebebasan utk beli apa yg perlu sehingga sayur ikan had2 hanya seperti maggi beras dan tertentu sila loloskan terima kasih,20,136,0,False,True,0,0,0,BM,id,2,0,,False,False,accepted,positive,0.2012953758239746,0.2463660538196563,0.5523386001586914,0.5523386001586914,0.305972546339035,low,high,low_confidence,neutral,reviewed,,neutral,cardiffnlp/twitter-xlm-roberta-base-sentiment-multilingual,automatic_prelabel,positive | neutral | negative | uncertain,True,252,2026-06-18 16:57:12,human_manual_review,,,,,True,final_youtube_sentiment_825_balanced,2026-06-18 20:43:24,646,Saya minta kebebasan utk beli apa yg perlu sehingga sayur-ikan..had2 hanya seperti maggi-beras dan tertentu sila loloskan ..Terima Kasih,I ask for the freedom to buy what I need until vegetables-fish..limits are only like maggi-rice and certain things please pass..Thank you,translated,google_translate_auto_to_en,positive,relabel,translated English contains stronger positive/supportive sentiment cues
YT_UgzJy9c0rlGsE6do9tB4AaABAg,YouTube,top_level_comment,UgzJy9c0rlGsE6do9tB4AaABAg,UgzJy9c0rlGsE6do9tB4AaABAg,9tQzzOjBIdI,KOS SARA HIDUP | Kerajaan Bakal Umum Langkah Tangani Kos Sara Hidup,Buletin TV3,https://www.youtube.com/watch?v=9tQzzOjBIdI,2025-07-19T05:38:22Z,cost_of_living_public_policy,tarik segala subsidi. lepas tu announced bantuan akan tibaa. 🤣,54acea779b386dfe2fdf,2025-07-20T00:55:28Z,2025-07-20T00:55:28Z,2,0,True,True,none,,2026-06-17T15:11:40.015280+00:00,raw,,tarik segala subsidi. lepas tu announced bantuan akan tibaa. 🤣,tarik segala subsidi lepas tu announced bantuan akan tibaa,9,62,1,False,True,0,0,0,BM,id,2,0,,False,False,accepted,positive,0.1581842899322509,0.2870687544345855,0.5547469854354858,0.5547469854354858,0.2676782310009002,low,high,low_confidence,negative,reviewed,,negative,cardiffnlp/twitter-xlm-roberta-base-sentiment-multilingual,automatic_prelabel,positive | neutral | negative | uncertain,True,260,2026-06-18 17:04:29,human_manual_review,,,,,True,final_youtube_sentiment_825_balanced,2026-06-18 20:43:24,438,tarik segala subsidi. lepas tu announced bantuan akan tibaa. 🤣,withdraw all subsidies. then it was announced that help would arrive. 🤣,translated,google_translate_auto_to_en,positive,relabel,positive/supportive cues outweigh negative label after translation
YT_Ugz6N1e0axrb0vXzcwF4AaABAg,YouTube,top_level_comment,Ugz6N1e0axrb0vXzcwF4AaABAg,Ugz6N1e0axrb0vXzcwF4AaABAg,oULUeT07fa0,JPJ MALAYSIA? ADA APA APA JAWAPAN KE? SITA KENDERAAN ORANG SAMPAI BERBULAN BULAN? TERIMA KASIH SINGH,Bossrul Channel,https://www.youtube.com/watch?v=oULUeT07fa0,2025-07-01T02:14:17Z,transport_public_services,Bubarkan saja JPJ. Pakai undang- undang suka hati hang.,f3a6999c9baf756a707c,2025-07-07T06:20:48Z,2025-07-07T06:20:48Z,12,0,True,True,none,,2026-06-17T15:11:48.877644+00:00,raw,,Bubarkan saja JPJ. Pakai undang- undang suka hati hang.,bubarkan saja jpj pakai undang undang suka hati hang,9,55,0,False,True,0,0,0,BM,id,0,0,,False,False,accepted,negative,0.953941524028778,0.0217513982206583,0.024307070299983,0.953941524028778,0.929634453728795,high,low,,negative,reviewed,,negative,cardiffnlp/twitter-xlm-roberta-base-sentiment-multilingual,automatic_prelabel,positive | neutral | negative | uncertain,True,701,2026-06-18 19:24:06,human_manual_review,,,,,True,final_youtube_sentiment_825_balanced,2026-06-18 20:43:24,452,Bubarkan saja JPJ. Pakai undang- undang suka hati hang.,Just dissolve JPJ. Use the law as you please.,translated,google_translate_auto_to_en,neutral,relabel,translated English appears informational/unclear rather than explicit sentiment
YT_UgyfIM6qYUIHjQoExA94AaABAg,YouTube,top_level_comment,UgyfIM6qYUIHjQoExA94AaABAg,UgyfIM6qYUIHjQoExA94AaABAg,mVmYibok-7A,[TERKINI] MOF sekat MyKad individu salah guna subsidi BUDI95,Astro AWANI,https://www.youtube.com/watch?v=mVmYibok-7A,2026-03-23T23:22:33Z,cost_of_living_public_policy,"Inilah pengkhianat negara. Kita nak bantu dia, dia pulak khianat kat kita.",500391d27637f75aa161,2026-03-24T06:32:28Z,2026-03-24T06:32:28Z,0,0,True,True,none,,2026-06-17T15:11:39.037886+00:00,raw,,"Inilah pengkhianat negara. Kita nak bantu dia, dia pulak khianat kat kita.",inilah pengkhianat negara kita nak bantu dia dia pulak khianat kat kita,12,74,0,False,True,0,0,0,BM,id,3,0,,False,False,accepted,negative,0.9408199191093444,0.0303695816546678,0.0288105085492134,0.9408199191093444,0.9104503374546766,high,low,,negative,reviewed,,negative,cardiffnlp/twitter-xlm-roberta-base-sentiment-multilingual,automatic_prelabel,positive | neutral | negative | uncertain,True,656,2026-06-18 19:16:38,human_manual_review,,,,,True,final_youtube_sentiment_825_balanced,2026-06-18 20:43:24,2,"Inilah pengkhianat negara. Kita nak bantu dia, dia pulak khianat kat kita.","This is a traitor. We want to help him, he betrayed us.",translated,google_translate_auto_to_en,negative,keep,current label is acceptable or ambiguous
YT_UgxtLHlNyD4fRpHTpGx4AaABAg,YouTube,top_level_comment,UgxtLHlNyD4fRpHTpGx4AaABAg,UgxtLHlNyD4fRpHTpGx4AaABAg,ePfJmLXfPwU,JPJ perkenal wajah baharu lesen memandu,Harian Metro,https://www.youtube.com/watch?v=ePfJmLXfPwU,2025-05-21T11:30:02Z,transport_public_services,TAK PERLU KAD BARU....KAWAL RASUAH BERLUAS...LUASAAN,9a130300ef27c5971dc8,2025-06-21T06:19:45Z,2025-06-21T06:19:45Z,0,0,True,True,none,,2026-06-17T15:11:47.299035+00:00,raw,,TAK PERLU KAD BARU..KAWAL RASUAH BERLUAS..LUASAAN,tak perlu kad baru kawal rasuah berluas luasaan,8,49,0,False,True,0,0,0,BM,de,1,0,,False,False,accepted,positive,0.3357298970222473,0.2248964011669159,0.4393736720085144,0.4393736720085144,0.103643774986267,low,high,low_confidence | small_probability_margin,negative,reviewed,Reverted wrong sequence-based correction back to negative,negative,cardiffnlp/twitter-xlm-roberta-base-sentiment-multilingual,automatic_prelabel,positive | neutral | negative | uncertain,True,67,2026-06-18 20:39:17,human_manual_text_based_revert,,,,,True,final_youtube_sentiment_825_balanced,2026-06-18 20:43:24,675,TAK PERLU KAD BARU..KAWAL RASUAH BERLUAS..LUASAAN,NO NEED FOR A NEW CARD..WIDE CONTROL OF CORRUPTION..WIDE,translated,google_translate_auto_to_en,negative,keep,current label is acceptable or ambiguous
YT_UgwNIC8tALWqqkCrsap4AaABAg,YouTube,top_level_comment,UgwNIC8tALWqqkCrsap4AaABAg,UgwNIC8tALWqqkCrsap4AaABAg,3Pk956RGn7o,10 MENU SCAM PALING PELIK DI BAZAR RAMADAN,Faktaw Channel,https://www.youtube.com/watch?v=3Pk956RGn7o,2025-03-22T08:00:02Z,festivals_national_events,hahahahahahaha 😂😂 faktaw ni lawak dari meme,b16ef67a4bd30729c81a,2026-05-01T10:37:14Z,2026-05-01T10:37:14Z,0,0,True,True,none,,2026-06-17T15:11:43.540995+00:00,raw,,hahahahahahaha 😂😂 faktaw ni lawak dari meme,hahahahahahaha faktaw ni lawak dari meme,6,43,2,False,True,0,0,0,UNKNOWN,so,0,0,,False,False,accepted,positive,0.1868661642074585,0.2486797869205474,0.5644540786743164,0.5644540786743164,0.3157742917537689,low,high,low_confidence | unknown_language,positive,reviewed,,positive,cardiffnlp/twitter-xlm-roberta-base-sentiment-multilingual,automatic_prelabel,positive | neutral | negative | uncertain,True,280,2026-06-18 17:08:14,human_manual_review,,,,,True,final_youtube_sentiment_825_balanced,2026-06-18 20:43:24,153,hahahahahahaha 😂😂 faktaw ni lawak dari meme,hahahahahahaha 😂😂 facts of the joke from the meme,translated,google_translate_auto_to_en,neutral,relabel,translated English appears informational/unclear rather than explicit sentiment
YT_Ugxk_eIdtFLsgKqxll54AaABAg,YouTube,top_level_comment,Ugxk_eIdtFLsgKqxll54AaABAg,Ugxk_eIdtFLsgKqxll54AaABAg,Wk-HcKtIaGY,Are We About to See a Chinese Tourist Boom in Malaysia?,Ziet Invests,https://www.youtube.com/watch?v=Wk-HcKtIaGY,2026-02-12T11:00:42Z,tourism_lifestyle_events,"I love seeing Malaysian glaze as I moved here 2 years ago, but my heart feels kinda sad that my home country Indonesia is behind Malaysia ;-;",d16ae750fa61f4c4afa0,2026-02-12T13:51:19Z,2026-02-12T13:51:19Z,25,2,True,True,none,,2026-06-17T15:11:46.188273+00:00,raw,,"I love seeing Malaysian glaze as I moved here 2 years ago, but my heart feels kinda sad that my home country Indonesia is behind Malaysia ;-;",i love seeing malaysian glaze as i moved here 2 years ago but my heart feels kinda sad that my home country indonesia is behind malaysia,26,141,0,False,True,0,0,0,MIXED,en,2,3,,False,False,accepted,negative,0.9658099412918092,0.0180217009037733,0.0161683652549982,0.9658099412918092,0.9477882403880358,high,medium,mixed_language,negative,reviewed,,negative,cardiffnlp/twitter-xlm-roberta-base-sentiment-multilingual,automatic_prelabel,positive | neutral | negative | uncertain,True,596,2026-06-18 19:06:23,human_manual_review,,,,,True,final_youtube_sentiment_825_balanced,2026-06-18 20:43:24,810,"I love seeing Malaysian glaze as I moved here 2 years ago, but my heart feels kinda sad that my home country Indonesia is behind Malaysia ;-;","I love seeing Malaysian glaze as I moved here 2 years ago, but my heart feels kinda sad that my home country Indonesia is behind Malaysia ;-;",kept_original_english,none,positive,relabel,positive/supportive cues outweigh negative label after translation
YT_Ugx8gHQ5wjD8TgDBEZ94AaABAg,YouTube,top_level_comment,Ugx8gHQ5wjD8TgDBEZ94AaABAg,Ugx8gHQ5wjD8TgDBEZ94AaABAg,L-iPwc5b3oI,Malaysia rolls out the welcome mat for first tourists of 2026,The Star,https://www.youtube.com/watch?v=L-iPwc5b3oI,2026-01-01T05:54:35Z,tourism_lifestyle_events,One of the best minister of Tourism,5da55d7c46c4c0d569b8,2026-01-01T09:57:31Z,2026-01-01T09:57:31Z,1,0,True,True,none,,2026-06-17T15:11:45.906762+00:00,raw,,One of the best minister of Tourism,one of the best minister of tourism,7,35,0,False,True,0,0,0,MIXED,en,1,2,,False,False,accepted,positive,0.0405427776277065,0.048877440392971,0.910579800605774,0.910579800605774,0.8617023602128029,high,medium,mixed_language,positive,reviewed,,positive,cardiffnlp/twitter-xlm-roberta-base-sentiment-multilingual,automatic_prelabel,positive | neutral | negative | uncertain,True,566,2026-06-18 19:02:50,human_manual_review,,,,,True,final_youtube_sentiment_825_balanced,2026-06-18 20:43:24,501,One of the best minister of Tourism,One of the best minister of Tourism,kept_original_english,none,positive,keep,current label is acceptable or ambiguous
YT_UgwFsmJa9wRA8I11nx54AaABAg,YouTube,top_level_comment,UgwFsmJa9wRA8I11nx54AaABAg,UgwFsmJa9wRA8I11nx54AaABAg,0zi0v_kJ7BE,"Belanjawan 2026: Bantuan tunai STR dikurang RM300, Sara naik",KiniTV,https://www.youtube.com/watch?v=0zi0v_kJ7BE,2025-10-13T05:24:51Z,cost_of_living_public_policy,SARA biar kekal seperti biasa bermula April dan STR pun sama kekal seperti biasa untuk 2026 banyak membantu golongan B40 jangan tolak sana tambah sini,575736c98e68c55228d6,2025-10-13T22:54:31Z,2025-10-13T22:54:31Z,8,0,True,True,none,,2026-06-17T15:11:41.529125+00:00,raw,,SARA biar kekal seperti biasa bermula April dan STR pun sama kekal seperti biasa untuk 2026 banyak membantu golongan B40 jangan tolak sana tambah sini,sara biar kekal seperti biasa bermula april dan str pun sama kekal seperti biasa untuk 2026 banyak membantu golongan b40 jangan tolak sana tambah sini,25,150,0,False,True,0,0,0,BM,id,3,0,,False,False,accepted,positive,0.2404357194900512,0.2319414913654327,0.5276228189468384,0.5276228189468384,0.2871870994567871,low,high,low_confidence,neutral,reviewed,,neutral,cardiffnlp/twitter-xlm-roberta-base-sentiment-multilingual,automatic_prelabel,positive | neutral | negative | uncertain,True,206,2026-06-18 16:05:12,human_manual_review,,,,,True,final_youtube_sentiment_825_balanced,2026-06-18 20:43:24,81,SARA biar kekal seperti biasa bermula April dan STR pun sama kekal seperti biasa untuk 2026 banyak membantu golongan B40 jangan tolak sana tambah sini,"Let SARA remain as usual from April and STR will also remain as usual for 2026 to help the B40 group a lot, don't push it, add it here",translated,google_translate_auto_to_en,neutral,keep,current label is acceptable or ambiguous
YT_UgwKAYhuc_KDemuQj-J4AaABAg,YouTube,top_level_comment,UgwKAYhuc_KDemuQj-J4AaABAg,UgwKAYhuc_KDemuQj-J4AaABAg,dDRZ6AZbcfw,Malaysian Hawker Fights To Keep His Noodles Affordable As Food Prices Rise | Money Mind | Inflation,CNA Insider,https://www.youtube.com/watch?v=dDRZ6AZbcfw,2025-11-25T14:01:10Z,cost_of_living_public_policy,"RM 20 for 30 eggs? RM 36/kg for lean pork? That's not that bad. Try buying in the West, without subsidies. Granted the minimum wage for the unskilled in the west is probably a lot higher. Edit: i must admit, his stall looks very clean and hygienic.",6a50a451d28199fb5031,2026-04-06T08:00:04Z,2026-04-06T08:04:19Z,0,0,True,True,none,,2026-06-17T15:11:42.417804+00:00,raw,,"RM 20 for 30 eggs? RM 36/kg for lean pork? That's not that bad. Try buying in the West, without subsidies. Granted the minimum wage for the unskilled in the west is probably a lot higher. Edit: i must admit, his stall looks very clean and hygienic.",rm 20 for 30 eggs rm 36 kg for lean pork that s not that bad try buying in the west without subsidies granted the minimum wage for the unskilled in the west is probably a lot higher edit i must admit his stall looks very clean and hygienic,48,248,0,False,True,0,0,0,EN,en,0,8,,False,False,accepted,positive,0.1538584530353546,0.1660034656524658,0.6801380515098572,0.6801380515098572,0.5141345858573914,medium,medium,medium_confidence,negative,reviewed,,negative,cardiffnlp/twitter-xlm-roberta-base-sentiment-multilingual,automatic_prelabel,positive | neutral | negative | uncertain,True,375,2026-06-18 18:29:41,human_manual_review,,,,,True,final_youtube_sentiment_825_balanced,2026-06-18 20:43:24,708,"RM 20 for 30 eggs? RM 36/kg for lean pork? That's not that bad. Try buying in the West, without subsidies. Granted the minimum wage for the unskilled in the west is probably a lot higher. Edit: i must admit, his stall looks very clean and hygienic.","RM 20 for 30 eggs? RM 36/kg for lean pork? That's not that bad. Try buying in the West, without subsidies. Granted the minimum wage for the unskilled in the west is probably a lot higher. Edit: i must admit, his stall looks very clean and hygienic.",kept_original_english,none,negative,keep,current label is acceptable or ambiguous
YT_UgxasMYlGv3hoFcvMbN4AaABAg,YouTube,top_level_comment,UgxasMYlGv3hoFcvMbN4AaABAg,UgxasMYlGv3hoFcvMbN4AaABAg,lWY3O9pFexo,KOS SARA HIDUP | PM Umum Butiran Penghargaan Untuk Rakyat Esok (BU),Buletin TV3,https://www.youtube.com/watch?v=lWY3O9pFexo,2025-07-22T12:11:44Z,cost_of_living_public_policy,Harap2 ada pengeluaran kwsp akaun 1.ini yg rakyatt mahuuu...,3b4bf358812b2f618708,2025-07-22T14:56:10Z,2025-07-22T14:56:10Z,4,0,True,True,none,,2026-06-17T15:11:38.666933+00:00,raw,,Harap2 ada pengeluaran kwsp akaun 1.ini yg rakyatt mahuuu..,harap2 ada pengeluaran kwsp akaun 1 ini yg rakyatt mahuuu,10,59,0,False,True,0,0,0,BM,id,1,0,,False,False,accepted,positive,0.1611948907375335,0.2341268211603164,0.6046783328056335,0.6046783328056335,0.3705515116453171,medium,medium,medium_confidence,positive,reviewed,Added from reviewed positive supplement,positive,cardiffnlp/twitter-xlm-roberta-base-sentiment-multilingual,automatic_prelabel,,False,73,2026-06-18 20:33:38,human_manual_review_positive_supplement,available,,positive_shortage_after_manual_review,positive,True,final_youtube_sentiment_825_balanced,2026-06-18 20:43:24,253,Harap2 ada pengeluaran kwsp akaun 1.ini yg rakyatt mahuuu..,Hope there is withdrawal of kwsp account 1. This is what the people want..,translated,google_translate_auto_to_en,positive,keep,current label is acceptable or ambiguous
YT_UgzsVOAM43lE4pKpvEF4AaABAg,YouTube,top_level_comment,UgzsVOAM43lE4pKpvEF4AaABAg,UgzsVOAM43lE4pKpvEF4AaABAg,3Pk956RGn7o,10 MENU SCAM PALING PELIK DI BAZAR RAMADAN,Faktaw Channel,https://www.youtube.com/watch?v=3Pk956RGn7o,2025-03-22T08:00:02Z,festivals_national_events,Ee faktaw name saye sufyan😅,1944cf5060e6c827c6fe,2025-10-12T06:39:24Z,2025-10-12T06:39:24Z,0,0,True,True,none,,2026-06-17T15:11:43.541918+00:00,raw,,Ee faktaw name saye sufyan😅,ee faktaw name saye sufyan,5,27,1,False,True,0,0,0,UNKNOWN,tl,0,0,,False,False,accepted,neutral,0.2244126498699188,0.3969534635543823,0.3786339163780212,0.3969534635543823,0.018319547176361,low,high,low_confidence | small_probability_margin | neutral_prediction | unknown_language,neutral,reviewed,,neutral,cardiffnlp/twitter-xlm-roberta-base-sentiment-multilingual,automatic_prelabel,positive | neutral | negative | uncertain,True,30,2026-06-18 15:29:53,human_manual_review,,,,,True,final_youtube_sentiment_825_balanced,2026-06-18 20:43:24,22,Ee faktaw name saye sufyan😅,Yes in fact their name sufyan😅,translated,google_translate_auto_to_en,neutral,keep,current label is acceptable
YT_Ugxr-YSjPpMh-C48uWB4AaABAg,YouTube,top_level_comment,Ugxr-YSjPpMh-C48uWB4AaABAg,Ugxr-YSjPpMh-C48uWB4AaABAg,zCSY4bGWUXc,"Suara Rakyat: Nilai semula subsidi petrol golongan kaya, apa kata orang miskin?",Astro AWANI,https://www.youtube.com/watch?v=zCSY4bGWUXc,2026-05-11T12:14:22Z,cost_of_living_public_policy,Kerajaan patut dah ada statistik berapa banyak subsidi yang telah di gunakan oleh T20 dan yang lain dari jumlah subsidi negara semenjak sistem baru di laksanakan.,042aed380721d2767a39,2026-05-12T01:09:55Z,2026-05-12T01:09:55Z,0,0,True,True,none,,2026-06-17T15:11:37.970783+00:00,raw,,Kerajaan patut dah ada statistik berapa banyak subsidi yang telah di gunakan oleh T20 dan yang lain dari jumlah subsidi negara semenjak sistem baru di laksanakan.,kerajaan patut dah ada statistik berapa banyak subsidi yang telah di gunakan oleh t20 dan yang lain dari jumlah subsidi negara semenjak sistem baru di laksanakan,26,162,0,False,True,0,0,0,BM,id,5,0,,False,False,accepted,neutral,0.1870198845863342,0.5223731398582458,0.2906070649623871,0.5223731398582458,0.2317660748958587,low,high,low_confidence | neutral_prediction,neutral,reviewed,Changed from negative to neutral after text-based manual review,neutral,cardiffnlp/twitter-xlm-roberta-base-sentiment-multilingual,automatic_prelabel,positive | neutral | negative | uncertain,True,194,2026-06-18 20:41:44,human_manual_text_based_negative_recheck,,,,,True,final_youtube_sentiment_825_balanced,2026-06-18 20:43:24,31,Kerajaan patut dah ada statistik berapa banyak subsidi yang telah di gunakan oleh T20 dan yang lain dari jumlah subsidi negara semenjak sistem baru di laksanakan.,The government should have statistics on how many subsidies have been used by T20 and others from the total number of national subsidies since the new system was implemented.,translated,google_translate_auto_to_en,neutral,keep,current label is acceptable
YT_Ugy2spzadF5TqIQnnF14AaABAg,YouTube,top_level_comment,Ugy2spzadF5TqIQnnF14AaABAg,Ugy2spzadF5TqIQnnF14AaABAg,zCSY4bGWUXc,"Suara Rakyat: Nilai semula subsidi petrol golongan kaya, apa kata orang miskin?",Astro AWANI,https://www.youtube.com/watch?v=zCSY4bGWUXc,2026-05-11T12:14:22Z,cost_of_living_public_policy,"Seluruh dunia berhati Malaysia, iku kata Anwar🤣🤣🤣🤣",20c939930b47b6f46a35,2026-05-13T05:05:02Z,2026-05-13T05:05:02Z,1,0,True,True,none,,2026-06-17T15:11:37.970321+00:00,raw,,"Seluruh dunia berhati Malaysia, iku kata Anwar🤣🤣🤣🤣",seluruh dunia berhati malaysia iku kata anwar,7,50,4,False,True,0,0,0,BM,id,1,0,,False,False,accepted,neutral,0.3725383877754211,0.452790230512619,0.1746714115142822,0.452790230512619,0.0802518427371978,low,high,low_confidence | small_probability_margin | neutral_prediction,negative,reviewed,,negative,cardiffnlp/twitter-xlm-roberta-base-sentiment-multilingual,automatic_prelabel,positive | neutral | negative | uncertain,True,86,2026-06-18 15:42:15,human_manual_review,,,,,True,final_youtube_sentiment_825_balanced,2026-06-18 20:43:24,352,"Seluruh dunia berhati Malaysia, iku kata Anwar🤣🤣🤣🤣","The whole world has Malaysian hearts, that's what Anwar said 🤣🤣🤣🤣",translated,google_translate_auto_to_en,neutral,relabel,translated English appears informational/unclear rather than explicit sentiment
YT_UgzE2JHVqtHxbc6WIQx4AaABAg,YouTube,top_level_comment,UgzE2JHVqtHxbc6WIQx4AaABAg,UgzE2JHVqtHxbc6WIQx4AaABAg,J5SEcQAe1AM,Why Malaysia Forces You to Own a Car,UrbanShiftMY,https://www.youtube.com/watch?v=J5SEcQAe1AM,2026-05-11T05:16:17Z,transport_public_services,sorry but it's beyond repair now. Good luck to the rest,fba326e4c88c777d7ce6,2026-05-13T10:00:47Z,2026-05-13T10:00:47Z,0,0,True,True,none,,2026-06-17T15:11:48.488630+00:00,raw,,sorry but it's beyond repair now. Good luck to the rest,sorry but it s beyond repair now good luck to the rest,11,55,0,False,True,0,0,0,EN,en,0,2,,False,False,accepted,positive,0.3522588908672333,0.1017482355237007,0.545992910861969,0.545992910861969,0.1937340199947357,low,high,low_confidence,negative,reviewed,,negative,cardiffnlp/twitter-xlm-roberta-base-sentiment-multilingual,automatic_prelabel,positive | neutral | negative | uncertain,True,240,2026-06-18 16:53:21,human_manual_review,,,,,True,final_youtube_sentiment_825_balanced,2026-06-18 20:43:24,588,sorry but it's beyond repair now. Good luck to the rest,sorry but it's beyond repair now. Good luck to the rest,kept_original_english,none,positive,relabel,positive/supportive cues outweigh negative label after translation
YT_UgzOkeyoWSe7Cedld_V4AaABAg,YouTube,top_level_comment,UgzOkeyoWSe7Cedld_V4AaABAg,UgzOkeyoWSe7Cedld_V4AaABAg,UGAL8690ngc,"Bantuan Asas Rahmah diteruskan: RM100 untuk  dewasa, RM500 untuk penerima miskin tegar - Anwar",KiniTV,https://www.youtube.com/watch?v=UGAL8690ngc,2026-01-05T06:06:45Z,cost_of_living_public_policy,Tak mahu pilih takut macam mereka pilih jodoh ada hiv dan jimmy lim ci yin is korean trangender jacqualine spread hiv to prince london william dan tehpenghai that is puyi have hiv,9184e6dc6a367d393b2b,2026-01-07T03:12:39Z,2026-01-07T03:12:39Z,0,0,True,True,none,,2026-06-17T15:11:40.405860+00:00,raw,,Tak mahu pilih takut macam mereka pilih jodoh ada hiv dan jimmy lim ci yin is korean trangender jacqualine spread hiv to prince london william dan tehpenghai that is puyi have hiv,tak mahu pilih takut macam mereka pilih jodoh ada hiv dan jimmy lim ci yin is korean trangender jacqualine spread hiv to prince london william dan tehpenghai that is puyi have hiv,32,179,0,False,True,0,0,0,MIXED,id,5,2,,False,False,accepted,neutral,0.3678286671638489,0.3851293325424194,0.247042030096054,0.3851293325424194,0.0173006653785705,low,high,low_confidence | small_probability_margin | neutral_prediction | mixed_language,negative,reviewed,,negative,cardiffnlp/twitter-xlm-roberta-base-sentiment-multilingual,automatic_prelabel,positive | neutral | negative | uncertain,True,20,2026-06-18 15:27:21,human_manual_review,,,,,True,final_youtube_sentiment_825_balanced,2026-06-18 20:43:24,477,Tak mahu pilih takut macam mereka pilih jodoh ada hiv dan jimmy lim ci yin is korean trangender jacqualine spread hiv to prince london william dan tehpenghai that is puyi have hiv,"Don't want to choose, afraid like they choose a mate, there is HIV and Jimmy Lim Ci Yin is Korean Trangender Jacqualine spreads HIV to Prince London William and Tehpenghai that is Puyi has HIV",translated,google_translate_auto_to_en,negative,keep,current label is acceptable or ambiguous
YT_UgwxhVBlI8e_U8vxwTJ4AaABAg,YouTube,top_level_comment,UgwxhVBlI8e_U8vxwTJ4AaABAg,UgwxhVBlI8e_U8vxwTJ4AaABAg,0zi0v_kJ7BE,"Belanjawan 2026: Bantuan tunai STR dikurang RM300, Sara naik",KiniTV,https://www.youtube.com/watch?v=0zi0v_kJ7BE,2025-10-13T05:24:51Z,cost_of_living_public_policy,Bujang pigi kawen cepat² cari janda..sugar...tepung😂...kita minum milo!😂,9dadc3c7eb22f7cf98ad,2025-10-13T17:09:04Z,2025-10-13T17:09:59Z,0,0,True,True,none,,2026-06-17T15:11:41.529138+00:00,raw,,Bujang pigi kawen cepat2 cari janda..sugar..tepung😂..kita minum milo!😂,bujang pigi kawen cepat2 cari janda sugar tepung kita minum milo,11,70,2,False,True,0,0,0,BM,id,1,0,,False,False,accepted,positive,0.1933774948120117,0.3382126688957214,0.4684097468852997,0.4684097468852997,0.1301970779895782,low,high,low_confidence | small_probability_margin,neutral,reviewed,,neutral,cardiffnlp/twitter-xlm-roberta-base-sentiment-multilingual,automatic_prelabel,positive | neutral | negative | uncertain,True,107,2026-06-18 15:46:11,human_manual_review,,,,,True,final_youtube_sentiment_825_balanced,2026-06-18 20:43:24,806,Bujang pigi kawen cepat2 cari janda..sugar..tepung😂..kita minum milo!😂,"Single, get married quickly, find a widow..sugar..flour😂..we drink milo!😂",translated,google_translate_auto_to_en,neutral,keep,current label is acceptable
YT_Ugz2dRJKFycWYLHESL14AaABAg,YouTube,top_level_comment,Ugz2dRJKFycWYLHESL14AaABAg,Ugz2dRJKFycWYLHESL14AaABAg,pByBSEMjiyo,MENJELANG AIDILFITRI | PM Umum Cuti Tambahan Sehari Sambut Hari Raya Aidilfitri,Buletin TV3,https://www.youtube.com/watch?v=pByBSEMjiyo,2026-03-15T05:40:33Z,festivals_national_events,X mana nye kerja keras pada ramadan..jatuh prestasi..ngular sesaja..muka mencuka kat kaunter..kunun2 letih bak pikul balak..padahal lesu aircond selesa..,327869e9e8abdba42f4c,2026-03-15T10:05:23Z,2026-03-15T10:05:23Z,0,0,True,True,none,,2026-06-17T15:11:43.138600+00:00,raw,,X mana nye kerja keras pada ramadan..jatuh prestasi..ngular sesaja..muka mencuka kat kaunter..kunun2 letih bak pikul balak..padahal lesu aircond selesa..,x mana nye kerja keras pada ramadan jatuh prestasi ngular sesaja muka mencuka kat kaunter kunun2 letih bak pikul balak padahal lesu aircond selesa,24,153,0,False,True,0,0,0,BM,id,1,0,,False,False,accepted,positive,0.3225018680095672,0.2137294709682464,0.4637686908245086,0.4637686908245086,0.1412668228149414,low,high,low_confidence | small_probability_margin,negative,reviewed,,negative,cardiffnlp/twitter-xlm-roberta-base-sentiment-multilingual,automatic_prelabel,positive | neutral | negative | uncertain,True,102,2026-06-18 15:45:32,human_manual_review,,,,,True,final_youtube_sentiment_825_balanced,2026-06-18 20:43:24,751,X mana nye kerja keras pada ramadan..jatuh prestasi..ngular sesaja..muka mencuka kat kaunter..kunun2 letih bak pikul balak..padahal lesu aircond selesa..,Where's the hard work in Ramadan.. performance falls.. it's just a fluke.. the face is sour at the counter.. you're tired like a log.. even though the aircond is comfortable..,translated,google_translate_auto_to_en,positive,relabel,positive/supportive cues outweigh negative label after translation
YT_UgzjVLEeAkJHLx-Ancl4AaABAg,YouTube,top_level_comment,UgzjVLEeAkJHLx-Ancl4AaABAg,UgzjVLEeAkJHLx-Ancl4AaABAg,0zi0v_kJ7BE,"Belanjawan 2026: Bantuan tunai STR dikurang RM300, Sara naik",KiniTV,https://www.youtube.com/watch?v=0zi0v_kJ7BE,2025-10-13T05:24:51Z,cost_of_living_public_policy,Pm Anwar pm paling teruk pru17 kita tukar pm,7b809ed5c0c3aa798da0,2025-10-14T12:20:52Z,2025-10-14T12:20:52Z,0,0,True,True,none,,2026-06-17T15:11:41.176751+00:00,raw,,Pm Anwar pm paling teruk pru17 kita tukar pm,pm anwar pm paling teruk pru17 kita tukar pm,9,44,0,False,True,0,0,0,BM,id,2,0,,False,False,accepted,negative,0.956990361213684,0.0251010786741971,0.017908664420247,0.956990361213684,0.9318892825394868,high,low,,negative,reviewed,,negative,cardiffnlp/twitter-xlm-roberta-base-sentiment-multilingual,automatic_prelabel,positive | neutral | negative | uncertain,True,711,2026-06-18 19:25:33,human_manual_review,,,,,True,final_youtube_sentiment_825_balanced,2026-06-18 20:43:24,252,Pm Anwar pm paling teruk pru17 kita tukar pm,Pm Anwar's pm is the worst pru17 we change pm,translated,google_translate_auto_to_en,negative,keep,current label is acceptable or ambiguous
YT_Ugy4STlfFR1G10Dfwdt4AaABAg,YouTube,top_level_comment,Ugy4STlfFR1G10Dfwdt4AaABAg,Ugy4STlfFR1G10Dfwdt4AaABAg,MpBToZaCuWE,LRT derailment: Commuters want track and train maintenance to be enhanced,The Star,https://www.youtube.com/watch?v=MpBToZaCuWE,2026-05-28T08:54:43Z,transport_public_services,Anthony Loke should start selling lrt plate numbers,400e489182c8ed3ca094,2026-05-29T05:13:44Z,2026-05-29T05:13:44Z,0,1,True,True,none,,2026-06-17T15:11:46.538372+00:00,raw,,Anthony Loke should start selling lrt plate numbers,anthony loke should start selling lrt plate numbers,8,51,0,False,True,0,0,0,EN,en,0,1,,False,False,accepted,neutral,0.0104579040780663,0.9704434275627136,0.0190987046808004,0.9704434275627136,0.9513447228819132,high,medium,neutral_prediction,neutral,reviewed,,neutral,cardiffnlp/twitter-xlm-roberta-base-sentiment-multilingual,automatic_prelabel,positive | neutral | negative | uncertain,True,601,2026-06-18 19:06:45,human_manual_review,,,,,True,final_youtube_sentiment_825_balanced,2026-06-18 20:43:24,446,Anthony Loke should start selling lrt plate numbers,Anthony Loke should start selling lrt plate numbers,kept_original_english,none,neutral,keep,current label is acceptable
YT_UgxMUaCLhlgYm8yUbDR4AaABAg,YouTube,top_level_comment,UgxMUaCLhlgYm8yUbDR4AaABAg,UgxMUaCLhlgYm8yUbDR4AaABAg,mVmYibok-7A,[TERKINI] MOF sekat MyKad individu salah guna subsidi BUDI95,Astro AWANI,https://www.youtube.com/watch?v=mVmYibok-7A,2026-03-23T23:22:33Z,cost_of_living_public_policy,Xde kerja menekankan rakyat,793636be3c102bf4c983,2026-03-24T07:09:51Z,2026-03-24T07:09:51Z,0,0,True,True,none,,2026-06-17T15:11:39.037767+00:00,raw,,Xde kerja menekankan rakyat,xde kerja menekankan rakyat,4,27,0,False,True,0,0,0,BM,id,1,0,,False,False,accepted,negative,0.557976245880127,0.274676114320755,0.1673476547002792,0.557976245880127,0.2833001315593719,low,high,low_confidence,negative,reviewed,,negative,cardiffnlp/twitter-xlm-roberta-base-sentiment-multilingual,automatic_prelabel,positive | neutral | negative | uncertain,True,271,2026-06-18 17:06:33,human_manual_review,,,,,True,final_youtube_sentiment_825_balanced,2026-06-18 20:43:24,471,Xde kerja menekankan rakyat,Xde work emphasizes the people,translated,google_translate_auto_to_en,positive,relabel,positive/supportive cues outweigh negative label after translation
YT_Ugyc2h-bbVtLLYsA0bp4AaABAg,YouTube,top_level_comment,Ugyc2h-bbVtLLYsA0bp4AaABAg,Ugyc2h-bbVtLLYsA0bp4AaABAg,Wk-HcKtIaGY,Are We About to See a Chinese Tourist Boom in Malaysia?,Ziet Invests,https://www.youtube.com/watch?v=Wk-HcKtIaGY,2026-02-12T11:00:42Z,tourism_lifestyle_events,Our family loves Malaysia! Hoping to move there from Canada later this year.,cd050c2ffb5cea5d54fc,2026-02-15T16:21:50Z,2026-02-15T16:21:50Z,8,2,True,True,none,,2026-06-17T15:11:46.187715+00:00,raw,,Our family loves Malaysia! Hoping to move there from Canada later this year.,our family loves malaysia hoping to move there from canada later this year,13,76,0,False,True,0,0,0,MIXED,en,1,1,,False,False,accepted,positive,0.0058515453711152,0.0128471106290817,0.9813013076782228,0.9813013076782228,0.9684541970491408,high,medium,mixed_language,positive,reviewed,,positive,cardiffnlp/twitter-xlm-roberta-base-sentiment-multilingual,automatic_prelabel,positive | neutral | negative | uncertain,True,607,2026-06-18 19:07:10,human_manual_review,,,,,True,final_youtube_sentiment_825_balanced,2026-06-18 20:43:24,189,Our family loves Malaysia! Hoping to move there from Canada later this year.,Our family loves Malaysia! Hoping to move there from Canada later this year.,kept_original_english,none,neutral,relabel,translated English appears informational/unclear rather than explicit sentiment
YT_UgxC1njOJF4jPqlQcIh4AaABAg,YouTube,top_level_comment,UgxC1njOJF4jPqlQcIh4AaABAg,UgxC1njOJF4jPqlQcIh4AaABAg,J5SEcQAe1AM,Why Malaysia Forces You to Own a Car,UrbanShiftMY,https://www.youtube.com/watch?v=J5SEcQAe1AM,2026-05-11T05:16:17Z,transport_public_services,I find it very bizarre to see people in KL buy cars just to park at the nearest LRT to take train to work like seriously? Where is the logic to that?,cde51803de4249a7b819,2026-05-15T14:37:10Z,2026-05-15T14:40:51Z,0,0,True,True,none,,2026-06-17T15:11:48.079621+00:00,raw,,I find it very bizarre to see people in KL buy cars just to park at the nearest LRT to take train to work like seriously? Where is the logic to that?,i find it very bizarre to see people in kl buy cars just to park at the nearest lrt to take train to work like seriously where is the logic to that,32,149,0,False,True,0,0,0,EN,en,0,7,,False,False,accepted,negative,0.983283281326294,0.0100967483595013,0.0066199330613017,0.983283281326294,0.9731865329667926,high,low,,neutral,reviewed,,neutral,cardiffnlp/twitter-xlm-roberta-base-sentiment-multilingual,automatic_prelabel,positive | neutral | negative | uncertain,True,822,2026-06-18 20:00:51,human_manual_review,,,,,True,final_youtube_sentiment_825_balanced,2026-06-18 20:43:24,508,I find it very bizarre to see people in KL buy cars just to park at the nearest LRT to take train to work like seriously? Where is the logic to that?,I find it very bizarre to see people in KL buy cars just to park at the nearest LRT to take train to work like seriously? Where is the logic to that?,kept_original_english,none,neutral,keep,current label is acceptable or ambiguous
YT_UgyclQ32LmNIuZ_n2_54AaABAg,YouTube,top_level_comment,UgyclQ32LmNIuZ_n2_54AaABAg,UgyclQ32LmNIuZ_n2_54AaABAg,Wk-HcKtIaGY,Are We About to See a Chinese Tourist Boom in Malaysia?,Ziet Invests,https://www.youtube.com/watch?v=Wk-HcKtIaGY,2026-02-12T11:00:42Z,tourism_lifestyle_events,"Malaysia 🇲🇾 we need tourists to enjoy 😉 our smog 💨 oops 🙊 beautiful 🤩 Smokey air , the robbery at night in our cities 🌆, etc ! Ha ! Ha ! Ha ! 🃏",2ba32760af2792716e5a,2026-02-12T12:57:53Z,2026-02-12T12:57:53Z,0,0,True,True,none,,2026-06-17T15:11:46.188326+00:00,raw,,"Malaysia 🇲🇾 we need tourists to enjoy 😉 our smog 💨 oops 🙊 beautiful 🤩 Smokey air , the robbery at night in our cities 🌆, etc ! Ha ! Ha ! Ha ! 🃏",malaysia we need tourists to enjoy our smog oops beautiful smokey air the robbery at night in our cities etc ha ha ha,23,143,7,False,True,0,0,0,MIXED,en,1,2,,False,False,accepted,positive,0.1870280653238296,0.2313014864921569,0.5816704630851746,0.5816704630851746,0.3503689765930176,low,high,low_confidence | mixed_language,positive,reviewed,,positive,cardiffnlp/twitter-xlm-roberta-base-sentiment-multilingual,automatic_prelabel,positive | neutral | negative | uncertain,True,310,2026-06-18 17:14:34,human_manual_review,,,,,True,final_youtube_sentiment_825_balanced,2026-06-18 20:43:24,279,"Malaysia 🇲🇾 we need tourists to enjoy 😉 our smog 💨 oops 🙊 beautiful 🤩 Smokey air , the robbery at night in our cities 🌆, etc ! Ha ! Ha ! Ha ! 🃏","Malaysia 🇲🇾 we need tourists to enjoy 😉 our smog 💨 oops 🙊 beautiful 🤩 Smokey air , the robbery at night in our cities 🌆, etc ! Ha ! Ha ! Ha ! 🃏",kept_original_english,none,negative,relabel,negative cues outweigh positive label after translation
YT_Ugw9myoevCYAb8AvCiZ4AaABAg,YouTube,top_level_comment,Ugw9myoevCYAb8AvCiZ4AaABAg,Ugw9myoevCYAb8AvCiZ4AaABAg,hc8RMN2hnnQ,[LANGSUNG] Pengumuman Hari Raya Aidilfitri 2026/1447H  | 19 Mac 2026,Astro AWANI,https://www.youtube.com/watch?v=hc8RMN2hnnQ,2026-03-19T12:16:11Z,festivals_national_events,Dah umum minit 12:52,4ff8f0629d1978ad086d,2026-03-19T12:18:42Z,2026-03-19T12:18:42Z,12,1,True,True,none,,2026-06-17T15:11:42.763961+00:00,raw,,Dah umum minit 12:52,dah umum minit 12 52,5,20,0,False,True,0,0,0,BM,id,1,0,,False,False,accepted,neutral,0.0565891712903976,0.866670548915863,0.0767403319478035,0.866670548915863,0.7899302169680595,high,medium,neutral_prediction,neutral,reviewed,,neutral,cardiffnlp/twitter-xlm-roberta-base-sentiment-multilingual,automatic_prelabel,positive | neutral | negative | uncertain,True,552,2026-06-18 19:01:28,human_manual_review,,,,,True,final_youtube_sentiment_825_balanced,2026-06-18 20:43:24,414,Dah umum minit 12:52,It's public at 12:52,translated,google_translate_auto_to_en,neutral,keep,current label is acceptable
YT_UgwoTryK9ijd9H4YE2t4AaABAg,YouTube,top_level_comment,UgwoTryK9ijd9H4YE2t4AaABAg,UgwoTryK9ijd9H4YE2t4AaABAg,zCSY4bGWUXc,"Suara Rakyat: Nilai semula subsidi petrol golongan kaya, apa kata orang miskin?",Astro AWANI,https://www.youtube.com/watch?v=zCSY4bGWUXc,2026-05-11T12:14:22Z,cost_of_living_public_policy,"Naik lah harga ron 95 ke rm2.50 ,semua sama ,tak berat sebelah. Org bayar cukai sebulan beribu sebulan tapi di tekan kerajaan😮😮😮",9a9ebf628219f9414cea,2026-05-11T22:32:22Z,2026-05-11T22:32:22Z,0,0,True,True,none,,2026-06-17T15:11:37.970858+00:00,raw,,"Naik lah harga ron 95 ke rm2.50 ,semua sama ,tak berat sebelah. Org bayar cukai sebulan beribu sebulan tapi di tekan kerajaan😮😮😮",naik lah harga ron 95 ke rm2 50 semua sama tak berat sebelah org bayar cukai sebulan beribu sebulan tapi di tekan kerajaan,23,128,3,False,True,0,0,0,BM,id,4,0,,False,False,accepted,positive,0.3238119482994079,0.2662614285945892,0.4099266231060028,0.4099266231060028,0.0861146748065948,low,high,low_confidence | small_probability_margin,neutral,reviewed,Moved from positive supplement to neutral after manual review,neutral,cardiffnlp/twitter-xlm-roberta-base-sentiment-multilingual,automatic_prelabel,,False,107,2026-06-18 20:30:19,human_manual_review_positive_supplement,available,,positive_shortage_after_manual_review,neutral_after_manual_review,True,final_youtube_sentiment_825_balanced,2026-06-18 20:43:24,200,"Naik lah harga ron 95 ke rm2.50 ,semua sama ,tak berat sebelah. Org bayar cukai sebulan beribu sebulan tapi di tekan kerajaan😮😮😮","Raise the price from ron 95 to rm2.50, all the same, no bias. People pay thousands a month in taxes but are pressured by the government😮😮😮",translated,google_translate_auto_to_en,neutral,keep,current label is acceptable or ambiguous
YT_UgzUDikWtqASkGv5r2Z4AaABAg,YouTube,top_level_comment,UgzUDikWtqASkGv5r2Z4AaABAg,UgzUDikWtqASkGv5r2Z4AaABAg,0zi0v_kJ7BE,"Belanjawan 2026: Bantuan tunai STR dikurang RM300, Sara naik",KiniTV,https://www.youtube.com/watch?v=0zi0v_kJ7BE,2025-10-13T05:24:51Z,cost_of_living_public_policy,"Warga mas bujang lebih perlu kan duit berbanding barang,mereka makan dikedai,bukan masak,sorang nak makan nak masak apa, top up lah dalam eWallet atau bank",929a60b7a4387fba38e4,2025-12-27T03:34:45Z,2025-12-27T03:34:45Z,1,0,True,True,none,,2026-06-17T15:11:41.175785+00:00,raw,,"Warga mas bujang lebih perlu kan duit berbanding barang,mereka makan dikedai,bukan masak,sorang nak makan nak masak apa, top up lah dalam eWallet atau bank",warga mas bujang lebih perlu kan duit berbanding barang mereka makan dikedai bukan masak sorang nak makan nak masak apa top up lah dalam ewallet atau bank,27,155,0,False,True,0,0,0,BM,id,6,0,,False,False,accepted,neutral,0.2038025110960006,0.5053297281265259,0.2908677160739898,0.5053297281265259,0.214462012052536,low,high,low_confidence | neutral_prediction,negative,reviewed,,negative,cardiffnlp/twitter-xlm-roberta-base-sentiment-multilingual,automatic_prelabel,positive | neutral | negative | uncertain,True,159,2026-06-18 15:54:53,human_manual_review,,,,,True,final_youtube_sentiment_825_balanced,2026-06-18 20:43:24,817,"Warga mas bujang lebih perlu kan duit berbanding barang,mereka makan dikedai,bukan masak,sorang nak makan nak masak apa, top up lah dalam eWallet atau bank","Single people need money more than goods, they eat in stores, not cook, what do you want to eat, top up in your eWallet or bank",translated,google_translate_auto_to_en,negative,keep,current label is acceptable or ambiguous
YT_UgxnEcv2m4ybT67P22t4AaABAg,YouTube,top_level_comment,UgxnEcv2m4ybT67P22t4AaABAg,UgxnEcv2m4ybT67P22t4AaABAg,zCSY4bGWUXc,"Suara Rakyat: Nilai semula subsidi petrol golongan kaya, apa kata orang miskin?",Astro AWANI,https://www.youtube.com/watch?v=zCSY4bGWUXc,2026-05-11T12:14:22Z,cost_of_living_public_policy,"senang je, org miskin guna minyak gratis dr subsidi utk berlumba2 dn terlibat dlm kemalangan",08485fcc9ee0ee426918,2026-05-13T04:31:33Z,2026-05-13T04:31:33Z,0,0,True,True,none,,2026-06-17T15:11:37.970345+00:00,raw,,"senang je, org miskin guna minyak gratis dr subsidi utk berlumba2 dn terlibat dlm kemalangan",senang je org miskin guna minyak gratis dr subsidi utk berlumba2 dn terlibat dlm kemalangan,15,92,0,False,True,0,0,0,BM,id,2,0,,False,False,accepted,negative,0.7829459309577942,0.1031429767608642,0.1139111593365669,0.7829459309577942,0.6690347716212273,medium,medium,medium_confidence,negative,reviewed,,negative,cardiffnlp/twitter-xlm-roberta-base-sentiment-multilingual,automatic_prelabel,positive | neutral | negative | uncertain,True,500,2026-06-18 18:52:25,human_manual_review,,,,,True,final_youtube_sentiment_825_balanced,2026-06-18 20:43:24,224,"senang je, org miskin guna minyak gratis dr subsidi utk berlumba2 dn terlibat dlm kemalangan","it's easy, poor people use free fuel from subsidies to race and get involved in accidents",translated,google_translate_auto_to_en,negative,keep,current label is acceptable or ambiguous
YT_UgwhkasEvte9LnvpyOZ4AaABAg,YouTube,top_level_comment,UgwhkasEvte9LnvpyOZ4AaABAg,UgwhkasEvte9LnvpyOZ4AaABAg,3Pk956RGn7o,10 MENU SCAM PALING PELIK DI BAZAR RAMADAN,Faktaw Channel,https://www.youtube.com/watch?v=3Pk956RGn7o,2025-03-22T08:00:02Z,festivals_national_events,0% ayam 100% telur Ayam tak da tapi trlur ada hahahaha😂,1368e4d26aecd4ea841b,2025-06-05T13:13:59Z,2025-06-05T13:13:59Z,0,0,True,True,none,,2026-06-17T15:11:44.002018+00:00,raw,,0% ayam 100% telur Ayam tak da tapi trlur ada hahahaha😂,0 ayam 100 telur ayam tak da tapi trlur ada hahahaha,11,55,1,False,True,0,0,0,BM,id,1,0,,False,False,accepted,neutral,0.1424647569656372,0.4694003164768219,0.3881348967552185,0.4694003164768219,0.0812654197216034,low,high,low_confidence | small_probability_margin | neutral_prediction,neutral,reviewed,,neutral,cardiffnlp/twitter-xlm-roberta-base-sentiment-multilingual,automatic_prelabel,positive | neutral | negative | uncertain,True,110,2026-06-18 15:46:31,human_manual_review,,,,,True,final_youtube_sentiment_825_balanced,2026-06-18 20:43:24,59,0% ayam 100% telur Ayam tak da tapi trlur ada hahahaha😂,0% chicken 100% eggs There are no chickens but there are a lot of them hahahaha😂,translated,google_translate_auto_to_en,negative,keep,current label is acceptable or ambiguous
YT_UgxR7Kp8n03glL4A4kV4AaABAg,YouTube,top_level_comment,UgxR7Kp8n03glL4A4kV4AaABAg,UgxR7Kp8n03glL4A4kV4AaABAg,dDRZ6AZbcfw,Malaysian Hawker Fights To Keep His Noodles Affordable As Food Prices Rise | Money Mind | Inflation,CNA Insider,https://www.youtube.com/watch?v=dDRZ6AZbcfw,2025-11-25T14:01:10Z,cost_of_living_public_policy,"Juz close stall, made noodles n sell... delivery 🚚 to customer 😅😅😅",27127d539a18ccab2018,2025-11-27T11:17:41Z,2025-11-27T11:17:41Z,1,0,True,True,none,,2026-06-17T15:11:42.418393+00:00,raw,,"Juz close stall, made noodles n sell.. delivery 🚚 to customer 😅😅😅",juz close stall made noodles n sell delivery to customer,10,65,4,False,True,0,0,0,UNKNOWN,it,0,0,,False,False,accepted,neutral,0.1269243061542511,0.6427698135375977,0.2303058356046676,0.6427698135375977,0.41246397793293,medium,medium,medium_confidence | neutral_prediction | unknown_language,neutral,reviewed,,neutral,cardiffnlp/twitter-xlm-roberta-base-sentiment-multilingual,automatic_prelabel,positive | neutral | negative | uncertain,True,360,2026-06-18 18:25:49,human_manual_review,,,,,True,final_youtube_sentiment_825_balanced,2026-06-18 20:43:24,689,"Juz close stall, made noodles n sell.. delivery 🚚 to customer 😅😅😅","Juz close stall, made noodles n sell.. delivery 🚚 to customer 😅😅😅",translated,google_translate_auto_to_en,neutral,keep,current label is acceptable
YT_UgycUEpYSEg3gfu1r8h4AaABAg,YouTube,top_level_comment,UgycUEpYSEg3gfu1r8h4AaABAg,UgycUEpYSEg3gfu1r8h4AaABAg,L-iPwc5b3oI,Malaysia rolls out the welcome mat for first tourists of 2026,The Star,https://www.youtube.com/watch?v=L-iPwc5b3oI,2026-01-01T05:54:35Z,tourism_lifestyle_events,these are misleading practise...first of all you should honour and welcome back all Malaysians that are coming back with pride and roll out the carpet...they are the people that have serve and sacrifice for the country faithfully through hard times and good times...these tourists of course they are coming to enjoy the peace...tranquillity...nice places here...and spend...fine...but every working Malaysians sacrifice and spend all their incomes every month for their beloved country...these politicians are misguided and foolish...,7fd4323064f231ec444b,2026-01-02T02:57:21Z,2026-01-02T02:57:21Z,0,0,True,True,none,,2026-06-17T15:11:45.906403+00:00,raw,,these are misleading practise..first of all you should honour and welcome back all Malaysians that are coming back with pride and roll out the carpet..they are the people that have serve and sacrifice for the country faithfully through hard times and good times..these tourists of course they are coming to enjoy the peace..tranquillity..nice places here..and spend..fine..but every working Malaysians sacrifice and spend all their incomes every month for their beloved country..these politicians are misguided and foolish..,these are misleading practise first of all you should honour and welcome back all malaysians that are coming back with pride and roll out the carpet they are the people that have serve and sacrifice for the country faithfully through hard times and good times these tourists of course they are coming to enjoy the peace tranquillity nice places here and spend fine but every working malaysians sacrifice and spend all their incomes every month for their beloved country these politicians are misguided and foolish,85,524,0,False,True,0,0,0,EN,en,0,9,,False,False,accepted,positive,0.2324067503213882,0.2438324242830276,0.5237607955932617,0.5237607955932617,0.279928371310234,low,high,low_confidence,negative,reviewed,,negative,cardiffnlp/twitter-xlm-roberta-base-sentiment-multilingual,automatic_prelabel,positive | neutral | negative | uncertain,True,195,2026-06-18 16:02:05,human_manual_review,,,,,True,final_youtube_sentiment_825_balanced,2026-06-18 20:43:24,795,these are misleading practise..first of all you should honour and welcome back all Malaysians that are coming back with pride and roll out the carpet..they are the people that have serve and sacrifice for the country faithfully through hard times and good times..these tourists of course they are coming to enjoy the peace..tranquillity..nice places here..and spend..fine..but every working Malaysians sacrifice and spend all their incomes every month for their beloved country..these politicians are misguided and foolish..,these are misleading practise..first of all you should honour and welcome back all Malaysians that are coming back with pride and roll out the carpet..they are the people that have serve and sacrifice for the country faithfully through hard times and good times..these tourists of course they are coming to enjoy the peace..tranquillity..nice places here..and spend..fine..but every working Malaysians sacrifice and spend all their incomes every month for their beloved country..these politicians are misguided and foolish..,kept_original_english,none,positive,relabel,translated English contains stronger positive/supportive sentiment cues
YT_Ugy8mZOMFpfvxUzFTmh4AaABAg,YouTube,top_level_comment,Ugy8mZOMFpfvxUzFTmh4AaABAg,Ugy8mZOMFpfvxUzFTmh4AaABAg,3Pk956RGn7o,10 MENU SCAM PALING PELIK DI BAZAR RAMADAN,Faktaw Channel,https://www.youtube.com/watch?v=3Pk956RGn7o,2025-03-22T08:00:02Z,festivals_national_events,sakame pejuwa semaka sesa,ebf541f2132ab5fa784e,2025-12-10T16:28:01Z,2025-12-10T16:28:01Z,0,0,True,True,none,,2026-06-17T15:11:43.541564+00:00,raw,,sakame pejuwa semaka sesa,sakame pejuwa semaka sesa,4,25,0,False,True,0,0,0,UNKNOWN,sw,0,0,,False,False,accepted,neutral,0.3361415863037109,0.3915284276008606,0.2723299562931061,0.3915284276008606,0.0553868412971496,low,high,low_confidence | small_probability_margin | neutral_prediction | unknown_language,neutral,reviewed,,neutral,cardiffnlp/twitter-xlm-roberta-base-sentiment-multilingual,automatic_prelabel,positive | neutral | negative | uncertain,True,27,2026-06-18 15:29:14,human_manual_review,,,,,True,final_youtube_sentiment_825_balanced,2026-06-18 20:43:24,650,sakame pejuwa semaka sesa,the rest of the staff,translated,google_translate_auto_to_en,neutral,keep,current label is acceptable
YT_UgyRQAld6ti9OT7YzRd4AaABAg,YouTube,top_level_comment,UgyRQAld6ti9OT7YzRd4AaABAg,UgyRQAld6ti9OT7YzRd4AaABAg,9tQzzOjBIdI,KOS SARA HIDUP | Kerajaan Bakal Umum Langkah Tangani Kos Sara Hidup,Buletin TV3,https://www.youtube.com/watch?v=9tQzzOjBIdI,2025-07-19T05:38:22Z,cost_of_living_public_policy,macam jawapan bila orang tanya bila nak nikah je tak isnin selasa 😂😂,21d707500361a4a94d5a,2025-07-21T02:39:09Z,2025-07-21T02:39:09Z,0,0,True,True,none,,2026-06-17T15:11:40.015050+00:00,raw,,macam jawapan bila orang tanya bila nak nikah je tak isnin selasa 😂😂,macam jawapan bila orang tanya bila nak nikah je tak isnin selasa,12,68,2,False,True,0,0,0,BM,id,5,0,,False,False,accepted,neutral,0.2264569699764251,0.5840386748313904,0.1895042955875396,0.5840386748313904,0.3575817048549652,low,high,low_confidence | neutral_prediction,positive,reviewed,,positive,cardiffnlp/twitter-xlm-roberta-base-sentiment-multilingual,automatic_prelabel,positive | neutral | negative | uncertain,True,313,2026-06-18 17:15:04,human_manual_review,,,,,True,final_youtube_sentiment_825_balanced,2026-06-18 20:43:24,186,macam jawapan bila orang tanya bila nak nikah je tak isnin selasa 😂😂,"what kind of answer when people ask when do you want to get married, not Monday or Tuesday 😂😂",translated,google_translate_auto_to_en,positive,keep,current label is acceptable or ambiguous
YT_Ugx9lt7Nyhwk-3hclKp4AaABAg,YouTube,top_level_comment,Ugx9lt7Nyhwk-3hclKp4AaABAg,Ugx9lt7Nyhwk-3hclKp4AaABAg,Yu37CmWLvK0,SATU MALAYSIA KENA SCAM MAKANAN DI BAZAR RAMADAN‼️ LELAKI SOUND PENIAGA BAZAAR,NuR MuHD,https://www.youtube.com/watch?v=Yu37CmWLvK0,2026-02-22T17:36:49Z,festivals_national_events,Berniaga la kerana Allah bukan kerana nafsu.,a3e64be90aea6241d99c,2026-03-05T15:35:20Z,2026-03-05T15:35:20Z,0,0,True,True,none,,2026-06-17T15:11:44.742566+00:00,raw,,Berniaga la kerana Allah bukan kerana nafsu.,berniaga la kerana allah bukan kerana nafsu,7,44,0,False,True,0,0,0,BM,id,1,0,,False,False,accepted,positive,0.1166805997490882,0.2099600881338119,0.6733593344688416,0.6733593344688416,0.4633992463350296,medium,medium,medium_confidence,positive,reviewed,Added from reviewed positive supplement,positive,cardiffnlp/twitter-xlm-roberta-base-sentiment-multilingual,automatic_prelabel,,False,48,2026-06-18 20:33:38,human_manual_review_positive_supplement,available,,positive_shortage_after_manual_review,positive,True,final_youtube_sentiment_825_balanced,2026-06-18 20:43:24,694,Berniaga la kerana Allah bukan kerana nafsu.,"Do business because of God, not because of lust.",translated,google_translate_auto_to_en,negative,relabel,negative cues outweigh positive label after translation
YT_UgxgFRXKkyB_IcvPPa54AaABAg,YouTube,top_level_comment,UgxgFRXKkyB_IcvPPa54AaABAg,UgxgFRXKkyB_IcvPPa54AaABAg,zCSY4bGWUXc,"Suara Rakyat: Nilai semula subsidi petrol golongan kaya, apa kata orang miskin?",Astro AWANI,https://www.youtube.com/watch?v=zCSY4bGWUXc,2026-05-11T12:14:22Z,cost_of_living_public_policy,"Batalkan semua subsidi kepada semua rakyat termasuk B40, senang cerita",4e85d1f804b48dbfd2c0,2026-05-11T17:08:28Z,2026-05-11T17:08:28Z,5,0,True,True,none,,2026-06-17T15:11:37.970886+00:00,raw,,"Batalkan semua subsidi kepada semua rakyat termasuk B40, senang cerita",batalkan semua subsidi kepada semua rakyat termasuk b40 senang cerita,10,70,0,False,True,0,0,0,BM,id,2,0,,False,False,accepted,positive,0.3294543921947479,0.2204219549894333,0.4501236975193023,0.4501236975193023,0.1206693053245544,low,high,low_confidence | small_probability_margin,negative,reviewed,Reverted wrong sequence-based correction back to negative,negative,cardiffnlp/twitter-xlm-roberta-base-sentiment-multilingual,automatic_prelabel,positive | neutral | negative | uncertain,True,81,2026-06-18 20:39:17,human_manual_text_based_revert,,,,,True,final_youtube_sentiment_825_balanced,2026-06-18 20:43:24,397,"Batalkan semua subsidi kepada semua rakyat termasuk B40, senang cerita","Cancel all subsidies to all citizens including B40, easy story",translated,google_translate_auto_to_en,positive,relabel,positive/supportive cues outweigh negative label after translation
YT_Ugwc30Cp55apylvh9gF4AaABAg,YouTube,top_level_comment,Ugwc30Cp55apylvh9gF4AaABAg,Ugwc30Cp55apylvh9gF4AaABAg,J5SEcQAe1AM,Why Malaysia Forces You to Own a Car,UrbanShiftMY,https://www.youtube.com/watch?v=J5SEcQAe1AM,2026-05-11T05:16:17Z,transport_public_services,"Im curios where is this place at 2:10, the high way look so straight and the housing block look so tidy",b8dd426dd902a47bba1f,2026-05-12T16:49:44Z,2026-05-12T16:49:44Z,0,1,True,True,none,,2026-06-17T15:11:48.489522+00:00,raw,,"Im curios where is this place at 2:10, the high way look so straight and the housing block look so tidy",im curios where is this place at 2 10 the high way look so straight and the housing block look so tidy,22,103,0,False,True,0,0,0,EN,en,0,4,,False,False,accepted,positive,0.1785178482532501,0.2858129143714905,0.535669207572937,0.535669207572937,0.2498562932014465,low,high,low_confidence,positive,reviewed,,positive,cardiffnlp/twitter-xlm-roberta-base-sentiment-multilingual,automatic_prelabel,positive | neutral | negative | uncertain,True,223,2026-06-18 16:08:28,human_manual_review,,,,,True,final_youtube_sentiment_825_balanced,2026-06-18 20:43:24,299,"Im curios where is this place at 2:10, the high way look so straight and the housing block look so tidy","Im curios where is this place at 2:10, the high way look so straight and the housing block look so tidy",kept_original_english,none,neutral,relabel,translated English appears informational/unclear rather than explicit sentiment
YT_UgzHxcYAE-KiForhXil4AaABAg,YouTube,top_level_comment,UgzHxcYAE-KiForhXil4AaABAg,UgzHxcYAE-KiForhXil4AaABAg,MpBToZaCuWE,LRT derailment: Commuters want track and train maintenance to be enhanced,The Star,https://www.youtube.com/watch?v=MpBToZaCuWE,2026-05-28T08:54:43Z,transport_public_services,"So scary like this, already",5e6c92579e87148b679e,2026-05-28T13:47:16Z,2026-05-28T13:47:16Z,3,0,True,True,none,,2026-06-17T15:11:46.538567+00:00,raw,,"So scary like this, already",so scary like this already,5,27,0,False,True,0,0,0,EN,en,0,1,,False,False,accepted,negative,0.9793285131454468,0.0098533304408192,0.0108181908726692,0.9793285131454468,0.9685103222727776,high,low,,neutral,reviewed,,neutral,cardiffnlp/twitter-xlm-roberta-base-sentiment-multilingual,automatic_prelabel,positive | neutral | negative | uncertain,True,803,2026-06-18 19:59:09,human_manual_review,,,,,True,final_youtube_sentiment_825_balanced,2026-06-18 20:43:24,380,"So scary like this, already","So scary like this, already",kept_original_english,none,neutral,keep,current label is acceptable
YT_UgwvoGI4YO925rirmQV4AaABAg,YouTube,top_level_comment,UgwvoGI4YO925rirmQV4AaABAg,UgwvoGI4YO925rirmQV4AaABAg,0zi0v_kJ7BE,"Belanjawan 2026: Bantuan tunai STR dikurang RM300, Sara naik",KiniTV,https://www.youtube.com/watch?v=0zi0v_kJ7BE,2025-10-13T05:24:51Z,cost_of_living_public_policy,Pru16 nnti wajib turunkan kerajaan madani bengong.,14578603402801f3a9fc,2025-10-15T03:01:03Z,2025-10-15T03:01:03Z,0,0,True,True,none,,2026-06-17T15:11:41.176575+00:00,raw,,Pru16 nnti wajib turunkan kerajaan madani bengong.,pru16 nnti wajib turunkan kerajaan madani bengong,7,50,0,False,True,0,0,0,BM,id,1,0,,False,False,accepted,negative,0.7932078838348389,0.092559166252613,0.1142329946160316,0.7932078838348389,0.6789748892188072,medium,medium,medium_confidence,negative,reviewed,,negative,cardiffnlp/twitter-xlm-roberta-base-sentiment-multilingual,automatic_prelabel,positive | neutral | negative | uncertain,True,528,2026-06-18 18:57:12,human_manual_review,,,,,True,final_youtube_sentiment_825_balanced,2026-06-18 20:43:24,194,Pru16 nnti wajib turunkan kerajaan madani bengong.,Pru16 will soon have to bring down the civil government.,translated,google_translate_auto_to_en,neutral,relabel,translated English appears informational/unclear rather than explicit sentiment
YT_UgwOnYeHiLCHbJpHSrV4AaABAg,YouTube,top_level_comment,UgwOnYeHiLCHbJpHSrV4AaABAg,UgwOnYeHiLCHbJpHSrV4AaABAg,L-iPwc5b3oI,Malaysia rolls out the welcome mat for first tourists of 2026,The Star,https://www.youtube.com/watch?v=L-iPwc5b3oI,2026-01-01T05:54:35Z,tourism_lifestyle_events,Pls serve lemon juice with soda water for the tourist 🎵🎶💪👍⭐🥳🎄,8758c713ec1e40508560,2026-01-02T22:17:01Z,2026-01-02T22:17:01Z,0,0,True,True,none,,2026-06-17T15:11:45.906297+00:00,raw,,Pls serve lemon juice with soda water for the tourist 🎵🎶💪👍⭐🥳🎄,pls serve lemon juice with soda water for the tourist,10,61,7,False,True,0,0,0,EN,en,0,1,,False,False,accepted,positive,0.0355948843061924,0.3763708770275116,0.5880342721939087,0.5880342721939087,0.2116633951663971,low,high,low_confidence,positive,reviewed,,positive,cardiffnlp/twitter-xlm-roberta-base-sentiment-multilingual,automatic_prelabel,positive | neutral | negative | uncertain,True,322,2026-06-18 17:16:59,human_manual_review,,,,,True,final_youtube_sentiment_825_balanced,2026-06-18 20:43:24,476,Pls serve lemon juice with soda water for the tourist 🎵🎶💪👍⭐🥳🎄,Pls serve lemon juice with soda water for the tourist 🎵🎶💪👍⭐🥳🎄,kept_original_english,none,neutral,relabel,translated English appears informational/unclear rather than explicit sentiment
YT_UgzpJXW3lZ_4Chkzuuh4AaABAg,YouTube,top_level_comment,UgzpJXW3lZ_4Chkzuuh4AaABAg,UgzpJXW3lZ_4Chkzuuh4AaABAg,Yu37CmWLvK0,SATU MALAYSIA KENA SCAM MAKANAN DI BAZAR RAMADAN‼️ LELAKI SOUND PENIAGA BAZAAR,NuR MuHD,https://www.youtube.com/watch?v=Yu37CmWLvK0,2026-02-22T17:36:49Z,festivals_national_events,"Entah,setakat ni dapat semua yg ok2..setiap tahun peniaga yang sama,rasa pun sama..ada la juga tambah peniaga baru tp ok je..",3d2feb3b5e8fc0a5ad53,2026-03-02T22:05:30Z,2026-03-02T22:05:30Z,0,0,True,True,none,,2026-06-17T15:11:44.742858+00:00,raw,,"Entah,setakat ni dapat semua yg ok2..setiap tahun peniaga yang sama,rasa pun sama..ada la juga tambah peniaga baru tp ok je..",entah setakat ni dapat semua yg ok2 setiap tahun peniaga yang sama rasa pun sama ada la juga tambah peniaga baru tp ok je,24,125,0,False,True,0,0,0,BM,id,4,0,,False,False,accepted,positive,0.1805878430604934,0.2024650424718856,0.6169471144676208,0.6169471144676208,0.4144820719957351,medium,medium,medium_confidence,positive,reviewed,Added from reviewed positive supplement,positive,cardiffnlp/twitter-xlm-roberta-base-sentiment-multilingual,automatic_prelabel,,False,69,2026-06-18 20:33:38,human_manual_review_positive_supplement,available,,positive_shortage_after_manual_review,positive,True,final_youtube_sentiment_825_balanced,2026-06-18 20:43:24,167,"Entah,setakat ni dapat semua yg ok2..setiap tahun peniaga yang sama,rasa pun sama..ada la juga tambah peniaga baru tp ok je..","I don't know, so far everything is ok.. every year the same dealer, it feels the same.. there are also new dealers added but it's ok..",translated,google_translate_auto_to_en,positive,keep,current label is acceptable or ambiguous
YT_UgyVwKutOD4Qxmp8PAB4AaABAg,YouTube,top_level_comment,UgyVwKutOD4Qxmp8PAB4AaABAg,UgyVwKutOD4Qxmp8PAB4AaABAg,Yu37CmWLvK0,SATU MALAYSIA KENA SCAM MAKANAN DI BAZAR RAMADAN‼️ LELAKI SOUND PENIAGA BAZAAR,NuR MuHD,https://www.youtube.com/watch?v=Yu37CmWLvK0,2026-02-22T17:36:49Z,festivals_national_events,Gak ada yg genah masakkan ny😅,5041b3e040a24c82efd6,2026-02-28T14:48:10Z,2026-02-28T14:48:10Z,0,0,True,True,none,,2026-06-17T15:11:44.743006+00:00,raw,,Gak ada yg genah masakkan ny😅,gak ada yg genah masakkan ny,6,29,1,False,True,0,0,0,BM,id,0,0,,False,False,accepted,neutral,0.3342174291610718,0.4963827133178711,0.1693998128175735,0.4963827133178711,0.1621652841567993,low,high,low_confidence | neutral_prediction,negative,reviewed,,negative,cardiffnlp/twitter-xlm-roberta-base-sentiment-multilingual,automatic_prelabel,positive | neutral | negative | uncertain,True,142,2026-06-18 15:52:19,human_manual_review,,,,,True,final_youtube_sentiment_825_balanced,2026-06-18 20:43:24,120,Gak ada yg genah masakkan ny😅,No one bothers to cook it😅,translated,google_translate_auto_to_en,negative,keep,current label is acceptable or ambiguous
YT_UgyOC3er0Tqjb-irnJN4AaABAg,YouTube,top_level_comment,UgyOC3er0Tqjb-irnJN4AaABAg,UgyOC3er0Tqjb-irnJN4AaABAg,9tQzzOjBIdI,KOS SARA HIDUP | Kerajaan Bakal Umum Langkah Tangani Kos Sara Hidup,Buletin TV3,https://www.youtube.com/watch?v=9tQzzOjBIdI,2025-07-19T05:38:22Z,cost_of_living_public_policy,YAB perdana menteri untuk selamat jaga rakyat. Rakyat lebih ramai daripada pemimpin rakyat yang mengundi bukan semua rakyat suka kepada pemimpin,537746f18c746879bff0,2025-07-19T12:44:01Z,2025-07-19T12:44:01Z,0,0,True,True,none,,2026-06-17T15:11:40.015442+00:00,raw,,YAB perdana menteri untuk selamat jaga rakyat. Rakyat lebih ramai daripada pemimpin rakyat yang mengundi bukan semua rakyat suka kepada pemimpin,yab perdana menteri untuk selamat jaga rakyat rakyat lebih ramai daripada pemimpin rakyat yang mengundi bukan semua rakyat suka kepada pemimpin,21,144,0,False,True,0,0,0,BM,id,6,0,,False,False,accepted,positive,0.1442110687494278,0.2108832895755767,0.644905686378479,0.644905686378479,0.4340223968029022,medium,medium,medium_confidence,positive,reviewed,Added from reviewed positive supplement,positive,cardiffnlp/twitter-xlm-roberta-base-sentiment-multilingual,automatic_prelabel,,False,59,2026-06-18 20:33:38,human_manual_review_positive_supplement,available,,positive_shortage_after_manual_review,positive,True,final_youtube_sentiment_825_balanced,2026-06-18 20:43:24,805,YAB perdana menteri untuk selamat jaga rakyat. Rakyat lebih ramai daripada pemimpin rakyat yang mengundi bukan semua rakyat suka kepada pemimpin,YAB prime minister for the safety of the people. The people are more than the leaders of the people who vote not all the people like the leader,translated,google_translate_auto_to_en,negative,relabel,translated English contains stronger negative sentiment cues
YT_Ugz7EUxyKXmdWW4VaZ94AaABAg,YouTube,top_level_comment,Ugz7EUxyKXmdWW4VaZ94AaABAg,Ugz7EUxyKXmdWW4VaZ94AaABAg,0zi0v_kJ7BE,"Belanjawan 2026: Bantuan tunai STR dikurang RM300, Sara naik",KiniTV,https://www.youtube.com/watch?v=0zi0v_kJ7BE,2025-10-13T05:24:51Z,cost_of_living_public_policy,Kalau org cakap bodoh nnt marah. Ni lah nama nya bodoh. Rase kan laa Sape yg nk sangat dia naik kan. Jadi nya susah nk bayar bil2 yg ada. Asik makan magie jela. Terbaik pada sapa yg undi dia. 👍👍👍 Syabas 👍👍👍👍👍👍👍,ab99251b3d9fec32c31e,2025-10-15T07:41:41Z,2025-10-15T07:41:41Z,0,0,True,True,none,,2026-06-17T15:11:41.176534+00:00,raw,,Kalau org cakap bodoh nnt marah. Ni lah nama nya bodoh. Rase kan laa Sape yg nk sangat dia naik kan. Jadi nya susah nk bayar bil2 yg ada. Asik makan magie jela. Terbaik pada sapa yg undi dia. 👍👍👍 Syabas 👍👍👍👍👍👍👍,kalau org cakap bodoh nnt marah ni lah nama nya bodoh rase kan laa sape yg nk sangat dia naik kan jadi nya susah nk bayar bil2 yg ada asik makan magie jela terbaik pada sapa yg undi dia syabas,40,210,10,False,True,0,0,0,BM,id,4,0,,False,False,accepted,negative,0.7818037271499634,0.1030225381255149,0.1151736974716186,0.7818037271499634,0.6666300296783447,medium,medium,medium_confidence,negative,reviewed,,negative,cardiffnlp/twitter-xlm-roberta-base-sentiment-multilingual,automatic_prelabel,positive | neutral | negative | uncertain,True,497,2026-06-18 18:51:44,human_manual_review,,,,,True,final_youtube_sentiment_825_balanced,2026-06-18 20:43:24,768,Kalau org cakap bodoh nnt marah. Ni lah nama nya bodoh. Rase kan laa Sape yg nk sangat dia naik kan. Jadi nya susah nk bayar bil2 yg ada. Asik makan magie jela. Terbaik pada sapa yg undi dia. 👍👍👍 Syabas 👍👍👍👍👍👍👍,"If people say stupid things, they will get angry. That's a stupid name. Guess he's the one who really wants to go up, right? So it's difficult to pay existing bills. It's fun to eat magie jela. Best to whoever votes for him. 👍👍👍 Syabas 👍👍👍👍👍👍👍",translated,google_translate_auto_to_en,negative,keep,current label is acceptable or ambiguous
YT_UgwDwj0PM2G_hb-dzrJ4AaABAg,YouTube,top_level_comment,UgwDwj0PM2G_hb-dzrJ4AaABAg,UgwDwj0PM2G_hb-dzrJ4AaABAg,Wk-HcKtIaGY,Are We About to See a Chinese Tourist Boom in Malaysia?,Ziet Invests,https://www.youtube.com/watch?v=Wk-HcKtIaGY,2026-02-12T11:00:42Z,tourism_lifestyle_events,"Being so reliant on Chinese money means that when China takes over the islands in South China Sea, we are less likely to make a fuss. It's up to Malaysians to decide if is that is a worthy tradeoff.",bd6dcfa9d26f2d555357,2026-03-04T05:13:45Z,2026-03-04T05:14:01Z,0,0,True,True,none,,2026-06-17T15:11:46.187433+00:00,raw,,"Being so reliant on Chinese money means that when China takes over the islands in South China Sea, we are less likely to make a fuss. It's up to Malaysians to decide if is that is a worthy tradeoff.",being so reliant on chinese money means that when china takes over the islands in south china sea we are less likely to make a fuss it s up to malaysians to decide if is that is a worthy tradeoff,39,198,0,False,True,0,0,0,EN,en,0,5,,False,False,accepted,negative,0.7628410458564758,0.1945021450519561,0.0426568016409873,0.7628410458564758,0.5683389008045197,medium,medium,medium_confidence,negative,reviewed,,negative,cardiffnlp/twitter-xlm-roberta-base-sentiment-multilingual,automatic_prelabel,positive | neutral | negative | uncertain,True,470,2026-06-18 18:45:54,human_manual_review,,,,,True,final_youtube_sentiment_825_balanced,2026-06-18 20:43:24,173,"Being so reliant on Chinese money means that when China takes over the islands in South China Sea, we are less likely to make a fuss. It's up to Malaysians to decide if is that is a worthy tradeoff.","Being so reliant on Chinese money means that when China takes over the islands in South China Sea, we are less likely to make a fuss. It's up to Malaysians to decide if is that is a worthy tradeoff.",kept_original_english,none,negative,keep,current label is acceptable or ambiguous
YT_Ugy5DLlUg9yFKWTtXE94AaABAg,YouTube,top_level_comment,Ugy5DLlUg9yFKWTtXE94AaABAg,Ugy5DLlUg9yFKWTtXE94AaABAg,hc8RMN2hnnQ,[LANGSUNG] Pengumuman Hari Raya Aidilfitri 2026/1447H  | 19 Mac 2026,Astro AWANI,https://www.youtube.com/watch?v=hc8RMN2hnnQ,2026-03-19T12:16:11Z,festivals_national_events,Aku bernasib baik kerana beraya bersama kakak sulung dan abang,9e8485745aa155998d9d,2026-03-19T12:21:17Z,2026-03-19T12:21:17Z,2,0,True,True,none,,2026-06-17T15:11:42.763850+00:00,raw,,Aku bernasib baik kerana beraya bersama kakak sulung dan abang,aku bernasib baik kerana beraya bersama kakak sulung dan abang,10,62,0,False,True,0,0,0,BM,id,2,0,,False,False,accepted,positive,0.0229230728000402,0.0351348929107189,0.941942036151886,0.941942036151886,0.9068071432411672,high,low,,positive,reviewed,,positive,cardiffnlp/twitter-xlm-roberta-base-sentiment-multilingual,automatic_prelabel,positive | neutral | negative | uncertain,True,662,2026-06-18 19:17:39,human_manual_review,,,,,True,final_youtube_sentiment_825_balanced,2026-06-18 20:43:24,106,Aku bernasib baik kerana beraya bersama kakak sulung dan abang,I was lucky because I celebrated with my eldest sister and brother,translated,google_translate_auto_to_en,positive,keep,current label is acceptable or ambiguous
YT_Ugw-d504mdGEU-_WZId4AaABAg,YouTube,top_level_comment,Ugw-d504mdGEU-_WZId4AaABAg,Ugw-d504mdGEU-_WZId4AaABAg,J5SEcQAe1AM,Why Malaysia Forces You to Own a Car,UrbanShiftMY,https://www.youtube.com/watch?v=J5SEcQAe1AM,2026-05-11T05:16:17Z,transport_public_services,to support the car industry - indirect tax really,24aa10349ab51bcf6bdf,2026-05-26T06:42:59Z,2026-05-26T06:42:59Z,0,0,True,True,none,,2026-06-17T15:11:48.076999+00:00,raw,,to support the car industry - indirect tax really,to support the car industry indirect tax really,8,49,0,False,True,0,0,0,EN,en,0,3,,False,False,accepted,positive,0.0649300664663314,0.1924703419208526,0.742599606513977,0.742599606513977,0.5501292645931244,medium,medium,medium_confidence,negative,reviewed,,negative,cardiffnlp/twitter-xlm-roberta-base-sentiment-multilingual,automatic_prelabel,positive | neutral | negative | uncertain,True,431,2026-06-18 18:38:29,human_manual_review,,,,,True,final_youtube_sentiment_825_balanced,2026-06-18 20:43:24,40,to support the car industry - indirect tax really,to support the car industry - indirect tax really,kept_original_english,none,negative,keep,current label is acceptable or ambiguous
YT_UgyPdoA3L6McgenoarN4AaABAg,YouTube,top_level_comment,UgyPdoA3L6McgenoarN4AaABAg,UgyPdoA3L6McgenoarN4AaABAg,lWY3O9pFexo,KOS SARA HIDUP | PM Umum Butiran Penghargaan Untuk Rakyat Esok (BU),Buletin TV3,https://www.youtube.com/watch?v=lWY3O9pFexo,2025-07-22T12:11:44Z,cost_of_living_public_policy,Semoga Pmx perihatin membantu kehidupan kos saraan hidup raayat yg meningkat❤ Amin,db91fc24886884229f15,2025-07-23T01:24:20Z,2025-07-23T01:24:20Z,0,0,True,True,none,,2026-06-17T15:11:38.330122+00:00,raw,,Semoga Pmx perihatin membantu kehidupan kos saraan hidup raayat yg meningkat❤ Amin,semoga pmx perihatin membantu kehidupan kos saraan hidup raayat yg meningkat amin,12,82,1,False,True,0,0,0,BM,id,0,0,,False,False,accepted,positive,0.0610580779612064,0.0960816666483879,0.8428602814674377,0.8428602814674377,0.7467786148190498,high,low,,positive,reviewed,Added from reviewed positive supplement,positive,cardiffnlp/twitter-xlm-roberta-base-sentiment-multilingual,automatic_prelabel,,False,25,2026-06-18 20:33:38,human_manual_review_positive_supplement,available,,positive_shortage_after_manual_review,positive,True,final_youtube_sentiment_825_balanced,2026-06-18 20:43:24,626,Semoga Pmx perihatin membantu kehidupan kos saraan hidup raayat yg meningkat❤ Amin,May PMx take care to help the lives of the raayat's increased cost of living❤ Amen,translated,google_translate_auto_to_en,positive,keep,current label is acceptable or ambiguous
YT_Ugz8zOXDTsqhT1bIDZR4AaABAg,YouTube,top_level_comment,Ugz8zOXDTsqhT1bIDZR4AaABAg,Ugz8zOXDTsqhT1bIDZR4AaABAg,J5SEcQAe1AM,Why Malaysia Forces You to Own a Car,UrbanShiftMY,https://www.youtube.com/watch?v=J5SEcQAe1AM,2026-05-11T05:16:17Z,transport_public_services,"It's the opposite situation your neighbors down south in Singapore where the government controlled by PAP is pushing for a car-lite future and pushing everyone to public transport and make car ownership unviable for the average joe. Anyways, thanks for letting me see the situation in Malaysia.",17191cfed767b5a8cb2d,2026-05-21T13:44:42Z,2026-05-21T13:44:42Z,0,0,True,True,none,,2026-06-17T15:11:48.077672+00:00,raw,,"It's the opposite situation your neighbors down south in Singapore where the government controlled by PAP is pushing for a car-lite future and pushing everyone to public transport and make car ownership unviable for the average joe. Anyways, thanks for letting me see the situation in Malaysia.",it s the opposite situation your neighbors down south in singapore where the government controlled by pap is pushing for a car lite future and pushing everyone to public transport and make car ownership unviable for the average joe anyways thanks for letting me see the situation in malaysia,47,294,0,False,True,0,0,0,MIXED,en,1,5,,False,False,accepted,negative,0.5956004858016968,0.2192230969667434,0.1851764172315597,0.5956004858016968,0.3763773888349533,low,high,low_confidence | mixed_language,positive,reviewed,,positive,cardiffnlp/twitter-xlm-roberta-base-sentiment-multilingual,automatic_prelabel,positive | neutral | negative | uncertain,True,339,2026-06-18 18:22:03,human_manual_review,,,,,True,final_youtube_sentiment_825_balanced,2026-06-18 20:43:24,818,"It's the opposite situation your neighbors down south in Singapore where the government controlled by PAP is pushing for a car-lite future and pushing everyone to public transport and make car ownership unviable for the average joe. Anyways, thanks for letting me see the situation in Malaysia.","It's the opposite situation your neighbors down south in Singapore where the government controlled by PAP is pushing for a car-lite future and pushing everyone to public transport and make car ownership unviable for the average joe. Anyways, thanks for letting me see the situation in Malaysia.",kept_original_english,none,positive,keep,current label is acceptable or ambiguous
YT_Ugz1j1bGs_1cyAVSO-x4AaABAg,YouTube,top_level_comment,Ugz1j1bGs_1cyAVSO-x4AaABAg,Ugz1j1bGs_1cyAVSO-x4AaABAg,hc8RMN2hnnQ,[LANGSUNG] Pengumuman Hari Raya Aidilfitri 2026/1447H  | 19 Mac 2026,Astro AWANI,https://www.youtube.com/watch?v=hc8RMN2hnnQ,2026-03-19T12:16:11Z,festivals_national_events,Bau sampah-sarap terus melantung.,b6fdc8084f4ce3121689,2026-03-19T23:43:35Z,2026-03-19T23:43:35Z,0,0,True,True,none,,2026-06-17T15:11:42.763562+00:00,raw,,Bau sampah-sarap terus melantung.,bau sampah sarap terus melantung,4,33,0,False,True,0,0,0,BM,id,0,0,,False,False,accepted,negative,0.9551931023597716,0.0201964117586612,0.0246104598045349,0.9551931023597716,0.9305826425552368,high,low,,neutral,reviewed,,neutral,cardiffnlp/twitter-xlm-roberta-base-sentiment-multilingual,automatic_prelabel,positive | neutral | negative | uncertain,True,707,2026-06-18 19:24:59,human_manual_review,,,,,True,final_youtube_sentiment_825_balanced,2026-06-18 20:43:24,82,Bau sampah-sarap terus melantung.,The smell of rubbish continued to linger.,translated,google_translate_auto_to_en,negative,relabel,translated English contains stronger negative sentiment cues
YT_UgyDOq0gXANVH_s6AA94AaABAg,YouTube,top_level_comment,UgyDOq0gXANVH_s6AA94AaABAg,UgyDOq0gXANVH_s6AA94AaABAg,0zi0v_kJ7BE,"Belanjawan 2026: Bantuan tunai STR dikurang RM300, Sara naik",KiniTV,https://www.youtube.com/watch?v=0zi0v_kJ7BE,2025-10-13T05:24:51Z,cost_of_living_public_policy,str lagi bagus dari sara kerana rakyat boleh buat pilihan sendiri apa yg sebaik baiknya. tunggu kau pru nanti nuar..,d6154e14e233e9d186a6,2025-12-30T07:39:59Z,2025-12-30T07:39:59Z,0,0,True,True,none,,2026-06-17T15:11:41.175771+00:00,raw,,str lagi bagus dari sara kerana rakyat boleh buat pilihan sendiri apa yg sebaik baiknya. tunggu kau pru nanti nuar..,str lagi bagus dari sara kerana rakyat boleh buat pilihan sendiri apa yg sebaik baiknya tunggu kau pru nanti nuar,20,116,0,False,True,0,0,0,BM,id,4,0,,False,False,accepted,positive,0.2096839994192123,0.2117693871259689,0.5785465836524963,0.5785465836524963,0.3667771965265274,low,high,low_confidence,positive,reviewed,,positive,cardiffnlp/twitter-xlm-roberta-base-sentiment-multilingual,automatic_prelabel,positive | neutral | negative | uncertain,True,305,2026-06-18 17:13:34,human_manual_review,,,,,True,final_youtube_sentiment_825_balanced,2026-06-18 20:43:24,449,str lagi bagus dari sara kerana rakyat boleh buat pilihan sendiri apa yg sebaik baiknya. tunggu kau pru nanti nuar..,str is better than sara because the people can make their own choice of what is best. wait for you pru later nuar..,translated,google_translate_auto_to_en,positive,keep,current label is acceptable or ambiguous
YT_UgymEulT0JU5DkScOyN4AaABAg,YouTube,top_level_comment,UgymEulT0JU5DkScOyN4AaABAg,UgymEulT0JU5DkScOyN4AaABAg,lWY3O9pFexo,KOS SARA HIDUP | PM Umum Butiran Penghargaan Untuk Rakyat Esok (BU),Buletin TV3,https://www.youtube.com/watch?v=lWY3O9pFexo,2025-07-22T12:11:44Z,cost_of_living_public_policy,"ALHAMDULILLAH ANUGERAH ALLAH... APA XNYA KUN MAKA JADILAH DSAI PM 10 DAN KERAJAAN PERPADUAN DEMI UTK SEJAHTERAKAN RAKYAT MARHAEN MENGHAPUSKAN PERASUAH PENYAKAU N PENGKIANAT MUSOH2 MANUSIA SAKIT JIWA, MELUAP2 RASA BENCI N MARAH LANGASAI KAN HUTANG YG MENGGUNONG RM 1.5 TRILION",9bb8c4090c9d02847276,2025-07-22T22:54:03Z,2025-07-22T22:54:03Z,2,0,True,True,none,,2026-06-17T15:11:38.330451+00:00,raw,,"ALHAMDULILLAH ANUGERAH ALLAH.. APA XNYA KUN MAKA JADILAH DSAI PM 10 DAN KERAJAAN PERPADUAN DEMI UTK SEJAHTERAKAN RAKYAT MARHAEN MENGHAPUSKAN PERASUAH PENYAKAU N PENGKIANAT MUSOH2 MANUSIA SAKIT JIWA, MELUAP2 RASA BENCI N MARAH LANGASAI KAN HUTANG YG MENGGUNONG RM 1.5 TRILION",alhamdulillah anugerah allah apa xnya kun maka jadilah dsai pm 10 dan kerajaan perpaduan demi utk sejahterakan rakyat marhaen menghapuskan perasuah penyakau n pengkianat musoh2 manusia sakit jiwa meluap2 rasa benci n marah langasai kan hutang yg menggunong rm 1 5 trilion,42,274,0,False,True,0,0,0,BM,de,4,0,,False,False,accepted,negative,0.9775452613830566,0.0100368373095989,0.012417946010828,0.9775452613830566,0.9651273153722286,high,low,,positive,reviewed,,positive,cardiffnlp/twitter-xlm-roberta-base-sentiment-multilingual,automatic_prelabel,positive | neutral | negative | uncertain,True,797,2026-06-18 19:59:07,human_manual_review,,,,,True,final_youtube_sentiment_825_balanced,2026-06-18 20:43:24,654,"ALHAMDULILLAH ANUGERAH ALLAH.. APA XNYA KUN MAKA JADILAH DSAI PM 10 DAN KERAJAAN PERPADUAN DEMI UTK SEJAHTERAKAN RAKYAT MARHAEN MENGHAPUSKAN PERASUAH PENYAKAU N PENGKIANAT MUSOH2 MANUSIA SAKIT JIWA, MELUAP2 RASA BENCI N MARAH LANGASAI KAN HUTANG YG MENGGUNONG RM 1.5 TRILION","ALHAMDULILLAH ALLAH'S GRACE.. WHAT THE HELL IS IT, THEN BE THE PM 10 AND THE UNITY GOVERNMENT FOR THE WELL-BEING OF THE PEOPLE OF MARHAEN TO ELIMINATE THE TRAITOR CORPORATIONS AND BETRAYERS OF THE ENEMIES OF HUMAN SICKNESS, OVERWHELMING HATE AND ANGER AND OVERWHELMING THE DEBT OF RM 1.5 TRILLION",translated,google_translate_auto_to_en,negative,relabel,translated English contains stronger negative sentiment cues
YT_UgxajXWD9lfkXyAIUhp4AaABAg,YouTube,top_level_comment,UgxajXWD9lfkXyAIUhp4AaABAg,UgxajXWD9lfkXyAIUhp4AaABAg,0zi0v_kJ7BE,"Belanjawan 2026: Bantuan tunai STR dikurang RM300, Sara naik",KiniTV,https://www.youtube.com/watch?v=0zi0v_kJ7BE,2025-10-13T05:24:51Z,cost_of_living_public_policy,"Minyak kasi turun,str pulak dia bagi kurang,apa bezanya.",eb8a80f83d708698e09e,2025-10-14T03:57:35Z,2025-10-14T03:57:35Z,0,0,True,True,none,,2026-06-17T15:11:41.176980+00:00,raw,,"Minyak kasi turun,str pulak dia bagi kurang,apa bezanya.",minyak kasi turun str pulak dia bagi kurang apa bezanya,10,56,0,False,True,0,0,0,BM,id,0,0,,False,False,accepted,negative,0.5239971876144409,0.3219205141067505,0.1540822982788086,0.5239971876144409,0.2020766735076904,low,high,low_confidence,neutral,reviewed,,neutral,cardiffnlp/twitter-xlm-roberta-base-sentiment-multilingual,automatic_prelabel,positive | neutral | negative | uncertain,True,197,2026-06-18 16:02:33,human_manual_review,,,,,True,final_youtube_sentiment_825_balanced,2026-06-18 20:43:24,53,"Minyak kasi turun,str pulak dia bagi kurang,apa bezanya.","Because the oil is down, the str will be less, what's the difference.",translated,google_translate_auto_to_en,neutral,keep,current label is acceptable
YT_UgxF1t0xcYPKrWegQi54AaABAg,YouTube,top_level_comment,UgxF1t0xcYPKrWegQi54AaABAg,UgxF1t0xcYPKrWegQi54AaABAg,MpBToZaCuWE,LRT derailment: Commuters want track and train maintenance to be enhanced,The Star,https://www.youtube.com/watch?v=MpBToZaCuWE,2026-05-28T08:54:43Z,transport_public_services,"No money to repair.!!!!!! Money to tight, all go to Pockets.",6751b908956ea180a67e,2026-05-28T09:11:35Z,2026-05-28T09:11:35Z,70,13,True,True,none,,2026-06-17T15:11:46.539478+00:00,raw,,"No money to repair.!! Money to tight, all go to Pockets.",no money to repair money to tight all go to pockets,11,56,0,False,True,0,0,0,EN,en,0,0,,False,False,accepted,neutral,0.1813652068376541,0.725607693195343,0.0930271223187446,0.725607693195343,0.5442424863576889,medium,medium,medium_confidence | neutral_prediction,negative,reviewed,,negative,cardiffnlp/twitter-xlm-roberta-base-sentiment-multilingual,automatic_prelabel,positive | neutral | negative | uncertain,True,416,2026-06-18 18:36:07,human_manual_review,,,,,True,final_youtube_sentiment_825_balanced,2026-06-18 20:43:24,456,"No money to repair.!! Money to tight, all go to Pockets.","No money to repair.!! Money to tight, all go to Pockets.",kept_original_english,none,negative,keep,current label is acceptable or ambiguous
YT_UgwcrjmbFnY8Uk8Mir54AaABAg,YouTube,top_level_comment,UgwcrjmbFnY8Uk8Mir54AaABAg,UgwcrjmbFnY8Uk8Mir54AaABAg,ze_IuVwkuFc,KTMB's 'ghost train' transforms commute for students from the interior,The Star,https://www.youtube.com/watch?v=ze_IuVwkuFc,2026-01-11T13:05:33Z,transport_public_services,Alhamdulilah. It's great to see and hear that they start to use public transport as their daily travelling medium. Hope the government upkeep the service to attract more citizen to use public transport,b5fc0bed12209b5dd28d,2026-01-12T10:50:15Z,2026-01-12T10:50:15Z,30,0,True,True,none,,2026-06-17T15:11:47.668612+00:00,raw,,Alhamdulilah. It's great to see and hear that they start to use public transport as their daily travelling medium. Hope the government upkeep the service to attract more citizen to use public transport,alhamdulilah it s great to see and hear that they start to use public transport as their daily travelling medium hope the government upkeep the service to attract more citizen to use public transport,33,201,0,False,True,0,0,0,EN,en,0,7,,False,False,accepted,positive,0.0338661782443523,0.0407076850533485,0.925426185131073,0.925426185131073,0.8847185000777245,high,low,,positive,reviewed,,positive,cardiffnlp/twitter-xlm-roberta-base-sentiment-multilingual,automatic_prelabel,positive | neutral | negative | uncertain,True,635,2026-06-18 19:12:56,human_manual_review,,,,,True,final_youtube_sentiment_825_balanced,2026-06-18 20:43:24,697,Alhamdulilah. It's great to see and hear that they start to use public transport as their daily travelling medium. Hope the government upkeep the service to attract more citizen to use public transport,Alhamdulilah. It's great to see and hear that they start to use public transport as their daily travelling medium. Hope the government upkeep the service to attract more citizen to use public transport,kept_original_english,none,positive,keep,current label is acceptable or ambiguous
YT_UgyacXowXjNwGo-PGyh4AaABAg,YouTube,top_level_comment,UgyacXowXjNwGo-PGyh4AaABAg,UgyacXowXjNwGo-PGyh4AaABAg,oULUeT07fa0,JPJ MALAYSIA? ADA APA APA JAWAPAN KE? SITA KENDERAAN ORANG SAMPAI BERBULAN BULAN? TERIMA KASIH SINGH,Bossrul Channel,https://www.youtube.com/watch?v=oULUeT07fa0,2025-07-01T02:14:17Z,transport_public_services,On this matter citizens support ota singh absolutely correctly said everyone got their problems and other works to do bring them to court and solve the problems it's much more better than delaying the matter and giving inconvenience to citizens...Hope JPJ will work together...,9f7f813687d8bae5059c,2025-07-03T02:53:56Z,2025-07-03T02:53:56Z,5,0,True,True,none,,2026-06-17T15:11:49.222660+00:00,raw,,On this matter citizens support ota singh absolutely correctly said everyone got their problems and other works to do bring them to court and solve the problems it's much more better than delaying the matter and giving inconvenience to citizens..Hope JPJ will work together..,on this matter citizens support ota singh absolutely correctly said everyone got their problems and other works to do bring them to court and solve the problems it s much more better than delaying the matter and giving inconvenience to citizens hope jpj will work together,45,275,0,False,True,0,0,0,EN,en,0,5,,False,False,accepted,positive,0.1922173947095871,0.3252717852592468,0.4825108349323272,0.4825108349323272,0.1572390496730804,low,high,low_confidence,positive,reviewed,Added from reviewed positive supplement,positive,cardiffnlp/twitter-xlm-roberta-base-sentiment-multilingual,automatic_prelabel,,False,78,2026-06-18 20:33:38,human_manual_review_positive_supplement,available,,positive_shortage_after_manual_review,positive,True,final_youtube_sentiment_825_balanced,2026-06-18 20:43:24,553,On this matter citizens support ota singh absolutely correctly said everyone got their problems and other works to do bring them to court and solve the problems it's much more better than delaying the matter and giving inconvenience to citizens..Hope JPJ will work together..,On this matter citizens support ota singh absolutely correctly said everyone got their problems and other works to do bring them to court and solve the problems it's much more better than delaying the matter and giving inconvenience to citizens..Hope JPJ will work together..,kept_original_english,none,positive,keep,current label is acceptable or ambiguous
YT_UgxmndhlhT1O8SLERYx4AaABAg,YouTube,top_level_comment,UgxmndhlhT1O8SLERYx4AaABAg,UgxmndhlhT1O8SLERYx4AaABAg,pByBSEMjiyo,MENJELANG AIDILFITRI | PM Umum Cuti Tambahan Sehari Sambut Hari Raya Aidilfitri,Buletin TV3,https://www.youtube.com/watch?v=pByBSEMjiyo,2026-03-15T05:40:33Z,festivals_national_events,"Negeri Kedah,ganu,kelate kalau raya pertama hari sabtu,cuti tambaham jumaat akan dibawak kepada Isnin.",37b0e2b6017c36f2c068,2026-03-15T08:29:06Z,2026-03-15T08:29:06Z,0,0,True,True,none,,2026-06-17T15:11:43.138836+00:00,raw,,"Negeri Kedah,ganu,kelate kalau raya pertama hari sabtu,cuti tambaham jumaat akan dibawak kepada Isnin.",negeri kedah ganu kelate kalau raya pertama hari sabtu cuti tambaham jumaat akan dibawak kepada isnin,16,102,0,False,True,0,0,0,BM,id,1,0,,False,False,accepted,neutral,0.186777651309967,0.5205563902854919,0.2926659286022186,0.5205563902854919,0.2278904616832733,low,high,low_confidence | neutral_prediction,neutral,reviewed,,neutral,cardiffnlp/twitter-xlm-roberta-base-sentiment-multilingual,automatic_prelabel,positive | neutral | negative | uncertain,True,186,2026-06-18 16:00:31,human_manual_review,,,,,True,final_youtube_sentiment_825_balanced,2026-06-18 20:43:24,814,"Negeri Kedah,ganu,kelate kalau raya pertama hari sabtu,cuti tambaham jumaat akan dibawak kepada Isnin.","In the states of Kedah, Ganu, Kelate, if the first Raya is on Saturday, the additional holiday on Friday will be brought to Monday.",translated,google_translate_auto_to_en,neutral,keep,current label is acceptable
YT_Ugy7SIHCPqbaSOY_lHB4AaABAg,YouTube,top_level_comment,Ugy7SIHCPqbaSOY_lHB4AaABAg,Ugy7SIHCPqbaSOY_lHB4AaABAg,FgMUKH-xEec,"Kerajaan setuju semakan tarik subsidi minyak golongan berpendapatan tinggi, kata PM",Free Malaysia Today,https://www.youtube.com/watch?v=FgMUKH-xEec,2026-05-10T09:06:58Z,cost_of_living_public_policy,"TUKAR SUBSIDI PETROL WARGANEGARA 🇲🇾 YANG GUNA MYCARD OLEH --> JUTAWAN DAN TAUKE Y TERLEBIH MEWAH KE SUBSIDI T.N.B BIL ELEKTRIK RM20 ATAU RM15 KE BAWAH BULANAN (TEPAT SASARAN) RUMAH KELUARGA --> B40 TERBAWAH , BOLEH MEREKA BELI ANAK ANAK BELI BAJU BUNDLE ATAU KASUT SECOND HAND BIL ELEKTRIK YANG WAJIB D BAYAR .",427ddf04eb1fed7c22a5,2026-05-10T11:52:13Z,2026-05-10T11:52:13Z,1,0,True,True,none,,2026-06-17T15:11:41.872369+00:00,raw,,"TUKAR SUBSIDI PETROL WARGANEGARA 🇲🇾 YANG GUNA MYCARD OLEH --> JUTAWAN DAN TAUKE Y TERLEBIH MEWAH KE SUBSIDI T.N.B BIL ELEKTRIK RM20 ATAU RM15 KE BAWAH BULANAN (TEPAT SASARAN) RUMAH KELUARGA --> B40 TERBAWAH , BOLEH MEREKA BELI ANAK ANAK BELI BAJU BUNDLE ATAU KASUT SECOND HAND BIL ELEKTRIK YANG WAJIB D BAYAR .",tukar subsidi petrol warganegara yang guna mycard oleh jutawan dan tauke y terlebih mewah ke subsidi t n b bil elektrik rm20 atau rm15 ke bawah bulanan tepat sasaran rumah keluarga b40 terbawah boleh mereka beli anak anak beli baju bundle atau kasut second hand bil elektrik yang wajib d bayar,51,310,1,False,True,0,0,0,BM,de,5,0,,False,False,accepted,neutral,0.1973096877336502,0.4886563420295715,0.314033955335617,0.4886563420295715,0.1746223866939544,low,high,low_confidence | neutral_prediction,negative,reviewed,,negative,cardiffnlp/twitter-xlm-roberta-base-sentiment-multilingual,automatic_prelabel,positive | neutral | negative | uncertain,True,132,2026-06-18 15:51:06,human_manual_review,,,,,True,final_youtube_sentiment_825_balanced,2026-06-18 20:43:24,152,"TUKAR SUBSIDI PETROL WARGANEGARA 🇲🇾 YANG GUNA MYCARD OLEH --> JUTAWAN DAN TAUKE Y TERLEBIH MEWAH KE SUBSIDI T.N.B BIL ELEKTRIK RM20 ATAU RM15 KE BAWAH BULANAN (TEPAT SASARAN) RUMAH KELUARGA --> B40 TERBAWAH , BOLEH MEREKA BELI ANAK ANAK BELI BAJU BUNDLE ATAU KASUT SECOND HAND BIL ELEKTRIK YANG WAJIB D BAYAR .","CHANGE PETROL SUBSIDIES FOR CITIZENS 🇲🇾 WHO USE MYCARD BY --> THE MOST LUXURIOUS MILLIONAIRE AND TAUKE Y TO T.N.B SUBSIDIES ELECTRIC BILL RM20 OR RM15 UNDER MONTHLY (EXACTLY TARGET) FAMILY HOME --> B40 BELOW , THEY CAN BUY CHILDREN BUY BUNDLE SHIRTS OR SHOES SECOND HAND ELECTRIC BILL THAT IS MANDATORY D PAY.",translated,google_translate_auto_to_en,neutral,relabel,translated English appears informational/unclear rather than explicit sentiment
YT_UgzqcVWlBhRD-VgmUzl4AaABAg,YouTube,top_level_comment,UgzqcVWlBhRD-VgmUzl4AaABAg,UgzqcVWlBhRD-VgmUzl4AaABAg,zCSY4bGWUXc,"Suara Rakyat: Nilai semula subsidi petrol golongan kaya, apa kata orang miskin?",Astro AWANI,https://www.youtube.com/watch?v=zCSY4bGWUXc,2026-05-11T12:14:22Z,cost_of_living_public_policy,Guru2 banyak dah lepas income T20 tambah lagi husband and wife kerja.,b5f3e4393d2e3f739616,2026-05-13T01:39:11Z,2026-05-13T01:39:11Z,0,0,True,True,none,,2026-06-17T15:11:37.970506+00:00,raw,,Guru2 banyak dah lepas income T20 tambah lagi husband and wife kerja.,guru2 banyak dah lepas income t20 tambah lagi husband and wife kerja,12,69,0,False,True,0,0,0,MIXED,id,2,1,,False,False,accepted,neutral,0.1747201979160308,0.4501914381980896,0.3750882744789123,0.4501914381980896,0.0751031637191772,low,high,low_confidence | small_probability_margin | neutral_prediction | mixed_language,negative,reviewed,,negative,cardiffnlp/twitter-xlm-roberta-base-sentiment-multilingual,automatic_prelabel,positive | neutral | negative | uncertain,True,82,2026-06-18 15:41:45,human_manual_review,,,,,True,final_youtube_sentiment_825_balanced,2026-06-18 20:43:24,577,Guru2 banyak dah lepas income T20 tambah lagi husband and wife kerja.,Many teachers have lost T20 income and added husband and wife to work.,translated,google_translate_auto_to_en,positive,relabel,positive/supportive cues outweigh negative label after translation
YT_UgzpYq78MIwYHXwcnbZ4AaABAg,YouTube,top_level_comment,UgzpYq78MIwYHXwcnbZ4AaABAg,UgzpYq78MIwYHXwcnbZ4AaABAg,bjYbNs8TvLc,[PENUH] Perkembangan Terkini Proses Cerapan Anak Bulan Syawal | 19 Mac 2026,Buletin TV3,https://www.youtube.com/watch?v=bjYbNs8TvLc,2026-03-19T10:26:41Z,festivals_national_events,"Saspens pulak rasa, harap sabtu raya tak kelam kabut sgt 😅",d444b7ab84c3ff188f63,2026-03-19T11:55:22Z,2026-03-19T11:55:22Z,11,2,True,True,none,,2026-06-17T15:11:44.348129+00:00,raw,,"Saspens pulak rasa, harap sabtu raya tak kelam kabut sgt 😅",saspens pulak rasa harap sabtu raya tak kelam kabut sgt,10,58,1,False,True,0,0,0,BM,id,1,0,,False,False,accepted,negative,0.5439435243606567,0.1947965770959854,0.2612599432468414,0.5439435243606567,0.2826835811138153,low,high,low_confidence,neutral,reviewed,,neutral,cardiffnlp/twitter-xlm-roberta-base-sentiment-multilingual,automatic_prelabel,positive | neutral | negative | uncertain,True,237,2026-06-18 16:53:01,human_manual_review,,,,,True,final_youtube_sentiment_825_balanced,2026-06-18 20:43:24,134,"Saspens pulak rasa, harap sabtu raya tak kelam kabut sgt 😅","It's suspenseful, I hope Saturday Raya isn't too foggy 😅",translated,google_translate_auto_to_en,positive,keep,current label is acceptable or ambiguous
YT_UgxD7H-lhdfhM7DPdSB4AaABAg,YouTube,top_level_comment,UgxD7H-lhdfhM7DPdSB4AaABAg,UgxD7H-lhdfhM7DPdSB4AaABAg,zCSY4bGWUXc,"Suara Rakyat: Nilai semula subsidi petrol golongan kaya, apa kata orang miskin?",Astro AWANI,https://www.youtube.com/watch?v=zCSY4bGWUXc,2026-05-11T12:14:22Z,cost_of_living_public_policy,Kasi kurangkan subsidy je utk semua org to 100 liter je,420b156bc137e0de3d21,2026-05-11T15:10:12Z,2026-05-11T15:10:12Z,0,0,True,True,none,,2026-06-17T15:11:37.970990+00:00,raw,,Kasi kurangkan subsidy je utk semua org to 100 liter je,kasi kurangkan subsidy je utk semua org to 100 liter je,11,55,0,False,True,0,0,0,BM,id,1,0,,False,False,accepted,neutral,0.3717384040355682,0.3759391605854034,0.2523224055767059,0.3759391605854034,0.0042007565498352,low,high,low_confidence | small_probability_margin | neutral_prediction,neutral,reviewed,,neutral,cardiffnlp/twitter-xlm-roberta-base-sentiment-multilingual,automatic_prelabel,positive | neutral | negative | uncertain,True,17,2026-06-18 15:26:16,human_manual_review,,,,,True,final_youtube_sentiment_825_balanced,2026-06-18 20:43:24,394,Kasi kurangkan subsidy je utk semua org to 100 liter je,Please reduce the subsidy for all people to 100 liters only,translated,google_translate_auto_to_en,neutral,keep,current label is acceptable
YT_Ugy9PPvyC-NICMuXor54AaABAg,YouTube,top_level_comment,Ugy9PPvyC-NICMuXor54AaABAg,Ugy9PPvyC-NICMuXor54AaABAg,lWY3O9pFexo,KOS SARA HIDUP | PM Umum Butiran Penghargaan Untuk Rakyat Esok (BU),Buletin TV3,https://www.youtube.com/watch?v=lWY3O9pFexo,2025-07-22T12:11:44Z,cost_of_living_public_policy,Alhamdulillah telur turun 3 sen.RoN 95 turun 4 sen.,b2e1a84a69db5e006156,2025-07-22T14:13:02Z,2025-07-22T14:13:02Z,1,0,True,True,none,,2026-06-17T15:11:38.667089+00:00,raw,,Alhamdulillah telur turun 3 sen.RoN 95 turun 4 sen.,alhamdulillah telur turun 3 sen ron 95 turun 4 sen,10,51,0,False,True,0,0,0,BM,id,0,0,,False,False,accepted,positive,0.0850094333291053,0.1954227685928344,0.7195678353309631,0.7195678353309631,0.5241450667381287,medium,medium,medium_confidence,positive,reviewed,,positive,cardiffnlp/twitter-xlm-roberta-base-sentiment-multilingual,automatic_prelabel,positive | neutral | negative | uncertain,True,409,2026-06-18 18:35:00,human_manual_review,,,,,True,final_youtube_sentiment_825_balanced,2026-06-18 20:43:24,276,Alhamdulillah telur turun 3 sen.RoN 95 turun 4 sen.,Alhamdulillah eggs went down by 3 sen. RoN 95 went down by 4 sen.,translated,google_translate_auto_to_en,neutral,relabel,translated English appears informational/unclear rather than explicit sentiment
YT_UgypfWn7QXL41_0Gjal4AaABAg,YouTube,top_level_comment,UgypfWn7QXL41_0Gjal4AaABAg,UgypfWn7QXL41_0Gjal4AaABAg,lWY3O9pFexo,KOS SARA HIDUP | PM Umum Butiran Penghargaan Untuk Rakyat Esok (BU),Buletin TV3,https://www.youtube.com/watch?v=lWY3O9pFexo,2025-07-22T12:11:44Z,cost_of_living_public_policy,23.7.2025 (8.08 minit pagi) ..... Lagi 2jam menunggu pengumuman,5c18a7e963c940492946,2025-07-23T00:08:45Z,2025-07-23T00:08:45Z,0,0,True,True,none,,2026-06-17T15:11:38.330247+00:00,raw,,23.7.2025 (8.08 minit pagi) .. Lagi 2jam menunggu pengumuman,23 7 2025 8 08 minit pagi lagi 2jam menunggu pengumuman,11,60,0,False,True,0,0,0,BM,id,1,0,,False,False,accepted,neutral,0.0165024287998676,0.9188656210899352,0.0646319463849067,0.9188656210899352,0.8542336747050285,high,medium,neutral_prediction,neutral,reviewed,,neutral,cardiffnlp/twitter-xlm-roberta-base-sentiment-multilingual,automatic_prelabel,positive | neutral | negative | uncertain,True,570,2026-06-18 19:03:21,human_manual_review,,,,,True,final_youtube_sentiment_825_balanced,2026-06-18 20:43:24,478,23.7.2025 (8.08 minit pagi) .. Lagi 2jam menunggu pengumuman,23.7.2025 (8.08 minutes in the morning) .. Another 2 hours waiting for the announcement,translated,google_translate_auto_to_en,neutral,keep,current label is acceptable
YT_UgzcL3nzWww7Rh2mxAZ4AaABAg,YouTube,top_level_comment,UgzcL3nzWww7Rh2mxAZ4AaABAg,UgzcL3nzWww7Rh2mxAZ4AaABAg,oULUeT07fa0,JPJ MALAYSIA? ADA APA APA JAWAPAN KE? SITA KENDERAAN ORANG SAMPAI BERBULAN BULAN? TERIMA KASIH SINGH,Bossrul Channel,https://www.youtube.com/watch?v=oULUeT07fa0,2025-07-01T02:14:17Z,transport_public_services,"PEGI MAMPOS LAA, KAMI JPJ KAMI PUNYA SUKA LAA, HIDUP SANTAI SANTAI SUDAH",c12f24a68c4afefe0405,2025-07-04T11:48:50Z,2025-07-04T11:48:50Z,0,0,True,True,none,,2026-06-17T15:11:48.879258+00:00,raw,,"PEGI MAMPOS LAA, KAMI JPJ KAMI PUNYA SUKA LAA, HIDUP SANTAI SANTAI SUDAH",pegi mampos laa kami jpj kami punya suka laa hidup santai santai sudah,13,72,0,False,True,0,0,0,BM,de,2,0,,False,False,accepted,positive,0.2774944901466369,0.1793756037950515,0.5431299209594727,0.5431299209594727,0.2656354308128357,low,high,low_confidence,negative,reviewed,,negative,cardiffnlp/twitter-xlm-roberta-base-sentiment-multilingual,automatic_prelabel,positive | neutral | negative | uncertain,True,235,2026-06-18 16:52:47,human_manual_review,,,,,True,final_youtube_sentiment_825_balanced,2026-06-18 20:43:24,217,"PEGI MAMPOS LAA, KAMI JPJ KAMI PUNYA SUKA LAA, HIDUP SANTAI SANTAI SUDAH","GO MAMPOS LAA, WE ARE JPJ WE HAVE SUKA LAA, LIFE IS RELAXED ALREADY",translated,google_translate_auto_to_en,neutral,relabel,translated English appears informational/unclear rather than explicit sentiment
YT_UgxJHtGjdMt0fqr1x6R4AaABAg,YouTube,top_level_comment,UgxJHtGjdMt0fqr1x6R4AaABAg,UgxJHtGjdMt0fqr1x6R4AaABAg,hXMCJ90cK7M,Car vs Public Transport in Malaysia. Who Wins?,Mr Money TV,https://www.youtube.com/watch?v=hXMCJ90cK7M,2025-05-23T12:42:56Z,transport_public_services,"Fun little episode but the harsh reality is that we still need car at the end of the day. This scenario is basically the best case for public transport as all destinations and the starting point are near train stations. If the starting point were Bandar Bukit Puchong the story would have been very different haha... BUT at the same time, if you are lucky and your starting point and destination are near train stations, I'd whole heatedly take it. No stress from jam, no stress from parking, can do other things whilst in the train.",090bf712c040756308c0,2025-05-23T17:34:49Z,2025-05-23T17:36:00Z,37,2,True,True,none,,2026-06-17T15:11:46.928036+00:00,raw,,"Fun little episode but the harsh reality is that we still need car at the end of the day. This scenario is basically the best case for public transport as all destinations and the starting point are near train stations. If the starting point were Bandar Bukit Puchong the story would have been very different haha.. BUT at the same time, if you are lucky and your starting point and destination are near train stations, I'd whole heatedly take it. No stress from jam, no stress from parking, can do other things whilst in the train.",fun little episode but the harsh reality is that we still need car at the end of the day this scenario is basically the best case for public transport as all destinations and the starting point are near train stations if the starting point were bandar bukit puchong the story would have been very different haha but at the same time if you are lucky and your starting point and destination are near train stations i d whole heatedly take it no stress from jam no stress from parking can do other things whilst in the train,96,532,0,False,True,0,0,0,MIXED,en,1,12,,False,False,accepted,neutral,0.3449565470218658,0.4055811166763305,0.2494623661041259,0.4055811166763305,0.0606245696544647,low,high,low_confidence | small_probability_margin | neutral_prediction | mixed_language,neutral,reviewed,,neutral,cardiffnlp/twitter-xlm-roberta-base-sentiment-multilingual,automatic_prelabel,positive | neutral | negative | uncertain,True,35,2026-06-18 15:31:27,human_manual_review,,,,,True,final_youtube_sentiment_825_balanced,2026-06-18 20:43:24,711,"Fun little episode but the harsh reality is that we still need car at the end of the day. This scenario is basically the best case for public transport as all destinations and the starting point are near train stations. If the starting point were Bandar Bukit Puchong the story would have been very different haha.. BUT at the same time, if you are lucky and your starting point and destination are near train stations, I'd whole heatedly take it. No stress from jam, no stress from parking, can do other things whilst in the train.","Fun little episode but the harsh reality is that we still need car at the end of the day. This scenario is basically the best case for public transport as all destinations and the starting point are near train stations. If the starting point were Bandar Bukit Puchong the story would have been very different haha.. BUT at the same time, if you are lucky and your starting point and destination are near train stations, I'd whole heatedly take it. No stress from jam, no stress from parking, can do other things whilst in the train.",kept_original_english,none,positive,relabel,translated English contains stronger positive/supportive sentiment cues
YT_Ugz7s47ilzB_KeAW_sV4AaABAg,YouTube,top_level_comment,Ugz7s47ilzB_KeAW_sV4AaABAg,Ugz7s47ilzB_KeAW_sV4AaABAg,ze_IuVwkuFc,KTMB's 'ghost train' transforms commute for students from the interior,The Star,https://www.youtube.com/watch?v=ze_IuVwkuFc,2026-01-11T13:05:33Z,transport_public_services,Train to Busan ni,d966e02f96c439950e32,2026-01-16T04:21:44Z,2026-01-16T04:21:44Z,0,0,True,True,none,,2026-06-17T15:11:47.667878+00:00,raw,,Train to Busan ni,train to busan ni,4,17,0,False,True,0,0,0,EN,tl,0,1,,False,False,accepted,neutral,0.1687238812446594,0.5689395666122437,0.2623364925384521,0.5689395666122437,0.3066030740737915,low,high,low_confidence | neutral_prediction,neutral,reviewed,,neutral,cardiffnlp/twitter-xlm-roberta-base-sentiment-multilingual,automatic_prelabel,positive | neutral | negative | uncertain,True,288,2026-06-18 17:09:27,human_manual_review,,,,,True,final_youtube_sentiment_825_balanced,2026-06-18 20:43:24,417,Train to Busan ni,Train to Busan ni,kept_original_english,none,neutral,keep,current label is acceptable
YT_UgzR0rXcKosswZY8eG54AaABAg,YouTube,top_level_comment,UgzR0rXcKosswZY8eG54AaABAg,UgzR0rXcKosswZY8eG54AaABAg,dDRZ6AZbcfw,Malaysian Hawker Fights To Keep His Noodles Affordable As Food Prices Rise | Money Mind | Inflation,CNA Insider,https://www.youtube.com/watch?v=dDRZ6AZbcfw,2025-11-25T14:01:10Z,cost_of_living_public_policy,Good luck Paul! We're all rooting for you,fe7a5548865a4475ef5f,2025-11-26T00:46:45Z,2025-11-26T00:46:45Z,1,0,True,True,none,,2026-06-17T15:11:42.418819+00:00,raw,,Good luck Paul! We're all rooting for you,good luck paul we re all rooting for you,8,41,0,False,True,0,0,0,EN,en,0,2,,False,False,accepted,positive,0.0038986892905086,0.011277568526566,0.9848237037658693,0.9848237037658693,0.9735461352393032,high,low,,positive,reviewed,,positive,cardiffnlp/twitter-xlm-roberta-base-sentiment-multilingual,automatic_prelabel,positive | neutral | negative | uncertain,True,823,2026-06-18 19:54:11,human_manual_review,,,,,True,final_youtube_sentiment_825_balanced,2026-06-18 20:43:24,666,Good luck Paul! We're all rooting for you,Good luck Paul! We're all rooting for you,kept_original_english,none,positive,keep,current label is acceptable or ambiguous
YT_UgwHAzxiqxm_-Wm6Id14AaABAg,YouTube,top_level_comment,UgwHAzxiqxm_-Wm6Id14AaABAg,UgwHAzxiqxm_-Wm6Id14AaABAg,qlQj6Zlgc-M,MyDigital ID akan diwajibkan untuk akses aplikasi MyJPJ & MyBayar PDRM!,SoyaCincau BM,https://www.youtube.com/watch?v=qlQj6Zlgc-M,2025-08-27T12:39:08Z,technology_digital_services,Daftar je nti apa2 hal dia org senang carik ko kt umh😂,91f27eb8395b2703d317,2026-01-26T16:27:07Z,2026-01-26T16:27:07Z,6,0,True,True,none,,2026-06-17T15:11:45.563781+00:00,raw,,Daftar je nti apa2 hal dia org senang carik ko kt umh😂,daftar je nti apa2 hal dia org senang carik ko kt umh,12,54,1,False,True,0,0,0,BM,id,1,0,,False,False,accepted,neutral,0.2943009436130523,0.3892762660980224,0.3164227604866028,0.3892762660980224,0.0728535056114196,low,high,low_confidence | small_probability_margin | neutral_prediction,negative,reviewed,,negative,cardiffnlp/twitter-xlm-roberta-base-sentiment-multilingual,automatic_prelabel,positive | neutral | negative | uncertain,True,25,2026-06-18 15:28:47,human_manual_review,,,,,True,final_youtube_sentiment_825_balanced,2026-06-18 20:43:24,307,Daftar je nti apa2 hal dia org senang carik ko kt umh😂,Just register so that people are happy to find things out for you umh😂,translated,google_translate_auto_to_en,positive,relabel,positive/supportive cues outweigh negative label after translation
YT_UgzA5tL7sSxAHV3alT54AaABAg,YouTube,top_level_comment,UgzA5tL7sSxAHV3alT54AaABAg,UgzA5tL7sSxAHV3alT54AaABAg,UGAL8690ngc,"Bantuan Asas Rahmah diteruskan: RM100 untuk  dewasa, RM500 untuk penerima miskin tegar - Anwar",KiniTV,https://www.youtube.com/watch?v=UGAL8690ngc,2026-01-05T06:06:45Z,cost_of_living_public_policy,Kami golongan T20 pun dapat bantuan..terbaik pmx..,6e9f60da661deb415ce9,2026-01-07T14:25:56Z,2026-01-07T14:25:56Z,0,0,True,True,none,,2026-06-17T15:11:40.405726+00:00,raw,,Kami golongan T20 pun dapat bantuan..terbaik pmx..,kami golongan t20 pun dapat bantuan terbaik pmx,8,50,0,False,True,0,0,0,BM,id,3,0,,False,False,accepted,positive,0.0493987053632736,0.0658522546291351,0.8847489953041077,0.8847489953041077,0.8188967406749725,high,low,,positive,reviewed,,positive,cardiffnlp/twitter-xlm-roberta-base-sentiment-multilingual,automatic_prelabel,positive | neutral | negative | uncertain,True,616,2026-06-18 19:09:32,human_manual_review,,,,,True,final_youtube_sentiment_825_balanced,2026-06-18 20:43:24,479,Kami golongan T20 pun dapat bantuan..terbaik pmx..,We in the T20 group also got help.. the best pmx..,translated,google_translate_auto_to_en,positive,keep,current label is acceptable or ambiguous
YT_UgybHmdaw6B9zRiEoMJ4AaABAg,YouTube,top_level_comment,UgybHmdaw6B9zRiEoMJ4AaABAg,UgybHmdaw6B9zRiEoMJ4AaABAg,UGAL8690ngc,"Bantuan Asas Rahmah diteruskan: RM100 untuk  dewasa, RM500 untuk penerima miskin tegar - Anwar",KiniTV,https://www.youtube.com/watch?v=UGAL8690ngc,2026-01-05T06:06:45Z,cost_of_living_public_policy,"Terima kasih PMX ...kami yg sangat memerlukan duit tu, tertunggu² kemasukan duit tu dlm ic...",4904d434926fe9878774,2026-01-06T07:13:46Z,2026-01-06T07:13:46Z,12,0,True,True,none,,2026-06-17T15:11:40.406337+00:00,raw,,"Terima kasih PMX ..kami yg sangat memerlukan duit tu, tertunggu2 kemasukan duit tu dlm ic..",terima kasih pmx kami yg sangat memerlukan duit tu tertunggu2 kemasukan duit tu dlm ic,15,91,0,False,True,0,0,0,BM,id,2,0,,False,False,accepted,positive,0.0673687011003494,0.1051228269934654,0.8275084495544434,0.8275084495544434,0.7223856225609779,high,low,,positive,reviewed,Added from reviewed positive supplement,positive,cardiffnlp/twitter-xlm-roberta-base-sentiment-multilingual,automatic_prelabel,,False,33,2026-06-18 20:33:38,human_manual_review_positive_supplement,available,,positive_shortage_after_manual_review,positive,True,final_youtube_sentiment_825_balanced,2026-06-18 20:43:24,574,"Terima kasih PMX ..kami yg sangat memerlukan duit tu, tertunggu2 kemasukan duit tu dlm ic..","Thank you PMX .. we are the ones who really need the money, we are waiting for the money to be entered in the ic..",translated,google_translate_auto_to_en,positive,keep,current label is acceptable or ambiguous
YT_UgwU4AcxHob40SlnBBV4AaABAg,YouTube,top_level_comment,UgwU4AcxHob40SlnBBV4AaABAg,UgwU4AcxHob40SlnBBV4AaABAg,mVmYibok-7A,[TERKINI] MOF sekat MyKad individu salah guna subsidi BUDI95,Astro AWANI,https://www.youtube.com/watch?v=mVmYibok-7A,2026-03-23T23:22:33Z,cost_of_living_public_policy,"Yg ambil video juga kena siasat,pegang telpon kawasan petrol pum satu kesalahan besar silap haribulan boleh membawa kebakaran",3cce8311506b34de8476,2026-03-24T04:14:32Z,2026-03-24T04:14:32Z,8,2,True,True,none,,2026-06-17T15:11:39.038389+00:00,raw,,"Yg ambil video juga kena siasat,pegang telpon kawasan petrol pum satu kesalahan besar silap haribulan boleh membawa kebakaran",yg ambil video juga kena siasat pegang telpon kawasan petrol pum satu kesalahan besar silap haribulan boleh membawa kebakaran,19,125,0,False,True,0,0,0,BM,id,2,0,,False,False,accepted,negative,0.9444831013679504,0.0279042590409517,0.0276126079261302,0.9444831013679504,0.9165788423269988,high,low,,neutral,reviewed,Changed from negative to neutral after text-based manual review,neutral,cardiffnlp/twitter-xlm-roberta-base-sentiment-multilingual,automatic_prelabel,positive | neutral | negative | uncertain,True,670,2026-06-18 20:41:44,human_manual_text_based_negative_recheck,,,,,True,final_youtube_sentiment_825_balanced,2026-06-18 20:43:24,635,"Yg ambil video juga kena siasat,pegang telpon kawasan petrol pum satu kesalahan besar silap haribulan boleh membawa kebakaran","Those who took the video should also be investigated, holding the phone in the petrol pump area is a big mistake, wrong day of the month can lead to fire",translated,google_translate_auto_to_en,neutral,keep,current label is acceptable or ambiguous
YT_Ugxdq_csWLereKfWmyl4AaABAg,YouTube,top_level_comment,Ugxdq_csWLereKfWmyl4AaABAg,Ugxdq_csWLereKfWmyl4AaABAg,L-iPwc5b3oI,Malaysia rolls out the welcome mat for first tourists of 2026,The Star,https://www.youtube.com/watch?v=L-iPwc5b3oI,2026-01-01T05:54:35Z,tourism_lifestyle_events,"😂😂wow friendlynya muka dia, mcm nak makan orang",5a1162cbcf7e01b0f8ff,2026-01-01T22:22:04Z,2026-01-01T22:22:04Z,0,0,True,True,none,,2026-06-17T15:11:45.906497+00:00,raw,,"😂😂wow friendlynya muka dia, mcm nak makan orang",wow friendlynya muka dia mcm nak makan orang,8,47,2,False,True,0,0,0,BM,id,2,0,,False,False,accepted,positive,0.0421858802437782,0.0445441678166389,0.9132699370384216,0.9132699370384216,0.8687257692217827,high,low,,positive,reviewed,Added from reviewed positive supplement,positive,cardiffnlp/twitter-xlm-roberta-base-sentiment-multilingual,automatic_prelabel,,False,10,2026-06-18 20:33:38,human_manual_review_positive_supplement,available,,positive_shortage_after_manual_review,positive,True,final_youtube_sentiment_825_balanced,2026-06-18 20:43:24,542,"😂😂wow friendlynya muka dia, mcm nak makan orang","😂😂wow, his face is so friendly, it's like he wants to eat people",translated,google_translate_auto_to_en,neutral,relabel,translated English appears informational/unclear rather than explicit sentiment
YT_UgzMlPve-3yRGqBAjjp4AaABAg,YouTube,top_level_comment,UgzMlPve-3yRGqBAjjp4AaABAg,UgzMlPve-3yRGqBAjjp4AaABAg,L-iPwc5b3oI,Malaysia rolls out the welcome mat for first tourists of 2026,The Star,https://www.youtube.com/watch?v=L-iPwc5b3oI,2026-01-01T05:54:35Z,tourism_lifestyle_events,Want ringgit to appreciate more? Make sure to love all tourist even if there’s one spoilt apple amongst them. You can smash the rotten apple but don’t smash the fresh ones also.,0c4cb188a2a550d3c2a6,2026-01-01T07:53:56Z,2026-01-01T07:53:56Z,7,1,True,True,none,,2026-06-17T15:11:45.906873+00:00,raw,,Want ringgit to appreciate more? Make sure to love all tourist even if there’s one spoilt apple amongst them. You can smash the rotten apple but don’t smash the fresh ones also.,want ringgit to appreciate more make sure to love all tourist even if there s one spoilt apple amongst them you can smash the rotten apple but don t smash the fresh ones also,34,177,0,False,True,0,0,0,EN,en,0,2,,False,False,accepted,neutral,0.0704384893178939,0.5356017351150513,0.3939597606658935,0.5356017351150513,0.1416419744491577,low,high,low_confidence | small_probability_margin | neutral_prediction,neutral,reviewed,,neutral,cardiffnlp/twitter-xlm-roberta-base-sentiment-multilingual,automatic_prelabel,positive | neutral | negative | uncertain,True,222,2026-06-18 16:08:11,human_manual_review,,,,,True,final_youtube_sentiment_825_balanced,2026-06-18 20:43:24,804,Want ringgit to appreciate more? Make sure to love all tourist even if there’s one spoilt apple amongst them. You can smash the rotten apple but don’t smash the fresh ones also.,Want ringgit to appreciate more? Make sure to love all tourist even if there’s one spoilt apple amongst them. You can smash the rotten apple but don’t smash the fresh ones also.,kept_original_english,none,neutral,keep,current label is acceptable or ambiguous
YT_Ugz8IlOJbNEzeTi_pX14AaABAg,YouTube,top_level_comment,Ugz8IlOJbNEzeTi_pX14AaABAg,Ugz8IlOJbNEzeTi_pX14AaABAg,bjYbNs8TvLc,[PENUH] Perkembangan Terkini Proses Cerapan Anak Bulan Syawal | 19 Mac 2026,Buletin TV3,https://www.youtube.com/watch?v=bjYbNs8TvLc,2026-03-19T10:26:41Z,festivals_national_events,Mungkin raya tidak jadi tahun ini..anak bulan tidak nampak..nampak bulan pas sahaja tidak boleh kira,5d5d5220f6b421c7b51c,2026-03-19T12:31:27Z,2026-03-19T12:31:27Z,1,0,True,True,none,,2026-06-17T15:11:44.347871+00:00,raw,,Mungkin raya tidak jadi tahun ini..anak bulan tidak nampak..nampak bulan pas sahaja tidak boleh kira,mungkin raya tidak jadi tahun ini anak bulan tidak nampak nampak bulan pas sahaja tidak boleh kira,17,100,0,False,True,0,0,0,BM,id,3,0,,False,False,accepted,negative,0.7487581372261047,0.1649107486009597,0.0863310843706131,0.7487581372261047,0.583847388625145,medium,medium,medium_confidence,neutral,reviewed,Changed from negative to neutral after text-based manual review,neutral,cardiffnlp/twitter-xlm-roberta-base-sentiment-multilingual,automatic_prelabel,positive | neutral | negative | uncertain,True,438,2026-06-18 20:41:44,human_manual_text_based_negative_recheck,,,,,True,final_youtube_sentiment_825_balanced,2026-06-18 20:43:24,566,Mungkin raya tidak jadi tahun ini..anak bulan tidak nampak..nampak bulan pas sahaja tidak boleh kira,Maybe raya won't happen this year..the moon is not visible..the moon is only visible and cannot be counted,translated,google_translate_auto_to_en,negative,relabel,translated English contains stronger negative sentiment cues
YT_Ugz43h8uqlQs32emYsZ4AaABAg,YouTube,top_level_comment,Ugz43h8uqlQs32emYsZ4AaABAg,Ugz43h8uqlQs32emYsZ4AaABAg,UGAL8690ngc,"Bantuan Asas Rahmah diteruskan: RM100 untuk  dewasa, RM500 untuk penerima miskin tegar - Anwar",KiniTV,https://www.youtube.com/watch?v=UGAL8690ngc,2026-01-05T06:06:45Z,cost_of_living_public_policy,"Sara rm100 ke rm50, penerangan biar jelas pmx. Sbb ramai yg dah buat semakan, LAYAK tp amount rm50.",0c1a47ce8ff01f00599c,2026-01-10T12:19:16Z,2026-01-10T12:19:16Z,0,0,True,True,none,,2026-06-17T15:11:40.405497+00:00,raw,,"Sara rm100 ke rm50, penerangan biar jelas pmx. Sbb ramai yg dah buat semakan, LAYAK tp amount rm50.",sara rm100 ke rm50 penerangan biar jelas pmx sbb ramai yg dah buat semakan layak tp amount rm50,18,99,0,False,True,0,0,0,BM,id,2,0,,False,False,accepted,neutral,0.2785100638866424,0.4580499529838562,0.2634400129318237,0.4580499529838562,0.1795398890972137,low,high,low_confidence | neutral_prediction,negative,reviewed,,negative,cardiffnlp/twitter-xlm-roberta-base-sentiment-multilingual,automatic_prelabel,positive | neutral | negative | uncertain,True,92,2026-06-18 15:43:15,human_manual_review,,,,,True,final_youtube_sentiment_825_balanced,2026-06-18 20:43:24,454,"Sara rm100 ke rm50, penerangan biar jelas pmx. Sbb ramai yg dah buat semakan, LAYAK tp amount rm50.","Sara rm100 to rm50, clear explanation pmx. Because many people have already made a review, it is eligible but the amount is rm50.",translated,google_translate_auto_to_en,neutral,relabel,translated English appears informational/unclear rather than explicit sentiment
YT_UgyoWVFSA_cDu0aQb_l4AaABAg,YouTube,top_level_comment,UgyoWVFSA_cDu0aQb_l4AaABAg,UgyoWVFSA_cDu0aQb_l4AaABAg,lWY3O9pFexo,KOS SARA HIDUP | PM Umum Butiran Penghargaan Untuk Rakyat Esok (BU),Buletin TV3,https://www.youtube.com/watch?v=lWY3O9pFexo,2025-07-22T12:11:44Z,cost_of_living_public_policy,E wallet 50 keluarga madanon,92c4fe495092770d54a7,2025-07-22T14:58:22Z,2025-07-22T14:58:22Z,1,0,True,True,none,,2026-06-17T15:11:38.666906+00:00,raw,,E wallet 50 keluarga madanon,e wallet 50 keluarga madanon,5,28,0,False,True,0,0,0,BM,id,0,0,,False,False,accepted,neutral,0.1322461068630218,0.5675527453422546,0.3002010881900787,0.5675527453422546,0.2673516571521759,low,high,low_confidence | neutral_prediction,neutral,reviewed,,neutral,cardiffnlp/twitter-xlm-roberta-base-sentiment-multilingual,automatic_prelabel,positive | neutral | negative | uncertain,True,283,2026-06-18 17:08:38,human_manual_review,,,,,True,final_youtube_sentiment_825_balanced,2026-06-18 20:43:24,409,E wallet 50 keluarga madanon,E wallet 50 is available,translated,google_translate_auto_to_en,neutral,keep,current label is acceptable
YT_UgyPzDS0j1AVbUZidc94AaABAg,YouTube,top_level_comment,UgyPzDS0j1AVbUZidc94AaABAg,UgyPzDS0j1AVbUZidc94AaABAg,dDRZ6AZbcfw,Malaysian Hawker Fights To Keep His Noodles Affordable As Food Prices Rise | Money Mind | Inflation,CNA Insider,https://www.youtube.com/watch?v=dDRZ6AZbcfw,2025-11-25T14:01:10Z,cost_of_living_public_policy,"Incredible Tenacity to survive....Congratulations to this ""Noodle Chef"" & part time D.J.....Good Luck and Good Health and Prosperity to Him....👍🙏👌",6c95cf9574a6dfa84cf2,2025-11-26T05:49:29Z,2025-11-26T05:49:29Z,1,0,True,True,none,,2026-06-17T15:11:42.418682+00:00,raw,,"Incredible Tenacity to survive..Congratulations to this ""Noodle Chef"" & part time D.J..Good Luck and Good Health and Prosperity to Him..👍🙏👌",incredible tenacity to survive congratulations to this noodle chef part time d j good luck and good health and prosperity to him,22,139,3,False,True,0,0,0,EN,en,0,3,,False,False,accepted,positive,0.0167105533182621,0.0218014474958181,0.9614880084991456,0.9614880084991456,0.9396865610033274,high,low,,positive,reviewed,,positive,cardiffnlp/twitter-xlm-roberta-base-sentiment-multilingual,automatic_prelabel,positive | neutral | negative | uncertain,True,730,2026-06-18 19:26:56,human_manual_review,,,,,True,final_youtube_sentiment_825_balanced,2026-06-18 20:43:24,493,"Incredible Tenacity to survive..Congratulations to this ""Noodle Chef"" & part time D.J..Good Luck and Good Health and Prosperity to Him..👍🙏👌","Incredible Tenacity to survive..Congratulations to this ""Noodle Chef"" & part time D.J..Good Luck and Good Health and Prosperity to Him..👍🙏👌",kept_original_english,none,positive,keep,current label is acceptable or ambiguous
YT_UgzdAwqPd2nQGWK15jF4AaABAg,YouTube,top_level_comment,UgzdAwqPd2nQGWK15jF4AaABAg,UgzdAwqPd2nQGWK15jF4AaABAg,3Pk956RGn7o,10 MENU SCAM PALING PELIK DI BAZAR RAMADAN,Faktaw Channel,https://www.youtube.com/watch?v=3Pk956RGn7o,2025-03-22T08:00:02Z,festivals_national_events,Teliur pulak tengok vide ni pada bulan puasa 2026 #Faktawchannel,6470897de7655e940f20,2026-02-22T10:28:47Z,2026-02-22T10:28:47Z,0,0,True,True,none,,2026-06-17T15:11:43.541364+00:00,raw,,Teliur pulak tengok vide ni pada bulan puasa 2026 Faktawchannel,teliur pulak tengok vide ni pada bulan puasa 2026 faktawchannel,10,63,0,False,True,0,0,1,BM,id,0,0,,False,False,accepted,positive,0.1633144617080688,0.1604531556367874,0.6762323379516602,0.6762323379516602,0.5129178762435913,medium,medium,medium_confidence,positive,reviewed,Added from reviewed positive supplement,positive,cardiffnlp/twitter-xlm-roberta-base-sentiment-multilingual,automatic_prelabel,,False,47,2026-06-18 20:33:38,human_manual_review_positive_supplement,available,,positive_shortage_after_manual_review,positive,True,final_youtube_sentiment_825_balanced,2026-06-18 20:43:24,605,Teliur pulak tengok vide ni pada bulan puasa 2026 Faktawchannel,I got excited watching this video in the fasting month of 2026 Faktawchannel,translated,google_translate_auto_to_en,neutral,relabel,translated English appears informational/unclear rather than explicit sentiment
YT_Ugx-TIzcRsg-xXKMao94AaABAg,YouTube,top_level_comment,Ugx-TIzcRsg-xXKMao94AaABAg,Ugx-TIzcRsg-xXKMao94AaABAg,J5SEcQAe1AM,Why Malaysia Forces You to Own a Car,UrbanShiftMY,https://www.youtube.com/watch?v=J5SEcQAe1AM,2026-05-11T05:16:17Z,transport_public_services,"Here in Jakarta, no MRT stations have parking lots at all, so does LRT both Jabodebek and Jakarta, BRT Transjakarta, and KRL stations. With the exception of KAJJ (intercity) train stations like Gambir and Pasar Senen. Take Dukuh Atas for example, it's a well planned TOD with very good walkability, though transfer between transport modes are quite far. Some LRT Jabodebek stations like Cawang, Ciliwung, Pancoran, etc are directly connected with Transjakarta BRT shelters. Also, the gov't of DKI Jakarta heavily subsidized public transport fares to foster public transportation usage, even introducing ""tarif integrasi"". Despite all those though, Jakarta is still stuck in terrible traffic, especially in Jalan TB Simatupang.",993f266c40eb2ec6c928,2026-05-14T23:12:31Z,2026-05-14T23:12:31Z,0,0,True,True,none,,2026-06-17T15:11:48.079894+00:00,raw,,"Here in Jakarta, no MRT stations have parking lots at all, so does LRT both Jabodebek and Jakarta, BRT Transjakarta, and KRL stations. With the exception of KAJJ (intercity) train stations like Gambir and Pasar Senen. Take Dukuh Atas for example, it's a well planned TOD with very good walkability, though transfer between transport modes are quite far. Some LRT Jabodebek stations like Cawang, Ciliwung, Pancoran, etc are directly connected with Transjakarta BRT shelters. Also, the gov't of DKI Jakarta heavily subsidized public transport fares to foster public transportation usage, even introducing ""tarif integrasi"". Despite all those though, Jakarta is still stuck in terrible traffic, especially in Jalan TB Simatupang.",here in jakarta no mrt stations have parking lots at all so does lrt both jabodebek and jakarta brt transjakarta and krl stations with the exception of kajj intercity train stations like gambir and pasar senen take dukuh atas for example it s a well planned tod with very good walkability though transfer between transport modes are quite far some lrt jabodebek stations like cawang ciliwung pancoran etc are directly connected with transjakarta brt shelters also the gov t of dki jakarta heavily subsidized public transport fares to foster public transportation usage even introducing tarif integrasi despite all those though jakarta is still stuck in terrible traffic especially in jalan tb simatupang,110,726,0,False,True,0,0,0,MIXED,en,1,9,,False,False,accepted,positive,0.0834951698780059,0.4352431297302246,0.4812617003917694,0.4812617003917694,0.0460185706615448,low,high,low_confidence | small_probability_margin | mixed_language,negative,reviewed,,negative,cardiffnlp/twitter-xlm-roberta-base-sentiment-multilingual,automatic_prelabel,positive | neutral | negative | uncertain,True,120,2026-06-18 15:47:51,human_manual_review,,,,,True,final_youtube_sentiment_825_balanced,2026-06-18 20:43:24,622,"Here in Jakarta, no MRT stations have parking lots at all, so does LRT both Jabodebek and Jakarta, BRT Transjakarta, and KRL stations. With the exception of KAJJ (intercity) train stations like Gambir and Pasar Senen. Take Dukuh Atas for example, it's a well planned TOD with very good walkability, though transfer between transport modes are quite far. Some LRT Jabodebek stations like Cawang, Ciliwung, Pancoran, etc are directly connected with Transjakarta BRT shelters. Also, the gov't of DKI Jakarta heavily subsidized public transport fares to foster public transportation usage, even introducing ""tarif integrasi"". Despite all those though, Jakarta is still stuck in terrible traffic, especially in Jalan TB Simatupang.","Here in Jakarta, no MRT stations have parking lots at all, so does LRT both Jabodebek and Jakarta, BRT Transjakarta, and KRL stations. With the exception of KAJJ (intercity) train stations like Gambir and Pasar Senen. Take Dukuh Atas for example, it's a well planned TOD with very good walkability, though transfer between transport modes are quite far. Some LRT Jabodebek stations like Cawang, Ciliwung, Pancoran, etc are directly connected with Transjakarta BRT shelters. Also, the gov't of DKI Jakarta heavily subsidized public transport fares to foster public transportation usage, even introducing ""tarif integrasi"". Despite all those though, Jakarta is still stuck in terrible traffic, especially in Jalan TB Simatupang.",kept_original_english,none,negative,keep,current label is acceptable or ambiguous
YT_UgxmgHsaANWdQKrOaXN4AaABAg,YouTube,top_level_comment,UgxmgHsaANWdQKrOaXN4AaABAg,UgxmgHsaANWdQKrOaXN4AaABAg,lWY3O9pFexo,KOS SARA HIDUP | PM Umum Butiran Penghargaan Untuk Rakyat Esok (BU),Buletin TV3,https://www.youtube.com/watch?v=lWY3O9pFexo,2025-07-22T12:11:44Z,cost_of_living_public_policy,Rakyat Malaysia harap Dapat la buka Mata .. suldority 26hb nie UTK kepentingan rakyat atau pulak..pulak dia Orang nie dah tak boleh sakau duit rakyat.,d65e9f206d0a2c07d367,2025-07-22T13:13:25Z,2025-07-22T13:13:25Z,2,1,True,True,none,,2026-06-17T15:11:38.667172+00:00,raw,,Rakyat Malaysia harap Dapat la buka Mata .. suldority 26hb nie UTK kepentingan rakyat atau pulak..pulak dia Orang nie dah tak boleh sakau duit rakyat.,rakyat malaysia harap dapat la buka mata suldority 26hb nie utk kepentingan rakyat atau pulak pulak dia orang nie dah tak boleh sakau duit rakyat,25,150,0,False,True,0,0,0,BM,id,6,0,,False,False,accepted,negative,0.7889593839645386,0.1154332235455513,0.0956074744462966,0.7889593839645386,0.6735261604189873,medium,medium,medium_confidence,negative,reviewed,,negative,cardiffnlp/twitter-xlm-roberta-base-sentiment-multilingual,automatic_prelabel,positive | neutral | negative | uncertain,True,517,2026-06-18 18:55:08,human_manual_review,,,,,True,final_youtube_sentiment_825_balanced,2026-06-18 20:43:24,215,Rakyat Malaysia harap Dapat la buka Mata .. suldority 26hb nie UTK kepentingan rakyat atau pulak..pulak dia Orang nie dah tak boleh sakau duit rakyat.,The people of Malaysia hope that he can open his eyes.. this suldority on the 26th is for the interests of the people or else.. this person can no longer use the people's money.,translated,google_translate_auto_to_en,negative,keep,current label is acceptable or ambiguous
YT_UgyP5DibUGDyKYmtaNJ4AaABAg,YouTube,top_level_comment,UgyP5DibUGDyKYmtaNJ4AaABAg,UgyP5DibUGDyKYmtaNJ4AaABAg,3Pk956RGn7o,10 MENU SCAM PALING PELIK DI BAZAR RAMADAN,Faktaw Channel,https://www.youtube.com/watch?v=3Pk956RGn7o,2025-03-22T08:00:02Z,festivals_national_events,Nasib tak makan kalau makan habis semua gigi cabut,7a246f59d3109e1662f9,2025-11-02T09:06:18Z,2025-11-02T09:06:18Z,0,0,True,True,none,,2026-06-17T15:11:43.541825+00:00,raw,,Nasib tak makan kalau makan habis semua gigi cabut,nasib tak makan kalau makan habis semua gigi cabut,9,50,0,False,True,0,0,0,BM,id,2,0,,False,False,accepted,negative,0.7713369131088257,0.1138891279697418,0.1147740334272384,0.7713369131088257,0.6565628796815872,medium,medium,medium_confidence,negative,reviewed,,negative,cardiffnlp/twitter-xlm-roberta-base-sentiment-multilingual,automatic_prelabel,positive | neutral | negative | uncertain,True,482,2026-06-18 18:49:26,human_manual_review,,,,,True,final_youtube_sentiment_825_balanced,2026-06-18 20:43:24,572,Nasib tak makan kalau makan habis semua gigi cabut,"If you don't eat, if you finish eating all your teeth will be pulled out",translated,google_translate_auto_to_en,negative,keep,current label is acceptable or ambiguous
YT_UgzD8vvXykvFgAQuBLR4AaABAg,YouTube,top_level_comment,UgzD8vvXykvFgAQuBLR4AaABAg,UgzD8vvXykvFgAQuBLR4AaABAg,0zi0v_kJ7BE,"Belanjawan 2026: Bantuan tunai STR dikurang RM300, Sara naik",KiniTV,https://www.youtube.com/watch?v=0zi0v_kJ7BE,2025-10-13T05:24:51Z,cost_of_living_public_policy,Terima kasih pmx....pmx pm pling terbalik🙏,f72d4abb042b6b753791,2025-10-14T07:20:16Z,2025-10-14T07:20:16Z,0,0,True,True,none,,2026-06-17T15:11:41.176859+00:00,raw,,Terima kasih pmx..pmx pm pling terbalik🙏,terima kasih pmx pmx pm pling terbalik,7,40,1,False,True,0,0,0,BM,id,0,0,,False,False,accepted,positive,0.1620697826147079,0.1533187180757522,0.684611439704895,0.684611439704895,0.5225416570901871,medium,medium,medium_confidence,negative,reviewed,,negative,cardiffnlp/twitter-xlm-roberta-base-sentiment-multilingual,automatic_prelabel,positive | neutral | negative | uncertain,True,380,2026-06-18 18:30:45,human_manual_review,,,,,True,final_youtube_sentiment_825_balanced,2026-06-18 20:43:24,4,Terima kasih pmx..pmx pm pling terbalik🙏,Thank you pmx..pmx pm reversed🙏,translated,google_translate_auto_to_en,positive,relabel,translated English contains stronger positive/supportive sentiment cues
YT_Ugzt3ZnNDSyx1hYRrcd4AaABAg,YouTube,top_level_comment,Ugzt3ZnNDSyx1hYRrcd4AaABAg,Ugzt3ZnNDSyx1hYRrcd4AaABAg,3Pk956RGn7o,10 MENU SCAM PALING PELIK DI BAZAR RAMADAN,Faktaw Channel,https://www.youtube.com/watch?v=3Pk956RGn7o,2025-03-22T08:00:02Z,festivals_national_events,"Dah bulan puasa, menipu pulak tu",58b220d8729e1a9f8dda,2025-10-08T07:42:30Z,2025-10-08T07:42:30Z,0,0,True,True,none,,2026-06-17T15:11:43.541941+00:00,raw,,"Dah bulan puasa, menipu pulak tu",dah bulan puasa menipu pulak tu,6,32,0,False,True,0,0,0,BM,id,1,0,,False,False,accepted,negative,0.9543606638908386,0.020669849589467,0.0249694809317588,0.9543606638908386,0.9293911829590796,high,low,,negative,reviewed,,negative,cardiffnlp/twitter-xlm-roberta-base-sentiment-multilingual,automatic_prelabel,positive | neutral | negative | uncertain,True,702,2026-06-18 19:24:17,human_manual_review,,,,,True,final_youtube_sentiment_825_balanced,2026-06-18 20:43:24,528,"Dah bulan puasa, menipu pulak tu","It's a fasting month, it's cheating",translated,google_translate_auto_to_en,negative,keep,current label is acceptable or ambiguous
YT_UgyGA2p4KfPotmNbApt4AaABAg,YouTube,top_level_comment,UgyGA2p4KfPotmNbApt4AaABAg,UgyGA2p4KfPotmNbApt4AaABAg,J5SEcQAe1AM,Why Malaysia Forces You to Own a Car,UrbanShiftMY,https://www.youtube.com/watch?v=J5SEcQAe1AM,2026-05-11T05:16:17Z,transport_public_services,Stupid Ministers and bad planning. It has made us dependant too much on cars. Cities are build in such a way that a car is a must.,cdcbc9635bdac2b30170,2026-05-12T17:04:24Z,2026-05-12T17:04:24Z,0,1,True,True,none,,2026-06-17T15:11:48.489487+00:00,raw,,Stupid Ministers and bad planning. It has made us dependant too much on cars. Cities are build in such a way that a car is a must.,stupid ministers and bad planning it has made us dependant too much on cars cities are build in such a way that a car is a must,27,130,0,False,True,0,0,0,EN,en,0,5,,False,False,accepted,negative,0.976836621761322,0.0126341776922345,0.0105292601510882,0.976836621761322,0.9642024440690876,high,low,,negative,reviewed,,negative,cardiffnlp/twitter-xlm-roberta-base-sentiment-multilingual,automatic_prelabel,positive | neutral | negative | uncertain,True,792,2026-06-18 19:58:56,human_manual_review,,,,,True,final_youtube_sentiment_825_balanced,2026-06-18 20:43:24,498,Stupid Ministers and bad planning. It has made us dependant too much on cars. Cities are build in such a way that a car is a must.,Stupid Ministers and bad planning. It has made us dependant too much on cars. Cities are build in such a way that a car is a must.,kept_original_english,none,negative,keep,current label is acceptable or ambiguous
YT_UgywmI-4699pIloTlNF4AaABAg,YouTube,top_level_comment,UgywmI-4699pIloTlNF4AaABAg,UgywmI-4699pIloTlNF4AaABAg,lWY3O9pFexo,KOS SARA HIDUP | PM Umum Butiran Penghargaan Untuk Rakyat Esok (BU),Buletin TV3,https://www.youtube.com/watch?v=lWY3O9pFexo,2025-07-22T12:11:44Z,cost_of_living_public_policy,Saya sedia menunggu untuk dibasahkan kepala. 🔥🔥🔥,8f811f19fb481402c452,2025-07-23T00:27:05Z,2025-07-23T00:27:05Z,0,0,True,True,none,,2026-06-17T15:11:38.330205+00:00,raw,,Saya sedia menunggu untuk dibasahkan kepala. 🔥🔥🔥,saya sedia menunggu untuk dibasahkan kepala,6,48,3,False,True,0,0,0,BM,id,2,0,,False,False,accepted,positive,0.0830519124865531,0.1331757307052612,0.783772349357605,0.783772349357605,0.6505966186523438,medium,medium,medium_confidence,positive,reviewed,,positive,cardiffnlp/twitter-xlm-roberta-base-sentiment-multilingual,automatic_prelabel,positive | neutral | negative | uncertain,True,506,2026-06-18 18:53:12,human_manual_review,,,,,True,final_youtube_sentiment_825_balanced,2026-06-18 20:43:24,642,Saya sedia menunggu untuk dibasahkan kepala. 🔥🔥🔥,I'm ready to wait to get my head wet. 🔥🔥🔥,translated,google_translate_auto_to_en,neutral,relabel,translated English appears informational/unclear rather than explicit sentiment
YT_UgwoT95k3ghM2e6zEx54AaABAg,YouTube,top_level_comment,UgwoT95k3ghM2e6zEx54AaABAg,UgwoT95k3ghM2e6zEx54AaABAg,mVmYibok-7A,[TERKINI] MOF sekat MyKad individu salah guna subsidi BUDI95,Astro AWANI,https://www.youtube.com/watch?v=mVmYibok-7A,2026-03-23T23:22:33Z,cost_of_living_public_policy,Xblh berfikir gune otak dh ke..atau dh x waras..lapas ni kne la bwk pam racun..mesin rumput..pam air..bwk bot.. g pam minyak...ape lah..btl2 menyusahkn rakyat..,8e0f70288700d1349504,2026-03-24T07:34:52Z,2026-03-24T07:34:52Z,3,0,True,True,none,,2026-06-17T15:11:39.037687+00:00,raw,,Xblh berfikir gune otak dh ke..atau dh x waras..lapas ni kne la bwk pam racun..mesin rumput..pam air..bwk bot.. g pam minyak..ape lah..btl2 menyusahkn rakyat..,xblh berfikir gune otak dh ke atau dh x waras lapas ni kne la bwk pam racun mesin rumput pam air bwk bot g pam minyak ape lah btl2 menyusahkn rakyat,31,159,0,False,True,0,0,0,BM,id,2,0,,False,False,accepted,negative,0.9483115077018738,0.0264225229620933,0.0252660363912582,0.9483115077018738,0.9218889847397804,high,low,,negative,reviewed,,negative,cardiffnlp/twitter-xlm-roberta-base-sentiment-multilingual,automatic_prelabel,positive | neutral | negative | uncertain,True,682,2026-06-18 19:20:36,human_manual_review,,,,,True,final_youtube_sentiment_825_balanced,2026-06-18 20:43:24,738,Xblh berfikir gune otak dh ke..atau dh x waras..lapas ni kne la bwk pam racun..mesin rumput..pam air..bwk bot.. g pam minyak..ape lah..btl2 menyusahkn rakyat..,I can't think I'm out of my mind.. or I'm not sane.. this prison is a poison pump.. a lawn machine.. a water pump.. a boat.. no oil pump.. what's the matter.. but it's bothering the people..,translated,google_translate_auto_to_en,negative,keep,current label is acceptable or ambiguous
YT_UgzRHX9b3HauXje3QaN4AaABAg,YouTube,top_level_comment,UgzRHX9b3HauXje3QaN4AaABAg,UgzRHX9b3HauXje3QaN4AaABAg,Yu37CmWLvK0,SATU MALAYSIA KENA SCAM MAKANAN DI BAZAR RAMADAN‼️ LELAKI SOUND PENIAGA BAZAAR,NuR MuHD,https://www.youtube.com/watch?v=Yu37CmWLvK0,2026-02-22T17:36:49Z,festivals_national_events,"Hahaha..sebab tu malas dah beli kat bazar..ramainye yg niaga palatao je.. tiap2 tahun kalau pergi bazar..beli dekat peniaga yg sama je..baik dari murtabak,kuih,air tembikai..kalau peniaga ni dah tak meniaga lagi .memang pusing balik..sampai rumah masak je sendiri benda simple 😅😂😂",96dedb574a281008938d,2026-03-05T05:12:43Z,2026-03-05T05:12:43Z,0,0,True,True,none,,2026-06-17T15:11:44.742638+00:00,raw,,"Hahaha..sebab tu malas dah beli kat bazar..ramainye yg niaga palatao je.. tiap2 tahun kalau pergi bazar..beli dekat peniaga yg sama je..baik dari murtabak,kuih,air tembikai..kalau peniaga ni dah tak meniaga lagi .memang pusing balik..sampai rumah masak je sendiri benda simple 😅😂😂",hahaha sebab tu malas dah beli kat bazar ramainye yg niaga palatao je tiap2 tahun kalau pergi bazar beli dekat peniaga yg sama je baik dari murtabak kuih air tembikai kalau peniaga ni dah tak meniaga lagi memang pusing balik sampai rumah masak je sendiri benda simple,47,280,3,False,True,0,0,0,BM,id,9,0,,False,False,accepted,negative,0.5710418224334717,0.2155665904283523,0.2133916169404983,0.5710418224334717,0.3554752320051193,low,high,low_confidence,neutral,reviewed,,neutral,cardiffnlp/twitter-xlm-roberta-base-sentiment-multilingual,automatic_prelabel,positive | neutral | negative | uncertain,True,291,2026-06-18 17:09:50,human_manual_review,,,,,True,final_youtube_sentiment_825_balanced,2026-06-18 20:43:24,640,"Hahaha..sebab tu malas dah beli kat bazar..ramainye yg niaga palatao je.. tiap2 tahun kalau pergi bazar..beli dekat peniaga yg sama je..baik dari murtabak,kuih,air tembikai..kalau peniaga ni dah tak meniaga lagi .memang pusing balik..sampai rumah masak je sendiri benda simple 😅😂😂","Hahaha.. that's why I'm too lazy to buy at the bazaar.. there are many people who only sell palatao.. every 2 years if I go to the bazaar.. I buy from the same dealer.. good from murtabak, kuih, watermelon water.. if this dealer doesn't sell anymore.. I'll turn around.. when I get home, just cook simple things by myself 😅😂😂",translated,google_translate_auto_to_en,neutral,keep,current label is acceptable or ambiguous
YT_Ugwo9EIrycQitZ5EYBB4AaABAg,YouTube,top_level_comment,Ugwo9EIrycQitZ5EYBB4AaABAg,Ugwo9EIrycQitZ5EYBB4AaABAg,J5SEcQAe1AM,Why Malaysia Forces You to Own a Car,UrbanShiftMY,https://www.youtube.com/watch?v=J5SEcQAe1AM,2026-05-11T05:16:17Z,transport_public_services,"Capitalism = automotive industry = easy money = keep away the people from walk and good public transport. And make them dependent to cars, no way out.",c3f77109123447e9ad63,2026-05-14T03:59:56Z,2026-05-14T03:59:56Z,0,0,True,True,none,,2026-06-17T15:11:48.080612+00:00,raw,,"Capitalism = automotive industry = easy money = keep away the people from walk and good public transport. And make them dependent to cars, no way out.",capitalism automotive industry easy money keep away the people from walk and good public transport and make them dependent to cars no way out,24,150,0,False,True,0,0,0,EN,en,0,4,,False,False,accepted,neutral,0.2150294035673141,0.508560836315155,0.276409775018692,0.508560836315155,0.232151061296463,low,high,low_confidence | neutral_prediction,positive,reviewed,,positive,cardiffnlp/twitter-xlm-roberta-base-sentiment-multilingual,automatic_prelabel,positive | neutral | negative | uncertain,True,163,2026-06-18 15:55:18,human_manual_review,,,,,True,final_youtube_sentiment_825_balanced,2026-06-18 20:43:24,559,"Capitalism = automotive industry = easy money = keep away the people from walk and good public transport. And make them dependent to cars, no way out.","Capitalism = automotive industry = easy money = keep away the people from walk and good public transport. And make them dependent to cars, no way out.",kept_original_english,none,positive,keep,current label is acceptable or ambiguous
YT_Ugw0eyHDsNb2EScfhvd4AaABAg,YouTube,top_level_comment,Ugw0eyHDsNb2EScfhvd4AaABAg,Ugw0eyHDsNb2EScfhvd4AaABAg,J5SEcQAe1AM,Why Malaysia Forces You to Own a Car,UrbanShiftMY,https://www.youtube.com/watch?v=J5SEcQAe1AM,2026-05-11T05:16:17Z,transport_public_services,Because you can't reach amenities without driving,5724afb6db65fa607497,2026-05-13T21:12:24Z,2026-05-13T21:12:24Z,0,0,True,True,none,,2026-06-17T15:11:48.080734+00:00,raw,,Because you can't reach amenities without driving,because you can t reach amenities without driving,7,49,0,False,True,0,0,0,EN,en,0,2,,False,False,accepted,neutral,0.17025788128376,0.7725054621696472,0.0572366490960121,0.7725054621696472,0.6022475808858871,medium,medium,medium_confidence | neutral_prediction,negative,reviewed,,negative,cardiffnlp/twitter-xlm-roberta-base-sentiment-multilingual,automatic_prelabel,positive | neutral | negative | uncertain,True,483,2026-06-18 18:49:28,human_manual_review,,,,,True,final_youtube_sentiment_825_balanced,2026-06-18 20:43:24,28,Because you can't reach amenities without driving,Because you can't reach amenities without driving,kept_original_english,none,negative,keep,current label is acceptable or ambiguous
YT_Ugzy2t9PeHiB16l-seR4AaABAg,YouTube,top_level_comment,Ugzy2t9PeHiB16l-seR4AaABAg,Ugzy2t9PeHiB16l-seR4AaABAg,pByBSEMjiyo,MENJELANG AIDILFITRI | PM Umum Cuti Tambahan Sehari Sambut Hari Raya Aidilfitri,Buletin TV3,https://www.youtube.com/watch?v=pByBSEMjiyo,2026-03-15T05:40:33Z,festivals_national_events,beruntung nya penjawat awam..,d323e2e3afd5773f86d2,2026-03-15T07:55:44Z,2026-03-15T07:55:44Z,6,1,True,True,none,,2026-06-17T15:11:43.138874+00:00,raw,,beruntung nya penjawat awam..,beruntung nya penjawat awam,4,29,0,False,True,0,0,0,BM,id,0,0,,False,False,accepted,positive,0.0813778489828109,0.0645552799105644,0.8540668487548828,0.8540668487548828,0.7726889997720718,high,low,,positive,reviewed,Added from reviewed positive supplement,positive,cardiffnlp/twitter-xlm-roberta-base-sentiment-multilingual,automatic_prelabel,,False,20,2026-06-18 20:33:38,human_manual_review_positive_supplement,available,,positive_shortage_after_manual_review,positive,True,final_youtube_sentiment_825_balanced,2026-06-18 20:43:24,159,beruntung nya penjawat awam..,lucky civil servant..,translated,google_translate_auto_to_en,positive,keep,current label is acceptable or ambiguous
YT_UgyK_x0gU_a70GR5yph4AaABAg,YouTube,top_level_comment,UgyK_x0gU_a70GR5yph4AaABAg,UgyK_x0gU_a70GR5yph4AaABAg,Yu37CmWLvK0,SATU MALAYSIA KENA SCAM MAKANAN DI BAZAR RAMADAN‼️ LELAKI SOUND PENIAGA BAZAAR,NuR MuHD,https://www.youtube.com/watch?v=Yu37CmWLvK0,2026-02-22T17:36:49Z,festivals_national_events,"berniaga biar jujur & amanah x baik ambil kesempatan ,kesusahan seowg....mna nk dtg berkatnya......",c3431e42691fe09eb9f7,2026-03-04T05:17:32Z,2026-03-04T05:17:32Z,0,0,True,True,none,,2026-06-17T15:11:44.742679+00:00,raw,,"berniaga biar jujur & amanah x baik ambil kesempatan ,kesusahan seowg..mna nk dtg berkatnya..",berniaga biar jujur amanah x baik ambil kesempatan kesusahan seowg mna nk dtg berkatnya,14,93,0,False,True,0,0,0,BM,id,0,0,,False,False,accepted,negative,0.5996696352958679,0.2088542282581329,0.1914761811494827,0.5996696352958679,0.390815407037735,low,high,low_confidence,positive,reviewed,,positive,cardiffnlp/twitter-xlm-roberta-base-sentiment-multilingual,automatic_prelabel,positive | neutral | negative | uncertain,True,345,2026-06-18 18:22:59,human_manual_review,,,,,True,final_youtube_sentiment_825_balanced,2026-06-18 20:43:24,515,"berniaga biar jujur & amanah x baik ambil kesempatan ,kesusahan seowg..mna nk dtg berkatnya..","do business so that it is honest & trustworthy, it's good to take advantage, the hardships are so low.",translated,google_translate_auto_to_en,positive,keep,current label is acceptable or ambiguous
YT_Ugz-7GBNDKh7Vr9vkhd4AaABAg,YouTube,top_level_comment,Ugz-7GBNDKh7Vr9vkhd4AaABAg,Ugz-7GBNDKh7Vr9vkhd4AaABAg,9tQzzOjBIdI,KOS SARA HIDUP | Kerajaan Bakal Umum Langkah Tangani Kos Sara Hidup,Buletin TV3,https://www.youtube.com/watch?v=9tQzzOjBIdI,2025-07-19T05:38:22Z,cost_of_living_public_policy,Warga asing kasi setel,2cc8554cbe8b1f4590b3,2025-07-20T18:42:10Z,2025-07-20T18:42:10Z,0,0,True,True,none,,2026-06-17T15:11:40.015108+00:00,raw,,Warga asing kasi setel,warga asing kasi setel,4,22,0,False,True,0,0,0,BM,id,0,0,,False,False,accepted,neutral,0.3553455173969269,0.4869596362113952,0.157694861292839,0.4869596362113952,0.1316141188144683,low,high,low_confidence | small_probability_margin | neutral_prediction,negative,reviewed,Reverted wrong sequence-based correction back to negative,negative,cardiffnlp/twitter-xlm-roberta-base-sentiment-multilingual,automatic_prelabel,positive | neutral | negative | uncertain,True,127,2026-06-18 20:39:17,human_manual_text_based_revert,,,,,True,final_youtube_sentiment_825_balanced,2026-06-18 20:43:24,225,Warga asing kasi setel,Foreigners set it up,translated,google_translate_auto_to_en,negative,keep,current label is acceptable or ambiguous
YT_UgzqKAiQJ55PL50XEFh4AaABAg,YouTube,top_level_comment,UgzqKAiQJ55PL50XEFh4AaABAg,UgzqKAiQJ55PL50XEFh4AaABAg,lWY3O9pFexo,KOS SARA HIDUP | PM Umum Butiran Penghargaan Untuk Rakyat Esok (BU),Buletin TV3,https://www.youtube.com/watch?v=lWY3O9pFexo,2025-07-22T12:11:44Z,cost_of_living_public_policy,Terbaik pmx semoga Allah permudahkan segala urusan aamiin yra,c059be39b2d3050ddc58,2025-07-22T23:28:12Z,2025-07-22T23:28:12Z,0,0,True,True,none,,2026-06-17T15:11:38.330361+00:00,raw,,Terbaik pmx semoga Allah permudahkan segala urusan aamiin yra,terbaik pmx semoga allah permudahkan segala urusan aamiin yra,9,61,0,False,True,0,0,0,BM,id,0,0,,False,False,accepted,positive,0.0578383058309555,0.0555778555572032,0.8865838050842285,0.8865838050842285,0.828745499253273,high,low,,positive,reviewed,,positive,cardiffnlp/twitter-xlm-roberta-base-sentiment-multilingual,automatic_prelabel,positive | neutral | negative | uncertain,True,617,2026-06-18 19:09:43,human_manual_review,,,,,True,final_youtube_sentiment_825_balanced,2026-06-18 20:43:24,491,Terbaik pmx semoga Allah permudahkan segala urusan aamiin yra,Best pmx may God make all matters easy amen yra,translated,google_translate_auto_to_en,positive,keep,current label is acceptable or ambiguous
YT_Ugzu-8Fxp-aEmoXMlW94AaABAg,YouTube,top_level_comment,Ugzu-8Fxp-aEmoXMlW94AaABAg,Ugzu-8Fxp-aEmoXMlW94AaABAg,dDRZ6AZbcfw,Malaysian Hawker Fights To Keep His Noodles Affordable As Food Prices Rise | Money Mind | Inflation,CNA Insider,https://www.youtube.com/watch?v=dDRZ6AZbcfw,2025-11-25T14:01:10Z,cost_of_living_public_policy,Hard working man but profits are though to earn,a0ef117ea6bcfd5c4488,2025-11-26T01:59:56Z,2025-11-26T01:59:56Z,0,0,True,True,none,,2026-06-17T15:11:42.418775+00:00,raw,,Hard working man but profits are though to earn,hard working man but profits are though to earn,9,47,0,False,True,0,0,0,EN,en,0,1,,False,False,accepted,neutral,0.1103956773877143,0.4614726901054382,0.428131639957428,0.4614726901054382,0.0333410501480102,low,high,low_confidence | small_probability_margin | neutral_prediction,neutral,reviewed,,neutral,cardiffnlp/twitter-xlm-roberta-base-sentiment-multilingual,automatic_prelabel,positive | neutral | negative | uncertain,True,97,2026-06-18 15:43:59,human_manual_review,,,,,True,final_youtube_sentiment_825_balanced,2026-06-18 20:43:24,192,Hard working man but profits are though to earn,Hard working man but profits are though to earn,kept_original_english,none,neutral,keep,current label is acceptable
YT_UgxYOo9j6GgMdQHUc7h4AaABAg,YouTube,top_level_comment,UgxYOo9j6GgMdQHUc7h4AaABAg,UgxYOo9j6GgMdQHUc7h4AaABAg,hXMCJ90cK7M,Car vs Public Transport in Malaysia. Who Wins?,Mr Money TV,https://www.youtube.com/watch?v=hXMCJ90cK7M,2025-05-23T12:42:56Z,transport_public_services,"the additional coffee break added additional time to frankie.. without the extra time for coffee, he would have reached first.",04f8686b58313897c4cf,2025-07-28T08:14:13Z,2025-07-28T08:14:13Z,1,0,True,True,none,,2026-06-17T15:11:46.922899+00:00,raw,,"the additional coffee break added additional time to frankie.. without the extra time for coffee, he would have reached first.",the additional coffee break added additional time to frankie without the extra time for coffee he would have reached first,20,126,0,False,True,0,0,0,EN,en,0,2,,False,False,accepted,neutral,0.2491288185119629,0.5383097529411316,0.2125614285469055,0.5383097529411316,0.2891809344291687,low,high,low_confidence | neutral_prediction,neutral,reviewed,,neutral,cardiffnlp/twitter-xlm-roberta-base-sentiment-multilingual,automatic_prelabel,positive | neutral | negative | uncertain,True,225,2026-06-18 16:11:31,human_manual_review,,,,,True,final_youtube_sentiment_825_balanced,2026-06-18 20:43:24,271,"the additional coffee break added additional time to frankie.. without the extra time for coffee, he would have reached first.","the additional coffee break added additional time to frankie.. without the extra time for coffee, he would have reached first.",kept_original_english,none,neutral,relabel,translated English appears informational/unclear rather than explicit sentiment
YT_Ugynshr8d4NhMGBkEKB4AaABAg,YouTube,top_level_comment,Ugynshr8d4NhMGBkEKB4AaABAg,Ugynshr8d4NhMGBkEKB4AaABAg,oULUeT07fa0,JPJ MALAYSIA? ADA APA APA JAWAPAN KE? SITA KENDERAAN ORANG SAMPAI BERBULAN BULAN? TERIMA KASIH SINGH,Bossrul Channel,https://www.youtube.com/watch?v=oULUeT07fa0,2025-07-01T02:14:17Z,transport_public_services,Dia orang buat undang undang baru untuk dapat keuntungan untuk negara merekan tidak pandang kesusahan rakyat kita mahu orang muda masuk politik menyelamat negara,8843057599b6fe2324e6,2025-07-02T12:52:02Z,2025-07-02T12:52:02Z,6,0,True,True,none,,2026-06-17T15:11:49.222701+00:00,raw,,Dia orang buat undang undang baru untuk dapat keuntungan untuk negara merekan tidak pandang kesusahan rakyat kita mahu orang muda masuk politik menyelamat negara,dia orang buat undang undang baru untuk dapat keuntungan untuk negara merekan tidak pandang kesusahan rakyat kita mahu orang muda masuk politik menyelamat negara,24,161,0,False,True,0,0,0,BM,id,6,0,,False,False,accepted,positive,0.2416186928749084,0.2609290480613708,0.4974523186683655,0.4974523186683655,0.2365232706069946,low,high,low_confidence,negative,reviewed,,negative,cardiffnlp/twitter-xlm-roberta-base-sentiment-multilingual,automatic_prelabel,positive | neutral | negative | uncertain,True,144,2026-06-18 15:52:30,human_manual_review,,,,,True,final_youtube_sentiment_825_balanced,2026-06-18 20:43:24,266,Dia orang buat undang undang baru untuk dapat keuntungan untuk negara merekan tidak pandang kesusahan rakyat kita mahu orang muda masuk politik menyelamat negara,He is the person who made new laws to make a profit for the country. They don't look at the hardships of our people. They want young people to enter politics to save the country,translated,google_translate_auto_to_en,negative,keep,current label is acceptable or ambiguous
YT_UgzR7TQHxQYFnXLV59Z4AaABAg,YouTube,top_level_comment,UgzR7TQHxQYFnXLV59Z4AaABAg,UgzR7TQHxQYFnXLV59Z4AaABAg,hc8RMN2hnnQ,[LANGSUNG] Pengumuman Hari Raya Aidilfitri 2026/1447H  | 19 Mac 2026,Astro AWANI,https://www.youtube.com/watch?v=hc8RMN2hnnQ,2026-03-19T12:16:11Z,festivals_national_events,Alhamdulilah ya Allah masih bisa puasa,ffa967e0797a6b9ab870,2026-03-19T12:37:09Z,2026-03-19T12:37:09Z,8,0,True,True,none,,2026-06-17T15:11:42.763676+00:00,raw,,Alhamdulilah ya Allah masih bisa puasa,alhamdulilah ya allah masih bisa puasa,6,38,0,False,True,0,0,0,BM,id,0,0,,False,False,accepted,positive,0.0122219743207097,0.0190610643476247,0.9687169194221495,0.9687169194221495,0.9496558550745248,high,low,,positive,reviewed,,positive,cardiffnlp/twitter-xlm-roberta-base-sentiment-multilingual,automatic_prelabel,positive | neutral | negative | uncertain,True,755,2026-06-18 19:36:24,human_manual_review,,,,,True,final_youtube_sentiment_825_balanced,2026-06-18 20:43:24,347,Alhamdulilah ya Allah masih bisa puasa,"Thank God, I can still fast",translated,google_translate_auto_to_en,positive,keep,current label is acceptable or ambiguous
YT_UgyWwKfW3k4LT_jNl7d4AaABAg,YouTube,top_level_comment,UgyWwKfW3k4LT_jNl7d4AaABAg,UgyWwKfW3k4LT_jNl7d4AaABAg,9tQzzOjBIdI,KOS SARA HIDUP | Kerajaan Bakal Umum Langkah Tangani Kos Sara Hidup,Buletin TV3,https://www.youtube.com/watch?v=9tQzzOjBIdI,2025-07-19T05:38:22Z,cost_of_living_public_policy,"😂😂..aku kalau dia ni,ckp la apa pon aku tak caya...",b38b7c3bc1660454bddb,2025-07-19T08:37:36Z,2025-07-19T08:37:36Z,14,3,True,True,none,,2026-06-17T15:11:40.015649+00:00,raw,,"😂😂..aku kalau dia ni,ckp la apa pon aku tak caya..",aku kalau dia ni ckp la apa pon aku tak caya,11,50,2,False,True,0,0,0,BM,id,3,0,,False,False,accepted,neutral,0.3495644330978393,0.353470116853714,0.2969654202461242,0.353470116853714,0.0039056837558746,low,high,low_confidence | small_probability_margin | neutral_prediction,negative,reviewed,,negative,cardiffnlp/twitter-xlm-roberta-base-sentiment-multilingual,automatic_prelabel,positive | neutral | negative | uncertain,True,3,2026-06-18 15:18:51,human_manual_review,,,,,True,final_youtube_sentiment_825_balanced,2026-06-18 20:43:24,585,"😂😂..aku kalau dia ni,ckp la apa pon aku tak caya..","😂😂..I think it's him, what's wrong with him, I don't believe it..",translated,google_translate_auto_to_en,negative,keep,current label is acceptable or ambiguous
YT_UgypR_9FhyxBwznT0Jp4AaABAg,YouTube,top_level_comment,UgypR_9FhyxBwznT0Jp4AaABAg,UgypR_9FhyxBwznT0Jp4AaABAg,hXMCJ90cK7M,Car vs Public Transport in Malaysia. Who Wins?,Mr Money TV,https://www.youtube.com/watch?v=hXMCJ90cK7M,2025-05-23T12:42:56Z,transport_public_services,Subhanallah. Interesting. 4 myself there are pro and cons. Public transport is good if public are taught to use it. A person who uses it must be able to have the knowledge. The ones who doesn't know you have someone or something to help. Basically it's like muslims performing the haj. Wallahwualam.,8db2806e8c4ad00a0bd4,2025-05-29T21:54:52Z,2025-05-29T21:54:52Z,0,0,True,True,none,,2026-06-17T15:11:46.924870+00:00,raw,,Subhanallah. Interesting. 4 myself there are pro and cons. Public transport is good if public are taught to use it. A person who uses it must be able to have the knowledge. The ones who doesn't know you have someone or something to help. Basically it's like muslims performing the haj. Wallahwualam.,subhanallah interesting 4 myself there are pro and cons public transport is good if public are taught to use it a person who uses it must be able to have the knowledge the ones who doesn t know you have someone or something to help basically it s like muslims performing the haj wallahwualam,52,299,0,False,True,0,0,0,EN,en,0,6,,False,False,accepted,positive,0.1590335816144943,0.2288342714309692,0.61213219165802,0.61213219165802,0.3832979202270508,medium,medium,medium_confidence,positive,reviewed,Added from reviewed positive supplement,positive,cardiffnlp/twitter-xlm-roberta-base-sentiment-multilingual,automatic_prelabel,,False,70,2026-06-18 20:33:38,human_manual_review_positive_supplement,available,,positive_shortage_after_manual_review,positive,True,final_youtube_sentiment_825_balanced,2026-06-18 20:43:24,26,Subhanallah. Interesting. 4 myself there are pro and cons. Public transport is good if public are taught to use it. A person who uses it must be able to have the knowledge. The ones who doesn't know you have someone or something to help. Basically it's like muslims performing the haj. Wallahwualam.,Subhanallah. Interesting. 4 myself there are pro and cons. Public transport is good if public are taught to use it. A person who uses it must be able to have the knowledge. The ones who doesn't know you have someone or something to help. Basically it's like muslims performing the haj. Wallahwualam.,kept_original_english,none,positive,keep,current label is acceptable or ambiguous
YT_Ugyu0zJI5Iy8HC1CjDR4AaABAg,YouTube,top_level_comment,Ugyu0zJI5Iy8HC1CjDR4AaABAg,Ugyu0zJI5Iy8HC1CjDR4AaABAg,J5SEcQAe1AM,Why Malaysia Forces You to Own a Car,UrbanShiftMY,https://www.youtube.com/watch?v=J5SEcQAe1AM,2026-05-11T05:16:17Z,transport_public_services,8:36 This is reason why people must take a look for their respecrive state governments. I realised land arguably is the most powerful matter for state governments.,7aa2b24c41e5ad6c3ac9,2026-05-21T06:59:47Z,2026-05-21T07:03:16Z,1,0,True,True,none,,2026-06-17T15:11:48.077708+00:00,raw,,8:36 This is reason why people must take a look for their respecrive state governments. I realised land arguably is the most powerful matter for state governments.,8 36 this is reason why people must take a look for their respecrive state governments i realised land arguably is the most powerful matter for state governments,28,163,0,False,True,0,0,0,EN,en,0,6,,False,False,accepted,positive,0.0525243617594242,0.1838002204895019,0.7636754512786865,0.7636754512786865,0.5798752307891846,medium,medium,medium_confidence,neutral,reviewed,,neutral,cardiffnlp/twitter-xlm-roberta-base-sentiment-multilingual,automatic_prelabel,positive | neutral | negative | uncertain,True,473,2026-06-18 18:46:25,human_manual_review,,,,,True,final_youtube_sentiment_825_balanced,2026-06-18 20:43:24,346,8:36 This is reason why people must take a look for their respecrive state governments. I realised land arguably is the most powerful matter for state governments.,8:36 This is reason why people must take a look for their respecrive state governments. I realised land arguably is the most powerful matter for state governments.,kept_original_english,none,neutral,keep,current label is acceptable
YT_Ugw9KCWrf2tOO-PKSZp4AaABAg,YouTube,top_level_comment,Ugw9KCWrf2tOO-PKSZp4AaABAg,Ugw9KCWrf2tOO-PKSZp4AaABAg,bjYbNs8TvLc,[PENUH] Perkembangan Terkini Proses Cerapan Anak Bulan Syawal | 19 Mac 2026,Buletin TV3,https://www.youtube.com/watch?v=bjYbNs8TvLc,2026-03-19T10:26:41Z,festivals_national_events,"Klu betul tengok anak bulan, raya Sabtu.",f0b471edb986b3b155d2,2026-03-19T12:07:00Z,2026-03-19T12:07:10Z,1,0,True,True,none,,2026-06-17T15:11:44.347965+00:00,raw,,"Klu betul tengok anak bulan, raya Sabtu.",klu betul tengok anak bulan raya sabtu,7,40,0,False,True,0,0,0,BM,id,0,0,,False,False,accepted,positive,0.1107371151447296,0.1859283298254013,0.7033345699310303,0.7033345699310303,0.517406240105629,medium,medium,medium_confidence,neutral,reviewed,,neutral,cardiffnlp/twitter-xlm-roberta-base-sentiment-multilingual,automatic_prelabel,positive | neutral | negative | uncertain,True,398,2026-06-18 18:33:23,human_manual_review,,,,,True,final_youtube_sentiment_825_balanced,2026-06-18 20:43:24,463,"Klu betul tengok anak bulan, raya Sabtu.","You are right to see the moon, Raya Saturday.",translated,google_translate_auto_to_en,neutral,keep,current label is acceptable
YT_Ugwwud69nWTN0T8_old4AaABAg,YouTube,top_level_comment,Ugwwud69nWTN0T8_old4AaABAg,Ugwwud69nWTN0T8_old4AaABAg,hc8RMN2hnnQ,[LANGSUNG] Pengumuman Hari Raya Aidilfitri 2026/1447H  | 19 Mac 2026,Astro AWANI,https://www.youtube.com/watch?v=hc8RMN2hnnQ,2026-03-19T12:16:11Z,festivals_national_events,Selamat hari raya Aidilfitri maaf zahir dan batin 😊,72265c4c9037487fa5c2,2026-03-19T12:22:45Z,2026-03-19T12:22:45Z,5,0,True,True,none,,2026-06-17T15:11:42.763803+00:00,raw,,Selamat hari raya Aidilfitri maaf zahir dan batin 😊,selamat hari raya aidilfitri maaf zahir dan batin,8,51,1,False,True,0,0,0,BM,id,1,0,,False,False,accepted,positive,0.0187372732907533,0.0364225097000598,0.9448401927947998,0.9448401927947998,0.90841768309474,high,low,,positive,reviewed,,positive,cardiffnlp/twitter-xlm-roberta-base-sentiment-multilingual,automatic_prelabel,positive | neutral | negative | uncertain,True,672,2026-06-18 19:19:03,human_manual_review,,,,,True,final_youtube_sentiment_825_balanced,2026-06-18 20:43:24,241,Selamat hari raya Aidilfitri maaf zahir dan batin 😊,"Happy Eid al-Fitr, sorry outwardly and inwardly 😊",translated,google_translate_auto_to_en,positive,keep,current label is acceptable or ambiguous
YT_UgwAl4CQHRgULqQYPAF4AaABAg,YouTube,top_level_comment,UgwAl4CQHRgULqQYPAF4AaABAg,UgwAl4CQHRgULqQYPAF4AaABAg,0zi0v_kJ7BE,"Belanjawan 2026: Bantuan tunai STR dikurang RM300, Sara naik",KiniTV,https://www.youtube.com/watch?v=0zi0v_kJ7BE,2025-10-13T05:24:51Z,cost_of_living_public_policy,"Mujurlah aqu dari dulu x sokong, yang sokong tu 😂😂😂😂harap berubahlah😂😂😂😂😂",21d1fbf5241442ec184e,2026-05-29T03:23:00Z,2026-05-29T03:23:00Z,0,0,True,True,none,,2026-06-17T15:11:41.175510+00:00,raw,,"Mujurlah aqu dari dulu x sokong, yang sokong tu 😂😂😂😂harap berubahlah😂😂😂😂😂",mujurlah aqu dari dulu x sokong yang sokong tu harap berubahlah,11,73,9,False,True,0,0,0,BM,id,1,0,,False,False,accepted,positive,0.2713520526885986,0.3199452757835388,0.4087026417255401,0.4087026417255401,0.0887573659420013,low,high,low_confidence | small_probability_margin,positive,reviewed,Added from reviewed positive supplement,positive,cardiffnlp/twitter-xlm-roberta-base-sentiment-multilingual,automatic_prelabel,,False,110,2026-06-18 20:33:38,human_manual_review_positive_supplement,available,,positive_shortage_after_manual_review,positive,True,final_youtube_sentiment_825_balanced,2026-06-18 20:43:24,690,"Mujurlah aqu dari dulu x sokong, yang sokong tu 😂😂😂😂harap berubahlah😂😂😂😂😂","Fortunately, I have always supported it, those who support it 😂😂😂😂hope it will change😂😂😂😂😂",translated,google_translate_auto_to_en,positive,keep,current label is acceptable or ambiguous
YT_Ugwc0tsrpCslVP-GQSl4AaABAg,YouTube,top_level_comment,Ugwc0tsrpCslVP-GQSl4AaABAg,Ugwc0tsrpCslVP-GQSl4AaABAg,UGAL8690ngc,"Bantuan Asas Rahmah diteruskan: RM100 untuk  dewasa, RM500 untuk penerima miskin tegar - Anwar",KiniTV,https://www.youtube.com/watch?v=UGAL8690ngc,2026-01-05T06:06:45Z,cost_of_living_public_policy,Hahahahaha.... pantang dapat micropon kelentong terus......rm100 ko ingat cukup ke...aku doakan pmx akan rasa seperti mana kami rakyat² miskin,9dd7dcbd9d2bedc61cd8,2026-01-13T13:21:51Z,2026-01-13T13:21:51Z,0,0,True,True,none,,2026-06-17T15:11:40.405343+00:00,raw,,Hahahahaha.. pantang dapat micropon kelentong terus..rm100 ko ingat cukup ke..aku doakan pmx akan rasa seperti mana kami rakyat2 miskin,hahahahaha pantang dapat micropon kelentong terus rm100 ko ingat cukup ke aku doakan pmx akan rasa seperti mana kami rakyat2 miskin,21,135,0,False,True,0,0,0,BM,id,2,0,,False,False,accepted,negative,0.7586365938186646,0.1248414665460586,0.1165219321846962,0.7586365938186646,0.6337951272726059,medium,medium,medium_confidence,negative,reviewed,,negative,cardiffnlp/twitter-xlm-roberta-base-sentiment-multilingual,automatic_prelabel,positive | neutral | negative | uncertain,True,462,2026-06-18 18:44:36,human_manual_review,,,,,True,final_youtube_sentiment_825_balanced,2026-06-18 20:43:24,647,Hahahahaha.. pantang dapat micropon kelentong terus..rm100 ko ingat cukup ke..aku doakan pmx akan rasa seperti mana kami rakyat2 miskin,"Hahahahaha.. I can't get a microphone straight away.. RM100 is enough, I pray.",translated,google_translate_auto_to_en,negative,keep,current label is acceptable or ambiguous
YT_UgxMB3m107x9PWlCr6h4AaABAg,YouTube,top_level_comment,UgxMB3m107x9PWlCr6h4AaABAg,UgxMB3m107x9PWlCr6h4AaABAg,UGAL8690ngc,"Bantuan Asas Rahmah diteruskan: RM100 untuk  dewasa, RM500 untuk penerima miskin tegar - Anwar",KiniTV,https://www.youtube.com/watch?v=UGAL8690ngc,2026-01-05T06:06:45Z,cost_of_living_public_policy,padu dapat bantuan... walanon yg korang hina ni jugak banyak bagi bantuan... tapi sayang Klau org hati dah hitam beletam ni susah nak ckp...,fd3883c786d009f9c6be,2026-01-11T12:30:04Z,2026-01-11T12:30:04Z,0,0,True,True,none,,2026-06-17T15:11:40.405434+00:00,raw,,padu dapat bantuan.. walanon yg korang hina ni jugak banyak bagi bantuan.. tapi sayang Klau org hati dah hitam beletam ni susah nak ckp..,padu dapat bantuan walanon yg korang hina ni jugak banyak bagi bantuan tapi sayang klau org hati dah hitam beletam ni susah nak ckp,24,137,0,False,True,0,0,0,BM,id,3,0,,False,False,accepted,negative,0.530266284942627,0.2047231942415237,0.2650104761123657,0.530266284942627,0.2652558088302612,low,high,low_confidence,negative,reviewed,,negative,cardiffnlp/twitter-xlm-roberta-base-sentiment-multilingual,automatic_prelabel,positive | neutral | negative | uncertain,True,209,2026-06-18 16:05:48,human_manual_review,,,,,True,final_youtube_sentiment_825_balanced,2026-06-18 20:43:24,388,padu dapat bantuan.. walanon yg korang hina ni jugak banyak bagi bantuan.. tapi sayang Klau org hati dah hitam beletam ni susah nak ckp..,"Good luck getting help.. even those you despise give a lot of help.. but dear, if you have a black heart, it's hard to help..",translated,google_translate_auto_to_en,positive,relabel,translated English contains stronger positive/supportive sentiment cues
YT_UgwQPPU_zXjgo_6wof14AaABAg,YouTube,top_level_comment,UgwQPPU_zXjgo_6wof14AaABAg,UgwQPPU_zXjgo_6wof14AaABAg,J5SEcQAe1AM,Why Malaysia Forces You to Own a Car,UrbanShiftMY,https://www.youtube.com/watch?v=J5SEcQAe1AM,2026-05-11T05:16:17Z,transport_public_services,"Keep fighting the good fight, you've earned a new subscriber 🇲🇾🇲🇾",f29942d2bb1909fa0108,2026-05-15T13:25:30Z,2026-05-15T13:25:30Z,0,0,True,True,none,,2026-06-17T15:11:48.079652+00:00,raw,,"Keep fighting the good fight, you've earned a new subscriber 🇲🇾🇲🇾",keep fighting the good fight you ve earned a new subscriber,10,65,2,False,True,0,0,0,EN,en,0,2,,False,False,accepted,positive,0.0041710529476404,0.0151826022192835,0.9806463718414308,0.9806463718414308,0.9654637696221472,high,low,,positive,reviewed,,positive,cardiffnlp/twitter-xlm-roberta-base-sentiment-multilingual,automatic_prelabel,positive | neutral | negative | uncertain,True,812,2026-06-18 19:52:28,human_manual_review,,,,,True,final_youtube_sentiment_825_balanced,2026-06-18 20:43:24,176,"Keep fighting the good fight, you've earned a new subscriber 🇲🇾🇲🇾","Keep fighting the good fight, you've earned a new subscriber 🇲🇾🇲🇾",kept_original_english,none,positive,keep,current label is acceptable or ambiguous
YT_UgwyNQDwUSrKMkGBCx14AaABAg,YouTube,top_level_comment,UgwyNQDwUSrKMkGBCx14AaABAg,UgwyNQDwUSrKMkGBCx14AaABAg,UGAL8690ngc,"Bantuan Asas Rahmah diteruskan: RM100 untuk  dewasa, RM500 untuk penerima miskin tegar - Anwar",KiniTV,https://www.youtube.com/watch?v=UGAL8690ngc,2026-01-05T06:06:45Z,cost_of_living_public_policy,🎉PMX yg terbaik sekali lahh janji tak rasuah tak sakau 🙏 kerja Sepasukan demi negara makmur Dan rakyat senang sedikit 👍,aa8d850b7f83e938a527,2026-01-06T07:20:49Z,2026-01-06T07:20:49Z,11,2,True,True,none,,2026-06-17T15:11:40.406324+00:00,raw,,🎉PMX yg terbaik sekali lahh janji tak rasuah tak sakau 🙏 kerja Sepasukan demi negara makmur Dan rakyat senang sedikit 👍,pmx yg terbaik sekali lahh janji tak rasuah tak sakau kerja sepasukan demi negara makmur dan rakyat senang sedikit,19,119,3,False,True,0,0,0,BM,id,3,0,,False,False,accepted,positive,0.0837138667702674,0.0735097005963325,0.8427764177322388,0.8427764177322388,0.7590625509619713,high,low,,positive,reviewed,Added from reviewed positive supplement,positive,cardiffnlp/twitter-xlm-roberta-base-sentiment-multilingual,automatic_prelabel,,False,26,2026-06-18 20:33:38,human_manual_review_positive_supplement,available,,positive_shortage_after_manual_review,positive,True,final_youtube_sentiment_825_balanced,2026-06-18 20:43:24,742,🎉PMX yg terbaik sekali lahh janji tak rasuah tak sakau 🙏 kerja Sepasukan demi negara makmur Dan rakyat senang sedikit 👍,"🎉 PMX is the best ever, promise no corruption, no worries 🙏 Team work for the sake of a prosperous country And the people are a little happy 👍",translated,google_translate_auto_to_en,positive,keep,current label is acceptable or ambiguous
YT_UgxRjYWLeFbzSuHqiSR4AaABAg,YouTube,top_level_comment,UgxRjYWLeFbzSuHqiSR4AaABAg,UgxRjYWLeFbzSuHqiSR4AaABAg,ePfJmLXfPwU,JPJ perkenal wajah baharu lesen memandu,Harian Metro,https://www.youtube.com/watch?v=ePfJmLXfPwU,2025-05-21T11:30:02Z,transport_public_services,Kena hantar kedai buat *laminate* 🤑,983a1473ab2f33fe863d,2025-05-22T04:56:37Z,2025-05-22T04:56:37Z,0,0,True,True,none,,2026-06-17T15:11:47.299639+00:00,raw,,Kena hantar kedai buat *laminate* 🤑,kena hantar kedai buat laminate,5,35,1,False,True,0,0,0,BM,id,0,0,,False,False,accepted,neutral,0.0620763041079044,0.7164090871810913,0.2215146422386169,0.7164090871810913,0.4948944449424743,medium,medium,medium_confidence | neutral_prediction,neutral,reviewed,,neutral,cardiffnlp/twitter-xlm-roberta-base-sentiment-multilingual,automatic_prelabel,positive | neutral | negative | uncertain,True,407,2026-06-18 18:34:38,human_manual_review,,,,,True,final_youtube_sentiment_825_balanced,2026-06-18 20:43:24,263,Kena hantar kedai buat *laminate* 🤑,Have to send the shop to make *laminate* 🤑,translated,google_translate_auto_to_en,neutral,keep,current label is acceptable
YT_Ugxi8QgVvs6aYUGT47B4AaABAg,YouTube,top_level_comment,Ugxi8QgVvs6aYUGT47B4AaABAg,Ugxi8QgVvs6aYUGT47B4AaABAg,Yu37CmWLvK0,SATU MALAYSIA KENA SCAM MAKANAN DI BAZAR RAMADAN‼️ LELAKI SOUND PENIAGA BAZAAR,NuR MuHD,https://www.youtube.com/watch?v=Yu37CmWLvK0,2026-02-22T17:36:49Z,festivals_national_events,Perangai peniaga yang janji boleh je masak sangat memalukan. Fikir untung je tapi tak ada kualiti. Tak tahu masak jangan berniaga la.. Ni menipu namanya. Boikot je.,bf83bcf294d4f6e75a0c,2026-02-28T22:24:00Z,2026-02-28T22:24:00Z,0,0,True,True,none,,2026-06-17T15:11:44.742937+00:00,raw,,Perangai peniaga yang janji boleh je masak sangat memalukan. Fikir untung je tapi tak ada kualiti. Tak tahu masak jangan berniaga la.. Ni menipu namanya. Boikot je.,perangai peniaga yang janji boleh je masak sangat memalukan fikir untung je tapi tak ada kualiti tak tahu masak jangan berniaga la ni menipu namanya boikot je,27,164,0,False,True,0,0,0,BM,id,5,0,,False,False,accepted,negative,0.9356293082237244,0.0282246191054582,0.0361460708081722,0.9356293082237244,0.8994832374155521,high,low,,negative,reviewed,,negative,cardiffnlp/twitter-xlm-roberta-base-sentiment-multilingual,automatic_prelabel,positive | neutral | negative | uncertain,True,645,2026-06-18 19:14:23,human_manual_review,,,,,True,final_youtube_sentiment_825_balanced,2026-06-18 20:43:24,724,Perangai peniaga yang janji boleh je masak sangat memalukan. Fikir untung je tapi tak ada kualiti. Tak tahu masak jangan berniaga la.. Ni menipu namanya. Boikot je.,"The attitude of the merchant who promises to cook is very embarrassing. Think profit but no quality. If you don't know how to cook, don't do business.. I lied about my name. Boycott it.",translated,google_translate_auto_to_en,negative,keep,current label is acceptable or ambiguous
YT_UgyNAWwhrCduehIiHqV4AaABAg,YouTube,top_level_comment,UgyNAWwhrCduehIiHqV4AaABAg,UgyNAWwhrCduehIiHqV4AaABAg,UGAL8690ngc,"Bantuan Asas Rahmah diteruskan: RM100 untuk  dewasa, RM500 untuk penerima miskin tegar - Anwar",KiniTV,https://www.youtube.com/watch?v=UGAL8690ngc,2026-01-05T06:06:45Z,cost_of_living_public_policy,Alhamdulillah Terima kasih kepada PMX👍🤲🏽❤,e4502e9f017fbbcb0204,2026-01-06T08:39:34Z,2026-01-06T08:40:13Z,4,0,True,True,none,,2026-06-17T15:11:40.406216+00:00,raw,,Alhamdulillah Terima kasih kepada PMX👍🤲🏽❤,alhamdulillah terima kasih kepada pmx,5,41,3,False,True,0,0,0,BM,id,0,0,,False,False,accepted,positive,0.0126692475751042,0.0163134895265102,0.9710172414779664,0.9710172414779664,0.954703751951456,high,low,,positive,reviewed,,positive,cardiffnlp/twitter-xlm-roberta-base-sentiment-multilingual,automatic_prelabel,positive | neutral | negative | uncertain,True,760,2026-06-18 19:36:35,human_manual_review,,,,,True,final_youtube_sentiment_825_balanced,2026-06-18 20:43:24,114,Alhamdulillah Terima kasih kepada PMX👍🤲🏽❤,Alhamdulillah Thanks to PMX👍🤲🏽❤,translated,google_translate_auto_to_en,positive,keep,current label is acceptable or ambiguous
YT_Ugz8zd_-ANFxaG7S5tJ4AaABAg,YouTube,top_level_comment,Ugz8zd_-ANFxaG7S5tJ4AaABAg,Ugz8zd_-ANFxaG7S5tJ4AaABAg,Yu37CmWLvK0,SATU MALAYSIA KENA SCAM MAKANAN DI BAZAR RAMADAN‼️ LELAKI SOUND PENIAGA BAZAAR,NuR MuHD,https://www.youtube.com/watch?v=Yu37CmWLvK0,2026-02-22T17:36:49Z,festivals_national_events,"Kadang penjaga ni jual mahal sangat dan kurangkan inti disebabkan gerai yang mereka sewa tu terlampau mahal....saya pula tak tahu yang gerai dan tapak ramadhan ini disewa ke bukan??? Kalau gerai tu disewa dari Dewan Bandaraya ke, atau pun mana2 penyewa, harga sewa tu terlalu tinggi, maka terjadi lah harga mahal, yang tak nak jual mahal, boleh, tapi inti pula dikurangkan, jadi tak nyaman lah....kalau boleh, buat penyewa2 tu, kurangkan lah harga sewa itu....kalau boleh tak payah sewa, halal je, bulan puasa ni....siapa dulu daftar, dia lah yang akan dapat gerai tu dulu.... Insyaallah, harga barang di Bazar Ramadhan, akan jauh lebih murah, jauh lebih sedap, penuh inti ,dari hari biasa",f0cbc14164ddba0033f4,2026-03-06T03:00:29Z,2026-03-06T03:00:29Z,0,0,True,True,none,,2026-06-17T15:11:44.742506+00:00,raw,,"Kadang penjaga ni jual mahal sangat dan kurangkan inti disebabkan gerai yang mereka sewa tu terlampau mahal..saya pula tak tahu yang gerai dan tapak ramadhan ini disewa ke bukan?? Kalau gerai tu disewa dari Dewan Bandaraya ke, atau pun mana2 penyewa, harga sewa tu terlalu tinggi, maka terjadi lah harga mahal, yang tak nak jual mahal, boleh, tapi inti pula dikurangkan, jadi tak nyaman lah..kalau boleh, buat penyewa2 tu, kurangkan lah harga sewa itu..kalau boleh tak payah sewa, halal je, bulan puasa ni..siapa dulu daftar, dia lah yang akan dapat gerai tu dulu.. Insyaallah, harga barang di Bazar Ramadhan, akan jauh lebih murah, jauh lebih sedap, penuh inti ,dari hari biasa",kadang penjaga ni jual mahal sangat dan kurangkan inti disebabkan gerai yang mereka sewa tu terlampau mahal saya pula tak tahu yang gerai dan tapak ramadhan ini disewa ke bukan kalau gerai tu disewa dari dewan bandaraya ke atau pun mana2 penyewa harga sewa tu terlalu tinggi maka terjadi lah harga mahal yang tak nak jual mahal boleh tapi inti pula dikurangkan jadi tak nyaman lah kalau boleh buat penyewa2 tu kurangkan lah harga sewa itu kalau boleh tak payah sewa halal je bulan puasa ni siapa dulu daftar dia lah yang akan dapat gerai tu dulu insyaallah harga barang di bazar ramadhan akan jauh lebih murah jauh lebih sedap penuh inti dari hari biasa,115,678,0,False,True,0,0,0,BM,id,20,0,,False,False,accepted,negative,0.7528080344200134,0.1280633360147476,0.1191286519169807,0.7528080344200134,0.6247446984052658,medium,medium,medium_confidence,positive,reviewed,,positive,cardiffnlp/twitter-xlm-roberta-base-sentiment-multilingual,automatic_prelabel,positive | neutral | negative | uncertain,True,447,2026-06-18 18:42:06,human_manual_review,,,,,True,final_youtube_sentiment_825_balanced,2026-06-18 20:43:24,101,"Kadang penjaga ni jual mahal sangat dan kurangkan inti disebabkan gerai yang mereka sewa tu terlampau mahal..saya pula tak tahu yang gerai dan tapak ramadhan ini disewa ke bukan?? Kalau gerai tu disewa dari Dewan Bandaraya ke, atau pun mana2 penyewa, harga sewa tu terlalu tinggi, maka terjadi lah harga mahal, yang tak nak jual mahal, boleh, tapi inti pula dikurangkan, jadi tak nyaman lah..kalau boleh, buat penyewa2 tu, kurangkan lah harga sewa itu..kalau boleh tak payah sewa, halal je, bulan puasa ni..siapa dulu daftar, dia lah yang akan dapat gerai tu dulu.. Insyaallah, harga barang di Bazar Ramadhan, akan jauh lebih murah, jauh lebih sedap, penuh inti ,dari hari biasa","Sometimes these caretakers sell very expensive and reduce the value because the stalls they rent are too expensive.. I also don't know if these stalls and the Ramadhan site are rented, right?? If the stall is rented from the City Hall to, or any other tenant, the rent price is too high, then the price is high, those who don't want to sell expensive, can, but the essence is also reduced, so it's not comfortable.. if possible, for the tenants, reduce the rent price.. if possible, you don't have to pay rent, it's halal, this fasting month.. whoever registers first, he will get the stall first.. God willing, the price of goods in the Ramadhan Bazaar will be much cheaper, much tastier, full of essence, from a normal day",translated,google_translate_auto_to_en,negative,relabel,translated English contains stronger negative sentiment cues
YT_Ugz-ErgmXJli-zoSNAN4AaABAg,YouTube,top_level_comment,Ugz-ErgmXJli-zoSNAN4AaABAg,Ugz-ErgmXJli-zoSNAN4AaABAg,hXMCJ90cK7M,Car vs Public Transport in Malaysia. Who Wins?,Mr Money TV,https://www.youtube.com/watch?v=hXMCJ90cK7M,2025-05-23T12:42:56Z,transport_public_services,"Public transportation only works in big cities, outside of KL & Penang good luck going anywhere without any cars or motorcycle",ff5b9f59f0173a192a27,2025-05-31T01:02:53Z,2025-05-31T01:02:53Z,0,0,True,True,none,,2026-06-17T15:11:46.924676+00:00,raw,,"Public transportation only works in big cities, outside of KL & Penang good luck going anywhere without any cars or motorcycle",public transportation only works in big cities outside of kl penang good luck going anywhere without any cars or motorcycle,20,126,0,False,True,0,0,0,EN,en,0,1,,False,False,accepted,positive,0.1484088599681854,0.379799485206604,0.4717916846275329,0.4717916846275329,0.0919921994209289,low,high,low_confidence | small_probability_margin,neutral,reviewed,Moved from positive supplement to neutral after manual review,neutral,cardiffnlp/twitter-xlm-roberta-base-sentiment-multilingual,automatic_prelabel,,False,80,2026-06-18 20:30:19,human_manual_review_positive_supplement,available,,positive_shortage_after_manual_review,neutral_after_manual_review,True,final_youtube_sentiment_825_balanced,2026-06-18 20:43:24,674,"Public transportation only works in big cities, outside of KL & Penang good luck going anywhere without any cars or motorcycle","Public transportation only works in big cities, outside of KL & Penang good luck going anywhere without any cars or motorcycle",kept_original_english,none,neutral,keep,current label is acceptable or ambiguous
YT_UgzEI-LZdkN5d-QLSbZ4AaABAg,YouTube,top_level_comment,UgzEI-LZdkN5d-QLSbZ4AaABAg,UgzEI-LZdkN5d-QLSbZ4AaABAg,Yu37CmWLvK0,SATU MALAYSIA KENA SCAM MAKANAN DI BAZAR RAMADAN‼️ LELAKI SOUND PENIAGA BAZAAR,NuR MuHD,https://www.youtube.com/watch?v=Yu37CmWLvK0,2026-02-22T17:36:49Z,festivals_national_events,Yang keras tu bukan ondeh² tetapi kuih buah rotan bersaiz besar...😂,5c3b4b1d2b6491f367da,2026-03-06T01:43:57Z,2026-03-06T01:43:57Z,0,0,True,True,none,,2026-06-17T15:11:44.742536+00:00,raw,,Yang keras tu bukan ondeh2 tetapi kuih buah rotan bersaiz besar..😂,yang keras tu bukan ondeh2 tetapi kuih buah rotan bersaiz besar,11,66,1,False,True,0,0,0,BM,id,2,0,,False,False,accepted,neutral,0.1970208883285522,0.4289422929286957,0.3740369081497192,0.4289422929286957,0.0549053847789764,low,high,low_confidence | small_probability_margin | neutral_prediction,neutral,reviewed,,neutral,cardiffnlp/twitter-xlm-roberta-base-sentiment-multilingual,automatic_prelabel,positive | neutral | negative | uncertain,True,56,2026-06-18 15:37:19,human_manual_review,,,,,True,final_youtube_sentiment_825_balanced,2026-06-18 20:43:24,214,Yang keras tu bukan ondeh2 tetapi kuih buah rotan bersaiz besar..😂,The hard one is not ondeh2 but a large rattan fruit cake..😂,translated,google_translate_auto_to_en,neutral,keep,current label is acceptable or ambiguous
YT_Ugzpkv3p5o3V0Wq8X-14AaABAg,YouTube,top_level_comment,Ugzpkv3p5o3V0Wq8X-14AaABAg,Ugzpkv3p5o3V0Wq8X-14AaABAg,Yu37CmWLvK0,SATU MALAYSIA KENA SCAM MAKANAN DI BAZAR RAMADAN‼️ LELAKI SOUND PENIAGA BAZAAR,NuR MuHD,https://www.youtube.com/watch?v=Yu37CmWLvK0,2026-02-22T17:36:49Z,festivals_national_events,"Sebagai kejaya seorang chef,saya setuju..tolong lah jaga quality makanan!",d360237ff288feb37094,2026-03-15T11:27:13Z,2026-03-15T11:27:13Z,0,0,True,True,none,,2026-06-17T15:11:44.741857+00:00,raw,,"Sebagai kejaya seorang chef,saya setuju..tolong lah jaga quality makanan!",sebagai kejaya seorang chef saya setuju tolong lah jaga quality makanan,11,73,0,False,True,0,0,0,BM,id,2,0,,False,False,accepted,positive,0.25743368268013,0.2283667623996734,0.5141996145248413,0.5141996145248413,0.2567659318447113,low,high,low_confidence,positive,reviewed,,positive,cardiffnlp/twitter-xlm-roberta-base-sentiment-multilingual,automatic_prelabel,positive | neutral | negative | uncertain,True,173,2026-06-18 15:58:08,human_manual_review,,,,,True,final_youtube_sentiment_825_balanced,2026-06-18 20:43:24,623,"Sebagai kejaya seorang chef,saya setuju..tolong lah jaga quality makanan!","As a successful chef, I agree.. please take care of the quality of the food!",translated,google_translate_auto_to_en,positive,keep,current label is acceptable or ambiguous
YT_UgwGVGtoDdiw6CrLWXB4AaABAg,YouTube,top_level_comment,UgwGVGtoDdiw6CrLWXB4AaABAg,UgwGVGtoDdiw6CrLWXB4AaABAg,ze_IuVwkuFc,KTMB's 'ghost train' transforms commute for students from the interior,The Star,https://www.youtube.com/watch?v=ze_IuVwkuFc,2026-01-11T13:05:33Z,transport_public_services,Hmm ghost train shud be staff and student train,08d76126b34313e68582,2026-01-14T09:59:00Z,2026-01-14T09:59:00Z,0,0,True,True,none,,2026-06-17T15:11:47.668150+00:00,raw,,Hmm ghost train shud be staff and student train,hmm ghost train shud be staff and student train,9,47,0,False,True,0,0,0,EN,en,0,2,,False,False,accepted,neutral,0.2439246773719787,0.5942328572273254,0.1618425101041793,0.5942328572273254,0.3503081798553467,low,high,low_confidence | neutral_prediction,neutral,reviewed,,neutral,cardiffnlp/twitter-xlm-roberta-base-sentiment-multilingual,automatic_prelabel,positive | neutral | negative | uncertain,True,333,2026-06-18 17:19:19,human_manual_review,,,,,True,final_youtube_sentiment_825_balanced,2026-06-18 20:43:24,801,Hmm ghost train shud be staff and student train,Hmm ghost train shud be staff and student train,kept_original_english,none,neutral,keep,current label is acceptable
YT_UgyI1zUn9jm3Y2dTtyh4AaABAg,YouTube,top_level_comment,UgyI1zUn9jm3Y2dTtyh4AaABAg,UgyI1zUn9jm3Y2dTtyh4AaABAg,qlQj6Zlgc-M,MyDigital ID akan diwajibkan untuk akses aplikasi MyJPJ & MyBayar PDRM!,SoyaCincau BM,https://www.youtube.com/watch?v=qlQj6Zlgc-M,2025-08-27T12:39:08Z,technology_digital_services,singapore dah lama guna cara ni.. id tunggal untuk individu masuk dlm website gov.. sbb nk elakkn org menyamar jd diri kita. singapore panggil singpass.,056af2b9374f60f697ea,2026-04-27T10:07:58Z,2026-04-27T10:07:58Z,0,0,True,True,none,,2026-06-17T15:11:45.563419+00:00,raw,,singapore dah lama guna cara ni.. id tunggal untuk individu masuk dlm website gov.. sbb nk elakkn org menyamar jd diri kita. singapore panggil singpass.,singapore dah lama guna cara ni id tunggal untuk individu masuk dlm website gov sbb nk elakkn org menyamar jd diri kita singapore panggil singpass,25,152,0,False,True,0,0,0,BM,id,3,0,,False,False,accepted,neutral,0.3339180648326874,0.4774497151374817,0.1886322945356369,0.4774497151374817,0.1435316503047943,low,high,low_confidence | small_probability_margin | neutral_prediction,positive,reviewed,,positive,cardiffnlp/twitter-xlm-roberta-base-sentiment-multilingual,automatic_prelabel,positive | neutral | negative | uncertain,True,114,2026-06-18 15:46:59,human_manual_review,,,,,True,final_youtube_sentiment_825_balanced,2026-06-18 20:43:24,809,singapore dah lama guna cara ni.. id tunggal untuk individu masuk dlm website gov.. sbb nk elakkn org menyamar jd diri kita. singapore panggil singpass.,Singapore has been using this method for a long time... a single ID for individuals to enter the gov website... to avoid people impersonating us. Singapore call Singpass.,translated,google_translate_auto_to_en,neutral,relabel,translated English appears informational/unclear rather than explicit sentiment
YT_UgxhqKzdN0tNghEnrJJ4AaABAg,YouTube,top_level_comment,UgxhqKzdN0tNghEnrJJ4AaABAg,UgxhqKzdN0tNghEnrJJ4AaABAg,zCSY4bGWUXc,"Suara Rakyat: Nilai semula subsidi petrol golongan kaya, apa kata orang miskin?",Astro AWANI,https://www.youtube.com/watch?v=zCSY4bGWUXc,2026-05-11T12:14:22Z,cost_of_living_public_policy,"😂lah katanya Nagara kaya ,semua takde miskin nikmati je lah harga naik kan bnyk duit wrga Malaydesh",9d843c9f8dde5bc1cfd3,2026-05-13T03:32:35Z,2026-05-13T03:32:35Z,3,1,True,True,none,,2026-06-17T15:11:37.970405+00:00,raw,,"😂lah katanya Nagara kaya ,semua takde miskin nikmati je lah harga naik kan bnyk duit wrga Malaydesh",lah katanya nagara kaya semua takde miskin nikmati je lah harga naik kan bnyk duit wrga malaydesh,17,99,1,False,True,0,0,0,BM,id,4,0,,False,False,accepted,positive,0.2077996432781219,0.2075207084417343,0.5846796035766602,0.5846796035766602,0.3768799602985382,low,high,low_confidence,negative,reviewed,,negative,cardiffnlp/twitter-xlm-roberta-base-sentiment-multilingual,automatic_prelabel,positive | neutral | negative | uncertain,True,314,2026-06-18 17:15:15,human_manual_review,,,,,True,final_youtube_sentiment_825_balanced,2026-06-18 20:43:24,34,"😂lah katanya Nagara kaya ,semua takde miskin nikmati je lah harga naik kan bnyk duit wrga Malaydesh","😂 he said the country is rich, not everyone is poor, just enjoy the price increase, right?",translated,google_translate_auto_to_en,negative,keep,current label is acceptable or ambiguous
YT_UgzOtjMwoNRQSTKukAl4AaABAg,YouTube,top_level_comment,UgzOtjMwoNRQSTKukAl4AaABAg,UgzOtjMwoNRQSTKukAl4AaABAg,dDRZ6AZbcfw,Malaysian Hawker Fights To Keep His Noodles Affordable As Food Prices Rise | Money Mind | Inflation,CNA Insider,https://www.youtube.com/watch?v=dDRZ6AZbcfw,2025-11-25T14:01:10Z,cost_of_living_public_policy,"You cant squeeze your margin forever to keep your business afloat and eventually making losses then close the business. A healthy margin keep the business survive, yes if you increase price you loss customer, but they eventually come back to you when their income increased. 山不转路转。Learned the Tony AirAsia strategy, example noodle kosong (RM 3) plus additional ingredient and vary portion at additional price. Whoever cant afford expensive, may go for cheaper, whoever can afford will eat better. Starting of the Month ear nicely, end of the month eat noodle kosong.... lol",ddc273760462eeafeabe,2025-11-26T00:58:23Z,2025-11-26T00:58:23Z,0,3,True,True,none,,2026-06-17T15:11:42.418807+00:00,raw,,"You cant squeeze your margin forever to keep your business afloat and eventually making losses then close the business. A healthy margin keep the business survive, yes if you increase price you loss customer, but they eventually come back to you when their income increased. 山不转路转。Learned the Tony AirAsia strategy, example noodle kosong (RM 3) plus additional ingredient and vary portion at additional price. Whoever cant afford expensive, may go for cheaper, whoever can afford will eat better. Starting of the Month ear nicely, end of the month eat noodle kosong.. lol",you cant squeeze your margin forever to keep your business afloat and eventually making losses then close the business a healthy margin keep the business survive yes if you increase price you loss customer but they eventually come back to you when their income increased 山不转路转 learned the tony airasia strategy example noodle kosong rm 3 plus additional ingredient and vary portion at additional price whoever cant afford expensive may go for cheaper whoever can afford will eat better starting of the month ear nicely end of the month eat noodle kosong lol,93,571,0,False,True,0,0,0,EN,en,0,7,,False,False,accepted,neutral,0.2325445562601089,0.4106289744377136,0.356826514005661,0.4106289744377136,0.0538024604320526,low,high,low_confidence | small_probability_margin | neutral_prediction,negative,reviewed,,negative,cardiffnlp/twitter-xlm-roberta-base-sentiment-multilingual,automatic_prelabel,positive | neutral | negative | uncertain,True,44,2026-06-18 15:33:55,human_manual_review,,,,,True,final_youtube_sentiment_825_balanced,2026-06-18 20:43:24,304,"You cant squeeze your margin forever to keep your business afloat and eventually making losses then close the business. A healthy margin keep the business survive, yes if you increase price you loss customer, but they eventually come back to you when their income increased. 山不转路转。Learned the Tony AirAsia strategy, example noodle kosong (RM 3) plus additional ingredient and vary portion at additional price. Whoever cant afford expensive, may go for cheaper, whoever can afford will eat better. Starting of the Month ear nicely, end of the month eat noodle kosong.. lol","You cant squeeze your margin forever to keep your business afloat and eventually making losses then close the business. A healthy margin keep the business survive, yes if you increase price you loss customer, but they eventually come back to you when their income increased. 山不转路转。Learned the Tony AirAsia strategy, example noodle kosong (RM 3) plus additional ingredient and vary portion at additional price. Whoever cant afford expensive, may go for cheaper, whoever can afford will eat better. Starting of the Month ear nicely, end of the month eat noodle kosong.. lol",kept_original_english,none,negative,keep,current label is acceptable or ambiguous
YT_UgyKd1fmCK7KkIhvZwd4AaABAg,YouTube,top_level_comment,UgyKd1fmCK7KkIhvZwd4AaABAg,UgyKd1fmCK7KkIhvZwd4AaABAg,L-iPwc5b3oI,Malaysia rolls out the welcome mat for first tourists of 2026,The Star,https://www.youtube.com/watch?v=L-iPwc5b3oI,2026-01-01T05:54:35Z,tourism_lifestyle_events,"Respect others, others will definitely respect us, thank you tourists from all over the world for coming to our country Malaysia🥳🥳🥳🤝🤝",c5bf0efd6c2fedce6054,2026-01-02T02:22:50Z,2026-01-02T02:22:50Z,2,0,True,True,none,,2026-06-17T15:11:45.906431+00:00,raw,,"Respect others, others will definitely respect us, thank you tourists from all over the world for coming to our country Malaysia🥳🥳🥳🤝🤝",respect others others will definitely respect us thank you tourists from all over the world for coming to our country malaysia,21,133,5,False,True,0,0,0,MIXED,en,1,3,,False,False,accepted,positive,0.0362821593880653,0.0568421743810176,0.9068756699562072,0.9068756699562072,0.8500334955751896,high,medium,mixed_language,positive,reviewed,,positive,cardiffnlp/twitter-xlm-roberta-base-sentiment-multilingual,automatic_prelabel,positive | neutral | negative | uncertain,True,565,2026-06-18 19:02:48,human_manual_review,,,,,True,final_youtube_sentiment_825_balanced,2026-06-18 20:43:24,56,"Respect others, others will definitely respect us, thank you tourists from all over the world for coming to our country Malaysia🥳🥳🥳🤝🤝","Respect others, others will definitely respect us, thank you tourists from all over the world for coming to our country Malaysia🥳🥳🥳🤝🤝",kept_original_english,none,positive,keep,current label is acceptable or ambiguous
YT_UgzTF-UgpINTJHqpA9F4AaABAg,YouTube,top_level_comment,UgzTF-UgpINTJHqpA9F4AaABAg,UgzTF-UgpINTJHqpA9F4AaABAg,0zi0v_kJ7BE,"Belanjawan 2026: Bantuan tunai STR dikurang RM300, Sara naik",KiniTV,https://www.youtube.com/watch?v=0zi0v_kJ7BE,2025-10-13T05:24:51Z,cost_of_living_public_policy,"Main tarik², last² ko kena tarik nanti.. kan mendapat. Gila munya aturan. Nak bagi, bagi je ler.",d52a60dbe0158892539e,2025-10-14T22:59:57Z,2025-10-14T22:59:57Z,3,0,True,True,none,,2026-06-17T15:11:41.176644+00:00,raw,,"Main tarik2, last2 ko kena tarik nanti.. kan mendapat. Gila munya aturan. Nak bagi, bagi je ler.",main tarik2 last2 ko kena tarik nanti kan mendapat gila munya aturan nak bagi bagi je ler,17,96,0,False,True,0,0,0,BM,id,4,0,,False,False,accepted,negative,0.5548412799835205,0.2258463203907013,0.2193124592304229,0.5548412799835205,0.3289949595928192,low,high,low_confidence,negative,reviewed,,negative,cardiffnlp/twitter-xlm-roberta-base-sentiment-multilingual,automatic_prelabel,positive | neutral | negative | uncertain,True,261,2026-06-18 17:04:39,human_manual_review,,,,,True,final_youtube_sentiment_825_balanced,2026-06-18 20:43:24,718,"Main tarik2, last2 ko kena tarik nanti.. kan mendapat. Gila munya aturan. Nak bagi, bagi je ler.","Playing with pulls, the last two will get pulled later... you'll get it. It's crazy how many rules there are. Want to share, share je ler.",translated,google_translate_auto_to_en,neutral,relabel,translated English appears informational/unclear rather than explicit sentiment
YT_UgxaIQHFbU_sxx7iNG54AaABAg,YouTube,top_level_comment,UgxaIQHFbU_sxx7iNG54AaABAg,UgxaIQHFbU_sxx7iNG54AaABAg,L-iPwc5b3oI,Malaysia rolls out the welcome mat for first tourists of 2026,The Star,https://www.youtube.com/watch?v=L-iPwc5b3oI,2026-01-01T05:54:35Z,tourism_lifestyle_events,"Welcome to Malaysia....but after you visa finis, you go back china aaaaa",65032cac21cd26608315,2026-01-01T10:49:11Z,2026-01-01T10:49:11Z,9,2,True,True,none,,2026-06-17T15:11:45.906729+00:00,raw,,"Welcome to Malaysia..but after you visa finis, you go back china aaaaa",welcome to malaysia but after you visa finis you go back china aaaaa,13,70,0,False,True,0,0,0,MIXED,en,1,1,,False,False,accepted,neutral,0.3642669320106506,0.4402782917022705,0.19545479118824,0.4402782917022705,0.0760113596916198,low,high,low_confidence | small_probability_margin | neutral_prediction | mixed_language,neutral,reviewed,Changed from negative to neutral after text-based manual review,neutral,cardiffnlp/twitter-xlm-roberta-base-sentiment-multilingual,automatic_prelabel,positive | neutral | negative | uncertain,True,68,2026-06-18 20:41:44,human_manual_text_based_negative_recheck,,,,,True,final_youtube_sentiment_825_balanced,2026-06-18 20:43:24,473,"Welcome to Malaysia..but after you visa finis, you go back china aaaaa","Welcome to Malaysia..but after you visa finis, you go back china aaaaa",kept_original_english,none,neutral,keep,current label is acceptable
YT_Ugwn_GqyPatGjlMlToZ4AaABAg,YouTube,top_level_comment,Ugwn_GqyPatGjlMlToZ4AaABAg,Ugwn_GqyPatGjlMlToZ4AaABAg,Yu37CmWLvK0,SATU MALAYSIA KENA SCAM MAKANAN DI BAZAR RAMADAN‼️ LELAKI SOUND PENIAGA BAZAAR,NuR MuHD,https://www.youtube.com/watch?v=Yu37CmWLvK0,2026-02-22T17:36:49Z,festivals_national_events,"Mas@k lebih kvrang, berbunyi. Mas@k terlebih masak pun, b3rbunyi... Barang mahal, kena catu. Nak mkn s8kit, x kenyang. Zaman sekar@ng, mana ada org makan, ' cukup sekadar, menegakkan tulang belakang ' ( ini Nabi yg bersabda taw ). Ini cakap saya pulak, ' m@kanlah kenyang2 sampai x boleh b@ngvn. Bangvn x bang7n b8la n@k ke pos opis, bilik termenung daaa... 😂😂😂. Next year NO MORE BAZAR RAMADAN. PENIAGA KECIL OR WARGA ASING / PENIAGA DAH ADA JENAMA BESAR2. NO MORE... 😡😡😡🤬🤬🤬",e8e761f8d59452b053ba,2026-03-22T00:07:27Z,2026-03-22T00:09:50Z,0,0,True,True,none,,2026-06-17T15:11:44.741729+00:00,raw,,"Mas@k lebih kvrang, berbunyi. Mas@k terlebih masak pun, b3rbunyi.. Barang mahal, kena catu. Nak mkn s8kit, x kenyang. Zaman sekar@ng, mana ada org makan, ' cukup sekadar, menegakkan tulang belakang ' ( ini Nabi yg bersabda taw ). Ini cakap saya pulak, ' m@kanlah kenyang2 sampai x boleh b@ngvn. Bangvn x bang7n b8la n@k ke pos opis, bilik termenung daaa.. 😂😂😂. Next year NO MORE BAZAR RAMADAN. PENIAGA KECIL OR WARGA ASING / PENIAGA DAH ADA JENAMA BESAR2. NO MORE.. 😡😡😡🤬🤬🤬",mas k lebih kvrang berbunyi mas k terlebih masak pun b3rbunyi barang mahal kena catu nak mkn s8kit x kenyang zaman sekar ng mana ada org makan cukup sekadar menegakkan tulang belakang ini nabi yg bersabda taw ini cakap saya pulak m kanlah kenyang2 sampai x boleh b ngvn bangvn x bang7n b8la n k ke pos opis bilik termenung daaa next year no more bazar ramadan peniaga kecil or warga asing peniaga dah ada jenama besar2 no more,79,472,9,False,True,0,0,0,BM,id,8,0,,False,False,accepted,negative,0.7926792502403259,0.1052348688244819,0.1020859032869339,0.7926792502403259,0.687444381415844,medium,medium,medium_confidence,negative,reviewed,,negative,cardiffnlp/twitter-xlm-roberta-base-sentiment-multilingual,automatic_prelabel,positive | neutral | negative | uncertain,True,527,2026-06-18 18:57:01,human_manual_review,,,,,True,final_youtube_sentiment_825_balanced,2026-06-18 20:43:24,669,"Mas@k lebih kvrang, berbunyi. Mas@k terlebih masak pun, b3rbunyi.. Barang mahal, kena catu. Nak mkn s8kit, x kenyang. Zaman sekar@ng, mana ada org makan, ' cukup sekadar, menegakkan tulang belakang ' ( ini Nabi yg bersabda taw ). Ini cakap saya pulak, ' m@kanlah kenyang2 sampai x boleh b@ngvn. Bangvn x bang7n b8la n@k ke pos opis, bilik termenung daaa.. 😂😂😂. Next year NO MORE BAZAR RAMADAN. PENIAGA KECIL OR WARGA ASING / PENIAGA DAH ADA JENAMA BESAR2. NO MORE.. 😡😡😡🤬🤬🤬","Mas@k more kvrang, sounds. Mas@k even overcooks, b3rbunyi.. Expensive goods, have to be rationed. If you want to eat 8 bits, you won't be full. Zaman sekar@ng, where there are people eating, 'just enough, straighten the spine' (this is the Prophet who said taw). This is what I'm saying, 'm@kanlah kenyang2 until you can b@ngvn. Bangvn x bang7n b8la n@k to the post office, dreamy room daaa.. 😂😂😂. Next year NO MORE RAMADAN BAZAAR. SMALL DEALER OR FOREIGN CITIZEN / DEALER ALREADY HAS BIG BRANDS. NO MORE.. 😡😡😡🤬🤬🤬",translated,google_translate_auto_to_en,negative,keep,current label is acceptable or ambiguous
YT_Ugxzb88_nmDOcUgdl8R4AaABAg,YouTube,top_level_comment,Ugxzb88_nmDOcUgdl8R4AaABAg,Ugxzb88_nmDOcUgdl8R4AaABAg,UGAL8690ngc,"Bantuan Asas Rahmah diteruskan: RM100 untuk  dewasa, RM500 untuk penerima miskin tegar - Anwar",KiniTV,https://www.youtube.com/watch?v=UGAL8690ngc,2026-01-05T06:06:45Z,cost_of_living_public_policy,Terima kasih PMX Malaysia kerana berjaya dalam urus ttg hal ini 😂❤❤,288e36c2510af626637c,2026-01-10T14:10:23Z,2026-01-10T14:10:23Z,0,0,True,True,none,,2026-06-17T15:11:40.405484+00:00,raw,,Terima kasih PMX Malaysia kerana berjaya dalam urus ttg hal ini 😂❤❤,terima kasih pmx malaysia kerana berjaya dalam urus ttg hal ini,11,67,3,False,True,0,0,0,BM,id,2,0,,False,False,accepted,positive,0.0342861488461494,0.041921779513359,0.923792004585266,0.923792004585266,0.881870225071907,high,low,,positive,reviewed,,positive,cardiffnlp/twitter-xlm-roberta-base-sentiment-multilingual,automatic_prelabel,positive | neutral | negative | uncertain,True,632,2026-06-18 19:12:44,human_manual_review,,,,,True,final_youtube_sentiment_825_balanced,2026-06-18 20:43:24,52,Terima kasih PMX Malaysia kerana berjaya dalam urus ttg hal ini 😂❤❤,Thank you PMX Malaysia for being successful in dealing with this matter 😂❤❤,translated,google_translate_auto_to_en,positive,keep,current label is acceptable or ambiguous
YT_UgwydEogMM8mYj8kPsd4AaABAg,YouTube,top_level_comment,UgwydEogMM8mYj8kPsd4AaABAg,UgwydEogMM8mYj8kPsd4AaABAg,0zi0v_kJ7BE,"Belanjawan 2026: Bantuan tunai STR dikurang RM300, Sara naik",KiniTV,https://www.youtube.com/watch?v=0zi0v_kJ7BE,2025-10-13T05:24:51Z,cost_of_living_public_policy,"Sara hanya terhad untuk barang-barang kering sahaja, kan lebih baik kalau sara juga dapat digunakan untuk barang-barang basah",65a586545e353e4c1b41,2025-10-14T05:53:04Z,2025-10-14T05:53:04Z,1,0,True,True,none,,2026-06-17T15:11:41.176901+00:00,raw,,"Sara hanya terhad untuk barang-barang kering sahaja, kan lebih baik kalau sara juga dapat digunakan untuk barang-barang basah",sara hanya terhad untuk barang barang kering sahaja kan lebih baik kalau sara juga dapat digunakan untuk barang barang basah,18,125,0,False,True,0,0,0,BM,id,4,0,,False,False,accepted,positive,0.216943547129631,0.3642771244049072,0.4187792837619781,0.4187792837619781,0.0545021593570709,low,high,low_confidence | small_probability_margin,neutral,reviewed,Moved from positive supplement to neutral after manual review,neutral,cardiffnlp/twitter-xlm-roberta-base-sentiment-multilingual,automatic_prelabel,,False,98,2026-06-18 20:30:19,human_manual_review_positive_supplement,available,,positive_shortage_after_manual_review,neutral_after_manual_review,True,final_youtube_sentiment_825_balanced,2026-06-18 20:43:24,196,"Sara hanya terhad untuk barang-barang kering sahaja, kan lebih baik kalau sara juga dapat digunakan untuk barang-barang basah","Sara is only limited to dry items, it would be better if Sara could also be used for wet items",translated,google_translate_auto_to_en,neutral,keep,current label is acceptable
YT_UgwpW707RILHgfdlZTZ4AaABAg,YouTube,top_level_comment,UgwpW707RILHgfdlZTZ4AaABAg,UgwpW707RILHgfdlZTZ4AaABAg,dDRZ6AZbcfw,Malaysian Hawker Fights To Keep His Noodles Affordable As Food Prices Rise | Money Mind | Inflation,CNA Insider,https://www.youtube.com/watch?v=dDRZ6AZbcfw,2025-11-25T14:01:10Z,cost_of_living_public_policy,Only in east Malaysia. Eggs price is RM11/12 per tray of 30 in west Malaysia.,281c323332bc12554f38,2025-11-25T14:23:23Z,2025-11-25T14:23:23Z,31,16,True,True,none,,2026-06-17T15:11:42.419033+00:00,raw,,Only in east Malaysia. Eggs price is RM11/12 per tray of 30 in west Malaysia.,only in east malaysia eggs price is rm11 12 per tray of 30 in west malaysia,16,77,0,False,True,0,0,0,MIXED,en,1,2,,False,False,accepted,neutral,0.0127367442473769,0.9675661325454712,0.0196970906108617,0.9675661325454712,0.9478690419346094,high,medium,neutral_prediction | mixed_language,neutral,reviewed,,neutral,cardiffnlp/twitter-xlm-roberta-base-sentiment-multilingual,automatic_prelabel,positive | neutral | negative | uncertain,True,599,2026-06-18 19:06:38,human_manual_review,,,,,True,final_youtube_sentiment_825_balanced,2026-06-18 20:43:24,777,Only in east Malaysia. Eggs price is RM11/12 per tray of 30 in west Malaysia.,Only in east Malaysia. Eggs price is RM11/12 per tray of 30 in west Malaysia.,kept_original_english,none,neutral,keep,current label is acceptable
YT_Ugyy4vgnk-njpFGAlP94AaABAg,YouTube,top_level_comment,Ugyy4vgnk-njpFGAlP94AaABAg,Ugyy4vgnk-njpFGAlP94AaABAg,hXMCJ90cK7M,Car vs Public Transport in Malaysia. Who Wins?,Mr Money TV,https://www.youtube.com/watch?v=hXMCJ90cK7M,2025-05-23T12:42:56Z,transport_public_services,"Loving these budget challenges vlog across KL PJ and Klang area, keep it up mmtv!!",02448f1c7d0223ec24d5,2025-05-23T13:17:27Z,2025-05-23T13:17:38Z,9,1,True,True,none,,2026-06-17T15:11:46.929290+00:00,raw,,"Loving these budget challenges vlog across KL PJ and Klang area, keep it up mmtv!!",loving these budget challenges vlog across kl pj and klang area keep it up mmtv,15,82,0,False,True,0,0,0,EN,en,0,1,,False,False,accepted,positive,0.0112772518768906,0.0299076586961746,0.958815097808838,0.958815097808838,0.9289074391126632,high,low,,positive,reviewed,,positive,cardiffnlp/twitter-xlm-roberta-base-sentiment-multilingual,automatic_prelabel,positive | neutral | negative | uncertain,True,718,2026-06-18 19:26:16,human_manual_review,,,,,True,final_youtube_sentiment_825_balanced,2026-06-18 20:43:24,90,"Loving these budget challenges vlog across KL PJ and Klang area, keep it up mmtv!!","Loving these budget challenges vlog across KL PJ and Klang area, keep it up mmtv!!",kept_original_english,none,neutral,relabel,translated English appears informational/unclear rather than explicit sentiment
YT_UgwX0b5o4BC5XsLUZzx4AaABAg,YouTube,top_level_comment,UgwX0b5o4BC5XsLUZzx4AaABAg,UgwX0b5o4BC5XsLUZzx4AaABAg,0zi0v_kJ7BE,"Belanjawan 2026: Bantuan tunai STR dikurang RM300, Sara naik",KiniTV,https://www.youtube.com/watch?v=0zi0v_kJ7BE,2025-10-13T05:24:51Z,cost_of_living_public_policy,Kami sokong jika pmx di turunkan. . .,fb87db8cbee2e5d4eca0,2025-10-14T04:51:53Z,2025-10-14T04:51:53Z,18,0,True,True,none,,2026-06-17T15:11:41.176955+00:00,raw,,Kami sokong jika pmx di turunkan. . .,kami sokong jika pmx di turunkan,6,37,0,False,True,0,0,0,BM,id,1,0,,False,False,accepted,positive,0.2226915806531906,0.2759341299533844,0.5013743042945862,0.5013743042945862,0.2254401743412017,low,high,low_confidence,negative,reviewed,,negative,cardiffnlp/twitter-xlm-roberta-base-sentiment-multilingual,automatic_prelabel,positive | neutral | negative | uncertain,True,151,2026-06-18 15:53:18,human_manual_review,,,,,True,final_youtube_sentiment_825_balanced,2026-06-18 20:43:24,166,Kami sokong jika pmx di turunkan. . .,We support if pmx is taken down. . .,translated,google_translate_auto_to_en,positive,relabel,positive/supportive cues outweigh negative label after translation
YT_Ugzeta75Qd_R3s5YMCl4AaABAg,YouTube,top_level_comment,Ugzeta75Qd_R3s5YMCl4AaABAg,Ugzeta75Qd_R3s5YMCl4AaABAg,hXMCJ90cK7M,Car vs Public Transport in Malaysia. Who Wins?,Mr Money TV,https://www.youtube.com/watch?v=hXMCJ90cK7M,2025-05-23T12:42:56Z,transport_public_services,"Build more public transport in klang valley, sabah sarawak jb melaka negeri sembilan east coast area Pahang Kelantan terrengganu Ipoh penang kedah & perlis",246824094ac50dab04c2,2025-05-23T14:43:35Z,2025-05-23T14:43:35Z,2,3,True,True,none,,2026-06-17T15:11:46.928723+00:00,raw,,"Build more public transport in klang valley, sabah sarawak jb melaka negeri sembilan east coast area Pahang Kelantan terrengganu Ipoh penang kedah & perlis",build more public transport in klang valley sabah sarawak jb melaka negeri sembilan east coast area pahang kelantan terrengganu ipoh penang kedah perlis,23,155,0,False,True,0,0,0,BM,id,0,0,,False,False,accepted,neutral,0.103506751358509,0.547936201095581,0.3485570549964905,0.547936201095581,0.1993791460990905,low,high,low_confidence | neutral_prediction,positive,reviewed,,positive,cardiffnlp/twitter-xlm-roberta-base-sentiment-multilingual,automatic_prelabel,positive | neutral | negative | uncertain,True,247,2026-06-18 16:55:00,human_manual_review,,,,,True,final_youtube_sentiment_825_balanced,2026-06-18 20:43:24,552,"Build more public transport in klang valley, sabah sarawak jb melaka negeri sembilan east coast area Pahang Kelantan terrengganu Ipoh penang kedah & perlis","Build more public transport in Klang Valley, Sabah, Sarawak, JB, Melaka, Negeri Sembilan, East Coast Area, Pahang, Kelantan, Terranganu, Ipoh, Penang, Kedah & Perlis",translated,google_translate_auto_to_en,neutral,relabel,translated English appears informational/unclear rather than explicit sentiment
YT_Ugzx88_v76nZw3FCIuN4AaABAg,YouTube,top_level_comment,Ugzx88_v76nZw3FCIuN4AaABAg,Ugzx88_v76nZw3FCIuN4AaABAg,UGAL8690ngc,"Bantuan Asas Rahmah diteruskan: RM100 untuk  dewasa, RM500 untuk penerima miskin tegar - Anwar",KiniTV,https://www.youtube.com/watch?v=UGAL8690ngc,2026-01-05T06:06:45Z,cost_of_living_public_policy,Warga Sabah Malaysia🇲🇾 hadir TQ DSAI.hebat 🇲🇾👍👍👍,703f5f85acb2f740cccb,2026-01-09T14:29:51Z,2026-01-09T14:29:51Z,5,0,True,True,none,,2026-06-17T15:11:40.405561+00:00,raw,,Warga Sabah Malaysia🇲🇾 hadir TQ DSAI.hebat 🇲🇾👍👍👍,warga sabah malaysia hadir tq dsai hebat,7,48,5,False,True,0,0,0,BM,id,1,0,,False,False,accepted,positive,0.0519298799335956,0.0437402501702308,0.9043298363685608,0.9043298363685608,0.8523999564349651,high,low,,positive,reviewed,,positive,cardiffnlp/twitter-xlm-roberta-base-sentiment-multilingual,automatic_prelabel,positive | neutral | negative | uncertain,True,625,2026-06-18 19:11:28,human_manual_review,,,,,True,final_youtube_sentiment_825_balanced,2026-06-18 20:43:24,665,Warga Sabah Malaysia🇲🇾 hadir TQ DSAI.hebat 🇲🇾👍👍👍,Citizens of Sabah Malaysia 🇲🇾 present TQ DSAI. great 🇲🇾👍👍👍,translated,google_translate_auto_to_en,positive,keep,current label is acceptable or ambiguous
YT_Ugx8kp0nnBlARlJ1zit4AaABAg,YouTube,top_level_comment,Ugx8kp0nnBlARlJ1zit4AaABAg,Ugx8kp0nnBlARlJ1zit4AaABAg,UGAL8690ngc,"Bantuan Asas Rahmah diteruskan: RM100 untuk  dewasa, RM500 untuk penerima miskin tegar - Anwar",KiniTV,https://www.youtube.com/watch?v=UGAL8690ngc,2026-01-05T06:06:45Z,cost_of_living_public_policy,"Kerajaan tolong sekat My kasih /sara untuk produk santan kara,kopi kapal api, indocoffe, mee sedap,indo mee.kita kena bantu produk tempatan..klo di seberang mereka tak akan sokong mna2 produk kita di negara mereka ..ayuh kerajaan tolong ubah system My kasih/sara hanya untuk produk tempatan sahaja",b79469824a490a4082d8,2026-01-10T10:43:18Z,2026-01-10T10:43:18Z,5,1,True,True,none,,2026-06-17T15:11:40.405514+00:00,raw,,"Kerajaan tolong sekat My kasih /sara untuk produk santan kara,kopi kapal api, indocoffe, mee sedap,indo mee.kita kena bantu produk tempatan..klo di seberang mereka tak akan sokong mna2 produk kita di negara mereka ..ayuh kerajaan tolong ubah system My kasih/sara hanya untuk produk tempatan sahaja",kerajaan tolong sekat my kasih sara untuk produk santan kara kopi kapal api indocoffe mee sedap indo mee kita kena bantu produk tempatan klo di seberang mereka tak akan sokong mna2 produk kita di negara mereka ayuh kerajaan tolong ubah system my kasih sara hanya untuk produk tempatan sahaja,49,297,0,False,True,0,0,0,BM,id,6,0,,False,False,accepted,negative,0.7955142855644226,0.1029073894023895,0.1015783473849296,0.7955142855644226,0.6926068961620331,medium,medium,medium_confidence,neutral,reviewed,,neutral,cardiffnlp/twitter-xlm-roberta-base-sentiment-multilingual,automatic_prelabel,positive | neutral | negative | uncertain,True,531,2026-06-18 18:57:40,human_manual_review,,,,,True,final_youtube_sentiment_825_balanced,2026-06-18 20:43:24,92,"Kerajaan tolong sekat My kasih /sara untuk produk santan kara,kopi kapal api, indocoffe, mee sedap,indo mee.kita kena bantu produk tempatan..klo di seberang mereka tak akan sokong mna2 produk kita di negara mereka ..ayuh kerajaan tolong ubah system My kasih/sara hanya untuk produk tempatan sahaja","Government please block My kasih / sara for coconut milk products, api kapal coffee, indocoffe, mee sedap, indo mee. we have to help local products.. if on the other side they won't support any of our products in their country .. come on government please change the My kasih / sara system only for local products",translated,google_translate_auto_to_en,positive,relabel,translated English contains stronger positive/supportive sentiment cues
YT_UgzFj_O-hN-BEaubcU94AaABAg,YouTube,top_level_comment,UgzFj_O-hN-BEaubcU94AaABAg,UgzFj_O-hN-BEaubcU94AaABAg,J5SEcQAe1AM,Why Malaysia Forces You to Own a Car,UrbanShiftMY,https://www.youtube.com/watch?v=J5SEcQAe1AM,2026-05-11T05:16:17Z,transport_public_services,A developed city/country is where millionaires take public transport.,b2060d476d75245c2c79,2026-05-13T12:21:54Z,2026-05-13T12:21:54Z,1,1,True,True,none,,2026-06-17T15:11:48.488487+00:00,raw,,A developed city/country is where millionaires take public transport.,a developed city country is where millionaires take public transport,10,69,0,False,True,0,0,0,EN,en,0,1,,False,False,accepted,neutral,0.0095651298761367,0.6243854761123657,0.3660493493080139,0.6243854761123657,0.2583361268043518,medium,medium,medium_confidence | neutral_prediction,positive,reviewed,,positive,cardiffnlp/twitter-xlm-roberta-base-sentiment-multilingual,automatic_prelabel,positive | neutral | negative | uncertain,True,354,2026-06-18 18:24:39,human_manual_review,,,,,True,final_youtube_sentiment_825_balanced,2026-06-18 20:43:24,584,A developed city/country is where millionaires take public transport.,A developed city/country is where millionaires take public transport.,kept_original_english,none,neutral,relabel,translated English appears informational/unclear rather than explicit sentiment
YT_Ugwk9At9XXg_aLe1yTN4AaABAg,YouTube,top_level_comment,Ugwk9At9XXg_aLe1yTN4AaABAg,Ugwk9At9XXg_aLe1yTN4AaABAg,UGAL8690ngc,"Bantuan Asas Rahmah diteruskan: RM100 untuk  dewasa, RM500 untuk penerima miskin tegar - Anwar",KiniTV,https://www.youtube.com/watch?v=UGAL8690ngc,2026-01-05T06:06:45Z,cost_of_living_public_policy,Bantuan ni xmelibatkn walaun kan..😊😊,f51facc0db1557a13490,2026-01-06T14:01:02Z,2026-01-06T14:01:02Z,0,0,True,True,none,,2026-06-17T15:11:40.406089+00:00,raw,,Bantuan ni xmelibatkn walaun kan..😊😊,bantuan ni xmelibatkn walaun kan,5,36,2,False,True,0,0,0,BM,id,2,0,,False,False,accepted,positive,0.1307957172393798,0.1125801503658294,0.756624162197113,0.756624162197113,0.6258284449577332,medium,medium,medium_confidence,positive,reviewed,,positive,cardiffnlp/twitter-xlm-roberta-base-sentiment-multilingual,automatic_prelabel,positive | neutral | negative | uncertain,True,455,2026-06-18 18:43:28,human_manual_review,,,,,True,final_youtube_sentiment_825_balanced,2026-06-18 20:43:24,405,Bantuan ni xmelibatkn walaun kan..😊😊,Help me involve you though..😊😊,translated,google_translate_auto_to_en,positive,keep,current label is acceptable or ambiguous
YT_UgyxVBLQ1qpgxP8JUtB4AaABAg,YouTube,top_level_comment,UgyxVBLQ1qpgxP8JUtB4AaABAg,UgyxVBLQ1qpgxP8JUtB4AaABAg,pByBSEMjiyo,MENJELANG AIDILFITRI | PM Umum Cuti Tambahan Sehari Sambut Hari Raya Aidilfitri,Buletin TV3,https://www.youtube.com/watch?v=pByBSEMjiyo,2026-03-15T05:40:33Z,festivals_national_events,"Aminah dan geng dah menyusahkan 950,000 pesara-pesara . Yang dia lawan kes mahkamah hanya untuk kepentingan diri dan geng dia yang bersara sebelum 2013 ( 531,000 pesara2). Tunggakan jika menang kes mahkamah (dah kalah) depa yang dapat. Baki 420,000 pesara2 yang bersara selepas 2013 tak dapat pun. Kenaikan tahunan 2% dah dimansuhkan sebab Aminah. Geng Aminah lemah mathematik. Hakim pun lemah juga. Tahun hadapan 2027 dan berikutnya dah tak ada kenaikan tahunan. Jika PMX budibicara dan prihatin bolehlah gantikan 2% yang dimansuhkan itu dengan 3-4% melalui mesyuarat kabinet.",ff0723a518bfe1f43d63,2026-03-16T06:31:22Z,2026-03-16T06:31:22Z,0,0,True,True,none,,2026-06-17T15:11:43.138383+00:00,raw,,"Aminah dan geng dah menyusahkan 950,000 pesara-pesara . Yang dia lawan kes mahkamah hanya untuk kepentingan diri dan geng dia yang bersara sebelum 2013 ( 531,000 pesara2). Tunggakan jika menang kes mahkamah (dah kalah) depa yang dapat. Baki 420,000 pesara2 yang bersara selepas 2013 tak dapat pun. Kenaikan tahunan 2% dah dimansuhkan sebab Aminah. Geng Aminah lemah mathematik. Hakim pun lemah juga. Tahun hadapan 2027 dan berikutnya dah tak ada kenaikan tahunan. Jika PMX budibicara dan prihatin bolehlah gantikan 2% yang dimansuhkan itu dengan 3-4% melalui mesyuarat kabinet.",aminah dan geng dah menyusahkan 950 000 pesara pesara yang dia lawan kes mahkamah hanya untuk kepentingan diri dan geng dia yang bersara sebelum 2013 531 000 pesara2 tunggakan jika menang kes mahkamah dah kalah depa yang dapat baki 420 000 pesara2 yang bersara selepas 2013 tak dapat pun kenaikan tahunan 2 dah dimansuhkan sebab aminah geng aminah lemah mathematik hakim pun lemah juga tahun hadapan 2027 dan berikutnya dah tak ada kenaikan tahunan jika pmx budibicara dan prihatin bolehlah gantikan 2 yang dimansuhkan itu dengan 3 4 melalui mesyuarat kabinet,89,577,0,False,True,0,0,0,BM,id,10,0,,False,False,accepted,negative,0.9539161324501038,0.0224425066262483,0.0236413963139057,0.9539161324501038,0.930274736136198,high,low,,negative,reviewed,,negative,cardiffnlp/twitter-xlm-roberta-base-sentiment-multilingual,automatic_prelabel,positive | neutral | negative | uncertain,True,700,2026-06-18 19:23:54,human_manual_review,,,,,True,final_youtube_sentiment_825_balanced,2026-06-18 20:43:24,725,"Aminah dan geng dah menyusahkan 950,000 pesara-pesara . Yang dia lawan kes mahkamah hanya untuk kepentingan diri dan geng dia yang bersara sebelum 2013 ( 531,000 pesara2). Tunggakan jika menang kes mahkamah (dah kalah) depa yang dapat. Baki 420,000 pesara2 yang bersara selepas 2013 tak dapat pun. Kenaikan tahunan 2% dah dimansuhkan sebab Aminah. Geng Aminah lemah mathematik. Hakim pun lemah juga. Tahun hadapan 2027 dan berikutnya dah tak ada kenaikan tahunan. Jika PMX budibicara dan prihatin bolehlah gantikan 2% yang dimansuhkan itu dengan 3-4% melalui mesyuarat kabinet.","Aminah and her gang have made it difficult for 950,000 retirees. The one he is fighting in the court case is only for the benefit of himself and his gang who retired before 2013 (531,000 retirees2). Delay if you win the court case (already lost) as much as you can. The remaining 420,000 retirees who retired after 2013 did not even get it. The 2% annual increase has been abolished because of Aminah. Aminah's gang is weak in math. The judge is also weak. Next year 2027 and the following year there will be no annual increase. If PMX is prudent and concerned, it can replace the 2% that was abolished with 3-4% through a cabinet meeting.",translated,google_translate_auto_to_en,negative,keep,current label is acceptable or ambiguous
YT_Ugwzx0HrwbqGDPm-tmJ4AaABAg,YouTube,top_level_comment,Ugwzx0HrwbqGDPm-tmJ4AaABAg,Ugwzx0HrwbqGDPm-tmJ4AaABAg,Wk-HcKtIaGY,Are We About to See a Chinese Tourist Boom in Malaysia?,Ziet Invests,https://www.youtube.com/watch?v=Wk-HcKtIaGY,2026-02-12T11:00:42Z,tourism_lifestyle_events,"because of this visa free pass, Malaysia has to figure out a way to increase the security. Crimes have been rising ever since this has been implemented. Hopefully, this can be looked at by the government",463a90f308855242d144,2026-02-15T06:24:20Z,2026-02-15T06:24:20Z,9,0,True,True,none,,2026-06-17T15:11:46.187760+00:00,raw,,"because of this visa free pass, Malaysia has to figure out a way to increase the security. Crimes have been rising ever since this has been implemented. Hopefully, this can be looked at by the government",because of this visa free pass malaysia has to figure out a way to increase the security crimes have been rising ever since this has been implemented hopefully this can be looked at by the government,36,203,0,False,True,0,0,0,MIXED,en,1,4,,False,False,accepted,positive,0.2214093208312988,0.3226953744888305,0.4558952748775482,0.4558952748775482,0.1331999003887176,low,high,low_confidence | small_probability_margin | mixed_language,neutral,reviewed,Moved from positive supplement to neutral after manual review,neutral,cardiffnlp/twitter-xlm-roberta-base-sentiment-multilingual,automatic_prelabel,,False,82,2026-06-18 20:30:19,human_manual_review_positive_supplement,available,,positive_shortage_after_manual_review,neutral_after_manual_review,True,final_youtube_sentiment_825_balanced,2026-06-18 20:43:24,9,"because of this visa free pass, Malaysia has to figure out a way to increase the security. Crimes have been rising ever since this has been implemented. Hopefully, this can be looked at by the government","because of this visa free pass, Malaysia has to figure out a way to increase the security. Crimes have been rising ever since this has been implemented. Hopefully, this can be looked at by the government",kept_original_english,none,negative,relabel,translated English contains stronger negative sentiment cues
YT_Ugx95E94XU0SKo867jd4AaABAg,YouTube,top_level_comment,Ugx95E94XU0SKo867jd4AaABAg,Ugx95E94XU0SKo867jd4AaABAg,MpBToZaCuWE,LRT derailment: Commuters want track and train maintenance to be enhanced,The Star,https://www.youtube.com/watch?v=MpBToZaCuWE,2026-05-28T08:54:43Z,transport_public_services,"Anyway, LRT better service than Aerobridge train at KLIA that often brokedown. Anthony what are you doing?",a3a0a857af956931d4c1,2026-05-28T13:58:06Z,2026-05-28T13:58:06Z,0,0,True,True,none,,2026-06-17T15:11:46.538555+00:00,raw,,"Anyway, LRT better service than Aerobridge train at KLIA that often brokedown. Anthony what are you doing?",anyway lrt better service than aerobridge train at klia that often brokedown anthony what are you doing,17,106,0,False,True,0,0,0,EN,en,0,6,,False,False,accepted,positive,0.0719579085707664,0.1469260156154632,0.7811160087585449,0.7811160087585449,0.6341899931430817,medium,medium,medium_confidence,neutral,reviewed,,neutral,cardiffnlp/twitter-xlm-roberta-base-sentiment-multilingual,automatic_prelabel,positive | neutral | negative | uncertain,True,495,2026-06-18 18:51:14,human_manual_review,,,,,True,final_youtube_sentiment_825_balanced,2026-06-18 20:43:24,117,"Anyway, LRT better service than Aerobridge train at KLIA that often brokedown. Anthony what are you doing?","Anyway, LRT better service than Aerobridge train at KLIA that often brokedown. Anthony what are you doing?",kept_original_english,none,neutral,keep,current label is acceptable
YT_UgwXEcUAs-Fa43ZzgHB4AaABAg,YouTube,top_level_comment,UgwXEcUAs-Fa43ZzgHB4AaABAg,UgwXEcUAs-Fa43ZzgHB4AaABAg,Wk-HcKtIaGY,Are We About to See a Chinese Tourist Boom in Malaysia?,Ziet Invests,https://www.youtube.com/watch?v=Wk-HcKtIaGY,2026-02-12T11:00:42Z,tourism_lifestyle_events,Middle East tourists are not coming to Malaysia. So better to welcome China tourists and make it easy for them with direct flights from 2nd and 3rd tier cities.,88c3010bc62ee368b92c,2026-02-15T04:56:37Z,2026-02-15T04:56:37Z,1,0,True,True,none,,2026-06-17T15:11:46.187777+00:00,raw,,Middle East tourists are not coming to Malaysia. So better to welcome China tourists and make it easy for them with direct flights from 2nd and 3rd tier cities.,middle east tourists are not coming to malaysia so better to welcome china tourists and make it easy for them with direct flights from 2nd and 3rd tier cities,29,160,0,False,True,0,0,0,MIXED,en,1,4,,False,False,accepted,neutral,0.2244156748056411,0.4658321142196655,0.3097521364688873,0.4658321142196655,0.1560799777507782,low,high,low_confidence | neutral_prediction | mixed_language,positive,reviewed,,positive,cardiffnlp/twitter-xlm-roberta-base-sentiment-multilingual,automatic_prelabel,positive | neutral | negative | uncertain,True,105,2026-06-18 15:45:54,human_manual_review,,,,,True,final_youtube_sentiment_825_balanced,2026-06-18 20:43:24,370,Middle East tourists are not coming to Malaysia. So better to welcome China tourists and make it easy for them with direct flights from 2nd and 3rd tier cities.,Middle East tourists are not coming to Malaysia. So better to welcome China tourists and make it easy for them with direct flights from 2nd and 3rd tier cities.,kept_original_english,none,positive,keep,current label is acceptable or ambiguous
YT_UgxeRs_u4kN64l8cDBd4AaABAg,YouTube,top_level_comment,UgxeRs_u4kN64l8cDBd4AaABAg,UgxeRs_u4kN64l8cDBd4AaABAg,mVmYibok-7A,[TERKINI] MOF sekat MyKad individu salah guna subsidi BUDI95,Astro AWANI,https://www.youtube.com/watch?v=mVmYibok-7A,2026-03-23T23:22:33Z,cost_of_living_public_policy,Yang kerajaan seleweng harga bahan api tak pula dihebohkan,1bac4d29cd66f0b713eb,2026-03-24T13:40:27Z,2026-03-24T13:40:27Z,2,0,True,True,none,,2026-06-17T15:11:39.037321+00:00,raw,,Yang kerajaan seleweng harga bahan api tak pula dihebohkan,yang kerajaan seleweng harga bahan api tak pula dihebohkan,9,58,0,False,True,0,0,0,BM,id,4,0,,False,False,accepted,negative,0.5360515117645264,0.1842237412929535,0.2797247469425201,0.5360515117645264,0.2563267648220062,low,high,low_confidence,negative,reviewed,,negative,cardiffnlp/twitter-xlm-roberta-base-sentiment-multilingual,automatic_prelabel,positive | neutral | negative | uncertain,True,224,2026-06-18 16:08:38,human_manual_review,,,,,True,final_youtube_sentiment_825_balanced,2026-06-18 20:43:24,812,Yang kerajaan seleweng harga bahan api tak pula dihebohkan,The government's crooked fuel prices are not even hyped,translated,google_translate_auto_to_en,negative,keep,current label is acceptable or ambiguous
YT_Ugxz9JNTBRIRw6AOlNp4AaABAg,YouTube,top_level_comment,Ugxz9JNTBRIRw6AOlNp4AaABAg,Ugxz9JNTBRIRw6AOlNp4AaABAg,zCSY4bGWUXc,"Suara Rakyat: Nilai semula subsidi petrol golongan kaya, apa kata orang miskin?",Astro AWANI,https://www.youtube.com/watch?v=zCSY4bGWUXc,2026-05-11T12:14:22Z,cost_of_living_public_policy,Rasa sy cara had berapa liter subsidi dah baik. Org kaya mahupun org miskin tetap kena kurangkan penggunaan petrol. Cara hidup yg kena baiki. Kerajaan kena cari jalan utk dptkan alternatif utk kurangkan penggunaan petrol. Contohnya kuatkan insentif dan permudahkan pemasangan solar di bumbung rumah. Ini win-win utk semua.,38b1d8bfc26421f0a138,2026-05-12T04:38:33Z,2026-05-12T04:38:33Z,0,0,True,True,none,,2026-06-17T15:11:37.970755+00:00,raw,,Rasa sy cara had berapa liter subsidi dah baik. Org kaya mahupun org miskin tetap kena kurangkan penggunaan petrol. Cara hidup yg kena baiki. Kerajaan kena cari jalan utk dptkan alternatif utk kurangkan penggunaan petrol. Contohnya kuatkan insentif dan permudahkan pemasangan solar di bumbung rumah. Ini win-win utk semua.,rasa sy cara had berapa liter subsidi dah baik org kaya mahupun org miskin tetap kena kurangkan penggunaan petrol cara hidup yg kena baiki kerajaan kena cari jalan utk dptkan alternatif utk kurangkan penggunaan petrol contohnya kuatkan insentif dan permudahkan pemasangan solar di bumbung rumah ini win win utk semua,49,322,0,False,True,0,0,0,BM,id,6,0,,False,False,accepted,positive,0.145419031381607,0.1559711992740631,0.6986097097396851,0.6986097097396851,0.542638510465622,medium,medium,medium_confidence,positive,reviewed,,positive,cardiffnlp/twitter-xlm-roberta-base-sentiment-multilingual,automatic_prelabel,positive | neutral | negative | uncertain,True,393,2026-06-18 18:32:40,human_manual_review,,,,,True,final_youtube_sentiment_825_balanced,2026-06-18 20:43:24,756,Rasa sy cara had berapa liter subsidi dah baik. Org kaya mahupun org miskin tetap kena kurangkan penggunaan petrol. Cara hidup yg kena baiki. Kerajaan kena cari jalan utk dptkan alternatif utk kurangkan penggunaan petrol. Contohnya kuatkan insentif dan permudahkan pemasangan solar di bumbung rumah. Ini win-win utk semua.,"I think the method of limiting how many liters of subsidy is good. Both the rich and the poor still have to reduce the use of petrol. A way of life that needs to be improved. The government has to find a way to get an alternative to reduce the use of petrol. For example, strengthen incentives and facilitate the installation of solar on the roof of the house. This is a win-win for everyone.",translated,google_translate_auto_to_en,positive,keep,current label is acceptable or ambiguous
YT_Ugx2ERUJFV84HpP8SA54AaABAg,YouTube,top_level_comment,Ugx2ERUJFV84HpP8SA54AaABAg,Ugx2ERUJFV84HpP8SA54AaABAg,Yu37CmWLvK0,SATU MALAYSIA KENA SCAM MAKANAN DI BAZAR RAMADAN‼️ LELAKI SOUND PENIAGA BAZAAR,NuR MuHD,https://www.youtube.com/watch?v=Yu37CmWLvK0,2026-02-22T17:36:49Z,festivals_national_events,mkcik dh kne msa puase ke7 ank bli mrtabak n laksam xpy msalahnye mrtabak tu bknnye isi telur n dging pnuh dgn bwang.dging dn telur xde dn laksam plk kuahnye cair manis plk tu xsdp lngsung klau mcm ni niaga xpndai buat lbh baik jgn niaga jgn nk cari untung org pnat weh puasa skli skla nk bli jga mknan kt bazar xpy klau mcm ni lbh baik xyah niaga xtkut dosa ke pd allah tipu pelanggan dh hrga mrtabak mahal lpas ni xde dh nk bli lgi baik mkn ape yg ade kt umh lgi afdal klau bli mknan kt bzar yg tipu pelanggan wat tmbh dosa jer allahuakbar,3c96edec4cd8c54b2b45,2026-03-10T05:12:31Z,2026-03-10T05:12:31Z,0,0,True,True,none,,2026-06-17T15:11:44.742274+00:00,raw,,mkcik dh kne msa puase ke7 ank bli mrtabak n laksam xpy msalahnye mrtabak tu bknnye isi telur n dging pnuh dgn bwang.dging dn telur xde dn laksam plk kuahnye cair manis plk tu xsdp lngsung klau mcm ni niaga xpndai buat lbh baik jgn niaga jgn nk cari untung org pnat weh puasa skli skla nk bli jga mknan kt bazar xpy klau mcm ni lbh baik xyah niaga xtkut dosa ke pd allah tipu pelanggan dh hrga mrtabak mahal lpas ni xde dh nk bli lgi baik mkn ape yg ade kt umh lgi afdal klau bli mknan kt bzar yg tipu pelanggan wat tmbh dosa jer allahuakbar,mkcik dh kne msa puase ke7 ank bli mrtabak n laksam xpy msalahnye mrtabak tu bknnye isi telur n dging pnuh dgn bwang dging dn telur xde dn laksam plk kuahnye cair manis plk tu xsdp lngsung klau mcm ni niaga xpndai buat lbh baik jgn niaga jgn nk cari untung org pnat weh puasa skli skla nk bli jga mknan kt bazar xpy klau mcm ni lbh baik xyah niaga xtkut dosa ke pd allah tipu pelanggan dh hrga mrtabak mahal lpas ni xde dh nk bli lgi baik mkn ape yg ade kt umh lgi afdal klau bli mknan kt bzar yg tipu pelanggan wat tmbh dosa jer allahuakbar,111,541,0,False,True,0,0,0,BM,id,1,0,,False,False,accepted,negative,0.7645662426948547,0.1210522428154945,0.1143814772367477,0.7645662426948547,0.6435139998793602,medium,medium,medium_confidence,negative,reviewed,,negative,cardiffnlp/twitter-xlm-roberta-base-sentiment-multilingual,automatic_prelabel,positive | neutral | negative | uncertain,True,474,2026-06-18 18:46:38,human_manual_review,,,,,True,final_youtube_sentiment_825_balanced,2026-06-18 20:43:24,521,mkcik dh kne msa puase ke7 ank bli mrtabak n laksam xpy msalahnye mrtabak tu bknnye isi telur n dging pnuh dgn bwang.dging dn telur xde dn laksam plk kuahnye cair manis plk tu xsdp lngsung klau mcm ni niaga xpndai buat lbh baik jgn niaga jgn nk cari untung org pnat weh puasa skli skla nk bli jga mknan kt bazar xpy klau mcm ni lbh baik xyah niaga xtkut dosa ke pd allah tipu pelanggan dh hrga mrtabak mahal lpas ni xde dh nk bli lgi baik mkn ape yg ade kt umh lgi afdal klau bli mknan kt bzar yg tipu pelanggan wat tmbh dosa jer allahuakbar,"Auntie, it's the 7th day of my fast when you get mrtabak and laksam xpy, the problem is that mrtabak is not filled with eggs and dging is full of bwang. dging and eggs are already and laksam plk the sauce is liquid and sweet plk that's right if this is how you do business xpndai do better don't do business don't want to make a profit people are tired of fasting if you don't want to eat at the bazaar xpy if this is better business is a sin to God, cheating customers is already expensive, after this, it is not going to be better, what is there in umh?",translated,google_translate_auto_to_en,negative,keep,current label is acceptable or ambiguous
YT_Ugx93YEVT_E3Z2-9qVp4AaABAg,YouTube,top_level_comment,Ugx93YEVT_E3Z2-9qVp4AaABAg,Ugx93YEVT_E3Z2-9qVp4AaABAg,0zi0v_kJ7BE,"Belanjawan 2026: Bantuan tunai STR dikurang RM300, Sara naik",KiniTV,https://www.youtube.com/watch?v=0zi0v_kJ7BE,2025-10-13T05:24:51Z,cost_of_living_public_policy,Spin duit pun pandai😅,8e184041789df7fd0469,2025-10-16T05:40:12Z,2025-10-16T05:40:12Z,0,0,True,True,none,,2026-06-17T15:11:41.176443+00:00,raw,,Spin duit pun pandai😅,spin duit pun pandai,4,21,1,False,True,0,0,0,BM,id,1,0,,False,False,accepted,positive,0.1615723520517349,0.1948117762804031,0.6436158418655396,0.6436158418655396,0.4488040655851364,medium,medium,medium_confidence,positive,reviewed,Added from reviewed positive supplement,positive,cardiffnlp/twitter-xlm-roberta-base-sentiment-multilingual,automatic_prelabel,,False,60,2026-06-18 20:33:38,human_manual_review_positive_supplement,available,,positive_shortage_after_manual_review,positive,True,final_youtube_sentiment_825_balanced,2026-06-18 20:43:24,108,Spin duit pun pandai😅,Money spin is also good 😅,translated,google_translate_auto_to_en,positive,keep,current label is acceptable or ambiguous
YT_UgzzSHdy8rV9GKjYpa94AaABAg,YouTube,top_level_comment,UgzzSHdy8rV9GKjYpa94AaABAg,UgzzSHdy8rV9GKjYpa94AaABAg,MpBToZaCuWE,LRT derailment: Commuters want track and train maintenance to be enhanced,The Star,https://www.youtube.com/watch?v=MpBToZaCuWE,2026-05-28T08:54:43Z,transport_public_services,Anthony Joke said LRT not built by me.,119454857d767dfdd379,2026-05-29T07:40:54Z,2026-05-29T07:40:54Z,3,0,True,True,none,,2026-06-17T15:11:46.538335+00:00,raw,,Anthony Joke said LRT not built by me.,anthony joke said lrt not built by me,8,38,0,False,True,0,0,0,EN,en,0,1,,False,False,accepted,neutral,0.1119979694485664,0.8636761903762817,0.0243258699774742,0.8636761903762817,0.7516782209277153,high,medium,neutral_prediction,neutral,reviewed,,neutral,cardiffnlp/twitter-xlm-roberta-base-sentiment-multilingual,automatic_prelabel,positive | neutral | negative | uncertain,True,550,2026-06-18 19:00:57,human_manual_review,,,,,True,final_youtube_sentiment_825_balanced,2026-06-18 20:43:24,180,Anthony Joke said LRT not built by me.,Anthony Joke said LRT not built by me.,kept_original_english,none,neutral,keep,current label is acceptable or ambiguous
YT_UgyM72IV31TeXBx_k5B4AaABAg,YouTube,top_level_comment,UgyM72IV31TeXBx_k5B4AaABAg,UgyM72IV31TeXBx_k5B4AaABAg,dDRZ6AZbcfw,Malaysian Hawker Fights To Keep His Noodles Affordable As Food Prices Rise | Money Mind | Inflation,CNA Insider,https://www.youtube.com/watch?v=dDRZ6AZbcfw,2025-11-25T14:01:10Z,cost_of_living_public_policy,"Its an east Malaysian problem. Y'all have no population, minimal manufacturing, and just higher cost of distribution. People in Semanjung can be cheaper than in Indonesia.",2d12907d97db804b4952,2025-11-25T14:53:40Z,2025-11-25T14:53:40Z,3,0,True,True,none,,2026-06-17T15:11:42.419009+00:00,raw,,"Its an east Malaysian problem. Y'all have no population, minimal manufacturing, and just higher cost of distribution. People in Semanjung can be cheaper than in Indonesia.",its an east malaysian problem y all have no population minimal manufacturing and just higher cost of distribution people in semanjung can be cheaper than in indonesia,26,171,0,False,True,0,0,0,MIXED,en,1,3,,False,False,accepted,negative,0.95982426404953,0.0251089558005332,0.0150667391717433,0.95982426404953,0.9347153082489968,high,medium,mixed_language,negative,reviewed,,negative,cardiffnlp/twitter-xlm-roberta-base-sentiment-multilingual,automatic_prelabel,positive | neutral | negative | uncertain,True,587,2026-06-18 19:05:08,human_manual_review,,,,,True,final_youtube_sentiment_825_balanced,2026-06-18 20:43:24,203,"Its an east Malaysian problem. Y'all have no population, minimal manufacturing, and just higher cost of distribution. People in Semanjung can be cheaper than in Indonesia.","Its an east Malaysian problem. Y'all have no population, minimal manufacturing, and just higher cost of distribution. People in Semanjung can be cheaper than in Indonesia.",kept_original_english,none,negative,keep,current label is acceptable or ambiguous
YT_Ugzkrm7zSQP8PwPfuQ54AaABAg,YouTube,top_level_comment,Ugzkrm7zSQP8PwPfuQ54AaABAg,Ugzkrm7zSQP8PwPfuQ54AaABAg,J5SEcQAe1AM,Why Malaysia Forces You to Own a Car,UrbanShiftMY,https://www.youtube.com/watch?v=J5SEcQAe1AM,2026-05-11T05:16:17Z,transport_public_services,"thank you to the prime minister mahathir who set up potong, so much winning!",0fa6799d459faa35cd9e,2026-05-13T06:48:01Z,2026-05-13T06:48:01Z,0,0,True,True,none,,2026-06-17T15:11:48.488694+00:00,raw,,"thank you to the prime minister mahathir who set up potong, so much winning!",thank you to the prime minister mahathir who set up potong so much winning,14,76,0,False,True,0,0,0,EN,en,0,3,,False,False,accepted,positive,0.1533444970846176,0.1609352827072143,0.6857202649116516,0.6857202649116516,0.5247849822044373,medium,medium,medium_confidence,positive,reviewed,,positive,cardiffnlp/twitter-xlm-roberta-base-sentiment-multilingual,automatic_prelabel,positive | neutral | negative | uncertain,True,381,2026-06-18 18:30:47,human_manual_review,,,,,True,final_youtube_sentiment_825_balanced,2026-06-18 20:43:24,597,"thank you to the prime minister mahathir who set up potong, so much winning!","thank you to the prime minister mahathir who set up potong, so much winning!",kept_original_english,none,positive,keep,current label is acceptable or ambiguous
YT_UgyDiuKDWeuzIlQ5p9h4AaABAg,YouTube,top_level_comment,UgyDiuKDWeuzIlQ5p9h4AaABAg,UgyDiuKDWeuzIlQ5p9h4AaABAg,0zi0v_kJ7BE,"Belanjawan 2026: Bantuan tunai STR dikurang RM300, Sara naik",KiniTV,https://www.youtube.com/watch?v=0zi0v_kJ7BE,2025-10-13T05:24:51Z,cost_of_living_public_policy,"Pernah beli barang Mysara . Harga tunai dgn harga Mysara tak sama, lagi mahal pakai mysara",46d5718a6035ae2c80fe,2025-10-15T01:12:27Z,2025-10-15T01:12:27Z,0,0,True,True,none,,2026-06-17T15:11:41.176604+00:00,raw,,"Pernah beli barang Mysara . Harga tunai dgn harga Mysara tak sama, lagi mahal pakai mysara",pernah beli barang mysara harga tunai dgn harga mysara tak sama lagi mahal pakai mysara,15,90,0,False,True,0,0,0,BM,id,5,0,,False,False,accepted,negative,0.5637101531028748,0.2675421833992004,0.1687476187944412,0.5637101531028748,0.2961679697036743,low,high,low_confidence,negative,reviewed,,negative,cardiffnlp/twitter-xlm-roberta-base-sentiment-multilingual,automatic_prelabel,positive | neutral | negative | uncertain,True,279,2026-06-18 17:08:04,human_manual_review,,,,,True,final_youtube_sentiment_825_balanced,2026-06-18 20:43:24,745,"Pernah beli barang Mysara . Harga tunai dgn harga Mysara tak sama, lagi mahal pakai mysara","Ever bought Mysara items. Cash price and Mysara price are not the same, it is more expensive to use mysara",translated,google_translate_auto_to_en,negative,keep,current label is acceptable or ambiguous
YT_UgzCG_g4Mmcu2DihCOx4AaABAg,YouTube,top_level_comment,UgzCG_g4Mmcu2DihCOx4AaABAg,UgzCG_g4Mmcu2DihCOx4AaABAg,UGAL8690ngc,"Bantuan Asas Rahmah diteruskan: RM100 untuk  dewasa, RM500 untuk penerima miskin tegar - Anwar",KiniTV,https://www.youtube.com/watch?v=UGAL8690ngc,2026-01-05T06:06:45Z,cost_of_living_public_policy,Baru saya siasat particular baru tahu,9184e6dc6a367d393b2b,2026-01-07T03:13:43Z,2026-01-07T03:13:43Z,0,0,True,True,none,,2026-06-17T15:11:40.405825+00:00,raw,,Baru saya siasat particular baru tahu,baru saya siasat particular baru tahu,6,37,0,False,True,0,0,0,BM,id,1,0,,False,False,accepted,neutral,0.2306254655122757,0.5053523182868958,0.2640222609043121,0.5053523182868958,0.2413300573825836,low,high,low_confidence | neutral_prediction,neutral,reviewed,,neutral,cardiffnlp/twitter-xlm-roberta-base-sentiment-multilingual,automatic_prelabel,positive | neutral | negative | uncertain,True,160,2026-06-18 15:55:00,human_manual_review,,,,,True,final_youtube_sentiment_825_balanced,2026-06-18 20:43:24,220,Baru saya siasat particular baru tahu,I just investigated the particulars and found out,translated,google_translate_auto_to_en,neutral,keep,current label is acceptable
YT_UgyY-f5uRvd0l3yZneh4AaABAg,YouTube,top_level_comment,UgyY-f5uRvd0l3yZneh4AaABAg,UgyY-f5uRvd0l3yZneh4AaABAg,UGAL8690ngc,"Bantuan Asas Rahmah diteruskan: RM100 untuk  dewasa, RM500 untuk penerima miskin tegar - Anwar",KiniTV,https://www.youtube.com/watch?v=UGAL8690ngc,2026-01-05T06:06:45Z,cost_of_living_public_policy,diteruskan tp dikurangkan STR...puii,4b98e181f2d17047519e,2026-01-10T09:09:13Z,2026-01-10T09:09:13Z,0,0,True,True,none,,2026-06-17T15:11:40.405524+00:00,raw,,diteruskan tp dikurangkan STR..puii,diteruskan tp dikurangkan str puii,5,35,0,False,True,0,0,0,BM,id,0,0,,False,False,accepted,negative,0.9458413124084472,0.0259541887789964,0.0282045193016529,0.9458413124084472,0.9176367931067944,high,low,,negative,reviewed,,negative,cardiffnlp/twitter-xlm-roberta-base-sentiment-multilingual,automatic_prelabel,positive | neutral | negative | uncertain,True,676,2026-06-18 19:19:37,human_manual_review,,,,,True,final_youtube_sentiment_825_balanced,2026-06-18 20:43:24,372,diteruskan tp dikurangkan STR..puii,continued but reduced STR..puii,translated,google_translate_auto_to_en,negative,keep,current label is acceptable or ambiguous
YT_UgyV14FEU3t1E4T2R5p4AaABAg,YouTube,top_level_comment,UgyV14FEU3t1E4T2R5p4AaABAg,UgyV14FEU3t1E4T2R5p4AaABAg,0zi0v_kJ7BE,"Belanjawan 2026: Bantuan tunai STR dikurang RM300, Sara naik",KiniTV,https://www.youtube.com/watch?v=0zi0v_kJ7BE,2025-10-13T05:24:51Z,cost_of_living_public_policy,sebulan 50 utk apa beli beras dan milo dah habis jd bujang pmx kata bujang takyah tolong bujang tak ada beban pun jd pru16 bujang ingat undi kerajaan yg bg bantuan utk bujang,ae44cc93b4a120562aff,2025-10-13T14:01:40Z,2025-10-13T14:01:40Z,14,1,True,True,none,,2026-06-17T15:11:41.529180+00:00,raw,,sebulan 50 utk apa beli beras dan milo dah habis jd bujang pmx kata bujang takyah tolong bujang tak ada beban pun jd pru16 bujang ingat undi kerajaan yg bg bantuan utk bujang,sebulan 50 utk apa beli beras dan milo dah habis jd bujang pmx kata bujang takyah tolong bujang tak ada beban pun jd pru16 bujang ingat undi kerajaan yg bg bantuan utk bujang,33,174,0,False,True,0,0,0,BM,id,6,0,,False,False,accepted,negative,0.5884620547294617,0.1989651322364807,0.2125727832317352,0.5884620547294617,0.3758892714977264,low,high,low_confidence,negative,reviewed,,negative,cardiffnlp/twitter-xlm-roberta-base-sentiment-multilingual,automatic_prelabel,positive | neutral | negative | uncertain,True,323,2026-06-18 17:17:12,human_manual_review,,,,,True,final_youtube_sentiment_825_balanced,2026-06-18 20:43:24,764,sebulan 50 utk apa beli beras dan milo dah habis jd bujang pmx kata bujang takyah tolong bujang tak ada beban pun jd pru16 bujang ingat undi kerajaan yg bg bantuan utk bujang,"50 a month, why buy rice and milo? I'm already single. PMX says singles don't want to help singles. There's no burden. I'm single at 16. Remember the government vote that gives help to singles.",translated,google_translate_auto_to_en,negative,keep,current label is acceptable or ambiguous
YT_Ugz4S0Jg3lGL2D0R6El4AaABAg,YouTube,top_level_comment,Ugz4S0Jg3lGL2D0R6El4AaABAg,Ugz4S0Jg3lGL2D0R6El4AaABAg,J5SEcQAe1AM,Why Malaysia Forces You to Own a Car,UrbanShiftMY,https://www.youtube.com/watch?v=J5SEcQAe1AM,2026-05-11T05:16:17Z,transport_public_services,Improve public transport! Get rid of private car dependency! Reduce the traffic! Remove petrol subsidies! And use that money to improve the public transport!,a5805a43b5df3df5b711,2026-05-24T08:34:26Z,2026-05-24T08:34:26Z,0,0,True,True,none,,2026-06-17T15:11:48.077387+00:00,raw,,Improve public transport! Get rid of private car dependency! Reduce the traffic! Remove petrol subsidies! And use that money to improve the public transport!,improve public transport get rid of private car dependency reduce the traffic remove petrol subsidies and use that money to improve the public transport,24,157,0,False,True,0,0,0,EN,en,0,4,,False,False,accepted,positive,0.0633291974663734,0.2117279022932052,0.7249429225921631,0.7249429225921631,0.5132150202989578,medium,medium,medium_confidence,negative,reviewed,,negative,cardiffnlp/twitter-xlm-roberta-base-sentiment-multilingual,automatic_prelabel,positive | neutral | negative | uncertain,True,415,2026-06-18 18:36:04,human_manual_review,,,,,True,final_youtube_sentiment_825_balanced,2026-06-18 20:43:24,281,Improve public transport! Get rid of private car dependency! Reduce the traffic! Remove petrol subsidies! And use that money to improve the public transport!,Improve public transport! Get rid of private car dependency! Reduce the traffic! Remove petrol subsidies! And use that money to improve the public transport!,kept_original_english,none,neutral,relabel,translated English appears informational/unclear rather than explicit sentiment
YT_UgyP3NeCdLShoi0kOgh4AaABAg,YouTube,top_level_comment,UgyP3NeCdLShoi0kOgh4AaABAg,UgyP3NeCdLShoi0kOgh4AaABAg,mVmYibok-7A,[TERKINI] MOF sekat MyKad individu salah guna subsidi BUDI95,Astro AWANI,https://www.youtube.com/watch?v=mVmYibok-7A,2026-03-23T23:22:33Z,cost_of_living_public_policy,"Terbaik MOF, please closely monitoring Mycard holders dekat sempadan THailand yang pakai Ron95 Subsidised Petrol secara Maxima sedangkan cuma memiliki satu dua kenderaan atau motorsikal dan juga e-hailing drivers milleages vs petrol consumption tally or x tally ? Semua Towns sebelah Thailand guna subsidised petrol dari Malaysia samaada masuk ke Malaysia utk pam minyak atau seludup minyak melalui Mycard holders.☹",6d08dfe44f6781b9a044,2026-03-24T07:07:07Z,2026-03-24T07:07:07Z,1,0,True,True,none,,2026-06-17T15:11:39.037804+00:00,raw,,"Terbaik MOF, please closely monitoring Mycard holders dekat sempadan THailand yang pakai Ron95 Subsidised Petrol secara Maxima sedangkan cuma memiliki satu dua kenderaan atau motorsikal dan juga e-hailing drivers milleages vs petrol consumption tally or x tally ? Semua Towns sebelah Thailand guna subsidised petrol dari Malaysia samaada masuk ke Malaysia utk pam minyak atau seludup minyak melalui Mycard holders.☹",terbaik mof please closely monitoring mycard holders dekat sempadan thailand yang pakai ron95 subsidised petrol secara maxima sedangkan cuma memiliki satu dua kenderaan atau motorsikal dan juga e hailing drivers milleages vs petrol consumption tally or x tally semua towns sebelah thailand guna subsidised petrol dari malaysia samaada masuk ke malaysia utk pam minyak atau seludup minyak melalui mycard holders,59,415,1,False,True,0,0,0,MIXED,id,5,1,,False,False,accepted,negative,0.7376582026481628,0.2068742513656616,0.0554675869643688,0.7376582026481628,0.5307839512825012,medium,medium,medium_confidence | mixed_language,negative,reviewed,,negative,cardiffnlp/twitter-xlm-roberta-base-sentiment-multilingual,automatic_prelabel,positive | neutral | negative | uncertain,True,425,2026-06-18 18:37:20,human_manual_review,,,,,True,final_youtube_sentiment_825_balanced,2026-06-18 20:43:24,467,"Terbaik MOF, please closely monitoring Mycard holders dekat sempadan THailand yang pakai Ron95 Subsidised Petrol secara Maxima sedangkan cuma memiliki satu dua kenderaan atau motorsikal dan juga e-hailing drivers milleages vs petrol consumption tally or x tally ? Semua Towns sebelah Thailand guna subsidised petrol dari Malaysia samaada masuk ke Malaysia utk pam minyak atau seludup minyak melalui Mycard holders.☹","Best of MOF, please closely monitor Mycard holders near the Thailand border who use Ron95 Subsidized Petrol in Maxima when they only have one or two vehicles or motorcycles and also e-hailing drivers millages vs petrol consumption tally or x tally? All Towns on the Thai side use subsidized petrol from Malaysia whether entering Malaysia to pump oil or smuggle oil through Mycard holders.☹",translated,google_translate_auto_to_en,positive,relabel,positive/supportive cues outweigh negative label after translation
YT_Ugw6YAgwXYW_5XcUoWR4AaABAg,YouTube,top_level_comment,Ugw6YAgwXYW_5XcUoWR4AaABAg,Ugw6YAgwXYW_5XcUoWR4AaABAg,ze_IuVwkuFc,KTMB's 'ghost train' transforms commute for students from the interior,The Star,https://www.youtube.com/watch?v=ze_IuVwkuFc,2026-01-11T13:05:33Z,transport_public_services,"Best nya... Beberapa tahun yg lalu, saya pergi merayau ke Dabong dari Gua Musang. Saje nak tengok apa ada di Dabong. Pekannya comel je. Masa tu, station minyak pun takde 😂.",cffa3a66acdb65c9e417,2026-01-12T02:17:25Z,2026-01-12T02:22:26Z,5,1,True,True,none,,2026-06-17T15:11:47.668747+00:00,raw,,"Best nya.. Beberapa tahun yg lalu, saya pergi merayau ke Dabong dari Gua Musang. Saje nak tengok apa ada di Dabong. Pekannya comel je. Masa tu, station minyak pun takde 😂.",best nya beberapa tahun yg lalu saya pergi merayau ke dabong dari gua musang saje nak tengok apa ada di dabong pekannya comel je masa tu station minyak pun takde,30,171,1,False,True,0,0,0,BM,id,5,0,,False,False,accepted,positive,0.082544632256031,0.0805020555853843,0.8369532823562622,0.8369532823562622,0.7544086501002312,high,low,,positive,reviewed,Added from reviewed positive supplement,positive,cardiffnlp/twitter-xlm-roberta-base-sentiment-multilingual,automatic_prelabel,,False,27,2026-06-18 20:33:38,human_manual_review_positive_supplement,available,,positive_shortage_after_manual_review,positive,True,final_youtube_sentiment_825_balanced,2026-06-18 20:43:24,326,"Best nya.. Beberapa tahun yg lalu, saya pergi merayau ke Dabong dari Gua Musang. Saje nak tengok apa ada di Dabong. Pekannya comel je. Masa tu, station minyak pun takde 😂.","The best.. A few years ago, I went wandering to Dabong from Gua Musang. I just want to see what's in Dabong. The town is cute. At that time, there wasn't even a gas station 😂.",translated,google_translate_auto_to_en,positive,keep,current label is acceptable or ambiguous
YT_UgyzIdM6WM9An0lA9uJ4AaABAg,YouTube,top_level_comment,UgyzIdM6WM9An0lA9uJ4AaABAg,UgyzIdM6WM9An0lA9uJ4AaABAg,J5SEcQAe1AM,Why Malaysia Forces You to Own a Car,UrbanShiftMY,https://www.youtube.com/watch?v=J5SEcQAe1AM,2026-05-11T05:16:17Z,transport_public_services,I HATE DRIVING SO MUCH,5e8f504281b7eabe4df7,2026-05-18T03:50:33Z,2026-05-18T03:50:33Z,0,0,True,True,none,,2026-06-17T15:11:48.078808+00:00,raw,,I HATE DRIVING SO MUCH,i hate driving so much,5,22,0,False,True,0,0,0,EN,de,0,1,,False,False,accepted,negative,0.9788734912872314,0.0110203316435217,0.0101062301546335,0.9788734912872314,0.9678531596437095,high,low,,neutral,reviewed,,neutral,cardiffnlp/twitter-xlm-roberta-base-sentiment-multilingual,automatic_prelabel,positive | neutral | negative | uncertain,True,801,2026-06-18 19:51:40,human_manual_review,,,,,True,final_youtube_sentiment_825_balanced,2026-06-18 20:43:24,510,I HATE DRIVING SO MUCH,I HATE DRIVING SO MUCH,kept_original_english,none,negative,keep,current label is acceptable or ambiguous
