record_id,platform,content_type,comment_id,thread_id,video_id,video_title,channel_title,video_url,video_published_at,theme,raw_text,author_hash,comment_published_at,comment_updated_at,like_count,reply_count,can_reply,is_public,viewer_rating,moderation_status,collected_at,collection_status,rejection_reason,clean_text,normalized_text_key,word_count,character_count,emoji_count,emoji_only,contains_alphanumeric,url_count,mention_count,hashtag_count,language_tag,detected_language,malay_indicator_count,english_indicator_count,spam_reasons,spam_flag,normalized_duplicate,cleaning_status
YT_Ugw4ZHpTUyUkkadHLcx4AaABAg,YouTube,top_level_comment,Ugw4ZHpTUyUkkadHLcx4AaABAg,Ugw4ZHpTUyUkkadHLcx4AaABAg,0zi0v_kJ7BE,"Belanjawan 2026: Bantuan tunai STR dikurang RM300, Sara naik",KiniTV,https://www.youtube.com/watch?v=0zi0v_kJ7BE,2025-10-13T05:24:51Z,cost_of_living_public_policy,❤,d3d573aeab614031b1e9,2026-01-25T13:24:54Z,2026-01-25T13:24:54Z,0,0,True,True,none,,2026-06-17T15:11:41.175650+00:00,raw,emoji_only,❤,,0,1,1,True,False,0,0,0,OTHER,unknown,0,0,,False,False,rejected
YT_Ugx_9L9Ulhtvc3RW9vh4AaABAg,YouTube,top_level_comment,Ugx_9L9Ulhtvc3RW9vh4AaABAg,Ugx_9L9Ulhtvc3RW9vh4AaABAg,0zi0v_kJ7BE,"Belanjawan 2026: Bantuan tunai STR dikurang RM300, Sara naik",KiniTV,https://www.youtube.com/watch?v=0zi0v_kJ7BE,2025-10-13T05:24:51Z,cost_of_living_public_policy,🙏🙏🙏😇😇😇♥️♥️♥️👏👏👏🤲🤲,3a94092bc657c2a9a315,2025-10-15T21:20:12Z,2025-10-15T21:20:12Z,0,0,True,True,none,,2026-06-17T15:11:41.176469+00:00,raw,emoji_only,🙏🙏🙏😇😇😇♥️♥️♥️👏👏👏🤲🤲,,0,17,14,True,False,0,0,0,OTHER,unknown,0,0,,False,False,rejected
YT_Ugwt-gYcZF8NKNChhfN4AaABAg,YouTube,top_level_comment,Ugwt-gYcZF8NKNChhfN4AaABAg,Ugwt-gYcZF8NKNChhfN4AaABAg,9tQzzOjBIdI,KOS SARA HIDUP | Kerajaan Bakal Umum Langkah Tangani Kos Sara Hidup,Buletin TV3,https://www.youtube.com/watch?v=9tQzzOjBIdI,2025-07-19T05:38:22Z,cost_of_living_public_policy,😂😂😂😂😂😂😂😂😂😂😂,617fd6629eedb7d7643c,2025-07-19T07:14:51Z,2025-07-19T07:14:51Z,0,0,True,True,none,,2026-06-17T15:11:40.015793+00:00,raw,emoji_only,😂😂😂😂😂😂😂😂😂😂😂,,0,11,11,True,False,0,0,0,OTHER,unknown,0,0,excessive_character_repetition,True,False,rejected
YT_Ugw76NEs8HXsjPj0lAN4AaABAg,YouTube,top_level_comment,Ugw76NEs8HXsjPj0lAN4AaABAg,Ugw76NEs8HXsjPj0lAN4AaABAg,UGAL8690ngc,"Bantuan Asas Rahmah diteruskan: RM100 untuk  dewasa, RM500 untuk penerima miskin tegar - Anwar",KiniTV,https://www.youtube.com/watch?v=UGAL8690ngc,2026-01-05T06:06:45Z,cost_of_living_public_policy,❤,0286f295e8834a4bc4c3,2026-01-07T10:42:02Z,2026-01-07T10:42:02Z,0,0,True,True,none,,2026-06-17T15:11:40.405781+00:00,raw,emoji_only,❤,,0,1,1,True,False,0,0,0,OTHER,unknown,0,0,,False,False,rejected
YT_UgwdfHOpN5Ljm1COt2Z4AaABAg,YouTube,top_level_comment,UgwdfHOpN5Ljm1COt2Z4AaABAg,UgwdfHOpN5Ljm1COt2Z4AaABAg,UGAL8690ngc,"Bantuan Asas Rahmah diteruskan: RM100 untuk  dewasa, RM500 untuk penerima miskin tegar - Anwar",KiniTV,https://www.youtube.com/watch?v=UGAL8690ngc,2026-01-05T06:06:45Z,cost_of_living_public_policy,🙏 🧧🍚🍑👍✍️,f12560c7b20e109597c7,2026-01-06T08:55:19Z,2026-01-06T08:55:19Z,0,0,True,True,none,,2026-06-17T15:11:40.406192+00:00,raw,emoji_only,🙏 🧧🍚🍑👍✍️,,0,8,6,True,False,0,0,0,OTHER,unknown,0,0,,False,False,rejected
YT_UgxlP-vUaButb9R_4QV4AaABAg,YouTube,top_level_comment,UgxlP-vUaButb9R_4QV4AaABAg,UgxlP-vUaButb9R_4QV4AaABAg,lWY3O9pFexo,KOS SARA HIDUP | PM Umum Butiran Penghargaan Untuk Rakyat Esok (BU),Buletin TV3,https://www.youtube.com/watch?v=lWY3O9pFexo,2025-07-22T12:11:44Z,cost_of_living_public_policy,😅,4b2d205215480f497e7c,2025-07-23T01:47:09Z,2025-07-23T01:47:09Z,0,0,True,True,none,,2026-06-17T15:11:38.330094+00:00,raw,emoji_only,😅,,0,1,1,True,False,0,0,0,OTHER,unknown,0,0,,False,False,rejected
YT_UgwDCYl0XcO-ljelRCx4AaABAg,YouTube,top_level_comment,UgwDCYl0XcO-ljelRCx4AaABAg,UgwDCYl0XcO-ljelRCx4AaABAg,lWY3O9pFexo,KOS SARA HIDUP | PM Umum Butiran Penghargaan Untuk Rakyat Esok (BU),Buletin TV3,https://www.youtube.com/watch?v=lWY3O9pFexo,2025-07-22T12:11:44Z,cost_of_living_public_policy,"😊.*""*"";;.",eff60fbfdd65d218a0fb,2025-07-22T16:09:57Z,2025-07-22T16:09:57Z,1,0,True,True,none,,2026-06-17T15:11:38.330924+00:00,raw,emoji_only,"😊.*""*"";;.",,0,9,1,True,False,0,0,0,OTHER,unknown,0,0,,False,False,rejected
YT_UgxSYzBcgugeAvT5qH14AaABAg,YouTube,top_level_comment,UgxSYzBcgugeAvT5qH14AaABAg,UgxSYzBcgugeAvT5qH14AaABAg,mVmYibok-7A,[TERKINI] MOF sekat MyKad individu salah guna subsidi BUDI95,Astro AWANI,https://www.youtube.com/watch?v=mVmYibok-7A,2026-03-23T23:22:33Z,cost_of_living_public_policy,😂😂😂,04c7a91e8fbed370693b,2026-03-24T06:15:22Z,2026-03-24T06:15:22Z,0,0,True,True,none,,2026-06-17T15:11:39.037911+00:00,raw,emoji_only,😂😂😂,,0,3,3,True,False,0,0,0,OTHER,unknown,0,0,,False,False,rejected
YT_Ugw2JkWOrIyh7vqqttJ4AaABAg,YouTube,top_level_comment,Ugw2JkWOrIyh7vqqttJ4AaABAg,Ugw2JkWOrIyh7vqqttJ4AaABAg,3Pk956RGn7o,10 MENU SCAM PALING PELIK DI BAZAR RAMADAN,Faktaw Channel,https://www.youtube.com/watch?v=3Pk956RGn7o,2025-03-22T08:00:02Z,festivals_national_events,😂😂😂😂😂😂😂😂😂😂😂😂😂😂,b2d89b3e5565ad8e277e,2026-05-29T04:21:16Z,2026-05-29T04:21:16Z,0,0,True,True,none,,2026-06-17T15:11:43.540908+00:00,raw,emoji_only,😂😂😂😂😂😂😂😂😂😂😂😂😂😂,,0,14,14,True,False,0,0,0,OTHER,unknown,0,0,excessive_character_repetition,True,False,rejected
YT_UgzR6KO7oH_ECmqAuzd4AaABAg,YouTube,top_level_comment,UgzR6KO7oH_ECmqAuzd4AaABAg,UgzR6KO7oH_ECmqAuzd4AaABAg,3Pk956RGn7o,10 MENU SCAM PALING PELIK DI BAZAR RAMADAN,Faktaw Channel,https://www.youtube.com/watch?v=3Pk956RGn7o,2025-03-22T08:00:02Z,festivals_national_events,😂😂😂😂😂😂😂😂😂😂😂😂😂😂😂😂😂😂😂😂,b2d89b3e5565ad8e277e,2026-05-29T04:21:08Z,2026-05-29T04:21:08Z,0,0,True,True,none,,2026-06-17T15:11:43.540920+00:00,raw,emoji_only,😂😂😂😂😂😂😂😂😂😂😂😂😂😂😂😂😂😂😂😂,,0,20,20,True,False,0,0,0,OTHER,unknown,0,0,excessive_character_repetition,True,False,rejected
YT_UgzZCL1o1jYy-X7okPN4AaABAg,YouTube,top_level_comment,UgzZCL1o1jYy-X7okPN4AaABAg,UgzZCL1o1jYy-X7okPN4AaABAg,3Pk956RGn7o,10 MENU SCAM PALING PELIK DI BAZAR RAMADAN,Faktaw Channel,https://www.youtube.com/watch?v=3Pk956RGn7o,2025-03-22T08:00:02Z,festivals_national_events,🤣🤣🤣🤣🤣🤣🤣,5216b0f3080664aa61d4,2025-11-15T07:07:52Z,2025-11-15T07:07:52Z,0,0,True,True,none,,2026-06-17T15:11:43.541765+00:00,raw,emoji_only,🤣🤣🤣🤣🤣🤣🤣,,0,7,7,True,False,0,0,0,OTHER,unknown,0,0,,False,False,rejected
YT_UgyZNfJFnmd5xKoCFGh4AaABAg,YouTube,top_level_comment,UgyZNfJFnmd5xKoCFGh4AaABAg,UgyZNfJFnmd5xKoCFGh4AaABAg,3Pk956RGn7o,10 MENU SCAM PALING PELIK DI BAZAR RAMADAN,Faktaw Channel,https://www.youtube.com/watch?v=3Pk956RGn7o,2025-03-22T08:00:02Z,festivals_national_events,🎉🎉🎉,23efd552f962c95500f5,2025-10-21T14:09:48Z,2025-10-21T14:09:48Z,0,0,True,True,none,,2026-06-17T15:11:43.541881+00:00,raw,emoji_only,🎉🎉🎉,,0,3,3,True,False,0,0,0,OTHER,unknown,0,0,,False,False,rejected
YT_UgxV7Kpy9lSl2ddFHDV4AaABAg,YouTube,top_level_comment,UgxV7Kpy9lSl2ddFHDV4AaABAg,UgxV7Kpy9lSl2ddFHDV4AaABAg,3Pk956RGn7o,10 MENU SCAM PALING PELIK DI BAZAR RAMADAN,Faktaw Channel,https://www.youtube.com/watch?v=3Pk956RGn7o,2025-03-22T08:00:02Z,festivals_national_events,😊😊😊😊😊😊😊😊😊😊,e74805b4c1daf84fe168,2025-08-19T06:50:27Z,2025-08-19T06:50:27Z,0,0,True,True,none,,2026-06-17T15:11:43.542074+00:00,raw,emoji_only,😊😊😊😊😊😊😊😊😊😊,,0,10,10,True,False,0,0,0,OTHER,unknown,0,0,excessive_character_repetition,True,False,rejected
YT_UgxlJje96iOJ1CmPDZF4AaABAg,YouTube,top_level_comment,UgxlJje96iOJ1CmPDZF4AaABAg,UgxlJje96iOJ1CmPDZF4AaABAg,3Pk956RGn7o,10 MENU SCAM PALING PELIK DI BAZAR RAMADAN,Faktaw Channel,https://www.youtube.com/watch?v=3Pk956RGn7o,2025-03-22T08:00:02Z,festivals_national_events,😅😅,0f1d7faebe8d8cb6e977,2025-06-12T08:30:44Z,2025-06-12T08:30:44Z,0,0,True,True,none,,2026-06-17T15:11:44.002003+00:00,raw,emoji_only,😅😅,,0,2,2,True,False,0,0,0,OTHER,unknown,0,0,,False,False,rejected
YT_UgzrWVM_BRmxAsUoSYV4AaABAg,YouTube,top_level_comment,UgzrWVM_BRmxAsUoSYV4AaABAg,UgzrWVM_BRmxAsUoSYV4AaABAg,bjYbNs8TvLc,[PENUH] Perkembangan Terkini Proses Cerapan Anak Bulan Syawal | 19 Mac 2026,Buletin TV3,https://www.youtube.com/watch?v=bjYbNs8TvLc,2026-03-19T10:26:41Z,festivals_national_events,😊😊😊😊,2de044a96aa32c8c793e,2026-03-19T12:01:55Z,2026-03-19T12:01:55Z,1,0,True,True,none,,2026-06-17T15:11:44.348048+00:00,raw,emoji_only,😊😊😊😊,,0,4,4,True,False,0,0,0,OTHER,unknown,0,0,,False,False,rejected
YT_UgxiTH-atY_JoR8-7dB4AaABAg,YouTube,top_level_comment,UgxiTH-atY_JoR8-7dB4AaABAg,UgxiTH-atY_JoR8-7dB4AaABAg,bjYbNs8TvLc,[PENUH] Perkembangan Terkini Proses Cerapan Anak Bulan Syawal | 19 Mac 2026,Buletin TV3,https://www.youtube.com/watch?v=bjYbNs8TvLc,2026-03-19T10:26:41Z,festivals_national_events,❤❤🤲🤲,18e99ab65539afb8bedd,2026-03-19T11:31:28Z,2026-03-19T11:31:28Z,4,0,True,True,none,,2026-06-17T15:11:44.348273+00:00,raw,emoji_only,❤❤🤲🤲,,0,4,4,True,False,0,0,0,OTHER,unknown,0,0,,False,False,rejected
YT_UgyetBp5P3jfeEuTDCt4AaABAg,YouTube,top_level_comment,UgyetBp5P3jfeEuTDCt4AaABAg,UgyetBp5P3jfeEuTDCt4AaABAg,bjYbNs8TvLc,[PENUH] Perkembangan Terkini Proses Cerapan Anak Bulan Syawal | 19 Mac 2026,Buletin TV3,https://www.youtube.com/watch?v=bjYbNs8TvLc,2026-03-19T10:26:41Z,festivals_national_events,😂,afbdee127c9f97a2fa37,2026-03-19T11:16:11Z,2026-03-19T11:16:11Z,1,0,True,True,none,,2026-06-17T15:11:44.348322+00:00,raw,emoji_only,😂,,0,1,1,True,False,0,0,0,OTHER,unknown,0,0,,False,False,rejected
YT_UgxE0M3p74QLfRh-mch4AaABAg,YouTube,top_level_comment,UgxE0M3p74QLfRh-mch4AaABAg,UgxE0M3p74QLfRh-mch4AaABAg,hc8RMN2hnnQ,[LANGSUNG] Pengumuman Hari Raya Aidilfitri 2026/1447H  | 19 Mac 2026,Astro AWANI,https://www.youtube.com/watch?v=hc8RMN2hnnQ,2026-03-19T12:16:11Z,festivals_national_events,❤❤🤲,8dda28934dea35137c95,2026-03-19T12:18:16Z,2026-03-19T12:18:16Z,1,0,True,True,none,,2026-06-17T15:11:42.763984+00:00,raw,emoji_only,❤❤🤲,,0,3,3,True,False,0,0,0,OTHER,unknown,0,0,,False,False,rejected
YT_UgxNGFjQFeNp3uNGUSt4AaABAg,YouTube,top_level_comment,UgxNGFjQFeNp3uNGUSt4AaABAg,UgxNGFjQFeNp3uNGUSt4AaABAg,pByBSEMjiyo,MENJELANG AIDILFITRI | PM Umum Cuti Tambahan Sehari Sambut Hari Raya Aidilfitri,Buletin TV3,https://www.youtube.com/watch?v=pByBSEMjiyo,2026-03-15T05:40:33Z,festivals_national_events,😂😂😂,2cdf21e7d3ff22190a7d,2026-03-15T09:54:04Z,2026-03-15T09:54:04Z,0,0,True,True,none,,2026-06-17T15:11:43.138664+00:00,raw,emoji_only,😂😂😂,,0,3,3,True,False,0,0,0,OTHER,unknown,0,0,,False,False,rejected
YT_UgwbxUaL5_cSD7rQrZx4AaABAg,YouTube,top_level_comment,UgwbxUaL5_cSD7rQrZx4AaABAg,UgwbxUaL5_cSD7rQrZx4AaABAg,MpBToZaCuWE,LRT derailment: Commuters want track and train maintenance to be enhanced,The Star,https://www.youtube.com/watch?v=MpBToZaCuWE,2026-05-28T08:54:43Z,transport_public_services,😡😡😡😡😡😡😡😡,246824094ac50dab04c2,2026-05-30T09:19:17Z,2026-05-30T09:19:17Z,0,0,True,True,none,,2026-06-17T15:11:46.538119+00:00,raw,emoji_only,😡😡😡😡😡😡😡😡,,0,8,8,True,False,0,0,0,OTHER,unknown,0,0,excessive_character_repetition,True,False,rejected
YT_UgzlSHOsLqjZGNVYSg94AaABAg,YouTube,top_level_comment,UgzlSHOsLqjZGNVYSg94AaABAg,UgzlSHOsLqjZGNVYSg94AaABAg,hXMCJ90cK7M,Car vs Public Transport in Malaysia. Who Wins?,Mr Money TV,https://www.youtube.com/watch?v=hXMCJ90cK7M,2025-05-23T12:42:56Z,transport_public_services,😮😮😮,8ed3f2ed371b48334fc7,2025-05-23T15:56:34Z,2025-05-23T15:56:34Z,0,0,True,True,none,,2026-06-17T15:11:46.928102+00:00,raw,emoji_only,😮😮😮,,0,3,3,True,False,0,0,0,OTHER,unknown,0,0,,False,False,rejected
YT_UgzOewXVin08nvGXobl4AaABAg,YouTube,top_level_comment,UgzOewXVin08nvGXobl4AaABAg,UgzOewXVin08nvGXobl4AaABAg,oULUeT07fa0,JPJ MALAYSIA? ADA APA APA JAWAPAN KE? SITA KENDERAAN ORANG SAMPAI BERBULAN BULAN? TERIMA KASIH SINGH,Bossrul Channel,https://www.youtube.com/watch?v=oULUeT07fa0,2025-07-01T02:14:17Z,transport_public_services,🫡,fb3c7ec887369e2a4432,2025-07-10T01:31:30Z,2025-07-10T01:31:30Z,0,0,True,True,none,,2026-06-17T15:11:48.877046+00:00,raw,emoji_only,🫡,,0,1,1,True,False,0,0,0,OTHER,unknown,0,0,,False,False,rejected
YT_UgwYauljw414YoikVu14AaABAg,YouTube,top_level_comment,UgwYauljw414YoikVu14AaABAg,UgwYauljw414YoikVu14AaABAg,oULUeT07fa0,JPJ MALAYSIA? ADA APA APA JAWAPAN KE? SITA KENDERAAN ORANG SAMPAI BERBULAN BULAN? TERIMA KASIH SINGH,Bossrul Channel,https://www.youtube.com/watch?v=oULUeT07fa0,2025-07-01T02:14:17Z,transport_public_services,💯👍,a28bbfdf2afd208e3693,2025-07-10T00:02:40Z,2025-07-10T00:02:40Z,0,0,True,True,none,,2026-06-17T15:11:48.877085+00:00,raw,emoji_only,💯👍,,0,2,2,True,False,0,0,0,OTHER,unknown,0,0,,False,False,rejected
YT_UgxWH_tp87VCx6oFko94AaABAg,YouTube,top_level_comment,UgxWH_tp87VCx6oFko94AaABAg,UgxWH_tp87VCx6oFko94AaABAg,oULUeT07fa0,JPJ MALAYSIA? ADA APA APA JAWAPAN KE? SITA KENDERAAN ORANG SAMPAI BERBULAN BULAN? TERIMA KASIH SINGH,Bossrul Channel,https://www.youtube.com/watch?v=oULUeT07fa0,2025-07-01T02:14:17Z,transport_public_services,👍🏻,3ebc186f1d24af484cac,2025-07-09T09:11:36Z,2025-07-09T09:11:36Z,0,0,True,True,none,,2026-06-17T15:11:48.877164+00:00,raw,emoji_only,👍🏻,,0,2,1,True,False,0,0,0,OTHER,unknown,0,0,,False,False,rejected
YT_UgyK40p8k09a1DopU994AaABAg,YouTube,top_level_comment,UgyK40p8k09a1DopU994AaABAg,UgyK40p8k09a1DopU994AaABAg,oULUeT07fa0,JPJ MALAYSIA? ADA APA APA JAWAPAN KE? SITA KENDERAAN ORANG SAMPAI BERBULAN BULAN? TERIMA KASIH SINGH,Bossrul Channel,https://www.youtube.com/watch?v=oULUeT07fa0,2025-07-01T02:14:17Z,transport_public_services,👍👍👍😎,e443daef0587c9443b27,2025-07-07T04:40:27Z,2025-07-07T04:40:27Z,0,0,True,True,none,,2026-06-17T15:11:48.877683+00:00,raw,emoji_only,👍👍👍😎,,0,4,4,True,False,0,0,0,OTHER,unknown,0,0,,False,False,rejected
YT_UgywHB1rGffDZscSkdh4AaABAg,YouTube,top_level_comment,UgywHB1rGffDZscSkdh4AaABAg,UgywHB1rGffDZscSkdh4AaABAg,Yu37CmWLvK0,SATU MALAYSIA KENA SCAM MAKANAN DI BAZAR RAMADAN‼️ LELAKI SOUND PENIAGA BAZAAR,NuR MuHD,https://www.youtube.com/watch?v=Yu37CmWLvK0,2026-02-22T17:36:49Z,festivals_national_events,"Peniaga dibaza dah mula buat perangai balik dah. Ini akibat ketidak perihatinan penganjur yang kurang mengetatkan peraturan keatas peserta pedagang mendapatkan tapak . Dah lah harga makanan sekarang terlalu mahal tak tak munasabah. Tidak memadai dengan keadaan kewangan umum, b40 kebawah. Ini semua berpunca berkaitan harga tapak bazar yang diselaraskan terlajak mahal, tanpa memikirkan akhirnya harga tersebut menimpa kepelangan yang membeli kuih muih ditempat berkenaan. Fikir fikir lah penyedia tapak ( Majlis Perbandaran / DBKL / AMDT yang meletakkan harga tapak bazar dengan harga Yahudi akhirnya peniaga nak jual berapa harga sebutir, kalau sebutir karipap yang biasa dah berharga RM1.50 ini dah bukan harganya walau pun ianya berisi daging atau ayam sekalipun kerana ini harga yahudi dah. Lain lah kalau karipap king dulu, satu berhaga RM4. Tapi berbaloi satu butir karipap king bolih makan 3 Orang, isi penuh dengan sayuran kentang dan daging atau ayam, puas hati, bukan macam karipap king sekang, nama karipap king tapi cuma besar sikit dari karipap kentang biasa 50sen tu, kembung macam penuh isi sekali potong dalam lopong setengah saja isi, harga satu RM5. Jangankan nak makan 2 oran sorang makan pun yak cukup, kufur betul peniaga peniaga makanan sekarang kalau ada yang jujur pun sikit sangat ysng kebanyakan semua yahudi yang yang tak berhati perut pentingkan perut sendiri semuga Allah melaknati seluruh peniaga makana diMalaysia yang bersifat yahudi yang kejam fan tidak ikhlas ni semua.",c3ef15aa1605fb5c10b5,2026-03-11T03:30:17Z,2026-03-11T03:30:17Z,0,0,True,True,none,,2026-06-17T15:11:44.742088+00:00,raw,excessively_long_comment,"Peniaga dibaza dah mula buat perangai balik dah. Ini akibat ketidak perihatinan penganjur yang kurang mengetatkan peraturan keatas peserta pedagang mendapatkan tapak . Dah lah harga makanan sekarang terlalu mahal tak tak munasabah. Tidak memadai dengan keadaan kewangan umum, b40 kebawah. Ini semua berpunca berkaitan harga tapak bazar yang diselaraskan terlajak mahal, tanpa memikirkan akhirnya harga tersebut menimpa kepelangan yang membeli kuih muih ditempat berkenaan. Fikir fikir lah penyedia tapak ( Majlis Perbandaran / DBKL / AMDT yang meletakkan harga tapak bazar dengan harga Yahudi akhirnya peniaga nak jual berapa harga sebutir, kalau sebutir karipap yang biasa dah berharga RM1.50 ini dah bukan harganya walau pun ianya berisi daging atau ayam sekalipun kerana ini harga yahudi dah. Lain lah kalau karipap king dulu, satu berhaga RM4. Tapi berbaloi satu butir karipap king bolih makan 3 Orang, isi penuh dengan sayuran kentang dan daging atau ayam, puas hati, bukan macam karipap king sekang, nama karipap king tapi cuma besar sikit dari karipap kentang biasa 50sen tu, kembung macam penuh isi sekali potong dalam lopong setengah saja isi, harga satu RM5. Jangankan nak makan 2 oran sorang makan pun yak cukup, kufur betul peniaga peniaga makanan sekarang kalau ada yang jujur pun sikit sangat ysng kebanyakan semua yahudi yang yang tak berhati perut pentingkan perut sendiri semuga Allah melaknati seluruh peniaga makana diMalaysia yang bersifat yahudi yang kejam fan tidak ikhlas ni semua.",peniaga dibaza dah mula buat perangai balik dah ini akibat ketidak perihatinan penganjur yang kurang mengetatkan peraturan keatas peserta pedagang mendapatkan tapak dah lah harga makanan sekarang terlalu mahal tak tak munasabah tidak memadai dengan keadaan kewangan umum b40 kebawah ini semua berpunca berkaitan harga tapak bazar yang diselaraskan terlajak mahal tanpa memikirkan akhirnya harga tersebut menimpa kepelangan yang membeli kuih muih ditempat berkenaan fikir fikir lah penyedia tapak majlis perbandaran dbkl amdt yang meletakkan harga tapak bazar dengan harga yahudi akhirnya peniaga nak jual berapa harga sebutir kalau sebutir karipap yang biasa dah berharga rm1 50 ini dah bukan harganya walau pun ianya berisi daging atau ayam sekalipun kerana ini harga yahudi dah lain lah kalau karipap king dulu satu berhaga rm4 tapi berbaloi satu butir karipap king bolih makan 3 orang isi penuh dengan sayuran kentang dan daging atau ayam puas hati bukan macam karipap king sekang nama karipap king tapi cuma besar sikit dari karipap kentang biasa 50sen tu kembung macam penuh isi sekali potong dalam lopong setengah saja isi harga satu rm5 jangankan nak makan 2 oran sorang makan pun yak cukup kufur betul peniaga peniaga makanan sekarang kalau ada yang jujur pun sikit sangat ysng kebanyakan semua yahudi yang yang tak berhati perut pentingkan perut sendiri semuga allah melaknati seluruh peniaga makana dimalaysia yang bersifat yahudi yang kejam fan tidak ikhlas ni semua,228,1504,0,False,True,0,0,0,BM,id,17,0,,False,False,rejected
YT_UgxhI7wkVwLGf4IBr2t4AaABAg,YouTube,top_level_comment,UgxhI7wkVwLGf4IBr2t4AaABAg,UgxhI7wkVwLGf4IBr2t4AaABAg,Yu37CmWLvK0,SATU MALAYSIA KENA SCAM MAKANAN DI BAZAR RAMADAN‼️ LELAKI SOUND PENIAGA BAZAAR,NuR MuHD,https://www.youtube.com/watch?v=Yu37CmWLvK0,2026-02-22T17:36:49Z,festivals_national_events,"Kualiti 1 hal, lagi satu aku tak suka trend kuih dah siap packing.. terpaksa beli dengan kuantiti dalam packaging.. ikut nasib la sedap ke tak.. 1 pack ada 3-4 pcs, kalau ada masalah kualiti (tak sedap, basi, dsb.) tak ke rugi buang duit gitu je? Lagipun aku sorang je.. Dulu syok boleh beli macam-macam jenis kuih, 1 pcs je setiap jenis sebagai sample. Kalau ada masalah pun tak rasa rugi.. Kalau sedap esok boleh tambah kuantiti untuk kuih jenis tu. Roti john yang dah siap balut memang aku tak beli dah.. kalau masak baru pun aku sanggup tunggu depan-depan kuali sebab dulu dah terkena dengan ""roti john cheese"" yang telur ada-takda dengan daging secubit.. kobis je banyak. Cheese pun takda, yang ada sos nacho selemuih atas roti. Dah la aku beli jenis roti yang panjang, bukan pendek. Harga jangan tanya la berapa.. Memang betul aku tak puasa sebab aku bukan muslim, tapi bayangkan kena kat orang yang berpuasa, beli sebab memang teringin lepas tu modal pun cukup-cukup je.. dengan harga makanan dah macam kat foodfest.. apa perasaan orang tu? Bgi aku, nak selesaikan masalah kualiti ni senang je, sebelum makanan sampai tapak bazaar untuk diniagakan, bagi la QC rasa dulu.. bagi anak kecik yang tak puasa atau kawan bukan muslim rasa.. setiap kali masak 1 batch, amik sikit (1-2 pcs kalau kuih.. kalau makanan lain macam nasik, laksa, dsb., sepiring/mangkuk kecik pun dah cukup.. tak sampai 1 portion pun) sebagai sample, tak rugi pun asalkan kualiti terjamin. Makanan sendiri kat rumah pun kalau boleh nak yang sedap-sedap saja & puas hati, ni kan pulak makanan yang nak dijual untuk pelanggan makan.. Kalau tak sampai bila isu kualiti ni nak berulang? Dari tahun ke tahun makin ramai orang viralkan tapi pihak peniaga yang bermasalah ni macam takda tindakan untuk perbaiki masalah tu. Yang beradab & berbudi-bahasa akan mintak maaf bila pelanggan tegur, kena yang jenis tak mengaku salah, pantang ditegur terus ajak gaduh.. naya kome, aje tumpo rope tu.. tak dan sebulan melingkup le sebab orang ramai boikot.. Jadi, bagi peniaga-peniaga di luar sana, jagalah kualiti produk kome, layan pelanggan dengan elok, kalau ada aduan dari pelanggan, terima dan perbaiki masalah tu.. kalau pelanggan betul-betul puas hati, harga mahal sikit pun orang ramai akan terus sokong produk & perniagaan kome. Sekian, terima kasih. Panjang pulak aku taip.",d0c8eebef95defa6a680,2026-02-27T13:01:16Z,2026-02-27T13:01:16Z,0,0,True,True,none,,2026-06-17T15:11:45.123814+00:00,raw,excessively_long_comment,"Kualiti 1 hal, lagi satu aku tak suka trend kuih dah siap packing.. terpaksa beli dengan kuantiti dalam packaging.. ikut nasib la sedap ke tak.. 1 pack ada 3-4 pcs, kalau ada masalah kualiti (tak sedap, basi, dsb.) tak ke rugi buang duit gitu je? Lagipun aku sorang je.. Dulu syok boleh beli macam-macam jenis kuih, 1 pcs je setiap jenis sebagai sample. Kalau ada masalah pun tak rasa rugi.. Kalau sedap esok boleh tambah kuantiti untuk kuih jenis tu. Roti john yang dah siap balut memang aku tak beli dah.. kalau masak baru pun aku sanggup tunggu depan-depan kuali sebab dulu dah terkena dengan ""roti john cheese"" yang telur ada-takda dengan daging secubit.. kobis je banyak. Cheese pun takda, yang ada sos nacho selemuih atas roti. Dah la aku beli jenis roti yang panjang, bukan pendek. Harga jangan tanya la berapa.. Memang betul aku tak puasa sebab aku bukan muslim, tapi bayangkan kena kat orang yang berpuasa, beli sebab memang teringin lepas tu modal pun cukup-cukup je.. dengan harga makanan dah macam kat foodfest.. apa perasaan orang tu? Bgi aku, nak selesaikan masalah kualiti ni senang je, sebelum makanan sampai tapak bazaar untuk diniagakan, bagi la QC rasa dulu.. bagi anak kecik yang tak puasa atau kawan bukan muslim rasa.. setiap kali masak 1 batch, amik sikit (1-2 pcs kalau kuih.. kalau makanan lain macam nasik, laksa, dsb., sepiring/mangkuk kecik pun dah cukup.. tak sampai 1 portion pun) sebagai sample, tak rugi pun asalkan kualiti terjamin. Makanan sendiri kat rumah pun kalau boleh nak yang sedap-sedap saja & puas hati, ni kan pulak makanan yang nak dijual untuk pelanggan makan.. Kalau tak sampai bila isu kualiti ni nak berulang? Dari tahun ke tahun makin ramai orang viralkan tapi pihak peniaga yang bermasalah ni macam takda tindakan untuk perbaiki masalah tu. Yang beradab & berbudi-bahasa akan mintak maaf bila pelanggan tegur, kena yang jenis tak mengaku salah, pantang ditegur terus ajak gaduh.. naya kome, aje tumpo rope tu.. tak dan sebulan melingkup le sebab orang ramai boikot.. Jadi, bagi peniaga-peniaga di luar sana, jagalah kualiti produk kome, layan pelanggan dengan elok, kalau ada aduan dari pelanggan, terima dan perbaiki masalah tu.. kalau pelanggan betul-betul puas hati, harga mahal sikit pun orang ramai akan terus sokong produk & perniagaan kome. Sekian, terima kasih. Panjang pulak aku taip.",kualiti 1 hal lagi satu aku tak suka trend kuih dah siap packing terpaksa beli dengan kuantiti dalam packaging ikut nasib la sedap ke tak 1 pack ada 3 4 pcs kalau ada masalah kualiti tak sedap basi dsb tak ke rugi buang duit gitu je lagipun aku sorang je dulu syok boleh beli macam macam jenis kuih 1 pcs je setiap jenis sebagai sample kalau ada masalah pun tak rasa rugi kalau sedap esok boleh tambah kuantiti untuk kuih jenis tu roti john yang dah siap balut memang aku tak beli dah kalau masak baru pun aku sanggup tunggu depan depan kuali sebab dulu dah terkena dengan roti john cheese yang telur ada takda dengan daging secubit kobis je banyak cheese pun takda yang ada sos nacho selemuih atas roti dah la aku beli jenis roti yang panjang bukan pendek harga jangan tanya la berapa memang betul aku tak puasa sebab aku bukan muslim tapi bayangkan kena kat orang yang berpuasa beli sebab memang teringin lepas tu modal pun cukup cukup je dengan harga makanan dah macam kat foodfest apa perasaan orang tu bgi aku nak selesaikan masalah kualiti ni senang je sebelum makanan sampai tapak bazaar untuk diniagakan bagi la qc rasa dulu bagi anak kecik yang tak puasa atau kawan bukan muslim rasa setiap kali masak 1 batch amik sikit 1 2 pcs kalau kuih kalau makanan lain macam nasik laksa dsb sepiring mangkuk kecik pun dah cukup tak sampai 1 portion pun sebagai sample tak rugi pun asalkan kualiti terjamin makanan sendiri kat rumah pun kalau boleh nak yang sedap sedap saja puas hati ni kan pulak makanan yang nak dijual untuk pelanggan makan kalau tak sampai bila isu kualiti ni nak berulang dari tahun ke tahun makin ramai orang viralkan tapi pihak peniaga yang bermasalah ni macam takda tindakan untuk perbaiki masalah tu yang beradab berbudi bahasa akan mintak maaf bila pelanggan tegur kena yang jenis tak mengaku salah pantang ditegur terus ajak gaduh naya kome aje tumpo rope tu tak dan sebulan melingkup le sebab orang ramai boikot jadi bagi peniaga peniaga di luar sana jagalah kualiti produk kome layan pelanggan dengan elok kalau ada aduan dari pelanggan terima dan perbaiki masalah tu kalau pelanggan betul betul puas hati harga mahal sikit pun orang ramai akan terus sokong produk perniagaan kome sekian terima kasih panjang pulak aku taip,384,2344,0,False,True,0,0,0,BM,id,25,0,,False,False,rejected
YT_UgxLrk4OXPspOo0IUdt4AaABAg,YouTube,top_level_comment,UgxLrk4OXPspOo0IUdt4AaABAg,UgxLrk4OXPspOo0IUdt4AaABAg,pByBSEMjiyo,MENJELANG AIDILFITRI | PM Umum Cuti Tambahan Sehari Sambut Hari Raya Aidilfitri,Buletin TV3,https://www.youtube.com/watch?v=pByBSEMjiyo,2026-03-15T05:40:33Z,festivals_national_events,Hoi sneakersandmar..lu tak undi pun PMX tetap PM .bukan kerja lu nak turun DSAI Tapi kami umat Islam tetap percaya ALLAH maha berkuasa..klu lu bukan Islam itu lu punya masaalah..lu cakap klu kasi pun ku tak pangkah PH .lu ingat kami semua dengar cakap lu kah..agak2 lah berada..raayat dah meluat dgn Parti bersatu yg berpecah. Tapi abah Bidin dgn Hamzah mereka berpakat supaya raayat benci dgn PN..bukan apa mereka nak pas terus jadi pembangkang untuk akhir hayat...yg brother ni komen..walau pun tambah cuti dia tetap tak pangkah PH..sebab selama ini dari zaman moyang dia turun dkt bapa dia lepas tu turun dkt dia yg dia pangkah terus jadi Pembangkang sebab tu dia jadi pembanggang kah kah kah KIH KIH KIH Kuh . KIH.klu lu dgn isteri lu anak2 lu nak mertua ku tak undi kerajaan perpaduan tetap mantap..jgn ugut2 kami.. lu budak mentah dlm politik..kami skg dah 74 thn dari zaman pas yg di terajui oleh Samad Gol...Dato' Asri..Yusuf Rawa...ustaz Fadhil Nor Nik Aziz skg Hadi Awang..dulu yg menerajui pas semua bagus2 kami sokong .itu pun pas tak boleh kalahkan Tok det..tiba2 skg Hadi Awang terus pas hancur sebab Hadi tak reti bab agama..dia baca hadis bagus tapi tersalah guna...dia ajak org supaya buat fitnah klu nak hancurkan kerajaan..dulu pun pas nak hancurkan tok det tapi mengapa tok det boleh memerentah selama 22thn. ALLAH melihat kesilapan pas dlm .memperjuangkan Agama.dlm hidup berbilang kaum kita kena menghormati kaum lain..tak kira agama apa yg di anuti..akhir kata klu lu tak mahu undi itu hak kamu..kami pun ada hak juga yg lu tak boleh ugut2..faham tak.,7562c068c9909796ffed,2026-03-17T12:20:23Z,2026-03-17T12:20:23Z,0,0,True,True,none,,2026-06-17T15:11:43.138339+00:00,raw,excessively_long_comment,Hoi sneakersandmar..lu tak undi pun PMX tetap PM .bukan kerja lu nak turun DSAI Tapi kami umat Islam tetap percaya ALLAH maha berkuasa..klu lu bukan Islam itu lu punya masaalah..lu cakap klu kasi pun ku tak pangkah PH .lu ingat kami semua dengar cakap lu kah..agak2 lah berada..raayat dah meluat dgn Parti bersatu yg berpecah. Tapi abah Bidin dgn Hamzah mereka berpakat supaya raayat benci dgn PN..bukan apa mereka nak pas terus jadi pembangkang untuk akhir hayat..yg brother ni komen..walau pun tambah cuti dia tetap tak pangkah PH..sebab selama ini dari zaman moyang dia turun dkt bapa dia lepas tu turun dkt dia yg dia pangkah terus jadi Pembangkang sebab tu dia jadi pembanggang kah kah kah KIH KIH KIH Kuh . KIH.klu lu dgn isteri lu anak2 lu nak mertua ku tak undi kerajaan perpaduan tetap mantap..jgn ugut2 kami.. lu budak mentah dlm politik..kami skg dah 74 thn dari zaman pas yg di terajui oleh Samad Gol..Dato' Asri..Yusuf Rawa..ustaz Fadhil Nor Nik Aziz skg Hadi Awang..dulu yg menerajui pas semua bagus2 kami sokong .itu pun pas tak boleh kalahkan Tok det..tiba2 skg Hadi Awang terus pas hancur sebab Hadi tak reti bab agama..dia baca hadis bagus tapi tersalah guna..dia ajak org supaya buat fitnah klu nak hancurkan kerajaan..dulu pun pas nak hancurkan tok det tapi mengapa tok det boleh memerentah selama 22thn. ALLAH melihat kesilapan pas dlm .memperjuangkan Agama.dlm hidup berbilang kaum kita kena menghormati kaum lain..tak kira agama apa yg di anuti..akhir kata klu lu tak mahu undi itu hak kamu..kami pun ada hak juga yg lu tak boleh ugut2..faham tak.,hoi sneakersandmar lu tak undi pun pmx tetap pm bukan kerja lu nak turun dsai tapi kami umat islam tetap percaya allah maha berkuasa klu lu bukan islam itu lu punya masaalah lu cakap klu kasi pun ku tak pangkah ph lu ingat kami semua dengar cakap lu kah agak2 lah berada raayat dah meluat dgn parti bersatu yg berpecah tapi abah bidin dgn hamzah mereka berpakat supaya raayat benci dgn pn bukan apa mereka nak pas terus jadi pembangkang untuk akhir hayat yg brother ni komen walau pun tambah cuti dia tetap tak pangkah ph sebab selama ini dari zaman moyang dia turun dkt bapa dia lepas tu turun dkt dia yg dia pangkah terus jadi pembangkang sebab tu dia jadi pembanggang kah kah kah kih kih kih kuh kih klu lu dgn isteri lu anak2 lu nak mertua ku tak undi kerajaan perpaduan tetap mantap jgn ugut2 kami lu budak mentah dlm politik kami skg dah 74 thn dari zaman pas yg di terajui oleh samad gol dato asri yusuf rawa ustaz fadhil nor nik aziz skg hadi awang dulu yg menerajui pas semua bagus2 kami sokong itu pun pas tak boleh kalahkan tok det tiba2 skg hadi awang terus pas hancur sebab hadi tak reti bab agama dia baca hadis bagus tapi tersalah guna dia ajak org supaya buat fitnah klu nak hancurkan kerajaan dulu pun pas nak hancurkan tok det tapi mengapa tok det boleh memerentah selama 22thn allah melihat kesilapan pas dlm memperjuangkan agama dlm hidup berbilang kaum kita kena menghormati kaum lain tak kira agama apa yg di anuti akhir kata klu lu tak mahu undi itu hak kamu kami pun ada hak juga yg lu tak boleh ugut2 faham tak,287,1570,0,False,True,0,0,0,BM,id,18,0,,False,False,rejected
YT_Ugwbm_rzzBz90gAlCUd4AaABAg,YouTube,top_level_comment,Ugwbm_rzzBz90gAlCUd4AaABAg,Ugwbm_rzzBz90gAlCUd4AaABAg,J5SEcQAe1AM,Why Malaysia Forces You to Own a Car,UrbanShiftMY,https://www.youtube.com/watch?v=J5SEcQAe1AM,2026-05-11T05:16:17Z,transport_public_services,"When I was in my early 20s. now im 30. I had a car and license but I still would rather take train if my work was in KL. Did alot of gig work and some permanent job since I was 19 & young adult life. Mind you, I stayed in Cyberjaya (for 25 years now) and back then there was no MRT here. So had to rely Bus, ERL & LRT. Or I drive all the way to Sri Petaling LRT and park my car there cause theres no jam from MEX highway to Sri petaling exit, back then. Honestly, I felt my mood is better and healthier for my well being. I didnt had to rush for anything and because of the nature of you having to travel and changing trains and wait for trains, made everyday encounter feels different and not routine like. Sometimes when I see from the ERL departure screen that its leaving in 3mins, I didnt bother to run and rush myself to catch it. Just find the nearest cafe or fast food, have a drink alone and explore some new music in Youtube as music is my favorite past time and just enjoy that alone time. I loved it. I hate jam so much maybe cause I grew up here in Cyberjaya. Could never sit for 2-3 hours everyday in the car with the same road same scenery.",e4e07751a6abe74f2d65,2026-05-24T08:42:04Z,2026-05-24T08:42:04Z,0,0,True,True,none,,2026-06-17T15:11:48.077350+00:00,raw,excessively_long_comment,"When I was in my early 20s. now im 30. I had a car and license but I still would rather take train if my work was in KL. Did alot of gig work and some permanent job since I was 19 & young adult life. Mind you, I stayed in Cyberjaya (for 25 years now) and back then there was no MRT here. So had to rely Bus, ERL & LRT. Or I drive all the way to Sri Petaling LRT and park my car there cause theres no jam from MEX highway to Sri petaling exit, back then. Honestly, I felt my mood is better and healthier for my well being. I didnt had to rush for anything and because of the nature of you having to travel and changing trains and wait for trains, made everyday encounter feels different and not routine like. Sometimes when I see from the ERL departure screen that its leaving in 3mins, I didnt bother to run and rush myself to catch it. Just find the nearest cafe or fast food, have a drink alone and explore some new music in Youtube as music is my favorite past time and just enjoy that alone time. I loved it. I hate jam so much maybe cause I grew up here in Cyberjaya. Could never sit for 2-3 hours everyday in the car with the same road same scenery.",when i was in my early 20s now im 30 i had a car and license but i still would rather take train if my work was in kl did alot of gig work and some permanent job since i was 19 young adult life mind you i stayed in cyberjaya for 25 years now and back then there was no mrt here so had to rely bus erl lrt or i drive all the way to sri petaling lrt and park my car there cause theres no jam from mex highway to sri petaling exit back then honestly i felt my mood is better and healthier for my well being i didnt had to rush for anything and because of the nature of you having to travel and changing trains and wait for trains made everyday encounter feels different and not routine like sometimes when i see from the erl departure screen that its leaving in 3mins i didnt bother to run and rush myself to catch it just find the nearest cafe or fast food have a drink alone and explore some new music in youtube as music is my favorite past time and just enjoy that alone time i loved it i hate jam so much maybe cause i grew up here in cyberjaya could never sit for 2 3 hours everyday in the car with the same road same scenery,233,1155,0,False,True,0,0,0,EN,en,0,14,,False,False,rejected
YT_UgxpqnW2k7hLvSoSTPh4AaABAg,YouTube,top_level_comment,UgxpqnW2k7hLvSoSTPh4AaABAg,UgxpqnW2k7hLvSoSTPh4AaABAg,J5SEcQAe1AM,Why Malaysia Forces You to Own a Car,UrbanShiftMY,https://www.youtube.com/watch?v=J5SEcQAe1AM,2026-05-11T05:16:17Z,transport_public_services,"I went to Malaysia a few months back and used grab to go to genting highlands and batu caves which means we went by toll roads and I gotta say. Even though it's smooth, the toll roads feels weird. As an indonesian, I've had my fair share of toll road driving and sure Malaysia definitely have a MUCH smoother toll road than indo but, I can't quite put it into words, it feels weird being in a toll road in Malaysia. I don't know if it's the ambiance of it but it feels ""heavy"". Not in a literal sense but in the sense that driving there feels like a burden. The feeling wasn't that bad on the toll roads that goes to genting, but the one that went to batu caves definitely made me feel that way. Hell, even the toll road that goes to the airport doesn't feel like the one that goes to batu caves. When I'm driving in Indonesia, sure there's congestion everywhere but the driving never felt ""heavy"". Also I've been in the highway/toll roads of Singapore, Thailand, China, and turkey and I've never felt this ""heavy"" feeling ever. Now, this isn't a criticism. Just an observation. A subjective one at that.",b678f7eb54c9d9c8c405,2026-05-20T06:49:22Z,2026-05-20T06:49:22Z,0,0,True,True,none,,2026-06-17T15:11:48.077989+00:00,raw,excessively_long_comment,"I went to Malaysia a few months back and used grab to go to genting highlands and batu caves which means we went by toll roads and I gotta say. Even though it's smooth, the toll roads feels weird. As an indonesian, I've had my fair share of toll road driving and sure Malaysia definitely have a MUCH smoother toll road than indo but, I can't quite put it into words, it feels weird being in a toll road in Malaysia. I don't know if it's the ambiance of it but it feels ""heavy"". Not in a literal sense but in the sense that driving there feels like a burden. The feeling wasn't that bad on the toll roads that goes to genting, but the one that went to batu caves definitely made me feel that way. Hell, even the toll road that goes to the airport doesn't feel like the one that goes to batu caves. When I'm driving in Indonesia, sure there's congestion everywhere but the driving never felt ""heavy"". Also I've been in the highway/toll roads of Singapore, Thailand, China, and turkey and I've never felt this ""heavy"" feeling ever. Now, this isn't a criticism. Just an observation. A subjective one at that.",i went to malaysia a few months back and used grab to go to genting highlands and batu caves which means we went by toll roads and i gotta say even though it s smooth the toll roads feels weird as an indonesian i ve had my fair share of toll road driving and sure malaysia definitely have a much smoother toll road than indo but i can t quite put it into words it feels weird being in a toll road in malaysia i don t know if it s the ambiance of it but it feels heavy not in a literal sense but in the sense that driving there feels like a burden the feeling wasn t that bad on the toll roads that goes to genting but the one that went to batu caves definitely made me feel that way hell even the toll road that goes to the airport doesn t feel like the one that goes to batu caves when i m driving in indonesia sure there s congestion everywhere but the driving never felt heavy also i ve been in the highway toll roads of singapore thailand china and turkey and i ve never felt this heavy feeling ever now this isn t a criticism just an observation a subjective one at that,207,1104,0,False,True,0,0,0,MIXED,en,1,8,,False,False,rejected
YT_UgxPZ2N8demSqNlNsCR4AaABAg,YouTube,top_level_comment,UgxPZ2N8demSqNlNsCR4AaABAg,UgxPZ2N8demSqNlNsCR4AaABAg,J5SEcQAe1AM,Why Malaysia Forces You to Own a Car,UrbanShiftMY,https://www.youtube.com/watch?v=J5SEcQAe1AM,2026-05-11T05:16:17Z,transport_public_services,"I totally agree! During the COVID time, I haven't got to travel home for almost 5 years (due to studying, then COVID happened). When I landed in Penang, I was so surprised by the number of bypasses and more roads around my apartment. Some roads were even turned into one-way and widened into 3 or 4 lanes. Going to town, pedestrians are at the mercy of car drivers. Go to Perda, or Seberang Jaya, and you'll see that even small back lanes are used as a road. I have lived in Denmark for about 10 years now, and it is very convenient to travel from one place to another using public transportation. The township was designed for pedestrian and cyclists. There are no gated communities, and even apartment blocks have bypass access for neighbours who live behind them to cross. In Malaysia, you have to circle around, making a short trip to the grocery seems far. Buildings do not have fences! So they are easily accessible from any direction. Try going to the KWSP building in Seberang Jaya, you have to circle around to find the entrance. Our town planner in Malaysia should change their mindset. Instead of expanding the road in the town for cars, find a way to reduce the number of cars going in and make towns friendlier to pedestrians. Have a city speed limit, an in-town limit, and a housing area limit. I remember I had to run for my life crossing a road in front of my apartment, which was a small road that got widened into a 6-lane road to get to the mamak on the other side. Housing area, township and Malaysia should be a ""livable"" place.",4fde5da00db68e25a0fe,2026-05-14T05:53:22Z,2026-05-14T05:53:22Z,0,0,True,True,none,,2026-06-17T15:11:48.080446+00:00,raw,excessively_long_comment,"I totally agree! During the COVID time, I haven't got to travel home for almost 5 years (due to studying, then COVID happened). When I landed in Penang, I was so surprised by the number of bypasses and more roads around my apartment. Some roads were even turned into one-way and widened into 3 or 4 lanes. Going to town, pedestrians are at the mercy of car drivers. Go to Perda, or Seberang Jaya, and you'll see that even small back lanes are used as a road. I have lived in Denmark for about 10 years now, and it is very convenient to travel from one place to another using public transportation. The township was designed for pedestrian and cyclists. There are no gated communities, and even apartment blocks have bypass access for neighbours who live behind them to cross. In Malaysia, you have to circle around, making a short trip to the grocery seems far. Buildings do not have fences! So they are easily accessible from any direction. Try going to the KWSP building in Seberang Jaya, you have to circle around to find the entrance. Our town planner in Malaysia should change their mindset. Instead of expanding the road in the town for cars, find a way to reduce the number of cars going in and make towns friendlier to pedestrians. Have a city speed limit, an in-town limit, and a housing area limit. I remember I had to run for my life crossing a road in front of my apartment, which was a small road that got widened into a 6-lane road to get to the mamak on the other side. Housing area, township and Malaysia should be a ""livable"" place.",i totally agree during the covid time i haven t got to travel home for almost 5 years due to studying then covid happened when i landed in penang i was so surprised by the number of bypasses and more roads around my apartment some roads were even turned into one way and widened into 3 or 4 lanes going to town pedestrians are at the mercy of car drivers go to perda or seberang jaya and you ll see that even small back lanes are used as a road i have lived in denmark for about 10 years now and it is very convenient to travel from one place to another using public transportation the township was designed for pedestrian and cyclists there are no gated communities and even apartment blocks have bypass access for neighbours who live behind them to cross in malaysia you have to circle around making a short trip to the grocery seems far buildings do not have fences so they are easily accessible from any direction try going to the kwsp building in seberang jaya you have to circle around to find the entrance our town planner in malaysia should change their mindset instead of expanding the road in the town for cars find a way to reduce the number of cars going in and make towns friendlier to pedestrians have a city speed limit an in town limit and a housing area limit i remember i had to run for my life crossing a road in front of my apartment which was a small road that got widened into a 6 lane road to get to the mamak on the other side housing area township and malaysia should be a livable place,284,1549,0,False,True,0,0,0,MIXED,en,1,13,,False,False,rejected
YT_Ugyp6sd6N20uKZvhFo94AaABAg,YouTube,top_level_comment,Ugyp6sd6N20uKZvhFo94AaABAg,Ugyp6sd6N20uKZvhFo94AaABAg,J5SEcQAe1AM,Why Malaysia Forces You to Own a Car,UrbanShiftMY,https://www.youtube.com/watch?v=J5SEcQAe1AM,2026-05-11T05:16:17Z,transport_public_services,"I think the ideal situation for the next foreseeable future will be, car are still owned by each family, since there are still alot of the people owns a home that are far away from where they work, and changing this would be challenging, gov can invest in building atleast one small community area for shopping (with supermarket and some food store, klinik and palces) in every region, and connect them to the neighborhoods with frequent and reliable bus systems, so that car would always be a choice when doing weekly grocery shopping and things like that. One other issue is that it is really hot in the afternoon outside, so good shading in the shopping area, a few bus stops, and eventually, railway or long-route buses can slowly connect these community shopping area to other areas, finally making them also the first choices for people to go to work, without transferring to different public transport too much Key idea is: Bus accessible for short range (first/last mile), train and coach bus for long range, frequent service and make walking less painful, and one bus away from daily necessities.",b8dd426dd902a47bba1f,2026-05-12T17:06:56Z,2026-05-12T17:08:14Z,0,0,True,True,none,,2026-06-17T15:11:48.489448+00:00,raw,excessively_long_comment,"I think the ideal situation for the next foreseeable future will be, car are still owned by each family, since there are still alot of the people owns a home that are far away from where they work, and changing this would be challenging, gov can invest in building atleast one small community area for shopping (with supermarket and some food store, klinik and palces) in every region, and connect them to the neighborhoods with frequent and reliable bus systems, so that car would always be a choice when doing weekly grocery shopping and things like that. One other issue is that it is really hot in the afternoon outside, so good shading in the shopping area, a few bus stops, and eventually, railway or long-route buses can slowly connect these community shopping area to other areas, finally making them also the first choices for people to go to work, without transferring to different public transport too much Key idea is: Bus accessible for short range (first/last mile), train and coach bus for long range, frequent service and make walking less painful, and one bus away from daily necessities.",i think the ideal situation for the next foreseeable future will be car are still owned by each family since there are still alot of the people owns a home that are far away from where they work and changing this would be challenging gov can invest in building atleast one small community area for shopping with supermarket and some food store klinik and palces in every region and connect them to the neighborhoods with frequent and reliable bus systems so that car would always be a choice when doing weekly grocery shopping and things like that one other issue is that it is really hot in the afternoon outside so good shading in the shopping area a few bus stops and eventually railway or long route buses can slowly connect these community shopping area to other areas finally making them also the first choices for people to go to work without transferring to different public transport too much key idea is bus accessible for short range first last mile train and coach bus for long range frequent service and make walking less painful and one bus away from daily necessities,190,1105,0,False,True,0,0,0,EN,en,0,16,,False,False,rejected
YT_UgyO_NGWNsGMZd2Tx-t4AaABAg,YouTube,top_level_comment,UgyO_NGWNsGMZd2Tx-t4AaABAg,UgyO_NGWNsGMZd2Tx-t4AaABAg,UGAL8690ngc,"Bantuan Asas Rahmah diteruskan: RM100 untuk  dewasa, RM500 untuk penerima miskin tegar - Anwar",KiniTV,https://www.youtube.com/watch?v=UGAL8690ngc,2026-01-05T06:06:45Z,cost_of_living_public_policy,Str bagi golongan bujang yg dipertikaikan hanya Rm 50 sahaja,52f69243a1e0726ad6f4,2026-01-14T07:44:08Z,2026-01-14T07:44:08Z,0,0,True,True,none,,2026-06-17T15:11:40.405276+00:00,raw,normalized_duplicate,Str bagi golongan bujang yg dipertikaikan hanya Rm 50 sahaja,str bagi golongan bujang yg dipertikaikan hanya rm 50 sahaja,10,60,0,False,True,0,0,0,BM,id,0,0,,False,True,rejected
YT_UgwUjVM5FQLEcxOElkt4AaABAg,YouTube,top_level_comment,UgwUjVM5FQLEcxOElkt4AaABAg,UgwUjVM5FQLEcxOElkt4AaABAg,UGAL8690ngc,"Bantuan Asas Rahmah diteruskan: RM100 untuk  dewasa, RM500 untuk penerima miskin tegar - Anwar",KiniTV,https://www.youtube.com/watch?v=UGAL8690ngc,2026-01-05T06:06:45Z,cost_of_living_public_policy,Str bagi golongan bujang yg dipertikaikan hanya Rm 50 sahaja,52f69243a1e0726ad6f4,2026-01-14T07:43:51Z,2026-01-14T07:43:51Z,0,0,True,True,none,,2026-06-17T15:11:40.405287+00:00,raw,normalized_duplicate,Str bagi golongan bujang yg dipertikaikan hanya Rm 50 sahaja,str bagi golongan bujang yg dipertikaikan hanya rm 50 sahaja,10,60,0,False,True,0,0,0,BM,id,0,0,,False,True,rejected
YT_Ugyr4ZZss3G7Tr5hAFl4AaABAg,YouTube,top_level_comment,Ugyr4ZZss3G7Tr5hAFl4AaABAg,Ugyr4ZZss3G7Tr5hAFl4AaABAg,UGAL8690ngc,"Bantuan Asas Rahmah diteruskan: RM100 untuk  dewasa, RM500 untuk penerima miskin tegar - Anwar",KiniTV,https://www.youtube.com/watch?v=UGAL8690ngc,2026-01-05T06:06:45Z,cost_of_living_public_policy,"Pmx bagi sara di puji2, sekejap maki hamun. 😂😂😂😂😂😂",4dac8313eca3a7d197e3,2026-01-06T10:13:52Z,2026-01-06T10:13:52Z,0,1,True,True,none,,2026-06-17T15:11:40.406154+00:00,raw,normalized_duplicate,"Pmx bagi sara di puji2, sekejap maki hamun. 😂😂😂😂😂😂",pmx bagi sara di puji2 sekejap maki hamun,8,50,6,False,True,0,0,0,BM,id,0,0,,False,True,rejected
YT_Ugzk0SSKXVRrkhjwSXB4AaABAg,YouTube,top_level_comment,Ugzk0SSKXVRrkhjwSXB4AaABAg,Ugzk0SSKXVRrkhjwSXB4AaABAg,9tQzzOjBIdI,KOS SARA HIDUP | Kerajaan Bakal Umum Langkah Tangani Kos Sara Hidup,Buletin TV3,https://www.youtube.com/watch?v=9tQzzOjBIdI,2025-07-19T05:38:22Z,cost_of_living_public_policy,taekkkkkkkk ... kenceng kotor sinkunyek tua aljubss 😂,466b7500ffda8e72a1bf,2025-07-19T13:34:25Z,2025-07-19T13:34:25Z,0,0,True,True,none,,2026-06-17T15:11:40.015393+00:00,raw,spam_pattern,taekkkkkkkk .. kenceng kotor sinkunyek tua aljubss 😂,taekkkkkkkk kenceng kotor sinkunyek tua aljubss,6,52,1,False,True,0,0,0,UNKNOWN,fi,0,0,excessive_character_repetition,True,False,rejected
YT_UgySkyL3pfejmDlcyvp4AaABAg,YouTube,top_level_comment,UgySkyL3pfejmDlcyvp4AaABAg,UgySkyL3pfejmDlcyvp4AaABAg,UGAL8690ngc,"Bantuan Asas Rahmah diteruskan: RM100 untuk  dewasa, RM500 untuk penerima miskin tegar - Anwar",KiniTV,https://www.youtube.com/watch?v=UGAL8690ngc,2026-01-05T06:06:45Z,cost_of_living_public_policy,Geng bujang menangis la masuk rm50 tiap² bulan STR...HAKTUIHHHHH💦💦lingkup kau PRU ni...1000000000%,2b3aa628c9bc6e4ffc2b,2026-01-12T06:28:09Z,2026-01-12T06:28:09Z,0,0,True,True,none,,2026-06-17T15:11:40.405406+00:00,raw,spam_pattern,Geng bujang menangis la masuk rm50 tiap2 bulan STR..HAKTUIHHHHH💦💦lingkup kau PRU ni..1000000000%,geng bujang menangis la masuk rm50 tiap2 bulan str haktuihhhhh lingkup kau pru ni 1000000000,15,96,2,False,True,0,0,0,BM,id,0,0,excessive_character_repetition,True,False,rejected
YT_UgxcjVw4AEcsflFHo6J4AaABAg,YouTube,top_level_comment,UgxcjVw4AEcsflFHo6J4AaABAg,UgxcjVw4AEcsflFHo6J4AaABAg,lWY3O9pFexo,KOS SARA HIDUP | PM Umum Butiran Penghargaan Untuk Rakyat Esok (BU),Buletin TV3,https://www.youtube.com/watch?v=lWY3O9pFexo,2025-07-22T12:11:44Z,cost_of_living_public_policy,"Kepada yang Suka pengumum banduan anuar ibrahim ini yang tabur airliur jilat kat wartawan dan Berita media sebelum pengumum sebagai mantra pukau untuk menawan dan memancing undian melalui pengumum cukai kayangan madani untuk bayar pampasan banduan anuar ibrahim nak keluar penjara perasuah melalui pejabat PKR@pembunuh keadilan rakyat yang anda sanjungi selama ini, pastikan anda check berapa jumlah duit rakyat di sakau dan hutang negara diberi kat korang ya supaya keluar akta undang-undang kerajaan buat pampasan cagaran aset pelupusan harta dan tanah korang ya macam kat kampung sungai buloh tu akta pampasan cagaran berkuasa memaksa penduduk keluar dari aset cagaran tu..... Tahniah jadi penyumbang terbesar memundurkan bangsa dan kerajaan sendiri.....😂😂😂😂😂😂😂😂😂😂😂😂😂😂😂",83b23426b150f96295f4,2025-07-22T23:02:08Z,2025-07-22T23:02:08Z,0,0,True,True,none,,2026-06-17T15:11:38.330432+00:00,raw,spam_pattern,"Kepada yang Suka pengumum banduan anuar ibrahim ini yang tabur airliur jilat kat wartawan dan Berita media sebelum pengumum sebagai mantra pukau untuk menawan dan memancing undian melalui pengumum cukai kayangan madani untuk bayar pampasan banduan anuar ibrahim nak keluar penjara perasuah melalui pejabat PKR@pembunuh keadilan rakyat yang anda sanjungi selama ini, pastikan anda check berapa jumlah duit rakyat di sakau dan hutang negara diberi kat korang ya supaya keluar akta undang-undang kerajaan buat pampasan cagaran aset pelupusan harta dan tanah korang ya macam kat kampung sungai buloh tu akta pampasan cagaran berkuasa memaksa penduduk keluar dari aset cagaran tu.. Tahniah jadi penyumbang terbesar memundurkan bangsa dan kerajaan sendiri..😂😂😂😂😂😂😂😂😂😂😂😂😂😂😂",kepada yang suka pengumum banduan anuar ibrahim ini yang tabur airliur jilat kat wartawan dan berita media sebelum pengumum sebagai mantra pukau untuk menawan dan memancing undian melalui pengumum cukai kayangan madani untuk bayar pampasan banduan anuar ibrahim nak keluar penjara perasuah melalui pejabat pkr pembunuh keadilan rakyat yang anda sanjungi selama ini pastikan anda check berapa jumlah duit rakyat di sakau dan hutang negara diberi kat korang ya supaya keluar akta undang undang kerajaan buat pampasan cagaran aset pelupusan harta dan tanah korang ya macam kat kampung sungai buloh tu akta pampasan cagaran berkuasa memaksa penduduk keluar dari aset cagaran tu tahniah jadi penyumbang terbesar memundurkan bangsa dan kerajaan sendiri,110,766,15,False,True,0,0,0,BM,id,9,0,excessive_character_repetition,True,False,rejected
YT_UgwqAXZOkRe78RaF1714AaABAg,YouTube,top_level_comment,UgwqAXZOkRe78RaF1714AaABAg,UgwqAXZOkRe78RaF1714AaABAg,lWY3O9pFexo,KOS SARA HIDUP | PM Umum Butiran Penghargaan Untuk Rakyat Esok (BU),Buletin TV3,https://www.youtube.com/watch?v=lWY3O9pFexo,2025-07-22T12:11:44Z,cost_of_living_public_policy,anuar ibrahim banduan yang terlepas dari penjara perasuah melalui pejabat PKR @pembunuh keadilan rakyat yang umumkan cukai kayangan@cukai sakau duit rakyat bayar pampasan untuk keluar penjara .😂😂😂😂😂😂😂😂😂😂😂😂😂😂😂😂😂😂 😂😂😂😂😂😂,83b23426b150f96295f4,2025-07-22T22:05:06Z,2025-07-22T22:05:06Z,0,0,True,True,none,,2026-06-17T15:11:38.330531+00:00,raw,spam_pattern,anuar ibrahim banduan yang terlepas dari penjara perasuah melalui pejabat PKR USER_MENTION keadilan rakyat yang umumkan cukai kayangan@cukai sakau duit rakyat bayar pampasan untuk keluar penjara .😂😂😂😂😂😂😂😂😂😂😂😂😂😂😂😂😂😂 😂😂😂😂😂😂,anuar ibrahim banduan yang terlepas dari penjara perasuah melalui pejabat pkr user_mention keadilan rakyat yang umumkan cukai kayangan cukai sakau duit rakyat bayar pampasan untuk keluar penjara,27,221,24,False,True,0,1,0,BM,id,3,0,excessive_character_repetition,True,False,rejected
YT_UgzwM9c0gPvsk5oRHu14AaABAg,YouTube,top_level_comment,UgzwM9c0gPvsk5oRHu14AaABAg,UgzwM9c0gPvsk5oRHu14AaABAg,lWY3O9pFexo,KOS SARA HIDUP | PM Umum Butiran Penghargaan Untuk Rakyat Esok (BU),Buletin TV3,https://www.youtube.com/watch?v=lWY3O9pFexo,2025-07-22T12:11:44Z,cost_of_living_public_policy,Okayyyyy....hari ini saya jadi pm.....esok cuti iiiiiiiiii............terkejut aku...,2615391c85b3b835507c,2025-07-22T14:15:16Z,2025-07-22T14:16:48Z,2,0,True,True,none,,2026-06-17T15:11:38.667076+00:00,raw,spam_pattern,Okayyyyy..hari ini saya jadi pm..esok cuti iiiiiiiiii..terkejut aku..,okayyyyy hari ini saya jadi pm esok cuti iiiiiiiiii terkejut aku,11,69,0,False,True,0,0,0,BM,fi,3,0,excessive_character_repetition,True,False,rejected
YT_UgzRdsF_EPafBHHPmcl4AaABAg,YouTube,top_level_comment,UgzRdsF_EPafBHHPmcl4AaABAg,UgzRdsF_EPafBHHPmcl4AaABAg,mVmYibok-7A,[TERKINI] MOF sekat MyKad individu salah guna subsidi BUDI95,Astro AWANI,https://www.youtube.com/watch?v=mVmYibok-7A,2026-03-23T23:22:33Z,cost_of_living_public_policy,Aku tiap2 bulan abiskan kontol isi tong pastu jual kat bagla wakakakaa sekat lah mari2 marilaaaaaaaaaaaaaaaaaaa biakakakaakaka😂😂😂😂😂😂😂😂😂😂😂😂😂😂,7fb91645a75adeefc46d,2026-03-25T14:59:27Z,2026-03-25T14:59:27Z,0,0,True,True,none,,2026-06-17T15:11:39.036931+00:00,raw,spam_pattern,Aku tiap2 bulan abiskan kontol isi tong pastu jual kat bagla wakakakaa sekat lah mari2 marilaaaaaaaaaaaaaaaaaaa biakakakaakaka😂😂😂😂😂😂😂😂😂😂😂😂😂😂,aku tiap2 bulan abiskan kontol isi tong pastu jual kat bagla wakakakaa sekat lah mari2 marilaaaaaaaaaaaaaaaaaaa biakakakaakaka,17,140,14,False,True,0,0,0,BM,tl,3,0,excessive_character_repetition,True,False,rejected
YT_Ugz2S7vYP1IMFgHFM7d4AaABAg,YouTube,top_level_comment,Ugz2S7vYP1IMFgHFM7d4AaABAg,Ugz2S7vYP1IMFgHFM7d4AaABAg,mVmYibok-7A,[TERKINI] MOF sekat MyKad individu salah guna subsidi BUDI95,Astro AWANI,https://www.youtube.com/watch?v=mVmYibok-7A,2026-03-23T23:22:33Z,cost_of_living_public_policy,Takda2 nak naikkan harga.. tangkaplah yg buat tu dan siasat adakah dia jual minyak.hanya 0000000000000000.1 peratus yg buat,a8d66c88b644719a3848,2026-03-24T07:21:04Z,2026-03-24T07:21:04Z,1,0,True,True,none,,2026-06-17T15:11:39.037732+00:00,raw,spam_pattern,Takda2 nak naikkan harga.. tangkaplah yg buat tu dan siasat adakah dia jual minyak.hanya 0000000000000000.1 peratus yg buat,takda2 nak naikkan harga tangkaplah yg buat tu dan siasat adakah dia jual minyak hanya 0000000000000000 1 peratus yg buat,20,123,0,False,True,0,0,0,BM,id,3,0,excessive_character_repetition,True,False,rejected
YT_UgyVKTpj4zWCmJPRigR4AaABAg,YouTube,top_level_comment,UgyVKTpj4zWCmJPRigR4AaABAg,UgyVKTpj4zWCmJPRigR4AaABAg,3Pk956RGn7o,10 MENU SCAM PALING PELIK DI BAZAR RAMADAN,Faktaw Channel,https://www.youtube.com/watch?v=3Pk956RGn7o,2025-03-22T08:00:02Z,festivals_national_events,Eeeeewww cicakkkkkkkkkk di nasik lemakk saya penah kana scam dengan kuih donat tu bang buat lagi vids aku sukaaa,c69a44fac32fef3da3cc,2025-10-06T14:26:55Z,2025-10-06T14:26:55Z,0,0,True,True,none,,2026-06-17T15:11:43.541967+00:00,raw,spam_pattern,Eeeeewww cicakkkkkkkkkk di nasik lemakk saya penah kana scam dengan kuih donat tu bang buat lagi vids aku sukaaa,eeeeewww cicakkkkkkkkkk di nasik lemakk saya penah kana scam dengan kuih donat tu bang buat lagi vids aku sukaaa,19,112,0,False,True,0,0,0,BM,id,4,0,excessive_character_repetition,True,False,rejected
YT_UgzIlF1JHNX_WP84UX94AaABAg,YouTube,top_level_comment,UgzIlF1JHNX_WP84UX94AaABAg,UgzIlF1JHNX_WP84UX94AaABAg,3Pk956RGn7o,10 MENU SCAM PALING PELIK DI BAZAR RAMADAN,Faktaw Channel,https://www.youtube.com/watch?v=3Pk956RGn7o,2025-03-22T08:00:02Z,festivals_national_events,SALAM FAKTAW NI HAROKKĶKKKKKKKKKKKK😂😂😂😂😂😂😂😂😂😂😂😂😂😂😅😅😅😅,465cc9a4da28cd228957,2025-06-18T13:08:15Z,2025-06-18T13:08:15Z,0,0,True,True,none,,2026-06-17T15:11:44.001990+00:00,raw,spam_pattern,SALAM FAKTAW NI HAROKKĶKKKKKKKKKKKK😂😂😂😂😂😂😂😂😂😂😂😂😂😂😅😅😅😅,salam faktaw ni harokkķkkkkkkkkkkkk,4,53,18,False,True,0,0,0,UNKNOWN,no,0,0,excessive_character_repetition,True,False,rejected
YT_UgyJEbKLHtb1uCaKr054AaABAg,YouTube,top_level_comment,UgyJEbKLHtb1uCaKr054AaABAg,UgyJEbKLHtb1uCaKr054AaABAg,Yu37CmWLvK0,SATU MALAYSIA KENA SCAM MAKANAN DI BAZAR RAMADAN‼️ LELAKI SOUND PENIAGA BAZAAR,NuR MuHD,https://www.youtube.com/watch?v=Yu37CmWLvK0,2026-02-22T17:36:49Z,festivals_national_events,9:57 1:56 🤣🤣🤣🤣🤣🤣🤣🤣🤣🤣,2f5fb82ca952c2766482,2026-03-02T10:18:39Z,2026-03-02T10:18:39Z,0,0,True,True,none,,2026-06-17T15:11:44.742894+00:00,raw,spam_pattern,9:57 1:56 🤣🤣🤣🤣🤣🤣🤣🤣🤣🤣,9 57 1 56,4,20,10,False,True,0,0,0,OTHER,unknown,0,0,excessive_character_repetition,True,False,rejected
YT_UgxcJ1_jRArEONbwS-N4AaABAg,YouTube,top_level_comment,UgxcJ1_jRArEONbwS-N4AaABAg,UgxcJ1_jRArEONbwS-N4AaABAg,qlQj6Zlgc-M,MyDigital ID akan diwajibkan untuk akses aplikasi MyJPJ & MyBayar PDRM!,SoyaCincau BM,https://www.youtube.com/watch?v=qlQj6Zlgc-M,2025-08-27T12:39:08Z,technology_digital_services,Asyik tuko2 saje.. lecehhhh menyusahkan org saja mmmmmmmmmmmmmmmm,55f30ec9261fb1af41a8,2026-05-02T06:24:31Z,2026-05-02T06:24:31Z,0,0,True,True,none,,2026-06-17T15:11:45.563302+00:00,raw,spam_pattern,Asyik tuko2 saje.. lecehhhh menyusahkan org saja mmmmmmmmmmmmmmmm,asyik tuko2 saje lecehhhh menyusahkan org saja mmmmmmmmmmmmmmmm,8,65,0,False,True,0,0,0,UNKNOWN,fi,0,0,excessive_character_repetition,True,False,rejected
YT_UgzGl6N2rJwC6TNz9Ux4AaABAg,YouTube,top_level_comment,UgzGl6N2rJwC6TNz9Ux4AaABAg,UgzGl6N2rJwC6TNz9Ux4AaABAg,FgMUKH-xEec,"Kerajaan setuju semakan tarik subsidi minyak golongan berpendapatan tinggi, kata PM",Free Malaysia Today,https://www.youtube.com/watch?v=FgMUKH-xEec,2026-05-10T09:06:58Z,cost_of_living_public_policy,???,8f785efcac11f2c69958,2026-05-10T10:20:34Z,2026-05-10T10:20:34Z,0,0,True,True,none,,2026-06-17T15:11:41.872456+00:00,raw,symbol_only,??,,0,2,0,False,False,0,0,0,OTHER,unknown,0,0,,False,False,rejected
YT_UgzNZZDuXy6VUm0tfaN4AaABAg,YouTube,top_level_comment,UgzNZZDuXy6VUm0tfaN4AaABAg,UgzNZZDuXy6VUm0tfaN4AaABAg,0zi0v_kJ7BE,"Belanjawan 2026: Bantuan tunai STR dikurang RM300, Sara naik",KiniTV,https://www.youtube.com/watch?v=0zi0v_kJ7BE,2025-10-13T05:24:51Z,cost_of_living_public_policy,Puihhhh,86670b3031a1214eb3fe,2025-10-20T06:26:42Z,2025-10-20T06:26:42Z,0,0,True,True,none,,2026-06-17T15:11:41.176145+00:00,raw,too_few_characters,Puihhhh,puihhhh,1,7,0,False,True,0,0,0,UNKNOWN,unknown,0,0,,False,False,rejected
YT_UgzZii4qjwTSQcWhl7B4AaABAg,YouTube,top_level_comment,UgzZii4qjwTSQcWhl7B4AaABAg,UgzZii4qjwTSQcWhl7B4AaABAg,0zi0v_kJ7BE,"Belanjawan 2026: Bantuan tunai STR dikurang RM300, Sara naik",KiniTV,https://www.youtube.com/watch?v=0zi0v_kJ7BE,2025-10-13T05:24:51Z,cost_of_living_public_policy,Hempeh,276f24311f03afdf6e84,2025-10-18T00:36:06Z,2025-10-18T00:36:06Z,0,0,True,True,none,,2026-06-17T15:11:41.176383+00:00,raw,too_few_characters,Hempeh,hempeh,1,6,0,False,True,0,0,0,UNKNOWN,unknown,0,0,,False,False,rejected
YT_Ugzco4Hm-wRAvxZSpUh4AaABAg,YouTube,top_level_comment,Ugzco4Hm-wRAvxZSpUh4AaABAg,Ugzco4Hm-wRAvxZSpUh4AaABAg,9tQzzOjBIdI,KOS SARA HIDUP | Kerajaan Bakal Umum Langkah Tangani Kos Sara Hidup,Buletin TV3,https://www.youtube.com/watch?v=9tQzzOjBIdI,2025-07-19T05:38:22Z,cost_of_living_public_policy,Begini🤪,81571d8a0437ebcc03fd,2025-07-21T05:41:35Z,2025-07-21T05:41:35Z,0,0,True,True,none,,2026-06-17T15:11:40.014926+00:00,raw,too_few_characters,Begini🤪,begini,1,7,1,False,True,0,0,0,UNKNOWN,unknown,0,0,,False,False,rejected
YT_UgxDZvaoE1MBdw4JDit4AaABAg,YouTube,top_level_comment,UgxDZvaoE1MBdw4JDit4AaABAg,UgxDZvaoE1MBdw4JDit4AaABAg,9tQzzOjBIdI,KOS SARA HIDUP | Kerajaan Bakal Umum Langkah Tangani Kos Sara Hidup,Buletin TV3,https://www.youtube.com/watch?v=9tQzzOjBIdI,2025-07-19T05:38:22Z,cost_of_living_public_policy,Kwsp 20k,c29cead2d55d5d8c3e58,2025-07-19T12:09:45Z,2025-07-19T12:09:45Z,0,0,True,True,none,,2026-06-17T15:11:40.015467+00:00,raw,too_few_characters,Kwsp 20k,kwsp 20k,2,8,0,False,True,0,0,0,UNKNOWN,unknown,0,0,,False,False,rejected
YT_UgxR8yzNY9ND-MK9tpF4AaABAg,YouTube,top_level_comment,UgxR8yzNY9ND-MK9tpF4AaABAg,UgxR8yzNY9ND-MK9tpF4AaABAg,UGAL8690ngc,"Bantuan Asas Rahmah diteruskan: RM100 untuk  dewasa, RM500 untuk penerima miskin tegar - Anwar",KiniTV,https://www.youtube.com/watch?v=UGAL8690ngc,2026-01-05T06:06:45Z,cost_of_living_public_policy,Tks pmx ❤,4fb889b1ae454602830c,2026-01-06T06:26:08Z,2026-01-06T06:26:08Z,3,0,True,True,none,,2026-06-17T15:11:40.406347+00:00,raw,too_few_characters,Tks pmx ❤,tks pmx,2,9,1,False,True,0,0,0,UNKNOWN,unknown,0,0,,False,False,rejected
YT_UgyFRp94DyUsmnfg2wJ4AaABAg,YouTube,top_level_comment,UgyFRp94DyUsmnfg2wJ4AaABAg,UgyFRp94DyUsmnfg2wJ4AaABAg,UGAL8690ngc,"Bantuan Asas Rahmah diteruskan: RM100 untuk  dewasa, RM500 untuk penerima miskin tegar - Anwar",KiniTV,https://www.youtube.com/watch?v=UGAL8690ngc,2026-01-05T06:06:45Z,cost_of_living_public_policy,Tepuk2….😂😂,711f404672c0cd262085,2026-01-05T12:11:31Z,2026-01-05T12:11:31Z,4,1,True,True,none,,2026-06-17T15:11:40.742034+00:00,raw,too_few_characters,Tepuk2..😂😂,tepuk2,1,10,2,False,True,0,0,0,UNKNOWN,unknown,0,0,,False,False,rejected
YT_Ugwc6JlsnJVzvsQA7kF4AaABAg,YouTube,top_level_comment,Ugwc6JlsnJVzvsQA7kF4AaABAg,Ugwc6JlsnJVzvsQA7kF4AaABAg,lWY3O9pFexo,KOS SARA HIDUP | PM Umum Butiran Penghargaan Untuk Rakyat Esok (BU),Buletin TV3,https://www.youtube.com/watch?v=lWY3O9pFexo,2025-07-22T12:11:44Z,cost_of_living_public_policy,Umum hampeh,817e05514f40622c4271,2025-07-23T04:29:55Z,2025-07-23T04:29:55Z,1,0,True,True,none,,2026-06-17T15:11:38.329976+00:00,raw,too_few_characters,Umum hampeh,umum hampeh,2,11,0,False,True,0,0,0,UNKNOWN,unknown,0,0,,False,False,rejected
YT_UgwPoQpIZZrFYeNzHut4AaABAg,YouTube,top_level_comment,UgwPoQpIZZrFYeNzHut4AaABAg,UgwPoQpIZZrFYeNzHut4AaABAg,lWY3O9pFexo,KOS SARA HIDUP | PM Umum Butiran Penghargaan Untuk Rakyat Esok (BU),Buletin TV3,https://www.youtube.com/watch?v=lWY3O9pFexo,2025-07-22T12:11:44Z,cost_of_living_public_policy,Ja33....,4d6b79a27e750c7bc94c,2025-07-22T20:43:24Z,2025-07-22T20:43:24Z,0,0,True,True,none,,2026-06-17T15:11:38.330591+00:00,raw,too_few_characters,Ja33..,ja33,1,6,0,False,True,0,0,0,UNKNOWN,unknown,0,0,,False,False,rejected
YT_Ugwq9aM4QvpXWUfxJh94AaABAg,YouTube,top_level_comment,Ugwq9aM4QvpXWUfxJh94AaABAg,Ugwq9aM4QvpXWUfxJh94AaABAg,lWY3O9pFexo,KOS SARA HIDUP | PM Umum Butiran Penghargaan Untuk Rakyat Esok (BU),Buletin TV3,https://www.youtube.com/watch?v=lWY3O9pFexo,2025-07-22T12:11:44Z,cost_of_living_public_policy,Turun anuar,c6060f3b945641184139,2025-07-22T17:30:34Z,2025-07-22T17:30:34Z,0,0,True,True,none,,2026-06-17T15:11:38.330727+00:00,raw,too_few_characters,Turun anuar,turun anuar,2,11,0,False,True,0,0,0,UNKNOWN,unknown,0,0,,False,False,rejected
YT_UgwA3UZvDZMs2pde5Wx4AaABAg,YouTube,top_level_comment,UgwA3UZvDZMs2pde5Wx4AaABAg,UgwA3UZvDZMs2pde5Wx4AaABAg,lWY3O9pFexo,KOS SARA HIDUP | PM Umum Butiran Penghargaan Untuk Rakyat Esok (BU),Buletin TV3,https://www.youtube.com/watch?v=lWY3O9pFexo,2025-07-22T12:11:44Z,cost_of_living_public_policy,APA to yer,db28868aee3c7dd07d95,2025-07-22T14:07:49Z,2025-07-22T14:07:49Z,0,0,True,True,none,,2026-06-17T15:11:38.667099+00:00,raw,too_few_characters,APA to yer,apa to yer,3,10,0,False,True,0,0,0,UNKNOWN,unknown,0,0,,False,False,rejected
YT_Ugx8RUlzVcwkSjAijUV4AaABAg,YouTube,top_level_comment,Ugx8RUlzVcwkSjAijUV4AaABAg,Ugx8RUlzVcwkSjAijUV4AaABAg,mVmYibok-7A,[TERKINI] MOF sekat MyKad individu salah guna subsidi BUDI95,Astro AWANI,https://www.youtube.com/watch?v=mVmYibok-7A,2026-03-23T23:22:33Z,cost_of_living_public_policy,Tak clean,f00fc46fca6518a595a0,2026-03-24T04:22:45Z,2026-03-24T04:22:45Z,0,0,True,True,none,,2026-06-17T15:11:39.038337+00:00,raw,too_few_characters,Tak clean,tak clean,2,9,0,False,True,0,0,0,BM,unknown,1,0,,False,False,rejected
YT_UgxpPmfWfHeu1bG0VSV4AaABAg,YouTube,top_level_comment,UgxpPmfWfHeu1bG0VSV4AaABAg,UgxpPmfWfHeu1bG0VSV4AaABAg,mVmYibok-7A,[TERKINI] MOF sekat MyKad individu salah guna subsidi BUDI95,Astro AWANI,https://www.youtube.com/watch?v=mVmYibok-7A,2026-03-23T23:22:33Z,cost_of_living_public_policy,HidupDAP,88d655833cdcb6efb802,2026-03-24T03:27:20Z,2026-03-24T03:27:20Z,1,0,True,True,none,,2026-06-17T15:11:39.404638+00:00,raw,too_few_characters,HidupDAP,hidupdap,1,8,0,False,True,0,0,0,UNKNOWN,unknown,0,0,,False,False,rejected
YT_Ugx3pLMPDCtx3fphGHJ4AaABAg,YouTube,top_level_comment,Ugx3pLMPDCtx3fphGHJ4AaABAg,Ugx3pLMPDCtx3fphGHJ4AaABAg,mVmYibok-7A,[TERKINI] MOF sekat MyKad individu salah guna subsidi BUDI95,Astro AWANI,https://www.youtube.com/watch?v=mVmYibok-7A,2026-03-23T23:22:33Z,cost_of_living_public_policy,Terbaik,3749b7c320fbb91bcdc1,2026-03-24T03:18:02Z,2026-03-24T03:18:02Z,0,0,True,True,none,,2026-06-17T15:11:39.404692+00:00,raw,too_few_characters,Terbaik,terbaik,1,7,0,False,True,0,0,0,UNKNOWN,unknown,0,0,,False,False,rejected
YT_UgwpP4uTFOiPZGxkXf54AaABAg,YouTube,top_level_comment,UgwpP4uTFOiPZGxkXf54AaABAg,UgwpP4uTFOiPZGxkXf54AaABAg,zCSY4bGWUXc,"Suara Rakyat: Nilai semula subsidi petrol golongan kaya, apa kata orang miskin?",Astro AWANI,https://www.youtube.com/watch?v=zCSY4bGWUXc,2026-05-11T12:14:22Z,cost_of_living_public_policy,Tai,19a65a1b94603e29dfd4,2026-05-12T05:56:09Z,2026-05-12T05:56:09Z,1,0,True,True,none,,2026-06-17T15:11:37.970712+00:00,raw,too_few_characters,Tai,tai,1,3,0,False,True,0,0,0,UNKNOWN,unknown,0,0,,False,False,rejected
YT_UgxS2_xgBpRAWN7m_s14AaABAg,YouTube,top_level_comment,UgxS2_xgBpRAWN7m_s14AaABAg,UgxS2_xgBpRAWN7m_s14AaABAg,3Pk956RGn7o,10 MENU SCAM PALING PELIK DI BAZAR RAMADAN,Faktaw Channel,https://www.youtube.com/watch?v=3Pk956RGn7o,2025-03-22T08:00:02Z,festivals_national_events,betul ke ni,9ff5ba4a362a53019a78,2026-02-16T02:25:05Z,2026-02-16T02:25:05Z,0,0,True,True,none,,2026-06-17T15:11:43.541375+00:00,raw,too_few_characters,betul ke ni,betul ke ni,3,11,0,False,True,0,0,0,UNKNOWN,unknown,0,0,,False,False,rejected
YT_UgzZmB1tYu0Z_-3fOTl4AaABAg,YouTube,top_level_comment,UgzZmB1tYu0Z_-3fOTl4AaABAg,UgzZmB1tYu0Z_-3fOTl4AaABAg,3Pk956RGn7o,10 MENU SCAM PALING PELIK DI BAZAR RAMADAN,Faktaw Channel,https://www.youtube.com/watch?v=3Pk956RGn7o,2025-03-22T08:00:02Z,festivals_national_events,Hahahaha 😂,156c36ead50830b19271,2026-01-12T13:47:08Z,2026-01-12T13:47:08Z,0,0,True,True,none,,2026-06-17T15:11:43.541453+00:00,raw,too_few_characters,Hahahaha 😂,hahahaha,1,10,1,False,True,0,0,0,UNKNOWN,unknown,0,0,,False,False,rejected
YT_UgwaymsTFzNBP232Vad4AaABAg,YouTube,top_level_comment,UgwaymsTFzNBP232Vad4AaABAg,UgwaymsTFzNBP232Vad4AaABAg,3Pk956RGn7o,10 MENU SCAM PALING PELIK DI BAZAR RAMADAN,Faktaw Channel,https://www.youtube.com/watch?v=3Pk956RGn7o,2025-03-22T08:00:02Z,festivals_national_events,raseyeha🎉🎉,23efd552f962c95500f5,2025-10-21T14:21:48Z,2025-10-21T14:21:48Z,0,0,True,True,none,,2026-06-17T15:11:43.541871+00:00,raw,too_few_characters,raseyeha🎉🎉,raseyeha,1,10,2,False,True,0,0,0,UNKNOWN,unknown,0,0,,False,False,rejected
YT_Ugym6A24BJMAZ7vdEox4AaABAg,YouTube,top_level_comment,Ugym6A24BJMAZ7vdEox4AaABAg,Ugym6A24BJMAZ7vdEox4AaABAg,3Pk956RGn7o,10 MENU SCAM PALING PELIK DI BAZAR RAMADAN,Faktaw Channel,https://www.youtube.com/watch?v=3Pk956RGn7o,2025-03-22T08:00:02Z,festivals_national_events,saya ❤,556518280ee56bb89559,2025-09-20T04:46:13Z,2025-09-20T04:46:13Z,0,0,True,True,none,,2026-06-17T15:11:43.542008+00:00,raw,too_few_characters,saya ❤,saya,1,6,1,False,True,0,0,0,BM,unknown,1,0,,False,False,rejected
YT_UgxhSJEqkOttzZFFZHh4AaABAg,YouTube,top_level_comment,UgxhSJEqkOttzZFFZHh4AaABAg,UgxhSJEqkOttzZFFZHh4AaABAg,3Pk956RGn7o,10 MENU SCAM PALING PELIK DI BAZAR RAMADAN,Faktaw Channel,https://www.youtube.com/watch?v=3Pk956RGn7o,2025-03-22T08:00:02Z,festivals_national_events,Same lah,4196ad5c2a56bb8166e1,2025-07-11T11:40:07Z,2025-07-11T11:40:07Z,0,0,True,True,none,,2026-06-17T15:11:43.542137+00:00,raw,too_few_characters,Same lah,same lah,2,8,0,False,True,0,0,0,BM,unknown,1,0,,False,False,rejected
YT_Ugx7sxWJFu1ysthbOIV4AaABAg,YouTube,top_level_comment,Ugx7sxWJFu1ysthbOIV4AaABAg,Ugx7sxWJFu1ysthbOIV4AaABAg,3Pk956RGn7o,10 MENU SCAM PALING PELIK DI BAZAR RAMADAN,Faktaw Channel,https://www.youtube.com/watch?v=3Pk956RGn7o,2025-03-22T08:00:02Z,festivals_national_events,sayaaaaaaaa,87b8f7bf4636ab8c59eb,2025-05-25T07:52:37Z,2025-05-25T07:52:37Z,0,0,True,True,none,,2026-06-17T15:11:44.002040+00:00,raw,too_few_characters,sayaaaaaaaa,sayaaaaaaaa,1,11,0,False,True,0,0,0,UNKNOWN,unknown,0,0,excessive_character_repetition,True,False,rejected
YT_Ugxwi07jKdydvD3PuW94AaABAg,YouTube,top_level_comment,Ugxwi07jKdydvD3PuW94AaABAg,Ugxwi07jKdydvD3PuW94AaABAg,3Pk956RGn7o,10 MENU SCAM PALING PELIK DI BAZAR RAMADAN,Faktaw Channel,https://www.youtube.com/watch?v=3Pk956RGn7o,2025-03-22T08:00:02Z,festivals_national_events,Ni parah,48ccac49eb4a9485e0a2,2025-04-26T03:44:46Z,2025-04-26T03:44:46Z,0,0,True,True,none,,2026-06-17T15:11:44.002228+00:00,raw,too_few_characters,Ni parah,ni parah,2,8,0,False,True,0,0,0,UNKNOWN,unknown,0,0,,False,False,rejected
YT_UgxfxP23P5XNUoW3gld4AaABAg,YouTube,top_level_comment,UgxfxP23P5XNUoW3gld4AaABAg,UgxfxP23P5XNUoW3gld4AaABAg,bjYbNs8TvLc,[PENUH] Perkembangan Terkini Proses Cerapan Anak Bulan Syawal | 19 Mac 2026,Buletin TV3,https://www.youtube.com/watch?v=bjYbNs8TvLc,2026-03-19T10:26:41Z,festivals_national_events,Baju merah,f7b0e870dd0d71d14120,2026-03-19T17:15:09Z,2026-03-19T17:15:09Z,0,0,True,True,none,,2026-06-17T15:11:44.347792+00:00,raw,too_few_characters,Baju merah,baju merah,2,10,0,False,True,0,0,0,UNKNOWN,unknown,0,0,,False,False,rejected
YT_Ugx6R-fQiefw3-LK4nR4AaABAg,YouTube,top_level_comment,Ugx6R-fQiefw3-LK4nR4AaABAg,Ugx6R-fQiefw3-LK4nR4AaABAg,bjYbNs8TvLc,[PENUH] Perkembangan Terkini Proses Cerapan Anak Bulan Syawal | 19 Mac 2026,Buletin TV3,https://www.youtube.com/watch?v=bjYbNs8TvLc,2026-03-19T10:26:41Z,festivals_national_events,Raya sabtu,01e66564851517477efd,2026-03-19T12:09:25Z,2026-03-19T12:09:25Z,1,0,True,True,none,,2026-06-17T15:11:44.347932+00:00,raw,too_few_characters,Raya sabtu,raya sabtu,2,10,0,False,True,0,0,0,UNKNOWN,unknown,0,0,,False,False,rejected
YT_UgzQURrfDIc9mxSNHaR4AaABAg,YouTube,top_level_comment,UgzQURrfDIc9mxSNHaR4AaABAg,UgzQURrfDIc9mxSNHaR4AaABAg,bjYbNs8TvLc,[PENUH] Perkembangan Terkini Proses Cerapan Anak Bulan Syawal | 19 Mac 2026,Buletin TV3,https://www.youtube.com/watch?v=bjYbNs8TvLc,2026-03-19T10:26:41Z,festivals_national_events,SABTUUUUUUU,b688e1e4a611c223cb63,2026-03-19T12:08:54Z,2026-03-19T12:08:54Z,1,1,True,True,none,,2026-06-17T15:11:44.347943+00:00,raw,too_few_characters,SABTUUUUUUU,sabtuuuuuuu,1,11,0,False,True,0,0,0,UNKNOWN,unknown,0,0,,False,False,rejected
YT_Ugz364YqgvEMj2IbW1R4AaABAg,YouTube,top_level_comment,Ugz364YqgvEMj2IbW1R4AaABAg,Ugz364YqgvEMj2IbW1R4AaABAg,bjYbNs8TvLc,[PENUH] Perkembangan Terkini Proses Cerapan Anak Bulan Syawal | 19 Mac 2026,Buletin TV3,https://www.youtube.com/watch?v=bjYbNs8TvLc,2026-03-19T10:26:41Z,festivals_national_events,SIA??😂😂😂,f2b3cd8ac60a905e5d79,2026-03-19T12:07:28Z,2026-03-19T12:07:28Z,0,0,True,True,none,,2026-06-17T15:11:44.347953+00:00,raw,too_few_characters,SIA??😂😂😂,sia,1,8,3,False,True,0,0,0,UNKNOWN,unknown,0,0,,False,False,rejected
YT_UgzZVRcj2d7E2pGU9Px4AaABAg,YouTube,top_level_comment,UgzZVRcj2d7E2pGU9Px4AaABAg,UgzZVRcj2d7E2pGU9Px4AaABAg,bjYbNs8TvLc,[PENUH] Perkembangan Terkini Proses Cerapan Anak Bulan Syawal | 19 Mac 2026,Buletin TV3,https://www.youtube.com/watch?v=bjYbNs8TvLc,2026-03-19T10:26:41Z,festivals_national_events,Sabtu raya,5c37d5f54ce8c27736c4,2026-03-19T11:57:25Z,2026-03-19T11:57:25Z,0,0,True,True,none,,2026-06-17T15:11:44.348082+00:00,raw,too_few_characters,Sabtu raya,sabtu raya,2,10,0,False,True,0,0,0,UNKNOWN,unknown,0,0,,False,False,rejected
YT_Ugw_kSiAtik8lbBFOGR4AaABAg,YouTube,top_level_comment,Ugw_kSiAtik8lbBFOGR4AaABAg,Ugw_kSiAtik8lbBFOGR4AaABAg,bjYbNs8TvLc,[PENUH] Perkembangan Terkini Proses Cerapan Anak Bulan Syawal | 19 Mac 2026,Buletin TV3,https://www.youtube.com/watch?v=bjYbNs8TvLc,2026-03-19T10:26:41Z,festivals_national_events,Tanggal 21,4dfd3f04f93dc9f73486,2026-03-19T11:56:24Z,2026-03-19T11:56:24Z,1,0,True,True,none,,2026-06-17T15:11:44.348105+00:00,raw,too_few_characters,Tanggal 21,tanggal 21,2,10,0,False,True,0,0,0,UNKNOWN,unknown,0,0,,False,False,rejected
YT_UgwssWPWmTNw-dLcbPx4AaABAg,YouTube,top_level_comment,UgwssWPWmTNw-dLcbPx4AaABAg,UgwssWPWmTNw-dLcbPx4AaABAg,bjYbNs8TvLc,[PENUH] Perkembangan Terkini Proses Cerapan Anak Bulan Syawal | 19 Mac 2026,Buletin TV3,https://www.youtube.com/watch?v=bjYbNs8TvLc,2026-03-19T10:26:41Z,festivals_national_events,Sabtuuuu,cc41d7968c226a7a07bf,2026-03-19T11:55:37Z,2026-03-19T11:55:37Z,2,0,True,True,none,,2026-06-17T15:11:44.348116+00:00,raw,too_few_characters,Sabtuuuu,sabtuuuu,1,8,0,False,True,0,0,0,UNKNOWN,unknown,0,0,,False,False,rejected
YT_UgzlmCZIonyYMJcoIJB4AaABAg,YouTube,top_level_comment,UgzlmCZIonyYMJcoIJB4AaABAg,UgzlmCZIonyYMJcoIJB4AaABAg,bjYbNs8TvLc,[PENUH] Perkembangan Terkini Proses Cerapan Anak Bulan Syawal | 19 Mac 2026,Buletin TV3,https://www.youtube.com/watch?v=bjYbNs8TvLc,2026-03-19T10:26:41Z,festivals_national_events,Jumaat raya,5cb8afaee0c6cdebb3b0,2026-03-19T11:52:54Z,2026-03-19T11:52:54Z,1,0,True,True,none,,2026-06-17T15:11:44.348140+00:00,raw,too_few_characters,Jumaat raya,jumaat raya,2,11,0,False,True,0,0,0,UNKNOWN,unknown,0,0,,False,False,rejected
YT_UgzP8wzbpPwJVy2qRw94AaABAg,YouTube,top_level_comment,UgzP8wzbpPwJVy2qRw94AaABAg,UgzP8wzbpPwJVy2qRw94AaABAg,bjYbNs8TvLc,[PENUH] Perkembangan Terkini Proses Cerapan Anak Bulan Syawal | 19 Mac 2026,Buletin TV3,https://www.youtube.com/watch?v=bjYbNs8TvLc,2026-03-19T10:26:41Z,festivals_national_events,Isnin,37241c780840370b84d2,2026-03-19T11:41:59Z,2026-03-19T11:41:59Z,1,0,True,True,none,,2026-06-17T15:11:44.348207+00:00,raw,too_few_characters,Isnin,isnin,1,5,0,False,True,0,0,0,UNKNOWN,unknown,0,0,,False,False,rejected
YT_UgxgfF3t-Xp8gC9KGYN4AaABAg,YouTube,top_level_comment,UgxgfF3t-Xp8gC9KGYN4AaABAg,UgxgfF3t-Xp8gC9KGYN4AaABAg,bjYbNs8TvLc,[PENUH] Perkembangan Terkini Proses Cerapan Anak Bulan Syawal | 19 Mac 2026,Buletin TV3,https://www.youtube.com/watch?v=bjYbNs8TvLc,2026-03-19T10:26:41Z,festivals_national_events,Raya esok,3b690bef3f8eb09b0a43,2026-03-19T11:37:32Z,2026-03-19T11:37:32Z,1,0,True,True,none,,2026-06-17T15:11:44.348229+00:00,raw,too_few_characters,Raya esok,raya esok,2,9,0,False,True,0,0,0,UNKNOWN,unknown,0,0,,False,False,rejected
YT_UgyHPmOO1vizjLoxjQV4AaABAg,YouTube,top_level_comment,UgyHPmOO1vizjLoxjQV4AaABAg,UgyHPmOO1vizjLoxjQV4AaABAg,bjYbNs8TvLc,[PENUH] Perkembangan Terkini Proses Cerapan Anak Bulan Syawal | 19 Mac 2026,Buletin TV3,https://www.youtube.com/watch?v=bjYbNs8TvLc,2026-03-19T10:26:41Z,festivals_national_events,Sabtu raya,1bff13e4a0081d764e5a,2026-03-19T11:34:51Z,2026-03-19T11:34:51Z,5,0,True,True,none,,2026-06-17T15:11:44.348252+00:00,raw,too_few_characters,Sabtu raya,sabtu raya,2,10,0,False,True,0,0,0,UNKNOWN,unknown,0,0,,False,True,rejected
YT_UgyrhjpZL7SlJHkXslF4AaABAg,YouTube,top_level_comment,UgyrhjpZL7SlJHkXslF4AaABAg,UgyrhjpZL7SlJHkXslF4AaABAg,bjYbNs8TvLc,[PENUH] Perkembangan Terkini Proses Cerapan Anak Bulan Syawal | 19 Mac 2026,Buletin TV3,https://www.youtube.com/watch?v=bjYbNs8TvLc,2026-03-19T10:26:41Z,festivals_national_events,besok raya😅,53c7ff82d0a434081814,2026-03-19T10:33:07Z,2026-03-19T10:33:18Z,3,2,True,True,none,,2026-06-17T15:11:44.348435+00:00,raw,too_few_characters,besok raya😅,besok raya,2,11,1,False,True,0,0,0,UNKNOWN,unknown,0,0,,False,False,rejected
YT_UgyB3VV05kCiEmaHvCp4AaABAg,YouTube,top_level_comment,UgyB3VV05kCiEmaHvCp4AaABAg,UgyB3VV05kCiEmaHvCp4AaABAg,hc8RMN2hnnQ,[LANGSUNG] Pengumuman Hari Raya Aidilfitri 2026/1447H  | 19 Mac 2026,Astro AWANI,https://www.youtube.com/watch?v=hc8RMN2hnnQ,2026-03-19T12:16:11Z,festivals_national_events,Sabtu,353639c36de47239acdd,2026-03-19T13:04:29Z,2026-03-19T13:04:29Z,0,0,True,True,none,,2026-06-17T15:11:42.763628+00:00,raw,too_few_characters,Sabtu,sabtu,1,5,0,False,True,0,0,0,UNKNOWN,unknown,0,0,,False,False,rejected
YT_Ugx014wiEyFltu0MYaR4AaABAg,YouTube,top_level_comment,Ugx014wiEyFltu0MYaR4AaABAg,Ugx014wiEyFltu0MYaR4AaABAg,hc8RMN2hnnQ,[LANGSUNG] Pengumuman Hari Raya Aidilfitri 2026/1447H  | 19 Mac 2026,Astro AWANI,https://www.youtube.com/watch?v=hc8RMN2hnnQ,2026-03-19T12:16:11Z,festivals_national_events,Apa lah a,21f0b8c7a95ff4c2c29c,2026-03-19T12:35:42Z,2026-03-19T12:35:42Z,0,0,True,True,none,,2026-06-17T15:11:42.763686+00:00,raw,too_few_characters,Apa lah a,apa lah a,3,9,0,False,True,0,0,0,BM,unknown,1,0,,False,False,rejected
YT_UgxbKqenS3u9zw24qXV4AaABAg,YouTube,top_level_comment,UgxbKqenS3u9zw24qXV4AaABAg,UgxbKqenS3u9zw24qXV4AaABAg,hc8RMN2hnnQ,[LANGSUNG] Pengumuman Hari Raya Aidilfitri 2026/1447H  | 19 Mac 2026,Astro AWANI,https://www.youtube.com/watch?v=hc8RMN2hnnQ,2026-03-19T12:16:11Z,festivals_national_events,Sabtuu,cd635b546daba68ccfe0,2026-03-19T12:28:16Z,2026-03-19T12:28:16Z,0,0,True,True,none,,2026-06-17T15:11:42.763728+00:00,raw,too_few_characters,Sabtuu,sabtuu,1,6,0,False,True,0,0,0,UNKNOWN,unknown,0,0,,False,False,rejected
YT_UgyHgn2XuBjDpKCc69p4AaABAg,YouTube,top_level_comment,UgyHgn2XuBjDpKCc69p4AaABAg,UgyHgn2XuBjDpKCc69p4AaABAg,hc8RMN2hnnQ,[LANGSUNG] Pengumuman Hari Raya Aidilfitri 2026/1447H  | 19 Mac 2026,Astro AWANI,https://www.youtube.com/watch?v=hc8RMN2hnnQ,2026-03-19T12:16:11Z,festivals_national_events,Raya sabtu,cd635b546daba68ccfe0,2026-03-19T12:27:52Z,2026-03-19T12:27:52Z,0,0,True,True,none,,2026-06-17T15:11:42.763739+00:00,raw,too_few_characters,Raya sabtu,raya sabtu,2,10,0,False,True,0,0,0,UNKNOWN,unknown,0,0,,False,True,rejected
YT_Ugzb-277cdqJg_oNPy94AaABAg,YouTube,top_level_comment,Ugzb-277cdqJg_oNPy94AaABAg,Ugzb-277cdqJg_oNPy94AaABAg,hc8RMN2hnnQ,[LANGSUNG] Pengumuman Hari Raya Aidilfitri 2026/1447H  | 19 Mac 2026,Astro AWANI,https://www.youtube.com/watch?v=hc8RMN2hnnQ,2026-03-19T12:16:11Z,festivals_national_events,Minit 12:51,ac27d5f6ad3f6489644c,2026-03-19T12:25:40Z,2026-03-19T12:25:40Z,0,0,True,True,none,,2026-06-17T15:11:42.763750+00:00,raw,too_few_characters,Minit 12:51,minit 12 51,3,11,0,False,True,0,0,0,UNKNOWN,unknown,0,0,,False,False,rejected
YT_Ugwg9HbVfG1krog84gp4AaABAg,YouTube,top_level_comment,Ugwg9HbVfG1krog84gp4AaABAg,Ugwg9HbVfG1krog84gp4AaABAg,hc8RMN2hnnQ,[LANGSUNG] Pengumuman Hari Raya Aidilfitri 2026/1447H  | 19 Mac 2026,Astro AWANI,https://www.youtube.com/watch?v=hc8RMN2hnnQ,2026-03-19T12:16:11Z,festivals_national_events,Sabtuuu😊,51241991494ea05071a7,2026-03-19T12:21:56Z,2026-03-19T12:21:56Z,0,0,True,True,none,,2026-06-17T15:11:42.763814+00:00,raw,too_few_characters,Sabtuuu😊,sabtuuu,1,8,1,False,True,0,0,0,UNKNOWN,unknown,0,0,,False,False,rejected
YT_UgzCwhhlqRMKX8NCGZh4AaABAg,YouTube,top_level_comment,UgzCwhhlqRMKX8NCGZh4AaABAg,UgzCwhhlqRMKX8NCGZh4AaABAg,hc8RMN2hnnQ,[LANGSUNG] Pengumuman Hari Raya Aidilfitri 2026/1447H  | 19 Mac 2026,Astro AWANI,https://www.youtube.com/watch?v=hc8RMN2hnnQ,2026-03-19T12:16:11Z,festivals_national_events,LoL sabtu,3267c694a1a180290760,2026-03-19T12:21:16Z,2026-03-19T12:21:16Z,0,0,True,True,none,,2026-06-17T15:11:42.763860+00:00,raw,too_few_characters,LoL sabtu,lol sabtu,2,9,0,False,True,0,0,0,UNKNOWN,unknown,0,0,,False,False,rejected
YT_Ugy3bujwQsxNz-wujt14AaABAg,YouTube,top_level_comment,Ugy3bujwQsxNz-wujt14AaABAg,Ugy3bujwQsxNz-wujt14AaABAg,hc8RMN2hnnQ,[LANGSUNG] Pengumuman Hari Raya Aidilfitri 2026/1447H  | 19 Mac 2026,Astro AWANI,https://www.youtube.com/watch?v=hc8RMN2hnnQ,2026-03-19T12:16:11Z,festivals_national_events,12:55,c584cdc88fc34c946bd0,2026-03-19T12:19:44Z,2026-03-19T12:19:44Z,1,0,True,True,none,,2026-06-17T15:11:42.763916+00:00,raw,too_few_characters,12:55,12 55,2,5,0,False,True,0,0,0,OTHER,unknown,0,0,,False,False,rejected
YT_UgzEugWUMyuleVTLjPl4AaABAg,YouTube,top_level_comment,UgzEugWUMyuleVTLjPl4AaABAg,UgzEugWUMyuleVTLjPl4AaABAg,hc8RMN2hnnQ,[LANGSUNG] Pengumuman Hari Raya Aidilfitri 2026/1447H  | 19 Mac 2026,Astro AWANI,https://www.youtube.com/watch?v=hc8RMN2hnnQ,2026-03-19T12:16:11Z,festivals_national_events,12:55,26de88be5598a5bef665,2026-03-19T12:17:46Z,2026-03-19T12:17:46Z,7,0,True,True,none,,2026-06-17T15:11:42.764031+00:00,raw,too_few_characters,12:55,12 55,2,5,0,False,True,0,0,0,OTHER,unknown,0,0,,False,True,rejected
YT_Ugx9SZdxfX3afcyswPt4AaABAg,YouTube,top_level_comment,Ugx9SZdxfX3afcyswPt4AaABAg,Ugx9SZdxfX3afcyswPt4AaABAg,hc8RMN2hnnQ,[LANGSUNG] Pengumuman Hari Raya Aidilfitri 2026/1447H  | 19 Mac 2026,Astro AWANI,https://www.youtube.com/watch?v=hc8RMN2hnnQ,2026-03-19T12:16:11Z,festivals_national_events,Sabtu dh,4a6e092d75c73d259779,2026-03-19T12:15:36Z,2026-03-19T12:15:36Z,0,0,True,True,none,,2026-06-17T15:11:42.764128+00:00,raw,too_few_characters,Sabtu dh,sabtu dh,2,8,0,False,True,0,0,0,UNKNOWN,unknown,0,0,,False,False,rejected
YT_UgyjiG0yLT0QKc6139Z4AaABAg,YouTube,top_level_comment,UgyjiG0yLT0QKc6139Z4AaABAg,UgyjiG0yLT0QKc6139Z4AaABAg,hc8RMN2hnnQ,[LANGSUNG] Pengumuman Hari Raya Aidilfitri 2026/1447H  | 19 Mac 2026,Astro AWANI,https://www.youtube.com/watch?v=hc8RMN2hnnQ,2026-03-19T12:16:11Z,festivals_national_events,Sabtu rayaa,ce0c113a5059b8f26049,2026-03-19T12:15:27Z,2026-03-19T12:15:27Z,2,0,True,True,none,,2026-06-17T15:11:42.764139+00:00,raw,too_few_characters,Sabtu rayaa,sabtu rayaa,2,11,0,False,True,0,0,0,UNKNOWN,unknown,0,0,,False,False,rejected
YT_UgxnaMGUyodKYI9_RS14AaABAg,YouTube,top_level_comment,UgxnaMGUyodKYI9_RS14AaABAg,UgxnaMGUyodKYI9_RS14AaABAg,hc8RMN2hnnQ,[LANGSUNG] Pengumuman Hari Raya Aidilfitri 2026/1447H  | 19 Mac 2026,Astro AWANI,https://www.youtube.com/watch?v=hc8RMN2hnnQ,2026-03-19T12:16:11Z,festivals_national_events,Maneeee,7bdacf7bd3f191abfe2e,2026-03-19T12:14:54Z,2026-03-19T12:14:54Z,1,0,True,True,none,,2026-06-17T15:11:42.764183+00:00,raw,too_few_characters,Maneeee,maneeee,1,7,0,False,True,0,0,0,UNKNOWN,unknown,0,0,,False,False,rejected
YT_UgxQhlYVneg1IgV9dql4AaABAg,YouTube,top_level_comment,UgxQhlYVneg1IgV9dql4AaABAg,UgxQhlYVneg1IgV9dql4AaABAg,hc8RMN2hnnQ,[LANGSUNG] Pengumuman Hari Raya Aidilfitri 2026/1447H  | 19 Mac 2026,Astro AWANI,https://www.youtube.com/watch?v=hc8RMN2hnnQ,2026-03-19T12:16:11Z,festivals_national_events,Bila raya,1d5b8919d2ec5c8475d7,2026-03-19T12:14:40Z,2026-03-19T12:14:40Z,1,2,True,True,none,,2026-06-17T15:11:42.764216+00:00,raw,too_few_characters,Bila raya,bila raya,2,9,0,False,True,0,0,0,UNKNOWN,unknown,0,0,,False,False,rejected
YT_UgxU0zolhx72rvd0Mwx4AaABAg,YouTube,top_level_comment,UgxU0zolhx72rvd0Mwx4AaABAg,UgxU0zolhx72rvd0Mwx4AaABAg,hc8RMN2hnnQ,[LANGSUNG] Pengumuman Hari Raya Aidilfitri 2026/1447H  | 19 Mac 2026,Astro AWANI,https://www.youtube.com/watch?v=hc8RMN2hnnQ,2026-03-19T12:16:11Z,festivals_national_events,Hi❤,c117b57b05026045cab1,2026-03-19T12:14:36Z,2026-03-19T12:14:36Z,1,0,True,True,none,,2026-06-17T15:11:42.764226+00:00,raw,too_few_characters,Hi❤,hi,1,3,1,False,True,0,0,0,UNKNOWN,unknown,0,0,,False,False,rejected
YT_UgzxmZLzGEasFdsGCgJ4AaABAg,YouTube,top_level_comment,UgzxmZLzGEasFdsGCgJ4AaABAg,UgzxmZLzGEasFdsGCgJ4AaABAg,hc8RMN2hnnQ,[LANGSUNG] Pengumuman Hari Raya Aidilfitri 2026/1447H  | 19 Mac 2026,Astro AWANI,https://www.youtube.com/watch?v=hc8RMN2hnnQ,2026-03-19T12:16:11Z,festivals_national_events,Raya sabtu,00c94fc54797571657b0,2026-03-19T12:14:25Z,2026-03-19T12:14:25Z,2,0,True,True,none,,2026-06-17T15:11:42.764260+00:00,raw,too_few_characters,Raya sabtu,raya sabtu,2,10,0,False,True,0,0,0,UNKNOWN,unknown,0,0,,False,True,rejected
YT_UgxUhDg6EHOLCfyvx_l4AaABAg,YouTube,top_level_comment,UgxUhDg6EHOLCfyvx_l4AaABAg,UgxUhDg6EHOLCfyvx_l4AaABAg,hc8RMN2hnnQ,[LANGSUNG] Pengumuman Hari Raya Aidilfitri 2026/1447H  | 19 Mac 2026,Astro AWANI,https://www.youtube.com/watch?v=hc8RMN2hnnQ,2026-03-19T12:16:11Z,festivals_national_events,mna,95138193033bf7a02c22,2026-03-19T12:14:20Z,2026-03-19T12:14:20Z,1,1,True,True,none,,2026-06-17T15:11:42.764270+00:00,raw,too_few_characters,mna,mna,1,3,0,False,True,0,0,0,UNKNOWN,unknown,0,0,,False,False,rejected
YT_UgxOlHlQQxadwu6wTw54AaABAg,YouTube,top_level_comment,UgxOlHlQQxadwu6wTw54AaABAg,UgxOlHlQQxadwu6wTw54AaABAg,hc8RMN2hnnQ,[LANGSUNG] Pengumuman Hari Raya Aidilfitri 2026/1447H  | 19 Mac 2026,Astro AWANI,https://www.youtube.com/watch?v=hc8RMN2hnnQ,2026-03-19T12:16:11Z,festivals_national_events,Mana haji,f7f0244a71b9802073f9,2026-03-19T12:14:15Z,2026-03-19T12:14:15Z,1,0,True,True,none,,2026-06-17T15:11:42.764280+00:00,raw,too_few_characters,Mana haji,mana haji,2,9,0,False,True,0,0,0,UNKNOWN,unknown,0,0,,False,False,rejected
YT_UgwR3YJQzbVtxGcMxSZ4AaABAg,YouTube,top_level_comment,UgwR3YJQzbVtxGcMxSZ4AaABAg,UgwR3YJQzbVtxGcMxSZ4AaABAg,pByBSEMjiyo,MENJELANG AIDILFITRI | PM Umum Cuti Tambahan Sehari Sambut Hari Raya Aidilfitri,Buletin TV3,https://www.youtube.com/watch?v=pByBSEMjiyo,2026-03-15T05:40:33Z,festivals_national_events,Mac 2026 26,b48d76038aaea198c11d,2026-05-05T11:17:42Z,2026-05-05T11:17:42Z,1,0,True,True,none,,2026-06-17T15:11:43.138221+00:00,raw,too_few_characters,Mac 2026 26,mac 2026 26,3,11,0,False,True,0,0,0,UNKNOWN,unknown,0,0,,False,False,rejected
YT_UgwK5vWvbFDYhO57cel4AaABAg,YouTube,top_level_comment,UgwK5vWvbFDYhO57cel4AaABAg,UgwK5vWvbFDYhO57cel4AaABAg,pByBSEMjiyo,MENJELANG AIDILFITRI | PM Umum Cuti Tambahan Sehari Sambut Hari Raya Aidilfitri,Buletin TV3,https://www.youtube.com/watch?v=pByBSEMjiyo,2026-03-15T05:40:33Z,festivals_national_events,Mac 2026 20,b48d76038aaea198c11d,2026-05-05T11:17:31Z,2026-05-05T11:17:31Z,1,0,True,True,none,,2026-06-17T15:11:43.138245+00:00,raw,too_few_characters,Mac 2026 20,mac 2026 20,3,11,0,False,True,0,0,0,UNKNOWN,unknown,0,0,,False,False,rejected
YT_Ugzq00HinUrKBAlyhLN4AaABAg,YouTube,top_level_comment,Ugzq00HinUrKBAlyhLN4AaABAg,Ugzq00HinUrKBAlyhLN4AaABAg,pByBSEMjiyo,MENJELANG AIDILFITRI | PM Umum Cuti Tambahan Sehari Sambut Hari Raya Aidilfitri,Buletin TV3,https://www.youtube.com/watch?v=pByBSEMjiyo,2026-03-15T05:40:33Z,festivals_national_events,Mac 2026 19,b48d76038aaea198c11d,2026-05-05T11:17:18Z,2026-05-05T11:17:18Z,1,0,True,True,none,,2026-06-17T15:11:43.138258+00:00,raw,too_few_characters,Mac 2026 19,mac 2026 19,3,11,0,False,True,0,0,0,UNKNOWN,unknown,0,0,,False,False,rejected
YT_Ugy1Clms_ZIFQeY_xYV4AaABAg,YouTube,top_level_comment,Ugy1Clms_ZIFQeY_xYV4AaABAg,Ugy1Clms_ZIFQeY_xYV4AaABAg,pByBSEMjiyo,MENJELANG AIDILFITRI | PM Umum Cuti Tambahan Sehari Sambut Hari Raya Aidilfitri,Buletin TV3,https://www.youtube.com/watch?v=pByBSEMjiyo,2026-03-15T05:40:33Z,festivals_national_events,X de kerja,663a39267b633c8f033a,2026-03-15T10:01:56Z,2026-03-15T10:01:56Z,0,0,True,True,none,,2026-06-17T15:11:43.138636+00:00,raw,too_few_characters,X de kerja,x de kerja,3,10,0,False,True,0,0,0,UNKNOWN,unknown,0,0,,False,False,rejected
YT_Ugwk7EMYMwLEBS5YJrZ4AaABAg,YouTube,top_level_comment,Ugwk7EMYMwLEBS5YJrZ4AaABAg,Ugwk7EMYMwLEBS5YJrZ4AaABAg,pByBSEMjiyo,MENJELANG AIDILFITRI | PM Umum Cuti Tambahan Sehari Sambut Hari Raya Aidilfitri,Buletin TV3,https://www.youtube.com/watch?v=pByBSEMjiyo,2026-03-15T05:40:33Z,festivals_national_events,Tq pmx,decc6fa1331de6eaed8c,2026-03-15T06:26:55Z,2026-03-15T06:26:55Z,0,0,True,True,none,,2026-06-17T15:11:43.139101+00:00,raw,too_few_characters,Tq pmx,tq pmx,2,6,0,False,True,0,0,0,UNKNOWN,unknown,0,0,,False,False,rejected
YT_Ugyz2U3PpeZoJpmNQLd4AaABAg,YouTube,top_level_comment,Ugyz2U3PpeZoJpmNQLd4AaABAg,Ugyz2U3PpeZoJpmNQLd4AaABAg,pByBSEMjiyo,MENJELANG AIDILFITRI | PM Umum Cuti Tambahan Sehari Sambut Hari Raya Aidilfitri,Buletin TV3,https://www.youtube.com/watch?v=pByBSEMjiyo,2026-03-15T05:40:33Z,festivals_national_events,Buang masa.,33ca14f9573efe77723a,2026-03-15T05:58:44Z,2026-03-15T05:58:44Z,5,3,True,True,none,,2026-06-17T15:11:43.139125+00:00,raw,too_few_characters,Buang masa.,buang masa,2,11,0,False,True,0,0,0,UNKNOWN,unknown,0,0,,False,False,rejected
YT_UgzXjG1SvrKC6d3YXJZ4AaABAg,YouTube,top_level_comment,UgzXjG1SvrKC6d3YXJZ4AaABAg,UgzXjG1SvrKC6d3YXJZ4AaABAg,qlQj6Zlgc-M,MyDigital ID akan diwajibkan untuk akses aplikasi MyJPJ & MyBayar PDRM!,SoyaCincau BM,https://www.youtube.com/watch?v=qlQj6Zlgc-M,2025-08-27T12:39:08Z,technology_digital_services,Susa,580963f4b62dac0a5727,2026-05-10T13:34:26Z,2026-05-10T13:34:26Z,0,0,True,True,none,,2026-06-17T15:11:45.563105+00:00,raw,too_few_characters,Susa,susa,1,4,0,False,True,0,0,0,UNKNOWN,unknown,0,0,,False,False,rejected
YT_UgwXI8SnQUzxhCn-nnh4AaABAg,YouTube,top_level_comment,UgwXI8SnQUzxhCn-nnh4AaABAg,UgwXI8SnQUzxhCn-nnh4AaABAg,qlQj6Zlgc-M,MyDigital ID akan diwajibkan untuk akses aplikasi MyJPJ & MyBayar PDRM!,SoyaCincau BM,https://www.youtube.com/watch?v=qlQj6Zlgc-M,2025-08-27T12:39:08Z,technology_digital_services,Mcm sial,1f330f457e109056678b,2026-05-09T09:00:12Z,2026-05-09T09:00:12Z,0,0,True,True,none,,2026-06-17T15:11:45.563128+00:00,raw,too_few_characters,Mcm sial,mcm sial,2,8,0,False,True,0,0,0,UNKNOWN,unknown,0,0,,False,False,rejected
YT_Ugx_9zxu4ileBEUu4mp4AaABAg,YouTube,top_level_comment,Ugx_9zxu4ileBEUu4mp4AaABAg,Ugx_9zxu4ileBEUu4mp4AaABAg,qlQj6Zlgc-M,MyDigital ID akan diwajibkan untuk akses aplikasi MyJPJ & MyBayar PDRM!,SoyaCincau BM,https://www.youtube.com/watch?v=qlQj6Zlgc-M,2025-08-27T12:39:08Z,technology_digital_services,jilake,ad8b1107ad26f72b24dd,2026-05-06T23:02:21Z,2026-05-06T23:02:21Z,0,0,True,True,none,,2026-06-17T15:11:45.563171+00:00,raw,too_few_characters,jilake,jilake,1,6,0,False,True,0,0,0,UNKNOWN,unknown,0,0,,False,False,rejected
YT_UgwcT4kEaWGxlEA4sVF4AaABAg,YouTube,top_level_comment,UgwcT4kEaWGxlEA4sVF4AaABAg,UgwcT4kEaWGxlEA4sVF4AaABAg,qlQj6Zlgc-M,MyDigital ID akan diwajibkan untuk akses aplikasi MyJPJ & MyBayar PDRM!,SoyaCincau BM,https://www.youtube.com/watch?v=qlQj6Zlgc-M,2025-08-27T12:39:08Z,technology_digital_services,Cam sial,350b32dacac9a9aaf44a,2026-05-01T09:14:03Z,2026-05-01T09:14:03Z,0,0,True,True,none,,2026-06-17T15:11:45.563369+00:00,raw,too_few_characters,Cam sial,cam sial,2,8,0,False,True,0,0,0,UNKNOWN,unknown,0,0,,False,False,rejected
YT_Ugy-wmEDXV5fAdWgM5h4AaABAg,YouTube,top_level_comment,Ugy-wmEDXV5fAdWgM5h4AaABAg,Ugy-wmEDXV5fAdWgM5h4AaABAg,qlQj6Zlgc-M,MyDigital ID akan diwajibkan untuk akses aplikasi MyJPJ & MyBayar PDRM!,SoyaCincau BM,https://www.youtube.com/watch?v=qlQj6Zlgc-M,2025-08-27T12:39:08Z,technology_digital_services,mcm odoh😂,ae590238773775d6978a,2025-08-27T12:42:48Z,2025-08-27T12:42:48Z,4,0,True,True,none,,2026-06-17T15:11:45.564072+00:00,raw,too_few_characters,mcm odoh😂,mcm odoh,2,9,1,False,True,0,0,0,UNKNOWN,unknown,0,0,,False,False,rejected
YT_UgzH9hS4v1O-iodiGb14AaABAg,YouTube,top_level_comment,UgzH9hS4v1O-iodiGb14AaABAg,UgzH9hS4v1O-iodiGb14AaABAg,L-iPwc5b3oI,Malaysia rolls out the welcome mat for first tourists of 2026,The Star,https://www.youtube.com/watch?v=L-iPwc5b3oI,2026-01-01T05:54:35Z,tourism_lifestyle_events,Well done👍,dc644d676b20193875d2,2026-01-01T10:10:49Z,2026-01-01T10:10:49Z,0,0,True,True,none,,2026-06-17T15:11:45.906750+00:00,raw,too_few_characters,Well done👍,well done,2,10,1,False,True,0,0,0,UNKNOWN,unknown,0,0,,False,False,rejected
YT_UgwpsS7oDzYmEMHA-nN4AaABAg,YouTube,top_level_comment,UgwpsS7oDzYmEMHA-nN4AaABAg,UgwpsS7oDzYmEMHA-nN4AaABAg,L-iPwc5b3oI,Malaysia rolls out the welcome mat for first tourists of 2026,The Star,https://www.youtube.com/watch?v=L-iPwc5b3oI,2026-01-01T05:54:35Z,tourism_lifestyle_events,My hero,fa2475d9074f7928f897,2026-01-01T08:41:43Z,2026-01-01T08:41:43Z,1,0,True,True,none,,2026-06-17T15:11:45.906820+00:00,raw,too_few_characters,My hero,my hero,2,7,0,False,True,0,0,0,UNKNOWN,unknown,0,0,,False,False,rejected
YT_UgwWkU76OlbGMnbdv9F4AaABAg,YouTube,top_level_comment,UgwWkU76OlbGMnbdv9F4AaABAg,UgwWkU76OlbGMnbdv9F4AaABAg,L-iPwc5b3oI,Malaysia rolls out the welcome mat for first tourists of 2026,The Star,https://www.youtube.com/watch?v=L-iPwc5b3oI,2026-01-01T05:54:35Z,tourism_lifestyle_events,senyum!! 🤷🏻,91fc4bb8ac58ea7cc3c3,2026-01-01T08:02:38Z,2026-01-01T08:02:38Z,4,0,True,True,none,,2026-06-17T15:11:45.906855+00:00,raw,too_few_characters,senyum!! 🤷🏻,senyum,1,11,1,False,True,0,0,0,UNKNOWN,unknown,0,0,,False,False,rejected
YT_Ugy6-sDwgde6Hmfnuut4AaABAg,YouTube,top_level_comment,Ugy6-sDwgde6Hmfnuut4AaABAg,Ugy6-sDwgde6Hmfnuut4AaABAg,L-iPwc5b3oI,Malaysia rolls out the welcome mat for first tourists of 2026,The Star,https://www.youtube.com/watch?v=L-iPwc5b3oI,2026-01-01T05:54:35Z,tourism_lifestyle_events,Free arak?,2017554c85bad30bacd6,2026-01-01T07:09:05Z,2026-01-01T07:09:05Z,2,4,True,True,none,,2026-06-17T15:11:45.906921+00:00,raw,too_few_characters,Free arak?,free arak,2,10,0,False,True,0,0,0,UNKNOWN,unknown,0,0,,False,False,rejected
YT_UgynD-HO5kwI7Hg6Rul4AaABAg,YouTube,top_level_comment,UgynD-HO5kwI7Hg6Rul4AaABAg,UgynD-HO5kwI7Hg6Rul4AaABAg,J5SEcQAe1AM,Why Malaysia Forces You to Own a Car,UrbanShiftMY,https://www.youtube.com/watch?v=J5SEcQAe1AM,2026-05-11T05:16:17Z,transport_public_services,Puchong 😂,def400da915910e7395a,2026-05-13T11:22:31Z,2026-05-13T11:22:31Z,0,0,True,True,none,,2026-06-17T15:11:48.488597+00:00,raw,too_few_characters,Puchong 😂,puchong,1,9,1,False,True,0,0,0,UNKNOWN,unknown,0,0,,False,False,rejected
YT_UgziJn-BaqJmq6UjeU54AaABAg,YouTube,top_level_comment,UgziJn-BaqJmq6UjeU54AaABAg,UgziJn-BaqJmq6UjeU54AaABAg,J5SEcQAe1AM,Why Malaysia Forces You to Own a Car,UrbanShiftMY,https://www.youtube.com/watch?v=J5SEcQAe1AM,2026-05-11T05:16:17Z,transport_public_services,Nonsense,02474b66be7edf21426d,2026-05-12T23:55:12Z,2026-05-12T23:55:12Z,0,0,True,True,none,,2026-06-17T15:11:48.489197+00:00,raw,too_few_characters,Nonsense,nonsense,1,8,0,False,True,0,0,0,UNKNOWN,unknown,0,0,,False,False,rejected
YT_UgxYjbo5fow4QjZ--cd4AaABAg,YouTube,top_level_comment,UgxYjbo5fow4QjZ--cd4AaABAg,UgxYjbo5fow4QjZ--cd4AaABAg,J5SEcQAe1AM,Why Malaysia Forces You to Own a Car,UrbanShiftMY,https://www.youtube.com/watch?v=J5SEcQAe1AM,2026-05-11T05:16:17Z,transport_public_services,great video,be7c47e17d563acc37d2,2026-05-12T20:17:22Z,2026-05-12T20:17:22Z,1,0,True,True,none,,2026-06-17T15:11:48.489352+00:00,raw,too_few_characters,great video,great video,2,11,0,False,True,0,0,0,EN,unknown,0,1,,False,False,rejected
YT_UgwB5FfllSfjcJmW4Ap4AaABAg,YouTube,top_level_comment,UgwB5FfllSfjcJmW4Ap4AaABAg,UgwB5FfllSfjcJmW4Ap4AaABAg,MpBToZaCuWE,LRT derailment: Commuters want track and train maintenance to be enhanced,The Star,https://www.youtube.com/watch?v=MpBToZaCuWE,2026-05-28T08:54:43Z,transport_public_services,BBQed,b8954c7ca55b20b9a109,2026-05-28T10:42:46Z,2026-05-28T10:42:46Z,0,0,True,True,none,,2026-06-17T15:11:46.538991+00:00,raw,too_few_characters,BBQed,bbqed,1,5,0,False,True,0,0,0,UNKNOWN,unknown,0,0,,False,False,rejected
YT_UgxDG_U7ZCYpX-uIIDZ4AaABAg,YouTube,top_level_comment,UgxDG_U7ZCYpX-uIIDZ4AaABAg,UgxDG_U7ZCYpX-uIIDZ4AaABAg,ePfJmLXfPwU,JPJ perkenal wajah baharu lesen memandu,Harian Metro,https://www.youtube.com/watch?v=ePfJmLXfPwU,2025-05-21T11:30:02Z,transport_public_services,mcm2,10c33256188283abe447,2025-05-22T09:24:12Z,2025-05-22T09:24:12Z,0,0,True,True,none,,2026-06-17T15:11:47.299507+00:00,raw,too_few_characters,mcm2,mcm2,1,4,0,False,True,0,0,0,UNKNOWN,unknown,0,0,,False,False,rejected
YT_Ugzkz97Fgrc82NkRwa94AaABAg,YouTube,top_level_comment,Ugzkz97Fgrc82NkRwa94AaABAg,Ugzkz97Fgrc82NkRwa94AaABAg,ePfJmLXfPwU,JPJ perkenal wajah baharu lesen memandu,Harian Metro,https://www.youtube.com/watch?v=ePfJmLXfPwU,2025-05-21T11:30:02Z,transport_public_services,goood JPJ,3593635e1488491cfcbc,2025-05-21T14:12:09Z,2025-05-21T14:12:09Z,1,0,True,True,none,,2026-06-17T15:11:47.301289+00:00,raw,too_few_characters,goood JPJ,goood jpj,2,9,0,False,True,0,0,0,UNKNOWN,unknown,0,0,,False,False,rejected
YT_UgwA3ib6eHCusJrJEJ54AaABAg,YouTube,top_level_comment,UgwA3ib6eHCusJrJEJ54AaABAg,UgwA3ib6eHCusJrJEJ54AaABAg,hXMCJ90cK7M,Car vs Public Transport in Malaysia. Who Wins?,Mr Money TV,https://www.youtube.com/watch?v=hXMCJ90cK7M,2025-05-23T12:42:56Z,transport_public_services,Car win,42077bc6acfa8dc41f2a,2025-06-07T12:05:20Z,2025-06-07T12:05:20Z,0,0,True,True,none,,2026-06-17T15:11:46.923502+00:00,raw,too_few_characters,Car win,car win,2,7,0,False,True,0,0,0,UNKNOWN,unknown,0,0,,False,False,rejected
YT_Ugy9-Jqch2mgX5S1fgh4AaABAg,YouTube,top_level_comment,Ugy9-Jqch2mgX5S1fgh4AaABAg,Ugy9-Jqch2mgX5S1fgh4AaABAg,hXMCJ90cK7M,Car vs Public Transport in Malaysia. Who Wins?,Mr Money TV,https://www.youtube.com/watch?v=hXMCJ90cK7M,2025-05-23T12:42:56Z,transport_public_services,Car,2f99801265fbcae33641,2025-05-26T08:55:31Z,2025-05-26T08:55:31Z,0,0,True,True,none,,2026-06-17T15:11:46.926167+00:00,raw,too_few_characters,Car,car,1,3,0,False,True,0,0,0,UNKNOWN,unknown,0,0,,False,False,rejected
YT_UgyzVlPxx9Z5Ex2-YTZ4AaABAg,YouTube,top_level_comment,UgyzVlPxx9Z5Ex2-YTZ4AaABAg,UgyzVlPxx9Z5Ex2-YTZ4AaABAg,oULUeT07fa0,JPJ MALAYSIA? ADA APA APA JAWAPAN KE? SITA KENDERAAN ORANG SAMPAI BERBULAN BULAN? TERIMA KASIH SINGH,Bossrul Channel,https://www.youtube.com/watch?v=oULUeT07fa0,2025-07-01T02:14:17Z,transport_public_services,Ringggiitt,4c176202b4671d9d01ff,2025-07-26T09:14:11Z,2025-07-26T09:14:11Z,1,0,True,True,none,,2026-06-17T15:11:48.875190+00:00,raw,too_few_characters,Ringggiitt,ringggiitt,1,10,0,False,True,0,0,0,UNKNOWN,unknown,0,0,,False,False,rejected
YT_Ugxzizlmkn-4QBB-KLV4AaABAg,YouTube,top_level_comment,Ugxzizlmkn-4QBB-KLV4AaABAg,Ugxzizlmkn-4QBB-KLV4AaABAg,oULUeT07fa0,JPJ MALAYSIA? ADA APA APA JAWAPAN KE? SITA KENDERAAN ORANG SAMPAI BERBULAN BULAN? TERIMA KASIH SINGH,Bossrul Channel,https://www.youtube.com/watch?v=oULUeT07fa0,2025-07-01T02:14:17Z,transport_public_services,🎉🎉abg j😅😂,830e48f70b1b9625c0ff,2025-07-19T02:56:06Z,2025-07-19T02:56:06Z,0,0,True,True,none,,2026-06-17T15:11:48.875411+00:00,raw,too_few_characters,🎉🎉abg j😅😂,abg j,2,9,4,False,True,0,0,0,UNKNOWN,unknown,0,0,,False,False,rejected
YT_Ugw1cfOyElPaCB157JV4AaABAg,YouTube,top_level_comment,Ugw1cfOyElPaCB157JV4AaABAg,Ugw1cfOyElPaCB157JV4AaABAg,oULUeT07fa0,JPJ MALAYSIA? ADA APA APA JAWAPAN KE? SITA KENDERAAN ORANG SAMPAI BERBULAN BULAN? TERIMA KASIH SINGH,Bossrul Channel,https://www.youtube.com/watch?v=oULUeT07fa0,2025-07-01T02:14:17Z,transport_public_services,Terbaik 👍👍👍,f4fdbaedc21ac9ec1647,2025-07-11T22:46:35Z,2025-07-11T22:46:35Z,0,0,True,True,none,,2026-06-17T15:11:48.876596+00:00,raw,too_few_characters,Terbaik 👍👍👍,terbaik,1,11,3,False,True,0,0,0,UNKNOWN,unknown,0,0,,False,True,rejected
YT_UgwO7c5FnMQZ11-KO2F4AaABAg,YouTube,top_level_comment,UgwO7c5FnMQZ11-KO2F4AaABAg,UgwO7c5FnMQZ11-KO2F4AaABAg,oULUeT07fa0,JPJ MALAYSIA? ADA APA APA JAWAPAN KE? SITA KENDERAAN ORANG SAMPAI BERBULAN BULAN? TERIMA KASIH SINGH,Bossrul Channel,https://www.youtube.com/watch?v=oULUeT07fa0,2025-07-01T02:14:17Z,transport_public_services,Betol,02b6d1c64690d3ae3803,2025-07-11T02:40:18Z,2025-07-11T02:40:18Z,0,0,True,True,none,,2026-06-17T15:11:48.876673+00:00,raw,too_few_characters,Betol,betol,1,5,0,False,True,0,0,0,UNKNOWN,unknown,0,0,,False,False,rejected
YT_UgyrbWSP4timqY_WkU14AaABAg,YouTube,top_level_comment,UgyrbWSP4timqY_WkU14AaABAg,UgyrbWSP4timqY_WkU14AaABAg,oULUeT07fa0,JPJ MALAYSIA? ADA APA APA JAWAPAN KE? SITA KENDERAAN ORANG SAMPAI BERBULAN BULAN? TERIMA KASIH SINGH,Bossrul Channel,https://www.youtube.com/watch?v=oULUeT07fa0,2025-07-01T02:14:17Z,transport_public_services,Betul ...👍👍👍,643124542743420fe3de,2025-07-09T16:50:33Z,2025-07-09T16:50:33Z,0,0,True,True,none,,2026-06-17T15:11:48.877125+00:00,raw,too_few_characters,Betul ..👍👍👍,betul,1,11,3,False,True,0,0,0,UNKNOWN,unknown,0,0,,False,False,rejected
YT_UgwpblRGCEDKfiv6PeB4AaABAg,YouTube,top_level_comment,UgwpblRGCEDKfiv6PeB4AaABAg,UgwpblRGCEDKfiv6PeB4AaABAg,oULUeT07fa0,JPJ MALAYSIA? ADA APA APA JAWAPAN KE? SITA KENDERAAN ORANG SAMPAI BERBULAN BULAN? TERIMA KASIH SINGH,Bossrul Channel,https://www.youtube.com/watch?v=oULUeT07fa0,2025-07-01T02:14:17Z,transport_public_services,bagus 👍,ed98ce78a15d30bb274b,2025-07-07T00:58:30Z,2025-07-07T00:58:30Z,0,0,True,True,none,,2026-06-17T15:11:48.877943+00:00,raw,too_few_characters,bagus 👍,bagus,1,7,1,False,True,0,0,0,BM,unknown,1,0,,False,False,rejected
YT_UgwntrWJszBcAgqieod4AaABAg,YouTube,top_level_comment,UgwntrWJszBcAgqieod4AaABAg,UgwntrWJszBcAgqieod4AaABAg,oULUeT07fa0,JPJ MALAYSIA? ADA APA APA JAWAPAN KE? SITA KENDERAAN ORANG SAMPAI BERBULAN BULAN? TERIMA KASIH SINGH,Bossrul Channel,https://www.youtube.com/watch?v=oULUeT07fa0,2025-07-01T02:14:17Z,transport_public_services,terbaikkk...,a22059a16be9f47f527d,2025-07-05T11:21:40Z,2025-07-05T11:21:40Z,0,0,True,True,none,,2026-06-17T15:11:48.878193+00:00,raw,too_few_characters,terbaikkk..,terbaikkk,1,11,0,False,True,0,0,0,UNKNOWN,unknown,0,0,,False,False,rejected
YT_UgyABxM4IjL4vruJBTp4AaABAg,YouTube,top_level_comment,UgyABxM4IjL4vruJBTp4AaABAg,UgyABxM4IjL4vruJBTp4AaABAg,oULUeT07fa0,JPJ MALAYSIA? ADA APA APA JAWAPAN KE? SITA KENDERAAN ORANG SAMPAI BERBULAN BULAN? TERIMA KASIH SINGH,Bossrul Channel,https://www.youtube.com/watch?v=oULUeT07fa0,2025-07-01T02:14:17Z,transport_public_services,JPJ 👍👍👍,7c03ededcfee10d7b8a7,2025-07-04T16:59:18Z,2025-07-04T16:59:18Z,0,0,True,True,none,,2026-06-17T15:11:48.879027+00:00,raw,too_few_characters,JPJ 👍👍👍,jpj,1,7,3,False,True,0,0,0,UNKNOWN,unknown,0,0,,False,False,rejected
YT_Ugyuvlb5y2SjFlFVG-h4AaABAg,YouTube,top_level_comment,Ugyuvlb5y2SjFlFVG-h4AaABAg,Ugyuvlb5y2SjFlFVG-h4AaABAg,oULUeT07fa0,JPJ MALAYSIA? ADA APA APA JAWAPAN KE? SITA KENDERAAN ORANG SAMPAI BERBULAN BULAN? TERIMA KASIH SINGH,Bossrul Channel,https://www.youtube.com/watch?v=oULUeT07fa0,2025-07-01T02:14:17Z,transport_public_services,Betul,33cd047d18424783b906,2025-07-04T15:58:29Z,2025-07-04T15:58:29Z,3,0,True,True,none,,2026-06-17T15:11:48.879068+00:00,raw,too_few_characters,Betul,betul,1,5,0,False,True,0,0,0,UNKNOWN,unknown,0,0,,False,True,rejected
YT_UgxW6SmaVxPYmEKBHv14AaABAg,YouTube,top_level_comment,UgxW6SmaVxPYmEKBHv14AaABAg,UgxW6SmaVxPYmEKBHv14AaABAg,oULUeT07fa0,JPJ MALAYSIA? ADA APA APA JAWAPAN KE? SITA KENDERAAN ORANG SAMPAI BERBULAN BULAN? TERIMA KASIH SINGH,Bossrul Channel,https://www.youtube.com/watch?v=oULUeT07fa0,2025-07-01T02:14:17Z,transport_public_services,betul,7f3af15a390a029767b8,2025-07-04T12:07:45Z,2025-07-04T12:07:45Z,3,0,True,True,none,,2026-06-17T15:11:48.879152+00:00,raw,too_few_characters,betul,betul,1,5,0,False,True,0,0,0,UNKNOWN,unknown,0,0,,False,True,rejected
YT_UgxZzwdOqp_l_hoWvdt4AaABAg,YouTube,top_level_comment,UgxZzwdOqp_l_hoWvdt4AaABAg,UgxZzwdOqp_l_hoWvdt4AaABAg,oULUeT07fa0,JPJ MALAYSIA? ADA APA APA JAWAPAN KE? SITA KENDERAAN ORANG SAMPAI BERBULAN BULAN? TERIMA KASIH SINGH,Bossrul Channel,https://www.youtube.com/watch?v=oULUeT07fa0,2025-07-01T02:14:17Z,transport_public_services,Mantap bro,1b5436a4699ae6340ce3,2025-07-02T11:41:41Z,2025-07-02T11:41:41Z,4,0,True,True,none,,2026-06-17T15:11:49.222793+00:00,raw,too_few_characters,Mantap bro,mantap bro,2,10,0,False,True,0,0,0,UNKNOWN,unknown,0,0,,False,False,rejected
YT_UgwN5Pc4xVFHbjEKryh4AaABAg,YouTube,top_level_comment,UgwN5Pc4xVFHbjEKryh4AaABAg,UgwN5Pc4xVFHbjEKryh4AaABAg,ze_IuVwkuFc,KTMB's 'ghost train' transforms commute for students from the interior,The Star,https://www.youtube.com/watch?v=ze_IuVwkuFc,2026-01-11T13:05:33Z,transport_public_services,Perfection,51c27df30a74cd86b2d8,2026-01-14T14:36:56Z,2026-01-14T14:36:56Z,0,0,True,True,none,,2026-06-17T15:11:47.668118+00:00,raw,too_few_characters,Perfection,perfection,1,10,0,False,True,0,0,0,UNKNOWN,unknown,0,0,,False,False,rejected
YT_UgxbGqJZFBZ6_P-Her54AaABAg,YouTube,top_level_comment,UgxbGqJZFBZ6_P-Her54AaABAg,UgxbGqJZFBZ6_P-Her54AaABAg,ze_IuVwkuFc,KTMB's 'ghost train' transforms commute for students from the interior,The Star,https://www.youtube.com/watch?v=ze_IuVwkuFc,2026-01-11T13:05:33Z,transport_public_services,Best nyo ❤️,9b71f386da4784ec204c,2026-01-14T04:21:58Z,2026-01-14T04:21:58Z,0,0,True,True,none,,2026-06-17T15:11:47.668183+00:00,raw,too_few_characters,Best nyo ❤️,best nyo,2,11,1,False,True,0,0,0,BM,unknown,1,0,,False,False,rejected
YT_UgxgaRXKAEpN-ipKIvh4AaABAg,YouTube,top_level_comment,UgxgaRXKAEpN-ipKIvh4AaABAg,UgxgaRXKAEpN-ipKIvh4AaABAg,ze_IuVwkuFc,KTMB's 'ghost train' transforms commute for students from the interior,The Star,https://www.youtube.com/watch?v=ze_IuVwkuFc,2026-01-11T13:05:33Z,transport_public_services,W ktm,b142a971bb4863bad8c2,2026-01-13T02:54:40Z,2026-01-13T02:54:40Z,1,0,True,True,none,,2026-06-17T15:11:47.668455+00:00,raw,too_few_characters,W ktm,w ktm,2,5,0,False,True,0,0,0,UNKNOWN,unknown,0,0,,False,False,rejected
YT_UgxWkG2zANXu6Z77Ert4AaABAg,YouTube,top_level_comment,UgxWkG2zANXu6Z77Ert4AaABAg,UgxWkG2zANXu6Z77Ert4AaABAg,0zi0v_kJ7BE,"Belanjawan 2026: Bantuan tunai STR dikurang RM300, Sara naik",KiniTV,https://www.youtube.com/watch?v=0zi0v_kJ7BE,2025-10-13T05:24:51Z,cost_of_living_public_policy,Home division,d3d573aeab614031b1e9,2026-04-02T05:06:09Z,2026-04-02T05:06:09Z,0,0,True,True,none,,2026-06-17T15:11:41.175613+00:00,raw,too_few_words,Home division,home division,2,13,0,False,True,0,0,0,UNKNOWN,unknown,0,0,,False,False,rejected
YT_UgzFNwCJVaD9pv5m-XN4AaABAg,YouTube,top_level_comment,UgzFNwCJVaD9pv5m-XN4AaABAg,UgzFNwCJVaD9pv5m-XN4AaABAg,0zi0v_kJ7BE,"Belanjawan 2026: Bantuan tunai STR dikurang RM300, Sara naik",KiniTV,https://www.youtube.com/watch?v=0zi0v_kJ7BE,2025-10-13T05:24:51Z,cost_of_living_public_policy,Itulah Malaysia kita,21d1fbf5241442ec184e,2026-04-01T07:14:58Z,2026-04-01T07:14:58Z,0,0,True,True,none,,2026-06-17T15:11:41.175624+00:00,raw,too_few_words,Itulah Malaysia kita,itulah malaysia kita,3,20,0,False,True,0,0,0,BM,id,2,0,,False,False,rejected
YT_Ugw0nJgxq_l8v_jDZWV4AaABAg,YouTube,top_level_comment,Ugw0nJgxq_l8v_jDZWV4AaABAg,Ugw0nJgxq_l8v_jDZWV4AaABAg,0zi0v_kJ7BE,"Belanjawan 2026: Bantuan tunai STR dikurang RM300, Sara naik",KiniTV,https://www.youtube.com/watch?v=0zi0v_kJ7BE,2025-10-13T05:24:51Z,cost_of_living_public_policy,Kerajaan bodoh,96e99b97aac44f0f06e6,2025-12-18T06:39:11Z,2025-12-18T06:39:11Z,0,0,True,True,none,,2026-06-17T15:11:41.175824+00:00,raw,too_few_words,Kerajaan bodoh,kerajaan bodoh,2,14,0,False,True,0,0,0,BM,unknown,1,0,,False,False,rejected
YT_UgwOfGse3uCiLXQ6ti54AaABAg,YouTube,top_level_comment,UgwOfGse3uCiLXQ6ti54AaABAg,UgwOfGse3uCiLXQ6ti54AaABAg,0zi0v_kJ7BE,"Belanjawan 2026: Bantuan tunai STR dikurang RM300, Sara naik",KiniTV,https://www.youtube.com/watch?v=0zi0v_kJ7BE,2025-10-13T05:24:51Z,cost_of_living_public_policy,Brain wash ..,4eb5fcbd831ae9989128,2025-10-21T11:46:34Z,2025-10-21T11:46:34Z,0,0,True,True,none,,2026-06-17T15:11:41.176111+00:00,raw,too_few_words,Brain wash ..,brain wash,2,13,0,False,True,0,0,0,UNKNOWN,unknown,0,0,,False,False,rejected
YT_UgyGKIe3KA9NC2u9TMx4AaABAg,YouTube,top_level_comment,UgyGKIe3KA9NC2u9TMx4AaABAg,UgyGKIe3KA9NC2u9TMx4AaABAg,0zi0v_kJ7BE,"Belanjawan 2026: Bantuan tunai STR dikurang RM300, Sara naik",KiniTV,https://www.youtube.com/watch?v=0zi0v_kJ7BE,2025-10-13T05:24:51Z,cost_of_living_public_policy,Oke lh bersyukur,b174483a0930c640b711,2025-10-18T15:04:32Z,2025-10-18T15:04:32Z,0,0,True,True,none,,2026-06-17T15:11:41.176357+00:00,raw,too_few_words,Oke lh bersyukur,oke lh bersyukur,3,16,0,False,True,0,0,0,BM,id,0,0,,False,False,rejected
YT_Ugx8Jwbg6wmVJcJjSv94AaABAg,YouTube,top_level_comment,Ugx8Jwbg6wmVJcJjSv94AaABAg,Ugx8Jwbg6wmVJcJjSv94AaABAg,9tQzzOjBIdI,KOS SARA HIDUP | Kerajaan Bakal Umum Langkah Tangani Kos Sara Hidup,Buletin TV3,https://www.youtube.com/watch?v=9tQzzOjBIdI,2025-07-19T05:38:22Z,cost_of_living_public_policy,Mulut buih tepi,dda3fa227bd6d5bfe5ad,2025-07-21T04:24:20Z,2025-07-21T04:24:20Z,0,0,True,True,none,,2026-06-17T15:11:40.014981+00:00,raw,too_few_words,Mulut buih tepi,mulut buih tepi,3,15,0,False,True,0,0,0,BM,id,0,0,,False,False,rejected
YT_UgzG5y6rSYfm9GVTnzh4AaABAg,YouTube,top_level_comment,UgzG5y6rSYfm9GVTnzh4AaABAg,UgzG5y6rSYfm9GVTnzh4AaABAg,9tQzzOjBIdI,KOS SARA HIDUP | Kerajaan Bakal Umum Langkah Tangani Kos Sara Hidup,Buletin TV3,https://www.youtube.com/watch?v=9tQzzOjBIdI,2025-07-19T05:38:22Z,cost_of_living_public_policy,Sorrryyy...laaaa,008914cc70c71656f2f9,2025-07-21T04:19:34Z,2025-07-21T04:19:34Z,0,0,True,True,none,,2026-06-17T15:11:40.014993+00:00,raw,too_few_words,Sorrryyy..laaaa,sorrryyy laaaa,2,15,0,False,True,0,0,0,UNKNOWN,so,0,0,,False,False,rejected
YT_UgxPIIuc22h1wwCrMR94AaABAg,YouTube,top_level_comment,UgxPIIuc22h1wwCrMR94AaABAg,UgxPIIuc22h1wwCrMR94AaABAg,9tQzzOjBIdI,KOS SARA HIDUP | Kerajaan Bakal Umum Langkah Tangani Kos Sara Hidup,Buletin TV3,https://www.youtube.com/watch?v=9tQzzOjBIdI,2025-07-19T05:38:22Z,cost_of_living_public_policy,Alhamdulillah terbaik ..,05e7d828e2883fcf848e,2025-07-21T03:39:45Z,2025-07-21T03:39:45Z,1,0,True,True,none,,2026-06-17T15:11:40.015019+00:00,raw,too_few_words,Alhamdulillah terbaik ..,alhamdulillah terbaik,2,24,0,False,True,0,0,0,BM,id,0,0,,False,False,rejected
YT_UgzQ6QW7ewD27aZz-Vt4AaABAg,YouTube,top_level_comment,UgzQ6QW7ewD27aZz-Vt4AaABAg,UgzQ6QW7ewD27aZz-Vt4AaABAg,9tQzzOjBIdI,KOS SARA HIDUP | Kerajaan Bakal Umum Langkah Tangani Kos Sara Hidup,Buletin TV3,https://www.youtube.com/watch?v=9tQzzOjBIdI,2025-07-19T05:38:22Z,cost_of_living_public_policy,Terkepit dah TU ..,52c43db28d8740950c71,2025-07-21T01:28:22Z,2025-07-21T01:28:22Z,0,0,True,True,none,,2026-06-17T15:11:40.015062+00:00,raw,too_few_words,Terkepit dah TU ..,terkepit dah tu,3,18,0,False,True,0,0,0,BM,id,1,0,,False,False,rejected
YT_UgzByGk1XnnyeWuJenJ4AaABAg,YouTube,top_level_comment,UgzByGk1XnnyeWuJenJ4AaABAg,UgzByGk1XnnyeWuJenJ4AaABAg,9tQzzOjBIdI,KOS SARA HIDUP | Kerajaan Bakal Umum Langkah Tangani Kos Sara Hidup,Buletin TV3,https://www.youtube.com/watch?v=9tQzzOjBIdI,2025-07-19T05:38:22Z,cost_of_living_public_policy,Umum je bohon,03bbdfa108b32193e4f1,2025-07-20T21:39:25Z,2025-07-20T21:39:25Z,0,0,True,True,none,,2026-06-17T15:11:40.015097+00:00,raw,too_few_words,Umum je bohon,umum je bohon,3,13,0,False,True,0,0,0,BM,unknown,1,0,,False,False,rejected
YT_UgwXAdJbWX7S8Vd4oqx4AaABAg,YouTube,top_level_comment,UgwXAdJbWX7S8Vd4oqx4AaABAg,UgwXAdJbWX7S8Vd4oqx4AaABAg,9tQzzOjBIdI,KOS SARA HIDUP | Kerajaan Bakal Umum Langkah Tangani Kos Sara Hidup,Buletin TV3,https://www.youtube.com/watch?v=9tQzzOjBIdI,2025-07-19T05:38:22Z,cost_of_living_public_policy,Garam trun 15sen,81db4725aa2a890c412a,2025-07-20T15:09:12Z,2025-07-20T15:09:12Z,0,0,True,True,none,,2026-06-17T15:11:40.015134+00:00,raw,too_few_words,Garam trun 15sen,garam trun 15sen,3,16,0,False,True,0,0,0,BM,id,0,0,,False,False,rejected
YT_Ugx2kM-K-tgiQCFfK_B4AaABAg,YouTube,top_level_comment,Ugx2kM-K-tgiQCFfK_B4AaABAg,Ugx2kM-K-tgiQCFfK_B4AaABAg,9tQzzOjBIdI,KOS SARA HIDUP | Kerajaan Bakal Umum Langkah Tangani Kos Sara Hidup,Buletin TV3,https://www.youtube.com/watch?v=9tQzzOjBIdI,2025-07-19T05:38:22Z,cost_of_living_public_policy,Kuatmohong nuar brahim...,ccc4d28c0770430f6783,2025-07-20T13:59:44Z,2025-07-20T13:59:44Z,0,0,True,True,none,,2026-06-17T15:11:40.015171+00:00,raw,too_few_words,Kuatmohong nuar brahim..,kuatmohong nuar brahim,3,24,0,False,True,0,0,0,BM,id,0,0,,False,False,rejected
YT_UgxvbQdfuEnLZGM8jJx4AaABAg,YouTube,top_level_comment,UgxvbQdfuEnLZGM8jJx4AaABAg,UgxvbQdfuEnLZGM8jJx4AaABAg,9tQzzOjBIdI,KOS SARA HIDUP | Kerajaan Bakal Umum Langkah Tangani Kos Sara Hidup,Buletin TV3,https://www.youtube.com/watch?v=9tQzzOjBIdI,2025-07-19T05:38:22Z,cost_of_living_public_policy,Sebulan seribu,9a3feafc581d879e2318,2025-07-20T09:49:02Z,2025-07-20T09:49:02Z,0,0,True,True,none,,2026-06-17T15:11:40.015209+00:00,raw,too_few_words,Sebulan seribu,sebulan seribu,2,14,0,False,True,0,0,0,UNKNOWN,unknown,0,0,,False,False,rejected
YT_Ugxu0c3SMHklRu8Af0J4AaABAg,YouTube,top_level_comment,Ugxu0c3SMHklRu8Af0J4AaABAg,Ugxu0c3SMHklRu8Af0J4AaABAg,9tQzzOjBIdI,KOS SARA HIDUP | Kerajaan Bakal Umum Langkah Tangani Kos Sara Hidup,Buletin TV3,https://www.youtube.com/watch?v=9tQzzOjBIdI,2025-07-19T05:38:22Z,cost_of_living_public_policy,terbaik kerajaan,3968721de63ddab6c41a,2025-07-19T19:45:28Z,2025-07-19T19:45:28Z,2,0,True,True,none,,2026-06-17T15:11:40.015330+00:00,raw,too_few_words,terbaik kerajaan,terbaik kerajaan,2,16,0,False,True,0,0,0,BM,id,1,0,,False,False,rejected
YT_Ugw_3sNiqXv6VzbsnFV4AaABAg,YouTube,top_level_comment,Ugw_3sNiqXv6VzbsnFV4AaABAg,Ugw_3sNiqXv6VzbsnFV4AaABAg,9tQzzOjBIdI,KOS SARA HIDUP | Kerajaan Bakal Umum Langkah Tangani Kos Sara Hidup,Buletin TV3,https://www.youtube.com/watch?v=9tQzzOjBIdI,2025-07-19T05:38:22Z,cost_of_living_public_policy,Hidup PMX !!!! ✌🏽✌🏽,8917b6c53240ab6c1052,2025-07-19T09:45:38Z,2025-07-19T09:45:38Z,0,0,True,True,none,,2026-06-17T15:11:40.015560+00:00,raw,too_few_words,Hidup PMX !! ✌🏽✌🏽,hidup pmx,2,17,2,False,True,0,0,0,BM,id,0,0,,False,False,rejected
YT_UgyYsI02Usm9eHGSk7d4AaABAg,YouTube,top_level_comment,UgyYsI02Usm9eHGSk7d4AaABAg,UgyYsI02Usm9eHGSk7d4AaABAg,9tQzzOjBIdI,KOS SARA HIDUP | Kerajaan Bakal Umum Langkah Tangani Kos Sara Hidup,Buletin TV3,https://www.youtube.com/watch?v=9tQzzOjBIdI,2025-07-19T05:38:22Z,cost_of_living_public_policy,Kwsp bersasar,71eb9e2c77bea080863f,2025-07-19T08:03:30Z,2025-07-19T08:03:30Z,0,0,True,True,none,,2026-06-17T15:11:40.015672+00:00,raw,too_few_words,Kwsp bersasar,kwsp bersasar,2,13,0,False,True,0,0,0,UNKNOWN,unknown,0,0,,False,False,rejected
YT_Ugw8qTiDKTTD7n1mgvZ4AaABAg,YouTube,top_level_comment,Ugw8qTiDKTTD7n1mgvZ4AaABAg,Ugw8qTiDKTTD7n1mgvZ4AaABAg,9tQzzOjBIdI,KOS SARA HIDUP | Kerajaan Bakal Umum Langkah Tangani Kos Sara Hidup,Buletin TV3,https://www.youtube.com/watch?v=9tQzzOjBIdI,2025-07-19T05:38:22Z,cost_of_living_public_policy,😂😂😂 tunggu sekejap 😂😂😂,11a268b2715f2d8779c1,2025-07-19T07:50:22Z,2025-07-19T07:50:22Z,0,0,True,True,none,,2026-06-17T15:11:40.015683+00:00,raw,too_few_words,😂😂😂 tunggu sekejap 😂😂😂,tunggu sekejap,2,22,6,False,True,0,0,0,BM,id,0,0,,False,False,rejected
YT_UgxVq4AxaKdtyOl62yh4AaABAg,YouTube,top_level_comment,UgxVq4AxaKdtyOl62yh4AaABAg,UgxVq4AxaKdtyOl62yh4AaABAg,FgMUKH-xEec,"Kerajaan setuju semakan tarik subsidi minyak golongan berpendapatan tinggi, kata PM",Free Malaysia Today,https://www.youtube.com/watch?v=FgMUKH-xEec,2026-05-10T09:06:58Z,cost_of_living_public_policy,Assalamualaikum,ce0be23a0b2572532052,2026-05-11T14:22:30Z,2026-05-11T14:22:30Z,0,0,True,True,none,,2026-06-17T15:11:41.872100+00:00,raw,too_few_words,Assalamualaikum,assalamualaikum,1,15,0,False,True,0,0,0,BM,id,0,0,,False,False,rejected
YT_UgzmI0hBH7vf52E6rhx4AaABAg,YouTube,top_level_comment,UgzmI0hBH7vf52E6rhx4AaABAg,UgzmI0hBH7vf52E6rhx4AaABAg,FgMUKH-xEec,"Kerajaan setuju semakan tarik subsidi minyak golongan berpendapatan tinggi, kata PM",Free Malaysia Today,https://www.youtube.com/watch?v=FgMUKH-xEec,2026-05-10T09:06:58Z,cost_of_living_public_policy,Elaun minyak menteri?,a8ee004664259e6895f0,2026-05-10T22:59:04Z,2026-05-10T22:59:04Z,0,0,True,True,none,,2026-06-17T15:11:41.872214+00:00,raw,too_few_words,Elaun minyak menteri?,elaun minyak menteri,3,21,0,False,True,0,0,0,BM,id,0,0,,False,False,rejected
YT_Ugye1CN5WQ7qAhngqgZ4AaABAg,YouTube,top_level_comment,Ugye1CN5WQ7qAhngqgZ4AaABAg,Ugye1CN5WQ7qAhngqgZ4AaABAg,FgMUKH-xEec,"Kerajaan setuju semakan tarik subsidi minyak golongan berpendapatan tinggi, kata PM",Free Malaysia Today,https://www.youtube.com/watch?v=FgMUKH-xEec,2026-05-10T09:06:58Z,cost_of_living_public_policy,Bebal punya PM🤮🤮👎🤬🤬🤬,d5f63ab2beb827818ba9,2026-05-10T13:07:24Z,2026-05-10T13:07:24Z,0,0,True,True,none,,2026-06-17T15:11:41.872319+00:00,raw,too_few_words,Bebal punya PM🤮🤮👎🤬🤬🤬,bebal punya pm,3,20,6,False,True,0,0,0,BM,id,0,0,,False,False,rejected
YT_UgwvGCBmJmXb8e9L2Sd4AaABAg,YouTube,top_level_comment,UgwvGCBmJmXb8e9L2Sd4AaABAg,UgwvGCBmJmXb8e9L2Sd4AaABAg,UGAL8690ngc,"Bantuan Asas Rahmah diteruskan: RM100 untuk  dewasa, RM500 untuk penerima miskin tegar - Anwar",KiniTV,https://www.youtube.com/watch?v=UGAL8690ngc,2026-01-05T06:06:45Z,cost_of_living_public_policy,Gasak kwsp bersasar ❗❗❗,e5a2e0f5e4a633aa5ea7,2026-01-09T11:44:29Z,2026-01-09T11:44:29Z,1,0,True,True,none,,2026-06-17T15:11:40.405573+00:00,raw,too_few_words,Gasak kwsp bersasar ❗❗❗,gasak kwsp bersasar,3,23,3,False,True,0,0,0,BM,id,0,0,,False,False,rejected
YT_UgwFuhPyW4kF1hg8H2Z4AaABAg,YouTube,top_level_comment,UgwFuhPyW4kF1hg8H2Z4AaABAg,UgwFuhPyW4kF1hg8H2Z4AaABAg,UGAL8690ngc,"Bantuan Asas Rahmah diteruskan: RM100 untuk  dewasa, RM500 untuk penerima miskin tegar - Anwar",KiniTV,https://www.youtube.com/watch?v=UGAL8690ngc,2026-01-05T06:06:45Z,cost_of_living_public_policy,AlhamdULLILLAAH..,6333326bbab1197ddab1,2026-01-08T13:09:09Z,2026-01-08T13:09:09Z,0,0,True,True,none,,2026-06-17T15:11:40.405642+00:00,raw,too_few_words,AlhamdULLILLAAH..,alhamdullillaah,1,17,0,False,True,0,0,0,UNKNOWN,pt,0,0,,False,False,rejected
YT_UgzeEQuQGK29DMWbgYF4AaABAg,YouTube,top_level_comment,UgzeEQuQGK29DMWbgYF4AaABAg,UgzeEQuQGK29DMWbgYF4AaABAg,UGAL8690ngc,"Bantuan Asas Rahmah diteruskan: RM100 untuk  dewasa, RM500 untuk penerima miskin tegar - Anwar",KiniTV,https://www.youtube.com/watch?v=UGAL8690ngc,2026-01-05T06:06:45Z,cost_of_living_public_policy,Bagus PM X ❤❤❤❤😊,f2e167b7b2bf783cae96,2026-01-08T09:40:36Z,2026-01-08T09:40:36Z,0,0,True,True,none,,2026-06-17T15:11:40.405666+00:00,raw,too_few_words,Bagus PM X ❤❤❤❤😊,bagus pm x,3,16,5,False,True,0,0,0,BM,tl,1,0,,False,False,rejected
YT_UgyrPKhMvYQXM8TJd4R4AaABAg,YouTube,top_level_comment,UgyrPKhMvYQXM8TJd4R4AaABAg,UgyrPKhMvYQXM8TJd4R4AaABAg,UGAL8690ngc,"Bantuan Asas Rahmah diteruskan: RM100 untuk  dewasa, RM500 untuk penerima miskin tegar - Anwar",KiniTV,https://www.youtube.com/watch?v=UGAL8690ngc,2026-01-05T06:06:45Z,cost_of_living_public_policy,Thank you TMX,9b16dc8ca4af13316be0,2026-01-07T22:18:48Z,2026-01-07T22:18:48Z,0,0,True,True,none,,2026-06-17T15:11:40.405715+00:00,raw,too_few_words,Thank you TMX,thank you tmx,3,13,0,False,True,0,0,0,EN,unknown,0,2,,False,False,rejected
YT_Ugx1uOPcqbDgrUpwybN4AaABAg,YouTube,top_level_comment,Ugx1uOPcqbDgrUpwybN4AaABAg,Ugx1uOPcqbDgrUpwybN4AaABAg,UGAL8690ngc,"Bantuan Asas Rahmah diteruskan: RM100 untuk  dewasa, RM500 untuk penerima miskin tegar - Anwar",KiniTV,https://www.youtube.com/watch?v=UGAL8690ngc,2026-01-05T06:06:45Z,cost_of_living_public_policy,Nancy juga trangender,9184e6dc6a367d393b2b,2026-01-07T03:08:26Z,2026-01-07T03:08:26Z,0,0,True,True,none,,2026-06-17T15:11:40.405882+00:00,raw,too_few_words,Nancy juga trangender,nancy juga trangender,3,21,0,False,True,0,0,0,BM,id,1,0,,False,False,rejected
YT_UgwFDCYrylaS2f_Cw394AaABAg,YouTube,top_level_comment,UgwFDCYrylaS2f_Cw394AaABAg,UgwFDCYrylaS2f_Cw394AaABAg,UGAL8690ngc,"Bantuan Asas Rahmah diteruskan: RM100 untuk  dewasa, RM500 untuk penerima miskin tegar - Anwar",KiniTV,https://www.youtube.com/watch?v=UGAL8690ngc,2026-01-05T06:06:45Z,cost_of_living_public_policy,assalammualaikum✌️,ebbd244a8971873e3bc3,2026-01-06T12:44:24Z,2026-01-06T12:44:24Z,0,1,True,True,none,,2026-06-17T15:11:40.406099+00:00,raw,too_few_words,assalammualaikum✌️,assalammualaikum,1,18,1,False,True,0,0,0,UNKNOWN,fi,0,0,,False,False,rejected
YT_Ugyl3dRewDClYEtF6Bd4AaABAg,YouTube,top_level_comment,Ugyl3dRewDClYEtF6Bd4AaABAg,Ugyl3dRewDClYEtF6Bd4AaABAg,UGAL8690ngc,"Bantuan Asas Rahmah diteruskan: RM100 untuk  dewasa, RM500 untuk penerima miskin tegar - Anwar",KiniTV,https://www.youtube.com/watch?v=UGAL8690ngc,2026-01-05T06:06:45Z,cost_of_living_public_policy,Terima kasih PM ❤❤❤,fddac2837ea6da8f3c89,2026-01-06T10:36:49Z,2026-01-06T10:36:49Z,4,0,True,True,none,,2026-06-17T15:11:40.406131+00:00,raw,too_few_words,Terima kasih PM ❤❤❤,terima kasih pm,3,19,3,False,True,0,0,0,BM,id,0,0,,False,False,rejected
YT_UgxrQbhr-gn0M3B9LJB4AaABAg,YouTube,top_level_comment,UgxrQbhr-gn0M3B9LJB4AaABAg,UgxrQbhr-gn0M3B9LJB4AaABAg,UGAL8690ngc,"Bantuan Asas Rahmah diteruskan: RM100 untuk  dewasa, RM500 untuk penerima miskin tegar - Anwar",KiniTV,https://www.youtube.com/watch?v=UGAL8690ngc,2026-01-05T06:06:45Z,cost_of_living_public_policy,Alhamdulillah,c0be82836a3dc405c4dc,2026-01-06T06:15:04Z,2026-01-06T06:15:04Z,6,0,True,True,none,,2026-06-17T15:11:40.406356+00:00,raw,too_few_words,Alhamdulillah,alhamdulillah,1,13,0,False,True,0,0,0,UNKNOWN,unknown,0,0,,False,False,rejected
YT_UgwtHHp4Z4teU7SOq4R4AaABAg,YouTube,top_level_comment,UgwtHHp4Z4teU7SOq4R4AaABAg,UgwtHHp4Z4teU7SOq4R4AaABAg,UGAL8690ngc,"Bantuan Asas Rahmah diteruskan: RM100 untuk  dewasa, RM500 untuk penerima miskin tegar - Anwar",KiniTV,https://www.youtube.com/watch?v=UGAL8690ngc,2026-01-05T06:06:45Z,cost_of_living_public_policy,Jiwa rakyat PMX,e1a01c5dd0d502603a8c,2026-01-06T02:58:10Z,2026-01-06T02:58:10Z,1,0,True,True,none,,2026-06-17T15:11:40.406390+00:00,raw,too_few_words,Jiwa rakyat PMX,jiwa rakyat pmx,3,15,0,False,True,0,0,0,BM,sw,1,0,,False,False,rejected
YT_UgxeXxRL9sTxXwtxtvB4AaABAg,YouTube,top_level_comment,UgxeXxRL9sTxXwtxtvB4AaABAg,UgxeXxRL9sTxXwtxtvB4AaABAg,UGAL8690ngc,"Bantuan Asas Rahmah diteruskan: RM100 untuk  dewasa, RM500 untuk penerima miskin tegar - Anwar",KiniTV,https://www.youtube.com/watch?v=UGAL8690ngc,2026-01-05T06:06:45Z,cost_of_living_public_policy,Wutohhhhhhhhhh puihh,e70848f7e6d0eaaf7a5a,2026-01-06T00:53:40Z,2026-01-06T00:53:40Z,0,0,True,True,none,,2026-06-17T15:11:40.406427+00:00,raw,too_few_words,Wutohhhhhhhhhh puihh,wutohhhhhhhhhh puihh,2,20,0,False,True,0,0,0,UNKNOWN,et,0,0,excessive_character_repetition,True,False,rejected
YT_UgyvQv75otHXn_duAzV4AaABAg,YouTube,top_level_comment,UgyvQv75otHXn_duAzV4AaABAg,UgyvQv75otHXn_duAzV4AaABAg,UGAL8690ngc,"Bantuan Asas Rahmah diteruskan: RM100 untuk  dewasa, RM500 untuk penerima miskin tegar - Anwar",KiniTV,https://www.youtube.com/watch?v=UGAL8690ngc,2026-01-05T06:06:45Z,cost_of_living_public_policy,Setiap satu dun,3ce0b3e18773015617dd,2026-01-06T00:21:42Z,2026-01-06T00:21:42Z,1,0,True,True,none,,2026-06-17T15:11:40.406448+00:00,raw,too_few_words,Setiap satu dun,setiap satu dun,3,15,0,False,True,0,0,0,BM,id,0,0,,False,False,rejected
YT_Ugyyfyp4haK_D66rpfN4AaABAg,YouTube,top_level_comment,Ugyyfyp4haK_D66rpfN4AaABAg,Ugyyfyp4haK_D66rpfN4AaABAg,UGAL8690ngc,"Bantuan Asas Rahmah diteruskan: RM100 untuk  dewasa, RM500 untuk penerima miskin tegar - Anwar",KiniTV,https://www.youtube.com/watch?v=UGAL8690ngc,2026-01-05T06:06:45Z,cost_of_living_public_policy,Manusia munafik,96a82425323ea038fd7d,2026-01-05T16:55:43Z,2026-01-05T16:55:43Z,0,0,True,True,none,,2026-06-17T15:11:40.741921+00:00,raw,too_few_words,Manusia munafik,manusia munafik,2,15,0,False,True,0,0,0,UNKNOWN,sw,0,0,,False,False,rejected
YT_UgxuDriClAxygbeOGQt4AaABAg,YouTube,top_level_comment,UgxuDriClAxygbeOGQt4AaABAg,UgxuDriClAxygbeOGQt4AaABAg,UGAL8690ngc,"Bantuan Asas Rahmah diteruskan: RM100 untuk  dewasa, RM500 untuk penerima miskin tegar - Anwar",KiniTV,https://www.youtube.com/watch?v=UGAL8690ngc,2026-01-05T06:06:45Z,cost_of_living_public_policy,Thank you PMX,0999d0ee34e9895a24f4,2026-01-05T12:10:54Z,2026-01-05T12:10:54Z,13,0,True,True,none,,2026-06-17T15:11:40.742045+00:00,raw,too_few_words,Thank you PMX,thank you pmx,3,13,0,False,True,0,0,0,EN,unknown,0,2,,False,False,rejected
YT_UgwbRTWiPruYy_M2Pn54AaABAg,YouTube,top_level_comment,UgwbRTWiPruYy_M2Pn54AaABAg,UgwbRTWiPruYy_M2Pn54AaABAg,dDRZ6AZbcfw,Malaysian Hawker Fights To Keep His Noodles Affordable As Food Prices Rise | Money Mind | Inflation,CNA Insider,https://www.youtube.com/watch?v=dDRZ6AZbcfw,2025-11-25T14:01:10Z,cost_of_living_public_policy,Thank you Anwar!! ❤❤,3f55c65e6b8f9c73de7e,2025-12-10T11:24:05Z,2025-12-10T11:24:05Z,1,0,True,True,none,,2026-06-17T15:11:42.417878+00:00,raw,too_few_words,Thank you Anwar!! ❤❤,thank you anwar,3,20,2,False,True,0,0,0,EN,en,0,2,,False,False,rejected
YT_UgzpOzApOJC_AA8ZRdJ4AaABAg,YouTube,top_level_comment,UgzpOzApOJC_AA8ZRdJ4AaABAg,UgzpOzApOJC_AA8ZRdJ4AaABAg,dDRZ6AZbcfw,Malaysian Hawker Fights To Keep His Noodles Affordable As Food Prices Rise | Money Mind | Inflation,CNA Insider,https://www.youtube.com/watch?v=dDRZ6AZbcfw,2025-11-25T14:01:10Z,cost_of_living_public_policy,Just go vegan,b91c67ff9ca34f7c9c11,2025-11-26T22:31:26Z,2025-11-26T22:31:26Z,0,0,True,True,none,,2026-06-17T15:11:42.418514+00:00,raw,too_few_words,Just go vegan,just go vegan,3,13,0,False,True,0,0,0,UNKNOWN,unknown,0,0,,False,False,rejected
YT_UgzSzOMw1fLLJC-zQ_t4AaABAg,YouTube,top_level_comment,UgzSzOMw1fLLJC-zQ_t4AaABAg,UgzSzOMw1fLLJC-zQ_t4AaABAg,dDRZ6AZbcfw,Malaysian Hawker Fights To Keep His Noodles Affordable As Food Prices Rise | Money Mind | Inflation,CNA Insider,https://www.youtube.com/watch?v=dDRZ6AZbcfw,2025-11-25T14:01:10Z,cost_of_living_public_policy,Alright Mr. Dj,689138d2ab4c07960f33,2025-11-26T09:03:40Z,2025-11-26T09:03:40Z,0,0,True,True,none,,2026-06-17T15:11:42.418621+00:00,raw,too_few_words,Alright Mr. Dj,alright mr dj,3,14,0,False,True,0,0,0,UNKNOWN,unknown,0,0,,False,False,rejected
YT_UgxMBWYQ_AadXCgCboN4AaABAg,YouTube,top_level_comment,UgxMBWYQ_AadXCgCboN4AaABAg,UgxMBWYQ_AadXCgCboN4AaABAg,lWY3O9pFexo,KOS SARA HIDUP | PM Umum Butiran Penghargaan Untuk Rakyat Esok (BU),Buletin TV3,https://www.youtube.com/watch?v=lWY3O9pFexo,2025-07-22T12:11:44Z,cost_of_living_public_policy,Very good 👍👍👍👍,653156983f5ca6b68688,2025-07-23T04:31:55Z,2025-07-23T04:31:55Z,0,0,True,True,none,,2026-06-17T15:11:38.329966+00:00,raw,too_few_words,Very good 👍👍👍👍,very good,2,14,4,False,True,0,0,0,EN,unknown,0,2,,False,False,rejected
YT_UgwbMw3ufZzkkoo8DBJ4AaABAg,YouTube,top_level_comment,UgwbMw3ufZzkkoo8DBJ4AaABAg,UgwbMw3ufZzkkoo8DBJ4AaABAg,lWY3O9pFexo,KOS SARA HIDUP | PM Umum Butiran Penghargaan Untuk Rakyat Esok (BU),Buletin TV3,https://www.youtube.com/watch?v=lWY3O9pFexo,2025-07-22T12:11:44Z,cost_of_living_public_policy,Senang kari je,0c35bf46667fa1095a45,2025-07-23T03:24:34Z,2025-07-23T03:24:34Z,1,0,True,True,none,,2026-06-17T15:11:38.329987+00:00,raw,too_few_words,Senang kari je,senang kari je,3,14,0,False,True,0,0,0,BM,unknown,1,0,,False,False,rejected
YT_UgzQLE_rovcv95JmVXN4AaABAg,YouTube,top_level_comment,UgzQLE_rovcv95JmVXN4AaABAg,UgzQLE_rovcv95JmVXN4AaABAg,lWY3O9pFexo,KOS SARA HIDUP | PM Umum Butiran Penghargaan Untuk Rakyat Esok (BU),Buletin TV3,https://www.youtube.com/watch?v=lWY3O9pFexo,2025-07-22T12:11:44Z,cost_of_living_public_policy,Fatamorgana Dn ketimbang,00cfdc08f40165da5010,2025-07-23T02:30:17Z,2025-07-23T02:31:13Z,0,0,True,True,none,,2026-06-17T15:11:38.330012+00:00,raw,too_few_words,Fatamorgana Dn ketimbang,fatamorgana dn ketimbang,3,24,0,False,True,0,0,0,BM,id,0,0,,False,False,rejected
YT_UgxNC37g3w0-FRXSQnV4AaABAg,YouTube,top_level_comment,UgxNC37g3w0-FRXSQnV4AaABAg,UgxNC37g3w0-FRXSQnV4AaABAg,lWY3O9pFexo,KOS SARA HIDUP | PM Umum Butiran Penghargaan Untuk Rakyat Esok (BU),Buletin TV3,https://www.youtube.com/watch?v=lWY3O9pFexo,2025-07-22T12:11:44Z,cost_of_living_public_policy,😊 minyak semakin NAIK 😂,b860d1a7557be00d6251,2025-07-23T01:04:51Z,2025-07-23T01:04:51Z,0,0,True,True,none,,2026-06-17T15:11:38.330157+00:00,raw,too_few_words,😊 minyak semakin NAIK 😂,minyak semakin naik,3,23,2,False,True,0,0,0,BM,id,0,0,,False,False,rejected
YT_Ugw9htbpMZksRBQkWlN4AaABAg,YouTube,top_level_comment,Ugw9htbpMZksRBQkWlN4AaABAg,Ugw9htbpMZksRBQkWlN4AaABAg,lWY3O9pFexo,KOS SARA HIDUP | PM Umum Butiran Penghargaan Untuk Rakyat Esok (BU),Buletin TV3,https://www.youtube.com/watch?v=lWY3O9pFexo,2025-07-22T12:11:44Z,cost_of_living_public_policy,Gula gula😂😂😂,721f55945dd01edb13ea,2025-07-22T23:53:55Z,2025-07-22T23:53:55Z,1,0,True,True,none,,2026-06-17T15:11:38.330310+00:00,raw,too_few_words,Gula gula😂😂😂,gula gula,2,12,3,False,True,0,0,0,UNKNOWN,unknown,0,0,,False,False,rejected
YT_Ugy-EQOYm6kz3OI_85R4AaABAg,YouTube,top_level_comment,Ugy-EQOYm6kz3OI_85R4AaABAg,Ugy-EQOYm6kz3OI_85R4AaABAg,lWY3O9pFexo,KOS SARA HIDUP | PM Umum Butiran Penghargaan Untuk Rakyat Esok (BU),Buletin TV3,https://www.youtube.com/watch?v=lWY3O9pFexo,2025-07-22T12:11:44Z,cost_of_living_public_policy,🤣🤣🤣🤣 apoolahh,76231a001c5ac4afc4d0,2025-07-22T23:52:11Z,2025-07-22T23:52:11Z,0,0,True,True,none,,2026-06-17T15:11:38.330320+00:00,raw,too_few_words,🤣🤣🤣🤣 apoolahh,apoolahh,1,13,4,False,True,0,0,0,UNKNOWN,unknown,0,0,,False,False,rejected
YT_Ugx1gznh-zQ3AM-0Icx4AaABAg,YouTube,top_level_comment,Ugx1gznh-zQ3AM-0Icx4AaABAg,Ugx1gznh-zQ3AM-0Icx4AaABAg,lWY3O9pFexo,KOS SARA HIDUP | PM Umum Butiran Penghargaan Untuk Rakyat Esok (BU),Buletin TV3,https://www.youtube.com/watch?v=lWY3O9pFexo,2025-07-22T12:11:44Z,cost_of_living_public_policy,Hype je lebih...,471a35460d90cfae3198,2025-07-22T23:30:41Z,2025-07-22T23:30:41Z,0,0,True,True,none,,2026-06-17T15:11:38.330332+00:00,raw,too_few_words,Hype je lebih..,hype je lebih,3,15,0,False,True,0,0,0,BM,sl,1,0,,False,False,rejected
YT_Ugz9j7RebBVblnzWudJ4AaABAg,YouTube,top_level_comment,Ugz9j7RebBVblnzWudJ4AaABAg,Ugz9j7RebBVblnzWudJ4AaABAg,lWY3O9pFexo,KOS SARA HIDUP | PM Umum Butiran Penghargaan Untuk Rakyat Esok (BU),Buletin TV3,https://www.youtube.com/watch?v=lWY3O9pFexo,2025-07-22T12:11:44Z,cost_of_living_public_policy,HEHE... TERBALIK...,2c26cd8cc48cb59da27e,2025-07-22T22:43:11Z,2025-07-22T22:43:11Z,0,0,True,True,none,,2026-06-17T15:11:38.330473+00:00,raw,too_few_words,HEHE.. TERBALIK..,hehe terbalik,2,17,0,False,True,0,0,0,UNKNOWN,vi,0,0,,False,False,rejected
YT_UgyQW_QqsWM-BKfJ0eJ4AaABAg,YouTube,top_level_comment,UgyQW_QqsWM-BKfJ0eJ4AaABAg,UgyQW_QqsWM-BKfJ0eJ4AaABAg,lWY3O9pFexo,KOS SARA HIDUP | PM Umum Butiran Penghargaan Untuk Rakyat Esok (BU),Buletin TV3,https://www.youtube.com/watch?v=lWY3O9pFexo,2025-07-22T12:11:44Z,cost_of_living_public_policy,Minyak turun esok,d6c25d87678a3c35d1d4,2025-07-22T18:14:12Z,2025-07-22T18:14:12Z,0,0,True,True,none,,2026-06-17T15:11:38.330670+00:00,raw,too_few_words,Minyak turun esok,minyak turun esok,3,17,0,False,True,0,0,0,BM,id,0,0,,False,False,rejected
YT_UgzZ10h9ggidE02hArB4AaABAg,YouTube,top_level_comment,UgzZ10h9ggidE02hArB4AaABAg,UgzZ10h9ggidE02hArB4AaABAg,lWY3O9pFexo,KOS SARA HIDUP | PM Umum Butiran Penghargaan Untuk Rakyat Esok (BU),Buletin TV3,https://www.youtube.com/watch?v=lWY3O9pFexo,2025-07-22T12:11:44Z,cost_of_living_public_policy,Jgn bagi rm100,ff82a04f710e3a505620,2025-07-22T17:45:23Z,2025-07-22T17:45:23Z,0,0,True,True,none,,2026-06-17T15:11:38.330691+00:00,raw,too_few_words,Jgn bagi rm100,jgn bagi rm100,3,14,0,False,True,0,0,0,UNKNOWN,unknown,0,0,,False,False,rejected
YT_UgxcSil2LEzWmG_Kgb14AaABAg,YouTube,top_level_comment,UgxcSil2LEzWmG_Kgb14AaABAg,UgxcSil2LEzWmG_Kgb14AaABAg,lWY3O9pFexo,KOS SARA HIDUP | PM Umum Butiran Penghargaan Untuk Rakyat Esok (BU),Buletin TV3,https://www.youtube.com/watch?v=lWY3O9pFexo,2025-07-22T12:11:44Z,cost_of_living_public_policy,Xdpt duit pun,724ef8c95637631bd228,2025-07-22T16:02:44Z,2025-07-22T16:02:44Z,0,0,True,True,none,,2026-06-17T15:11:38.330946+00:00,raw,too_few_words,Xdpt duit pun,xdpt duit pun,3,13,0,False,True,0,0,0,BM,unknown,1,0,,False,False,rejected
YT_Ugysok81Hab7upzTliF4AaABAg,YouTube,top_level_comment,Ugysok81Hab7upzTliF4AaABAg,Ugysok81Hab7upzTliF4AaABAg,lWY3O9pFexo,KOS SARA HIDUP | PM Umum Butiran Penghargaan Untuk Rakyat Esok (BU),Buletin TV3,https://www.youtube.com/watch?v=lWY3O9pFexo,2025-07-22T12:11:44Z,cost_of_living_public_policy,Hidup PMX !!!! 💪🏽💪🏽,8917b6c53240ab6c1052,2025-07-22T15:54:08Z,2025-07-22T15:54:08Z,0,0,True,True,none,,2026-06-17T15:11:38.330970+00:00,raw,too_few_words,Hidup PMX !! 💪🏽💪🏽,hidup pmx,2,17,2,False,True,0,0,0,BM,id,0,0,,False,True,rejected
YT_UgxLezbFLc9I-quUkrB4AaABAg,YouTube,top_level_comment,UgxLezbFLc9I-quUkrB4AaABAg,UgxLezbFLc9I-quUkrB4AaABAg,mVmYibok-7A,[TERKINI] MOF sekat MyKad individu salah guna subsidi BUDI95,Astro AWANI,https://www.youtube.com/watch?v=mVmYibok-7A,2026-03-23T23:22:33Z,cost_of_living_public_policy,Terima kasih mof,bbd9d8bc289744a20d5b,2026-03-24T15:23:06Z,2026-03-24T15:23:06Z,0,0,True,True,none,,2026-06-17T15:11:39.037237+00:00,raw,too_few_words,Terima kasih mof,terima kasih mof,3,16,0,False,True,0,0,0,BM,id,0,0,,False,False,rejected
YT_UgzggeBItswBJ1VGws14AaABAg,YouTube,top_level_comment,UgzggeBItswBJ1VGws14AaABAg,UgzggeBItswBJ1VGws14AaABAg,mVmYibok-7A,[TERKINI] MOF sekat MyKad individu salah guna subsidi BUDI95,Astro AWANI,https://www.youtube.com/watch?v=mVmYibok-7A,2026-03-23T23:22:33Z,cost_of_living_public_policy,makan semut agaknya,0cc18df49cc24863b877,2026-03-24T11:21:29Z,2026-03-24T11:21:29Z,0,0,True,True,none,,2026-06-17T15:11:39.037402+00:00,raw,too_few_words,makan semut agaknya,makan semut agaknya,3,19,0,False,True,0,0,0,BM,id,0,0,,False,False,rejected
YT_UgxSMO1eKhqUzEfgMAV4AaABAg,YouTube,top_level_comment,UgxSMO1eKhqUzEfgMAV4AaABAg,UgxSMO1eKhqUzEfgMAV4AaABAg,mVmYibok-7A,[TERKINI] MOF sekat MyKad individu salah guna subsidi BUDI95,Astro AWANI,https://www.youtube.com/watch?v=mVmYibok-7A,2026-03-23T23:22:33Z,cost_of_living_public_policy,kerajaan menyusahkan rakyat.,60fb33b4d61a8657732e,2026-03-24T09:53:24Z,2026-03-24T09:53:24Z,1,0,True,True,none,,2026-06-17T15:11:39.037495+00:00,raw,too_few_words,kerajaan menyusahkan rakyat.,kerajaan menyusahkan rakyat,3,28,0,False,True,0,0,0,BM,id,2,0,,False,False,rejected
YT_Ugxrn6XrK4CtGYCf8N54AaABAg,YouTube,top_level_comment,Ugxrn6XrK4CtGYCf8N54AaABAg,Ugxrn6XrK4CtGYCf8N54AaABAg,mVmYibok-7A,[TERKINI] MOF sekat MyKad individu salah guna subsidi BUDI95,Astro AWANI,https://www.youtube.com/watch?v=mVmYibok-7A,2026-03-23T23:22:33Z,cost_of_living_public_policy,Bagus. Padan muka.,abbc50463f30a306575e,2026-03-24T07:10:51Z,2026-03-24T07:10:51Z,0,0,True,True,none,,2026-06-17T15:11:39.037756+00:00,raw,too_few_words,Bagus. Padan muka.,bagus padan muka,3,18,0,False,True,0,0,0,BM,id,1,0,,False,False,rejected
YT_UgykRq0fELDLiMkcRGR4AaABAg,YouTube,top_level_comment,UgykRq0fELDLiMkcRGR4AaABAg,UgykRq0fELDLiMkcRGR4AaABAg,mVmYibok-7A,[TERKINI] MOF sekat MyKad individu salah guna subsidi BUDI95,Astro AWANI,https://www.youtube.com/watch?v=mVmYibok-7A,2026-03-23T23:22:33Z,cost_of_living_public_policy,Padan muka..,d5a61a13deafbddb8947,2026-03-24T07:01:55Z,2026-03-24T07:01:55Z,0,0,True,True,none,,2026-06-17T15:11:39.037826+00:00,raw,too_few_words,Padan muka..,padan muka,2,12,0,False,True,0,0,0,UNKNOWN,unknown,0,0,,False,False,rejected
YT_UgzJcnu8XsqwCUwXGel4AaABAg,YouTube,top_level_comment,UgzJcnu8XsqwCUwXGel4AaABAg,UgzJcnu8XsqwCUwXGel4AaABAg,mVmYibok-7A,[TERKINI] MOF sekat MyKad individu salah guna subsidi BUDI95,Astro AWANI,https://www.youtube.com/watch?v=mVmYibok-7A,2026-03-23T23:22:33Z,cost_of_living_public_policy,Bagus..tegas..,e6f842dbde090b9dd77f,2026-03-24T05:32:44Z,2026-03-24T05:32:44Z,0,0,True,True,none,,2026-06-17T15:11:39.038088+00:00,raw,too_few_words,Bagus..tegas..,bagus tegas,2,14,0,False,True,0,0,0,BM,unknown,1,0,,False,False,rejected
YT_Ugz5G-rlZrJjxQOAf6V4AaABAg,YouTube,top_level_comment,Ugz5G-rlZrJjxQOAf6V4AaABAg,Ugz5G-rlZrJjxQOAf6V4AaABAg,mVmYibok-7A,[TERKINI] MOF sekat MyKad individu salah guna subsidi BUDI95,Astro AWANI,https://www.youtube.com/watch?v=mVmYibok-7A,2026-03-23T23:22:33Z,cost_of_living_public_policy,Carik kedai runcit.,a0cf6de483df55c612f9,2026-03-24T05:04:07Z,2026-03-24T05:04:07Z,0,0,True,True,none,,2026-06-17T15:11:39.038221+00:00,raw,too_few_words,Carik kedai runcit.,carik kedai runcit,3,19,0,False,True,0,0,0,BM,id,0,0,,False,False,rejected
YT_Ugzfmdh-3ywZ1_Jf4VV4AaABAg,YouTube,top_level_comment,Ugzfmdh-3ywZ1_Jf4VV4AaABAg,Ugzfmdh-3ywZ1_Jf4VV4AaABAg,mVmYibok-7A,[TERKINI] MOF sekat MyKad individu salah guna subsidi BUDI95,Astro AWANI,https://www.youtube.com/watch?v=mVmYibok-7A,2026-03-23T23:22:33Z,cost_of_living_public_policy,PENYAMUN TIDAK BERBUDI 😅,c73176938985d33f60f5,2026-03-24T04:27:24Z,2026-03-24T04:27:24Z,0,0,True,True,none,,2026-06-17T15:11:39.038304+00:00,raw,too_few_words,PENYAMUN TIDAK BERBUDI 😅,penyamun tidak berbudi,3,24,1,False,True,0,0,0,BM,vi,1,0,,False,False,rejected
YT_UgxbhuXnLOYbEWH-RNJ4AaABAg,YouTube,top_level_comment,UgxbhuXnLOYbEWH-RNJ4AaABAg,UgxbhuXnLOYbEWH-RNJ4AaABAg,mVmYibok-7A,[TERKINI] MOF sekat MyKad individu salah guna subsidi BUDI95,Astro AWANI,https://www.youtube.com/watch?v=mVmYibok-7A,2026-03-23T23:22:33Z,cost_of_living_public_policy,HANYA DI JOHOR,03f6faa9c92052c57e88,2026-03-24T04:19:27Z,2026-03-24T04:19:27Z,0,0,True,True,none,,2026-06-17T15:11:39.038362+00:00,raw,too_few_words,HANYA DI JOHOR,hanya di johor,3,14,0,False,True,0,0,0,UNKNOWN,unknown,0,0,,False,False,rejected
YT_UgylGRbJ3dqQQR9GuKx4AaABAg,YouTube,top_level_comment,UgylGRbJ3dqQQR9GuKx4AaABAg,UgylGRbJ3dqQQR9GuKx4AaABAg,zCSY4bGWUXc,"Suara Rakyat: Nilai semula subsidi petrol golongan kaya, apa kata orang miskin?",Astro AWANI,https://www.youtube.com/watch?v=zCSY4bGWUXc,2026-05-11T12:14:22Z,cost_of_living_public_policy,Malaydesh panik 🤣🤣,3244dff838a6f6ead2a2,2026-05-14T01:22:17Z,2026-05-14T01:22:17Z,0,0,True,True,none,,2026-06-17T15:11:37.970066+00:00,raw,too_few_words,Malaydesh panik 🤣🤣,malaydesh panik,2,18,2,False,True,0,0,0,BM,id,0,0,,False,False,rejected
YT_UgxjN-0UkQol5X_QCU94AaABAg,YouTube,top_level_comment,UgxjN-0UkQol5X_QCU94AaABAg,UgxjN-0UkQol5X_QCU94AaABAg,zCSY4bGWUXc,"Suara Rakyat: Nilai semula subsidi petrol golongan kaya, apa kata orang miskin?",Astro AWANI,https://www.youtube.com/watch?v=zCSY4bGWUXc,2026-05-11T12:14:22Z,cost_of_living_public_policy,Malaydesh🇲🇾❤🇧🇩,43797c1f1d0fe45053c8,2026-05-13T06:37:04Z,2026-05-13T06:37:04Z,3,0,True,True,none,,2026-06-17T15:11:37.970298+00:00,raw,too_few_words,Malaydesh🇲🇾❤🇧🇩,malaydesh,1,14,3,False,True,0,0,0,UNKNOWN,unknown,0,0,,False,False,rejected
YT_UgwSbBmtqUZsqjJVz8h4AaABAg,YouTube,top_level_comment,UgwSbBmtqUZsqjJVz8h4AaABAg,UgwSbBmtqUZsqjJVz8h4AaABAg,zCSY4bGWUXc,"Suara Rakyat: Nilai semula subsidi petrol golongan kaya, apa kata orang miskin?",Astro AWANI,https://www.youtube.com/watch?v=zCSY4bGWUXc,2026-05-11T12:14:22Z,cost_of_living_public_policy,Kenapa minyak juga,49771bb4cda5946601f5,2026-05-13T02:05:18Z,2026-05-13T02:05:18Z,0,0,True,True,none,,2026-06-17T15:11:37.970494+00:00,raw,too_few_words,Kenapa minyak juga,kenapa minyak juga,3,18,0,False,True,0,0,0,BM,id,2,0,,False,False,rejected
YT_UgxhoFpYpQ3vVA1xL7J4AaABAg,YouTube,top_level_comment,UgxhoFpYpQ3vVA1xL7J4AaABAg,UgxhoFpYpQ3vVA1xL7J4AaABAg,zCSY4bGWUXc,"Suara Rakyat: Nilai semula subsidi petrol golongan kaya, apa kata orang miskin?",Astro AWANI,https://www.youtube.com/watch?v=zCSY4bGWUXc,2026-05-11T12:14:22Z,cost_of_living_public_policy,Terbaik PMX😅😅,6cb024a20ffd7d60c0d6,2026-05-12T18:06:15Z,2026-05-12T18:06:15Z,0,0,True,True,none,,2026-06-17T15:11:37.970610+00:00,raw,too_few_words,Terbaik PMX😅😅,terbaik pmx,2,13,2,False,True,0,0,0,UNKNOWN,unknown,0,0,,False,False,rejected
YT_UgwlDydkm8VKmtXovvR4AaABAg,YouTube,top_level_comment,UgwlDydkm8VKmtXovvR4AaABAg,UgwlDydkm8VKmtXovvR4AaABAg,zCSY4bGWUXc,"Suara Rakyat: Nilai semula subsidi petrol golongan kaya, apa kata orang miskin?",Astro AWANI,https://www.youtube.com/watch?v=zCSY4bGWUXc,2026-05-11T12:14:22Z,cost_of_living_public_policy,Madani menghisap darah,b2f35d55a4374fcd2d56,2026-05-11T23:01:32Z,2026-05-11T23:01:32Z,0,0,True,True,none,,2026-06-17T15:11:37.970843+00:00,raw,too_few_words,Madani menghisap darah,madani menghisap darah,3,22,0,False,True,0,0,0,BM,id,0,0,,False,False,rejected
YT_UgyWhSkkIVRUfNkYOSB4AaABAg,YouTube,top_level_comment,UgyWhSkkIVRUfNkYOSB4AaABAg,UgyWhSkkIVRUfNkYOSB4AaABAg,3Pk956RGn7o,10 MENU SCAM PALING PELIK DI BAZAR RAMADAN,Faktaw Channel,https://www.youtube.com/watch?v=3Pk956RGn7o,2025-03-22T08:00:02Z,festivals_national_events,sya pernah pergisitu,e9a22b818afba8438dd9,2026-06-07T08:27:04Z,2026-06-07T08:27:04Z,0,0,True,True,none,,2026-06-17T15:11:43.540881+00:00,raw,too_few_words,sya pernah pergisitu,sya pernah pergisitu,3,20,0,False,True,0,0,0,BM,id,0,0,,False,False,rejected
YT_UgwZKNJKjdfQNhBjkFx4AaABAg,YouTube,top_level_comment,UgwZKNJKjdfQNhBjkFx4AaABAg,UgwZKNJKjdfQNhBjkFx4AaABAg,3Pk956RGn7o,10 MENU SCAM PALING PELIK DI BAZAR RAMADAN,Faktaw Channel,https://www.youtube.com/watch?v=3Pk956RGn7o,2025-03-22T08:00:02Z,festivals_national_events,Satu Malaysia,55361b91e1a2d6626a2d,2026-03-09T12:36:41Z,2026-03-09T12:36:41Z,0,0,True,True,none,,2026-06-17T15:11:43.541114+00:00,raw,too_few_words,Satu Malaysia,satu malaysia,2,13,0,False,True,0,0,0,BM,unknown,1,0,,False,False,rejected
YT_UgwrNoK1X4VK_1MSp7V4AaABAg,YouTube,top_level_comment,UgwrNoK1X4VK_1MSp7V4AaABAg,UgwrNoK1X4VK_1MSp7V4AaABAg,3Pk956RGn7o,10 MENU SCAM PALING PELIK DI BAZAR RAMADAN,Faktaw Channel,https://www.youtube.com/watch?v=3Pk956RGn7o,2025-03-22T08:00:02Z,festivals_national_events,Part 2 please 😂😂😂😂😂,f66d0555ae8d10ae86ff,2026-02-26T15:49:53Z,2026-02-26T15:49:53Z,0,0,True,True,none,,2026-06-17T15:11:43.541277+00:00,raw,too_few_words,Part 2 please 😂😂😂😂😂,part 2 please,3,19,5,False,True,0,0,0,EN,en,0,1,,False,False,rejected
YT_UgyBMPjEZFgPSGoCmxB4AaABAg,YouTube,top_level_comment,UgyBMPjEZFgPSGoCmxB4AaABAg,UgyBMPjEZFgPSGoCmxB4AaABAg,3Pk956RGn7o,10 MENU SCAM PALING PELIK DI BAZAR RAMADAN,Faktaw Channel,https://www.youtube.com/watch?v=3Pk956RGn7o,2025-03-22T08:00:02Z,festivals_national_events,Lawakkklaaaa ahahahaha,370911e67a090f009de8,2025-12-29T15:17:20Z,2025-12-29T15:17:20Z,0,0,True,True,none,,2026-06-17T15:11:43.541519+00:00,raw,too_few_words,Lawakkklaaaa ahahahaha,lawakkklaaaa ahahahaha,2,22,0,False,True,0,0,0,UNKNOWN,so,0,0,,False,False,rejected
YT_UgyDSTNLZVMByw3hKt54AaABAg,YouTube,top_level_comment,UgyDSTNLZVMByw3hKt54AaABAg,UgyDSTNLZVMByw3hKt54AaABAg,3Pk956RGn7o,10 MENU SCAM PALING PELIK DI BAZAR RAMADAN,Faktaw Channel,https://www.youtube.com/watch?v=3Pk956RGn7o,2025-03-22T08:00:02Z,festivals_national_events,Sepuluh youtube,f45829bfc332b15ef9ba,2025-12-14T08:26:26Z,2025-12-14T08:26:26Z,0,0,True,True,none,,2026-06-17T15:11:43.541542+00:00,raw,too_few_words,Sepuluh youtube,sepuluh youtube,2,15,0,False,True,0,0,0,BM,id,0,0,,False,False,rejected
YT_UgxixK7zjUza7LR3LvF4AaABAg,YouTube,top_level_comment,UgxixK7zjUza7LR3LvF4AaABAg,UgxixK7zjUza7LR3LvF4AaABAg,3Pk956RGn7o,10 MENU SCAM PALING PELIK DI BAZAR RAMADAN,Faktaw Channel,https://www.youtube.com/watch?v=3Pk956RGn7o,2025-03-22T08:00:02Z,festivals_national_events,Tepung Gundam???,e996a371ca5f37a5613c,2025-12-13T06:26:37Z,2025-12-13T06:26:37Z,0,0,True,True,none,,2026-06-17T15:11:43.541553+00:00,raw,too_few_words,Tepung Gundam??,tepung gundam,2,15,0,False,True,0,0,0,BM,id,0,0,,False,False,rejected
YT_UgyH7TdLccZjlkhxRXF4AaABAg,YouTube,top_level_comment,UgyH7TdLccZjlkhxRXF4AaABAg,UgyH7TdLccZjlkhxRXF4AaABAg,3Pk956RGn7o,10 MENU SCAM PALING PELIK DI BAZAR RAMADAN,Faktaw Channel,https://www.youtube.com/watch?v=3Pk956RGn7o,2025-03-22T08:00:02Z,festivals_national_events,Makanan timurr tengah,b24aa4d678815c4ece00,2025-11-26T08:02:01Z,2025-11-26T08:02:01Z,0,0,True,True,none,,2026-06-17T15:11:43.541622+00:00,raw,too_few_words,Makanan timurr tengah,makanan timurr tengah,3,21,0,False,True,0,0,0,BM,id,0,0,,False,False,rejected
YT_Ugy2j8e2FZ3r3TxrwBt4AaABAg,YouTube,top_level_comment,Ugy2j8e2FZ3r3TxrwBt4AaABAg,Ugy2j8e2FZ3r3TxrwBt4AaABAg,3Pk956RGn7o,10 MENU SCAM PALING PELIK DI BAZAR RAMADAN,Faktaw Channel,https://www.youtube.com/watch?v=3Pk956RGn7o,2025-03-22T08:00:02Z,festivals_national_events,Tepun cap gundam,94684ae179e71dfcc6cb,2025-11-16T22:48:38Z,2025-11-16T22:48:38Z,0,0,True,True,none,,2026-06-17T15:11:43.541743+00:00,raw,too_few_words,Tepun cap gundam,tepun cap gundam,3,16,0,False,True,0,0,0,BM,id,0,0,,False,False,rejected
YT_Ugw0xAk1zusVFCqTE6x4AaABAg,YouTube,top_level_comment,Ugw0xAk1zusVFCqTE6x4AaABAg,Ugw0xAk1zusVFCqTE6x4AaABAg,3Pk956RGn7o,10 MENU SCAM PALING PELIK DI BAZAR RAMADAN,Faktaw Channel,https://www.youtube.com/watch?v=3Pk956RGn7o,2025-03-22T08:00:02Z,festivals_national_events,Napak Ayam bejogek🤣🤣🤣🤣🤣🤣🤣🤣,5216b0f3080664aa61d4,2025-11-15T07:13:15Z,2025-11-15T07:13:15Z,0,0,True,True,none,,2026-06-17T15:11:43.541754+00:00,raw,too_few_words,Napak Ayam bejogek🤣🤣🤣🤣🤣🤣🤣🤣,napak ayam bejogek,3,26,8,False,True,0,0,0,BM,id,0,0,excessive_character_repetition,True,False,rejected
YT_UgzFuTgvCTNAFsA6EXZ4AaABAg,YouTube,top_level_comment,UgzFuTgvCTNAFsA6EXZ4AaABAg,UgzFuTgvCTNAFsA6EXZ4AaABAg,3Pk956RGn7o,10 MENU SCAM PALING PELIK DI BAZAR RAMADAN,Faktaw Channel,https://www.youtube.com/watch?v=3Pk956RGn7o,2025-03-22T08:00:02Z,festivals_national_events,saya suka kabonara,1a3ec8ea9cbe27206a76,2025-11-10T03:56:50Z,2025-11-10T03:56:50Z,0,0,True,True,none,,2026-06-17T15:11:43.541801+00:00,raw,too_few_words,saya suka kabonara,saya suka kabonara,3,18,0,False,True,0,0,0,BM,tl,1,0,,False,False,rejected
YT_UgzFZ5-VkaIEFuE6Zkd4AaABAg,YouTube,top_level_comment,UgzFZ5-VkaIEFuE6Zkd4AaABAg,UgzFZ5-VkaIEFuE6Zkd4AaABAg,3Pk956RGn7o,10 MENU SCAM PALING PELIK DI BAZAR RAMADAN,Faktaw Channel,https://www.youtube.com/watch?v=3Pk956RGn7o,2025-03-22T08:00:02Z,festivals_national_events,Rayaaaaaaaaa,cc9aede3b2679aff0b95,2025-07-07T01:24:30Z,2025-07-07T01:24:30Z,0,0,True,True,none,,2026-06-17T15:11:44.001962+00:00,raw,too_few_words,Rayaaaaaaaaa,rayaaaaaaaaa,1,12,0,False,True,0,0,0,UNKNOWN,unknown,0,0,excessive_character_repetition,True,False,rejected
YT_UgxHe-7BTQKUe5QxEnJ4AaABAg,YouTube,top_level_comment,UgxHe-7BTQKUe5QxEnJ4AaABAg,UgxHe-7BTQKUe5QxEnJ4AaABAg,3Pk956RGn7o,10 MENU SCAM PALING PELIK DI BAZAR RAMADAN,Faktaw Channel,https://www.youtube.com/watch?v=3Pk956RGn7o,2025-03-22T08:00:02Z,festivals_national_events,#faktawraya2025,285540d07b289c7175b9,2025-05-27T07:07:01Z,2025-05-27T07:07:01Z,0,0,True,True,none,,2026-06-17T15:11:44.002029+00:00,raw,too_few_words,faktawraya2025,faktawraya2025,1,14,0,False,True,0,0,1,UNKNOWN,unknown,0,0,,False,False,rejected
YT_UgywdyJK4ZKFCC64Oc54AaABAg,YouTube,top_level_comment,UgywdyJK4ZKFCC64Oc54AaABAg,UgywdyJK4ZKFCC64Oc54AaABAg,Yu37CmWLvK0,SATU MALAYSIA KENA SCAM MAKANAN DI BAZAR RAMADAN‼️ LELAKI SOUND PENIAGA BAZAAR,NuR MuHD,https://www.youtube.com/watch?v=Yu37CmWLvK0,2026-02-22T17:36:49Z,festivals_national_events,Menganiaya pembeli!,706294884895d2977e1c,2026-03-17T08:55:11Z,2026-03-17T08:55:11Z,0,0,True,True,none,,2026-06-17T15:11:44.741797+00:00,raw,too_few_words,Menganiaya pembeli!,menganiaya pembeli,2,19,0,False,True,0,0,0,BM,id,0,0,,False,False,rejected
YT_UgxVAXEklqZiS_N7uuJ4AaABAg,YouTube,top_level_comment,UgxVAXEklqZiS_N7uuJ4AaABAg,UgxVAXEklqZiS_N7uuJ4AaABAg,Yu37CmWLvK0,SATU MALAYSIA KENA SCAM MAKANAN DI BAZAR RAMADAN‼️ LELAKI SOUND PENIAGA BAZAAR,NuR MuHD,https://www.youtube.com/watch?v=Yu37CmWLvK0,2026-02-22T17:36:49Z,festivals_national_events,Bubur nasi kosong🤭🤭,7949bf1de311b18267a0,2026-03-13T08:12:40Z,2026-03-13T08:12:40Z,0,0,True,True,none,,2026-06-17T15:11:44.741938+00:00,raw,too_few_words,Bubur nasi kosong🤭🤭,bubur nasi kosong,3,19,2,False,True,0,0,0,UNKNOWN,tl,0,0,,False,False,rejected
YT_UgxBdw0Ny53ZaGS7Ejd4AaABAg,YouTube,top_level_comment,UgxBdw0Ny53ZaGS7Ejd4AaABAg,UgxBdw0Ny53ZaGS7Ejd4AaABAg,Yu37CmWLvK0,SATU MALAYSIA KENA SCAM MAKANAN DI BAZAR RAMADAN‼️ LELAKI SOUND PENIAGA BAZAAR,NuR MuHD,https://www.youtube.com/watch?v=Yu37CmWLvK0,2026-02-22T17:36:49Z,festivals_national_events,Dasar tak jujur,f81c3ee904e3fdb0b554,2026-02-28T04:24:35Z,2026-02-28T04:24:35Z,0,0,True,True,none,,2026-06-17T15:11:44.743084+00:00,raw,too_few_words,Dasar tak jujur,dasar tak jujur,3,15,0,False,True,0,0,0,BM,id,1,0,,False,False,rejected
YT_UgzvZXa8qbtFiSgJajN4AaABAg,YouTube,top_level_comment,UgzvZXa8qbtFiSgJajN4AaABAg,UgzvZXa8qbtFiSgJajN4AaABAg,Yu37CmWLvK0,SATU MALAYSIA KENA SCAM MAKANAN DI BAZAR RAMADAN‼️ LELAKI SOUND PENIAGA BAZAAR,NuR MuHD,https://www.youtube.com/watch?v=Yu37CmWLvK0,2026-02-22T17:36:49Z,festivals_national_events,Ujian Ramadan,5951b5ec74d3c007f629,2026-02-27T14:23:14Z,2026-02-27T14:23:14Z,0,0,True,True,none,,2026-06-17T15:11:44.743299+00:00,raw,too_few_words,Ujian Ramadan,ujian ramadan,2,13,0,False,True,0,0,0,UNKNOWN,unknown,0,0,,False,False,rejected
YT_UgyJiephnp0HLvF7C8d4AaABAg,YouTube,top_level_comment,UgyJiephnp0HLvF7C8d4AaABAg,UgyJiephnp0HLvF7C8d4AaABAg,bjYbNs8TvLc,[PENUH] Perkembangan Terkini Proses Cerapan Anak Bulan Syawal | 19 Mac 2026,Buletin TV3,https://www.youtube.com/watch?v=bjYbNs8TvLc,2026-03-19T10:26:41Z,festivals_national_events,❤hari Sabtu raya,f7b0e870dd0d71d14120,2026-03-19T17:10:50Z,2026-03-19T17:10:50Z,1,0,True,True,none,,2026-06-17T15:11:44.347805+00:00,raw,too_few_words,❤hari Sabtu raya,hari sabtu raya,3,16,1,False,True,0,0,0,UNKNOWN,so,0,0,,False,False,rejected
YT_UgwXGBpLDWt2x4Vjdoh4AaABAg,YouTube,top_level_comment,UgwXGBpLDWt2x4Vjdoh4AaABAg,UgwXGBpLDWt2x4Vjdoh4AaABAg,bjYbNs8TvLc,[PENUH] Perkembangan Terkini Proses Cerapan Anak Bulan Syawal | 19 Mac 2026,Buletin TV3,https://www.youtube.com/watch?v=bjYbNs8TvLc,2026-03-19T10:26:41Z,festivals_national_events,Alhamdulillah salam sejahtera.😊😮🎉❤❤❤❤,cbcd0a5295abe3f28b6d,2026-03-19T12:06:15Z,2026-03-19T12:06:15Z,2,0,True,True,none,,2026-06-17T15:11:44.347989+00:00,raw,too_few_words,Alhamdulillah salam sejahtera.😊😮🎉❤❤❤❤,alhamdulillah salam sejahtera,3,37,7,False,True,0,0,0,BM,id,0,0,,False,False,rejected
YT_UgykGjQOcFzdNBtguQJ4AaABAg,YouTube,top_level_comment,UgykGjQOcFzdNBtguQJ4AaABAg,UgykGjQOcFzdNBtguQJ4AaABAg,bjYbNs8TvLc,[PENUH] Perkembangan Terkini Proses Cerapan Anak Bulan Syawal | 19 Mac 2026,Buletin TV3,https://www.youtube.com/watch?v=bjYbNs8TvLc,2026-03-19T10:26:41Z,festivals_national_events,"Niihau off labuan???,😂😂😂",f2b3cd8ac60a905e5d79,2026-03-19T12:05:54Z,2026-03-19T12:05:54Z,1,0,True,True,none,,2026-06-17T15:11:44.348001+00:00,raw,too_few_words,"Niihau off labuan??,😂😂😂",niihau off labuan,3,23,3,False,True,0,0,0,UNKNOWN,cy,0,0,,False,False,rejected
YT_Ugz4lrWKYwHhGJtp85l4AaABAg,YouTube,top_level_comment,Ugz4lrWKYwHhGJtp85l4AaABAg,Ugz4lrWKYwHhGJtp85l4AaABAg,bjYbNs8TvLc,[PENUH] Perkembangan Terkini Proses Cerapan Anak Bulan Syawal | 19 Mac 2026,Buletin TV3,https://www.youtube.com/watch?v=bjYbNs8TvLc,2026-03-19T10:26:41Z,festivals_national_events,Sabtu Raya 🤲,77e0e1f15c47a8ee4ae6,2026-03-19T11:51:45Z,2026-03-19T11:51:45Z,1,0,True,True,none,,2026-06-17T15:11:44.348163+00:00,raw,too_few_words,Sabtu Raya 🤲,sabtu raya,2,12,1,False,True,0,0,0,UNKNOWN,unknown,0,0,,False,True,rejected
YT_Ugy0l1uSQfDzEt_IyjZ4AaABAg,YouTube,top_level_comment,Ugy0l1uSQfDzEt_IyjZ4AaABAg,Ugy0l1uSQfDzEt_IyjZ4AaABAg,bjYbNs8TvLc,[PENUH] Perkembangan Terkini Proses Cerapan Anak Bulan Syawal | 19 Mac 2026,Buletin TV3,https://www.youtube.com/watch?v=bjYbNs8TvLc,2026-03-19T10:26:41Z,festivals_national_events,Esok Raya ✊🏻,594b0b30d606125df020,2026-03-19T11:46:24Z,2026-03-19T11:46:24Z,1,0,True,True,none,,2026-06-17T15:11:44.348174+00:00,raw,too_few_words,Esok Raya ✊🏻,esok raya,2,12,1,False,True,0,0,0,UNKNOWN,unknown,0,0,,False,False,rejected
YT_Ugx6A1wyUMC6g75VeTR4AaABAg,YouTube,top_level_comment,Ugx6A1wyUMC6g75VeTR4AaABAg,Ugx6A1wyUMC6g75VeTR4AaABAg,bjYbNs8TvLc,[PENUH] Perkembangan Terkini Proses Cerapan Anak Bulan Syawal | 19 Mac 2026,Buletin TV3,https://www.youtube.com/watch?v=bjYbNs8TvLc,2026-03-19T10:26:41Z,festivals_national_events,Conperm 22hb,46ea3229744c2f5b36f2,2026-03-19T11:44:52Z,2026-03-19T11:44:52Z,1,0,True,True,none,,2026-06-17T15:11:44.348197+00:00,raw,too_few_words,Conperm 22hb,conperm 22hb,2,12,0,False,True,0,0,0,UNKNOWN,unknown,0,0,,False,False,rejected
YT_Ugzd7TwX6Mq_lieLsEV4AaABAg,YouTube,top_level_comment,Ugzd7TwX6Mq_lieLsEV4AaABAg,Ugzd7TwX6Mq_lieLsEV4AaABAg,bjYbNs8TvLc,[PENUH] Perkembangan Terkini Proses Cerapan Anak Bulan Syawal | 19 Mac 2026,Buletin TV3,https://www.youtube.com/watch?v=bjYbNs8TvLc,2026-03-19T10:26:41Z,festivals_national_events,Mesti jumaat,1fd19df82f6521b2c8ac,2026-03-19T11:33:19Z,2026-03-19T11:33:19Z,2,0,True,True,none,,2026-06-17T15:11:44.348262+00:00,raw,too_few_words,Mesti jumaat,mesti jumaat,2,12,0,False,True,0,0,0,UNKNOWN,unknown,0,0,,False,False,rejected
YT_UgxyNzaxm5NvvjpXxTZ4AaABAg,YouTube,top_level_comment,UgxyNzaxm5NvvjpXxTZ4AaABAg,UgxyNzaxm5NvvjpXxTZ4AaABAg,bjYbNs8TvLc,[PENUH] Perkembangan Terkini Proses Cerapan Anak Bulan Syawal | 19 Mac 2026,Buletin TV3,https://www.youtube.com/watch?v=bjYbNs8TvLc,2026-03-19T10:26:41Z,festivals_national_events,21 raya... Kompom,7e506c87635dbf5bc7a2,2026-03-19T11:07:55Z,2026-03-19T11:07:55Z,5,10,True,True,none,,2026-06-17T15:11:44.348353+00:00,raw,too_few_words,21 raya.. Kompom,21 raya kompom,3,16,0,False,True,0,0,0,BM,id,0,0,,False,False,rejected
YT_UgxUnjtKmD66uF5KV0R4AaABAg,YouTube,top_level_comment,UgxUnjtKmD66uF5KV0R4AaABAg,UgxUnjtKmD66uF5KV0R4AaABAg,bjYbNs8TvLc,[PENUH] Perkembangan Terkini Proses Cerapan Anak Bulan Syawal | 19 Mac 2026,Buletin TV3,https://www.youtube.com/watch?v=bjYbNs8TvLc,2026-03-19T10:26:41Z,festivals_national_events,Berdebar plk rasa😂,2d6b994c23afd34e08f5,2026-03-19T10:52:55Z,2026-03-19T10:52:55Z,12,1,True,True,none,,2026-06-17T15:11:44.348377+00:00,raw,too_few_words,Berdebar plk rasa😂,berdebar plk rasa,3,18,1,False,True,0,0,0,BM,id,0,0,,False,False,rejected
YT_UgzsTrRcpxrslv_6JJF4AaABAg,YouTube,top_level_comment,UgzsTrRcpxrslv_6JJF4AaABAg,UgzsTrRcpxrslv_6JJF4AaABAg,hc8RMN2hnnQ,[LANGSUNG] Pengumuman Hari Raya Aidilfitri 2026/1447H  | 19 Mac 2026,Astro AWANI,https://www.youtube.com/watch?v=hc8RMN2hnnQ,2026-03-19T12:16:11Z,festivals_national_events,Alhamdulillah 🤲,2998d506ccfb9d52e8e5,2026-03-19T13:41:53Z,2026-03-19T13:41:53Z,0,0,True,True,none,,2026-06-17T15:11:42.763591+00:00,raw,too_few_words,Alhamdulillah 🤲,alhamdulillah,1,15,1,False,True,0,0,0,UNKNOWN,so,0,0,,False,True,rejected
YT_UgwXeiIJMJo08w-b0O54AaABAg,YouTube,top_level_comment,UgwXeiIJMJo08w-b0O54AaABAg,UgwXeiIJMJo08w-b0O54AaABAg,hc8RMN2hnnQ,[LANGSUNG] Pengumuman Hari Raya Aidilfitri 2026/1447H  | 19 Mac 2026,Astro AWANI,https://www.youtube.com/watch?v=hc8RMN2hnnQ,2026-03-19T12:16:11Z,festivals_national_events,Bila pengumuman nya?,b55539b0862ac76f2ba1,2026-03-19T12:31:55Z,2026-03-19T12:31:55Z,0,1,True,True,none,,2026-06-17T15:11:42.763698+00:00,raw,too_few_words,Bila pengumuman nya?,bila pengumuman nya,3,20,0,False,True,0,0,0,BM,id,0,0,,False,False,rejected
YT_UgwGyUmi6eLYM5k2M3N4AaABAg,YouTube,top_level_comment,UgwGyUmi6eLYM5k2M3N4AaABAg,UgwGyUmi6eLYM5k2M3N4AaABAg,hc8RMN2hnnQ,[LANGSUNG] Pengumuman Hari Raya Aidilfitri 2026/1447H  | 19 Mac 2026,Astro AWANI,https://www.youtube.com/watch?v=hc8RMN2hnnQ,2026-03-19T12:16:11Z,festivals_national_events,Ahad baru Raya,b55539b0862ac76f2ba1,2026-03-19T12:19:52Z,2026-03-19T12:19:52Z,0,1,True,True,none,,2026-06-17T15:11:42.763906+00:00,raw,too_few_words,Ahad baru Raya,ahad baru raya,3,14,0,False,True,0,0,0,UNKNOWN,unknown,0,0,,False,False,rejected
YT_UgzhJVeng6kCgTGVO3p4AaABAg,YouTube,top_level_comment,UgzhJVeng6kCgTGVO3p4AaABAg,UgzhJVeng6kCgTGVO3p4AaABAg,hc8RMN2hnnQ,[LANGSUNG] Pengumuman Hari Raya Aidilfitri 2026/1447H  | 19 Mac 2026,Astro AWANI,https://www.youtube.com/watch?v=hc8RMN2hnnQ,2026-03-19T12:16:11Z,festivals_national_events,Jumaat raya2..,5bf1b2871260f9b93383,2026-03-19T12:18:48Z,2026-03-19T12:18:48Z,0,1,True,True,none,,2026-06-17T15:11:42.763950+00:00,raw,too_few_words,Jumaat raya2..,jumaat raya2,2,14,0,False,True,0,0,0,UNKNOWN,unknown,0,0,,False,False,rejected
YT_Ugx-NjnMvOULkjcHxnx4AaABAg,YouTube,top_level_comment,Ugx-NjnMvOULkjcHxnx4AaABAg,Ugx-NjnMvOULkjcHxnx4AaABAg,hc8RMN2hnnQ,[LANGSUNG] Pengumuman Hari Raya Aidilfitri 2026/1447H  | 19 Mac 2026,Astro AWANI,https://www.youtube.com/watch?v=hc8RMN2hnnQ,2026-03-19T12:16:11Z,festivals_national_events,Jumaat ni wei,7d13aeee223eab8cbd2d,2026-03-19T12:17:35Z,2026-03-19T12:17:35Z,0,1,True,True,none,,2026-06-17T15:11:42.764045+00:00,raw,too_few_words,Jumaat ni wei,jumaat ni wei,3,13,0,False,True,0,0,0,UNKNOWN,unknown,0,0,,False,False,rejected
YT_UgxTHAueFVoKW5Yu83J4AaABAg,YouTube,top_level_comment,UgxTHAueFVoKW5Yu83J4AaABAg,UgxTHAueFVoKW5Yu83J4AaABAg,hc8RMN2hnnQ,[LANGSUNG] Pengumuman Hari Raya Aidilfitri 2026/1447H  | 19 Mac 2026,Astro AWANI,https://www.youtube.com/watch?v=hc8RMN2hnnQ,2026-03-19T12:16:11Z,festivals_national_events,sabtu rayaaaaaaa 😍,1eeed131c1e55be978db,2026-03-19T12:17:14Z,2026-03-19T12:17:14Z,1,0,True,True,none,,2026-06-17T15:11:42.764057+00:00,raw,too_few_words,sabtu rayaaaaaaa 😍,sabtu rayaaaaaaa,2,18,1,False,True,0,0,0,UNKNOWN,so,0,0,,False,False,rejected
YT_UgzHzIC5JNFcZ8wPa094AaABAg,YouTube,top_level_comment,UgzHzIC5JNFcZ8wPa094AaABAg,UgzHzIC5JNFcZ8wPa094AaABAg,hc8RMN2hnnQ,[LANGSUNG] Pengumuman Hari Raya Aidilfitri 2026/1447H  | 19 Mac 2026,Astro AWANI,https://www.youtube.com/watch?v=hc8RMN2hnnQ,2026-03-19T12:16:11Z,festivals_national_events,SABTU..ALHAMDULILLAH,1f3a9c1268b4830abcda,2026-03-19T12:16:36Z,2026-03-19T12:16:36Z,13,0,True,True,none,,2026-06-17T15:11:42.764094+00:00,raw,too_few_words,SABTU..ALHAMDULILLAH,sabtu alhamdulillah,2,20,0,False,True,0,0,0,UNKNOWN,tl,0,0,,False,False,rejected
YT_UgzBHd5s_rkGiRA3gUV4AaABAg,YouTube,top_level_comment,UgzBHd5s_rkGiRA3gUV4AaABAg,UgzBHd5s_rkGiRA3gUV4AaABAg,hc8RMN2hnnQ,[LANGSUNG] Pengumuman Hari Raya Aidilfitri 2026/1447H  | 19 Mac 2026,Astro AWANI,https://www.youtube.com/watch?v=hc8RMN2hnnQ,2026-03-19T12:16:11Z,festivals_national_events,Esok raya❤❤❤,1222a3497a336b5a7fe0,2026-03-19T12:15:03Z,2026-03-19T12:15:03Z,1,2,True,True,none,,2026-06-17T15:11:42.764162+00:00,raw,too_few_words,Esok raya❤❤❤,esok raya,2,12,3,False,True,0,0,0,UNKNOWN,unknown,0,0,,False,True,rejected
YT_UgzQOwrowC7Nl5GK2894AaABAg,YouTube,top_level_comment,UgzQOwrowC7Nl5GK2894AaABAg,UgzQOwrowC7Nl5GK2894AaABAg,pByBSEMjiyo,MENJELANG AIDILFITRI | PM Umum Cuti Tambahan Sehari Sambut Hari Raya Aidilfitri,Buletin TV3,https://www.youtube.com/watch?v=pByBSEMjiyo,2026-03-15T05:40:33Z,festivals_national_events,March 2026 15,b48d76038aaea198c11d,2026-05-05T11:16:52Z,2026-05-05T11:16:52Z,1,0,True,True,none,,2026-06-17T15:11:43.138270+00:00,raw,too_few_words,March 2026 15,march 2026 15,3,13,0,False,True,0,0,0,UNKNOWN,unknown,0,0,,False,False,rejected
YT_Ugx0_WlOUaMw7WfC5XF4AaABAg,YouTube,top_level_comment,Ugx0_WlOUaMw7WfC5XF4AaABAg,Ugx0_WlOUaMw7WfC5XF4AaABAg,pByBSEMjiyo,MENJELANG AIDILFITRI | PM Umum Cuti Tambahan Sehari Sambut Hari Raya Aidilfitri,Buletin TV3,https://www.youtube.com/watch?v=pByBSEMjiyo,2026-03-15T05:40:33Z,festivals_national_events,Naiseee 🥳🥳🥳🥳,faf69f5cc77c9cf83c41,2026-03-15T09:19:21Z,2026-03-15T09:19:21Z,2,0,True,True,none,,2026-06-17T15:11:43.138740+00:00,raw,too_few_words,Naiseee 🥳🥳🥳🥳,naiseee,1,12,4,False,True,0,0,0,UNKNOWN,unknown,0,0,,False,False,rejected
YT_UgxPDENEAiJfcnz9Q2h4AaABAg,YouTube,top_level_comment,UgxPDENEAiJfcnz9Q2h4AaABAg,UgxPDENEAiJfcnz9Q2h4AaABAg,pByBSEMjiyo,MENJELANG AIDILFITRI | PM Umum Cuti Tambahan Sehari Sambut Hari Raya Aidilfitri,Buletin TV3,https://www.youtube.com/watch?v=pByBSEMjiyo,2026-03-15T05:40:33Z,festivals_national_events,Congrats Malaysia..👍😊👍🇲🇾,a2bd6abae41fd38453a6,2026-03-15T08:20:41Z,2026-03-15T08:20:41Z,2,0,True,True,none,,2026-06-17T15:11:43.138847+00:00,raw,too_few_words,Congrats Malaysia..👍😊👍🇲🇾,congrats malaysia,2,24,4,False,True,0,0,0,BM,tl,1,0,,False,False,rejected
YT_UgxSiCP_-cQ9o1ZftS94AaABAg,YouTube,top_level_comment,UgxSiCP_-cQ9o1ZftS94AaABAg,UgxSiCP_-cQ9o1ZftS94AaABAg,pByBSEMjiyo,MENJELANG AIDILFITRI | PM Umum Cuti Tambahan Sehari Sambut Hari Raya Aidilfitri,Buletin TV3,https://www.youtube.com/watch?v=pByBSEMjiyo,2026-03-15T05:40:33Z,festivals_national_events,Cuti 2 Malaysia,6bd7312f449786cc700c,2026-03-15T07:44:52Z,2026-03-15T07:44:52Z,0,0,True,True,none,,2026-06-17T15:11:43.138952+00:00,raw,too_few_words,Cuti 2 Malaysia,cuti 2 malaysia,3,15,0,False,True,0,0,0,BM,id,1,0,,False,False,rejected
YT_UgyXPc8zAG6HRSHJSM94AaABAg,YouTube,top_level_comment,UgyXPc8zAG6HRSHJSM94AaABAg,UgyXPc8zAG6HRSHJSM94AaABAg,pByBSEMjiyo,MENJELANG AIDILFITRI | PM Umum Cuti Tambahan Sehari Sambut Hari Raya Aidilfitri,Buletin TV3,https://www.youtube.com/watch?v=pByBSEMjiyo,2026-03-15T05:40:33Z,festivals_national_events,Pm masuk air,c6b2093489b0b498f8e6,2026-03-15T07:17:19Z,2026-03-15T07:17:19Z,0,0,True,True,none,,2026-06-17T15:11:43.138989+00:00,raw,too_few_words,Pm masuk air,pm masuk air,3,12,0,False,True,0,0,0,UNKNOWN,unknown,0,0,,False,False,rejected
YT_UgyNOGRhDpOCLhwpkPl4AaABAg,YouTube,top_level_comment,UgyNOGRhDpOCLhwpkPl4AaABAg,UgyNOGRhDpOCLhwpkPl4AaABAg,pByBSEMjiyo,MENJELANG AIDILFITRI | PM Umum Cuti Tambahan Sehari Sambut Hari Raya Aidilfitri,Buletin TV3,https://www.youtube.com/watch?v=pByBSEMjiyo,2026-03-15T05:40:33Z,festivals_national_events,Terima kasih pmx 🤩🤩🤩,abc7259225a596d48b0f,2026-03-15T05:42:53Z,2026-03-15T05:42:53Z,2,0,True,True,none,,2026-06-17T15:11:43.139137+00:00,raw,too_few_words,Terima kasih pmx 🤩🤩🤩,terima kasih pmx,3,20,3,False,True,0,0,0,BM,id,0,0,,False,False,rejected
YT_UgznqW__nwNqsBgUQTN4AaABAg,YouTube,top_level_comment,UgznqW__nwNqsBgUQTN4AaABAg,UgznqW__nwNqsBgUQTN4AaABAg,qlQj6Zlgc-M,MyDigital ID akan diwajibkan untuk akses aplikasi MyJPJ & MyBayar PDRM!,SoyaCincau BM,https://www.youtube.com/watch?v=qlQj6Zlgc-M,2025-08-27T12:39:08Z,technology_digital_services,MENYUSAHKAN.....,43ea7a70bb19b5dd1813,2026-05-26T07:20:48Z,2026-05-26T07:20:48Z,1,0,True,True,none,,2026-06-17T15:11:45.563031+00:00,raw,too_few_words,MENYUSAHKAN..,menyusahkan,1,13,0,False,True,0,0,0,UNKNOWN,unknown,0,0,,False,False,rejected
YT_UgyUzRVCbD8EWumQM4p4AaABAg,YouTube,top_level_comment,UgyUzRVCbD8EWumQM4p4AaABAg,UgyUzRVCbD8EWumQM4p4AaABAg,qlQj6Zlgc-M,MyDigital ID akan diwajibkan untuk akses aplikasi MyJPJ & MyBayar PDRM!,SoyaCincau BM,https://www.youtube.com/watch?v=qlQj6Zlgc-M,2025-08-27T12:39:08Z,technology_digital_services,Menyusahkan kan,2799a490c496eb5a37ca,2026-05-24T00:32:52Z,2026-05-24T00:32:52Z,0,0,True,True,none,,2026-06-17T15:11:45.563080+00:00,raw,too_few_words,Menyusahkan kan,menyusahkan kan,2,15,0,False,True,0,0,0,BM,id,1,0,,False,False,rejected
YT_UgzkE6FCQfVC2QhwU3Z4AaABAg,YouTube,top_level_comment,UgzkE6FCQfVC2QhwU3Z4AaABAg,UgzkE6FCQfVC2QhwU3Z4AaABAg,qlQj6Zlgc-M,MyDigital ID akan diwajibkan untuk akses aplikasi MyJPJ & MyBayar PDRM!,SoyaCincau BM,https://www.youtube.com/watch?v=qlQj6Zlgc-M,2025-08-27T12:39:08Z,technology_digital_services,Saya taka mdgid,26627a2a141b50efdabe,2026-05-06T11:45:32Z,2026-05-06T11:45:32Z,0,0,True,True,none,,2026-06-17T15:11:45.563181+00:00,raw,too_few_words,Saya taka mdgid,saya taka mdgid,3,15,0,False,True,0,0,0,BM,sw,1,0,,False,False,rejected
YT_UgxoITaOovt6FyFtcUt4AaABAg,YouTube,top_level_comment,UgxoITaOovt6FyFtcUt4AaABAg,UgxoITaOovt6FyFtcUt4AaABAg,qlQj6Zlgc-M,MyDigital ID akan diwajibkan untuk akses aplikasi MyJPJ & MyBayar PDRM!,SoyaCincau BM,https://www.youtube.com/watch?v=qlQj6Zlgc-M,2025-08-27T12:39:08Z,technology_digital_services,Bocor la data,861dbc373dfb532ad667,2026-05-02T04:08:50Z,2026-05-02T04:08:50Z,1,0,True,True,none,,2026-06-17T15:11:45.563325+00:00,raw,too_few_words,Bocor la data,bocor la data,3,13,0,False,True,0,0,0,UNKNOWN,unknown,0,0,,False,False,rejected
YT_UgxFdmhbgSDv50UEttN4AaABAg,YouTube,top_level_comment,UgxFdmhbgSDv50UEttN4AaABAg,UgxFdmhbgSDv50UEttN4AaABAg,qlQj6Zlgc-M,MyDigital ID akan diwajibkan untuk akses aplikasi MyJPJ & MyBayar PDRM!,SoyaCincau BM,https://www.youtube.com/watch?v=qlQj6Zlgc-M,2025-08-27T12:39:08Z,technology_digital_services,Menyusahkan...,b853b96ac950ee7953d7,2026-04-16T12:43:15Z,2026-04-16T12:43:15Z,0,0,True,True,none,,2026-06-17T15:11:45.563451+00:00,raw,too_few_words,Menyusahkan..,menyusahkan,1,13,0,False,True,0,0,0,UNKNOWN,unknown,0,0,,False,True,rejected
YT_Ugzshfvsd1k5xU-XpG54AaABAg,YouTube,top_level_comment,Ugzshfvsd1k5xU-XpG54AaABAg,Ugzshfvsd1k5xU-XpG54AaABAg,qlQj6Zlgc-M,MyDigital ID akan diwajibkan untuk akses aplikasi MyJPJ & MyBayar PDRM!,SoyaCincau BM,https://www.youtube.com/watch?v=qlQj6Zlgc-M,2025-08-27T12:39:08Z,technology_digital_services,pelan2 jadi wajib...😅😅😅😅,37abce4e21d51e3f4f0f,2026-02-19T06:43:26Z,2026-02-19T06:43:26Z,1,0,True,True,none,,2026-06-17T15:11:45.563623+00:00,raw,too_few_words,pelan2 jadi wajib..😅😅😅😅,pelan2 jadi wajib,3,23,4,False,True,0,0,0,BM,id,0,0,,False,False,rejected
YT_UgyueiNgKDGh6ze34U14AaABAg,YouTube,top_level_comment,UgyueiNgKDGh6ze34U14AaABAg,UgyueiNgKDGh6ze34U14AaABAg,L-iPwc5b3oI,Malaysia rolls out the welcome mat for first tourists of 2026,The Star,https://www.youtube.com/watch?v=L-iPwc5b3oI,2026-01-01T05:54:35Z,tourism_lifestyle_events,Clever strategy,d23abc556557e1b689ee,2026-01-02T02:26:46Z,2026-01-02T02:26:46Z,0,0,True,True,none,,2026-06-17T15:11:45.906414+00:00,raw,too_few_words,Clever strategy,clever strategy,2,15,0,False,True,0,0,0,UNKNOWN,da,0,0,,False,False,rejected
YT_UgzpfSWGZp355WqqX3N4AaABAg,YouTube,top_level_comment,UgzpfSWGZp355WqqX3N4AaABAg,UgzpfSWGZp355WqqX3N4AaABAg,L-iPwc5b3oI,Malaysia rolls out the welcome mat for first tourists of 2026,The Star,https://www.youtube.com/watch?v=L-iPwc5b3oI,2026-01-01T05:54:35Z,tourism_lifestyle_events,Fountain fixed?,2653b656ad4185e87586,2026-01-01T15:59:09Z,2026-01-01T15:59:09Z,0,0,True,True,none,,2026-06-17T15:11:45.906536+00:00,raw,too_few_words,Fountain fixed?,fountain fixed,2,15,0,False,True,0,0,0,EN,en,0,0,,False,False,rejected
YT_UgwIsgrAb9PHRD9U9fF4AaABAg,YouTube,top_level_comment,UgwIsgrAb9PHRD9U9fF4AaABAg,UgwIsgrAb9PHRD9U9fF4AaABAg,L-iPwc5b3oI,Malaysia rolls out the welcome mat for first tourists of 2026,The Star,https://www.youtube.com/watch?v=L-iPwc5b3oI,2026-01-01T05:54:35Z,tourism_lifestyle_events,Tiong Tiong Tiong 😂😂,aa8d850b7f83e938a527,2026-01-01T12:46:36Z,2026-01-01T12:46:36Z,4,0,True,True,none,,2026-06-17T15:11:45.906625+00:00,raw,too_few_words,Tiong Tiong Tiong 😂😂,tiong tiong tiong,3,20,2,False,True,0,0,0,UNKNOWN,tl,0,0,,False,False,rejected
YT_UgxmhPwu9QIZIz9iohB4AaABAg,YouTube,top_level_comment,UgxmhPwu9QIZIz9iohB4AaABAg,UgxmhPwu9QIZIz9iohB4AaABAg,L-iPwc5b3oI,Malaysia rolls out the welcome mat for first tourists of 2026,The Star,https://www.youtube.com/watch?v=L-iPwc5b3oI,2026-01-01T05:54:35Z,tourism_lifestyle_events,MENTERI kaki mabok?,c45b3b0004da6c3059b6,2026-01-01T10:31:19Z,2026-01-01T10:31:19Z,5,2,True,True,none,,2026-06-17T15:11:45.906740+00:00,raw,too_few_words,MENTERI kaki mabok?,menteri kaki mabok,3,19,0,False,True,0,0,0,UNKNOWN,sw,0,0,,False,False,rejected
YT_UgyudT3-yuMH6JKaRBF4AaABAg,YouTube,top_level_comment,UgyudT3-yuMH6JKaRBF4AaABAg,UgyudT3-yuMH6JKaRBF4AaABAg,L-iPwc5b3oI,Malaysia rolls out the welcome mat for first tourists of 2026,The Star,https://www.youtube.com/watch?v=L-iPwc5b3oI,2026-01-01T05:54:35Z,tourism_lifestyle_events,ehh idup lg...😅,dccdfd39e086630dbcbe,2026-01-01T07:25:45Z,2026-01-01T07:25:45Z,3,0,True,True,none,,2026-06-17T15:11:45.906911+00:00,raw,too_few_words,ehh idup lg..😅,ehh idup lg,3,14,1,False,True,0,0,0,UNKNOWN,unknown,0,0,,False,False,rejected
YT_Ugx8RXxVR4qOWfsLAu14AaABAg,YouTube,top_level_comment,Ugx8RXxVR4qOWfsLAu14AaABAg,Ugx8RXxVR4qOWfsLAu14AaABAg,L-iPwc5b3oI,Malaysia rolls out the welcome mat for first tourists of 2026,The Star,https://www.youtube.com/watch?v=L-iPwc5b3oI,2026-01-01T05:54:35Z,tourism_lifestyle_events,Smile more everyone…,0dddb6eb6f5df787f4ed,2026-01-01T07:03:10Z,2026-01-01T07:03:10Z,18,0,True,True,none,,2026-06-17T15:11:45.906945+00:00,raw,too_few_words,Smile more everyone..,smile more everyone,3,21,0,False,True,0,0,0,EN,en,0,0,,False,False,rejected
YT_UgxMbn38ZwMqlan7mBN4AaABAg,YouTube,top_level_comment,UgxMbn38ZwMqlan7mBN4AaABAg,UgxMbn38ZwMqlan7mBN4AaABAg,L-iPwc5b3oI,Malaysia rolls out the welcome mat for first tourists of 2026,The Star,https://www.youtube.com/watch?v=L-iPwc5b3oI,2026-01-01T05:54:35Z,tourism_lifestyle_events,Free sambal belacan?? 😁😁😁😁,7d5e4de738cb87311b22,2026-01-01T06:56:31Z,2026-01-01T06:56:31Z,6,0,True,True,none,,2026-06-17T15:11:45.906956+00:00,raw,too_few_words,Free sambal belacan?? 😁😁😁😁,free sambal belacan,3,26,4,False,True,0,0,0,BM,id,0,0,,False,False,rejected
YT_UgzkWQAezNTkHVIphYJ4AaABAg,YouTube,top_level_comment,UgzkWQAezNTkHVIphYJ4AaABAg,UgzkWQAezNTkHVIphYJ4AaABAg,Wk-HcKtIaGY,Are We About to See a Chinese Tourist Boom in Malaysia?,Ziet Invests,https://www.youtube.com/watch?v=Wk-HcKtIaGY,2026-02-12T11:00:42Z,tourism_lifestyle_events,Rise of Malaysia.,4f5c14d59b301a950141,2026-02-28T01:08:54Z,2026-02-28T01:08:54Z,1,0,True,True,none,,2026-06-17T15:11:46.187470+00:00,raw,too_few_words,Rise of Malaysia.,rise of malaysia,3,17,0,False,True,0,0,0,BM,en,1,0,,False,False,rejected
YT_Ugy0yZkjJPvGLGO2hVF4AaABAg,YouTube,top_level_comment,Ugy0yZkjJPvGLGO2hVF4AaABAg,Ugy0yZkjJPvGLGO2hVF4AaABAg,Wk-HcKtIaGY,Are We About to See a Chinese Tourist Boom in Malaysia?,Ziet Invests,https://www.youtube.com/watch?v=Wk-HcKtIaGY,2026-02-12T11:00:42Z,tourism_lifestyle_events,Good content,cdf2e9a932aa4cef75ad,2026-02-17T03:51:38Z,2026-02-17T03:51:38Z,3,1,True,True,none,,2026-06-17T15:11:46.187655+00:00,raw,too_few_words,Good content,good content,2,12,0,False,True,0,0,0,EN,unknown,0,1,,False,False,rejected
YT_Ugy-vVBjh7PJc90OGbl4AaABAg,YouTube,top_level_comment,Ugy-vVBjh7PJc90OGbl4AaABAg,Ugy-vVBjh7PJc90OGbl4AaABAg,Wk-HcKtIaGY,Are We About to See a Chinese Tourist Boom in Malaysia?,Ziet Invests,https://www.youtube.com/watch?v=Wk-HcKtIaGY,2026-02-12T11:00:42Z,tourism_lifestyle_events,Welcome to malaysia,e7e1e9ea1d330308861a,2026-02-13T23:14:25Z,2026-02-13T23:14:25Z,2,0,True,True,none,,2026-06-17T15:11:46.187867+00:00,raw,too_few_words,Welcome to malaysia,welcome to malaysia,3,19,0,False,True,0,0,0,BM,en,1,0,,False,False,rejected
YT_UgzGT7qdyQvFtzFhqOR4AaABAg,YouTube,top_level_comment,UgzGT7qdyQvFtzFhqOR4AaABAg,UgzGT7qdyQvFtzFhqOR4AaABAg,Wk-HcKtIaGY,Are We About to See a Chinese Tourist Boom in Malaysia?,Ziet Invests,https://www.youtube.com/watch?v=Wk-HcKtIaGY,2026-02-12T11:00:42Z,tourism_lifestyle_events,Ayuh Malaysia!🇲🇾🇲🇾,5e3eaed4b4ad2ba9e236,2026-02-12T13:04:54Z,2026-02-12T13:04:54Z,4,0,True,True,none,,2026-06-17T15:11:46.188308+00:00,raw,too_few_words,Ayuh Malaysia!🇲🇾🇲🇾,ayuh malaysia,2,18,2,False,True,0,0,0,BM,tl,1,0,,False,False,rejected
YT_Ugyd6V6gLgaJJJXUrnZ4AaABAg,YouTube,top_level_comment,Ugyd6V6gLgaJJJXUrnZ4AaABAg,Ugyd6V6gLgaJJJXUrnZ4AaABAg,Wk-HcKtIaGY,Are We About to See a Chinese Tourist Boom in Malaysia?,Ziet Invests,https://www.youtube.com/watch?v=Wk-HcKtIaGY,2026-02-12T11:00:42Z,tourism_lifestyle_events,First comment!,eb6652ed40211da9d7d4,2026-02-12T11:03:24Z,2026-02-12T11:03:24Z,2,1,True,True,none,,2026-06-17T15:11:46.188396+00:00,raw,too_few_words,First comment!,first comment,2,14,0,False,True,0,0,0,UNKNOWN,unknown,0,0,,False,False,rejected
YT_UgwbJyvogSudHfEdaFd4AaABAg,YouTube,top_level_comment,UgwbJyvogSudHfEdaFd4AaABAg,UgwbJyvogSudHfEdaFd4AaABAg,J5SEcQAe1AM,Why Malaysia Forces You to Own a Car,UrbanShiftMY,https://www.youtube.com/watch?v=J5SEcQAe1AM,2026-05-11T05:16:17Z,transport_public_services,Lobster too buttery,8d9c99f1d5362fb50604,2026-05-26T11:26:04Z,2026-05-26T11:26:04Z,0,0,True,True,none,,2026-06-17T15:11:48.076967+00:00,raw,too_few_words,Lobster too buttery,lobster too buttery,3,19,0,False,True,0,0,0,EN,en,0,0,,False,False,rejected
YT_UgwC89TOPKuQY4dM_rd4AaABAg,YouTube,top_level_comment,UgwC89TOPKuQY4dM_rd4AaABAg,UgwC89TOPKuQY4dM_rd4AaABAg,J5SEcQAe1AM,Why Malaysia Forces You to Own a Car,UrbanShiftMY,https://www.youtube.com/watch?v=J5SEcQAe1AM,2026-05-11T05:16:17Z,transport_public_services,Change the policy,7c8a26dc644e94f42113,2026-05-20T11:53:13Z,2026-05-20T11:53:13Z,0,0,True,True,none,,2026-06-17T15:11:48.077900+00:00,raw,too_few_words,Change the policy,change the policy,3,17,0,False,True,0,0,0,EN,en,0,1,,False,False,rejected
YT_UgzNBeEWTWxyPdxN9Nh4AaABAg,YouTube,top_level_comment,UgzNBeEWTWxyPdxN9Nh4AaABAg,UgzNBeEWTWxyPdxN9Nh4AaABAg,J5SEcQAe1AM,Why Malaysia Forces You to Own a Car,UrbanShiftMY,https://www.youtube.com/watch?v=J5SEcQAe1AM,2026-05-11T05:16:17Z,transport_public_services,fck car dependency,4084faf0768c5c957be7,2026-05-19T14:18:05Z,2026-05-19T14:18:05Z,1,0,True,True,none,,2026-06-17T15:11:48.078051+00:00,raw,too_few_words,fck car dependency,fck car dependency,3,18,0,False,True,0,0,0,UNKNOWN,es,0,0,,False,False,rejected
YT_UgwjtP2roz13m9rF2Ol4AaABAg,YouTube,top_level_comment,UgwjtP2roz13m9rF2Ol4AaABAg,UgwjtP2roz13m9rF2Ol4AaABAg,J5SEcQAe1AM,Why Malaysia Forces You to Own a Car,UrbanShiftMY,https://www.youtube.com/watch?v=J5SEcQAe1AM,2026-05-11T05:16:17Z,transport_public_services,Haha interesting,1c077827e4fd1cf8942d,2026-05-18T10:14:30Z,2026-05-18T10:14:30Z,0,0,True,True,none,,2026-06-17T15:11:48.078483+00:00,raw,too_few_words,Haha interesting,haha interesting,2,16,0,False,True,0,0,0,EN,en,0,0,,False,False,rejected
YT_UgyTV6PWAK00wzs52vF4AaABAg,YouTube,top_level_comment,UgyTV6PWAK00wzs52vF4AaABAg,UgyTV6PWAK00wzs52vF4AaABAg,J5SEcQAe1AM,Why Malaysia Forces You to Own a Car,UrbanShiftMY,https://www.youtube.com/watch?v=J5SEcQAe1AM,2026-05-11T05:16:17Z,transport_public_services,Failed government,bb58cf0641ce6d3cad45,2026-05-15T06:59:13Z,2026-05-15T06:59:13Z,0,0,True,True,none,,2026-06-17T15:11:48.079711+00:00,raw,too_few_words,Failed government,failed government,2,17,0,False,True,0,0,0,EN,en,0,1,,False,False,rejected
YT_Ugw64WkCKbEJ_I6G73t4AaABAg,YouTube,top_level_comment,Ugw64WkCKbEJ_I6G73t4AaABAg,Ugw64WkCKbEJ_I6G73t4AaABAg,J5SEcQAe1AM,Why Malaysia Forces You to Own a Car,UrbanShiftMY,https://www.youtube.com/watch?v=J5SEcQAe1AM,2026-05-11T05:16:17Z,transport_public_services,Good answer nephew 🗣️🗣️🔥🔥🔥,0d029487361326e6d3a9,2026-05-14T13:12:47Z,2026-05-14T13:12:47Z,1,0,True,True,none,,2026-06-17T15:11:48.080053+00:00,raw,too_few_words,Good answer nephew 🗣️🗣️🔥🔥🔥,good answer nephew,3,26,5,False,True,0,0,0,EN,en,0,1,,False,False,rejected
YT_UgxA53snrkuYAspMzNh4AaABAg,YouTube,top_level_comment,UgxA53snrkuYAspMzNh4AaABAg,UgxA53snrkuYAspMzNh4AaABAg,MpBToZaCuWE,LRT derailment: Commuters want track and train maintenance to be enhanced,The Star,https://www.youtube.com/watch?v=MpBToZaCuWE,2026-05-28T08:54:43Z,transport_public_services,Langgar Real Time?,e08fc3f2dc4f2ab20c28,2026-05-29T16:05:27Z,2026-05-29T16:05:27Z,1,0,True,True,none,,2026-06-17T15:11:46.538224+00:00,raw,too_few_words,Langgar Real Time?,langgar real time,3,18,0,False,True,0,0,0,BM,id,0,0,,False,False,rejected
YT_Ugz1lr4e2eytlk9Bumd4AaABAg,YouTube,top_level_comment,Ugz1lr4e2eytlk9Bumd4AaABAg,Ugz1lr4e2eytlk9Bumd4AaABAg,MpBToZaCuWE,LRT derailment: Commuters want track and train maintenance to be enhanced,The Star,https://www.youtube.com/watch?v=MpBToZaCuWE,2026-05-28T08:54:43Z,transport_public_services,Multi-track drifting?!?!,87e5fe01d82adc6d15ae,2026-05-29T09:18:50Z,2026-05-29T09:18:50Z,0,0,True,True,none,,2026-06-17T15:11:46.538301+00:00,raw,too_few_words,Multi-track drifting?!?!,multi track drifting,2,24,0,False,True,0,0,0,UNKNOWN,sv,0,0,,False,False,rejected
YT_UgyVQqrUG3aglJLAapV4AaABAg,YouTube,top_level_comment,UgyVQqrUG3aglJLAapV4AaABAg,UgyVQqrUG3aglJLAapV4AaABAg,MpBToZaCuWE,LRT derailment: Commuters want track and train maintenance to be enhanced,The Star,https://www.youtube.com/watch?v=MpBToZaCuWE,2026-05-28T08:54:43Z,transport_public_services,zero maintenance culture!!!,9032337809b017b6d156,2026-05-28T22:35:36Z,2026-05-28T22:35:36Z,0,1,True,True,none,,2026-06-17T15:11:46.538433+00:00,raw,too_few_words,zero maintenance culture!!,zero maintenance culture,3,26,0,False,True,0,0,0,UNKNOWN,ro,0,0,,False,False,rejected
YT_UgyCkmgLeNnj5rpx71p4AaABAg,YouTube,top_level_comment,UgyCkmgLeNnj5rpx71p4AaABAg,UgyCkmgLeNnj5rpx71p4AaABAg,MpBToZaCuWE,LRT derailment: Commuters want track and train maintenance to be enhanced,The Star,https://www.youtube.com/watch?v=MpBToZaCuWE,2026-05-28T08:54:43Z,transport_public_services,Only in Malaysia,fd6e002418f2b1d16ec3,2026-05-28T13:17:44Z,2026-05-28T13:17:44Z,1,0,True,True,none,,2026-06-17T15:11:46.538623+00:00,raw,too_few_words,Only in Malaysia,only in malaysia,3,16,0,False,True,0,0,0,BM,en,1,0,,False,False,rejected
YT_UgynU8Pw1HcTMJQvZG14AaABAg,YouTube,top_level_comment,UgynU8Pw1HcTMJQvZG14AaABAg,UgynU8Pw1HcTMJQvZG14AaABAg,MpBToZaCuWE,LRT derailment: Commuters want track and train maintenance to be enhanced,The Star,https://www.youtube.com/watch?v=MpBToZaCuWE,2026-05-28T08:54:43Z,transport_public_services,Apa kata mintri?,2c6e7f27544d9b220e46,2026-05-28T10:55:44Z,2026-05-28T10:55:44Z,0,0,True,True,none,,2026-06-17T15:11:46.538910+00:00,raw,too_few_words,Apa kata mintri?,apa kata mintri,3,16,0,False,True,0,0,0,UNKNOWN,sw,0,0,,False,False,rejected
YT_UgwPRzQnnzS8PZMMAYV4AaABAg,YouTube,top_level_comment,UgwPRzQnnzS8PZMMAYV4AaABAg,UgwPRzQnnzS8PZMMAYV4AaABAg,MpBToZaCuWE,LRT derailment: Commuters want track and train maintenance to be enhanced,The Star,https://www.youtube.com/watch?v=MpBToZaCuWE,2026-05-28T08:54:43Z,transport_public_services,Yaaarabi faraj,2bde951c2cf55e518bbb,2026-05-28T10:11:09Z,2026-05-28T10:11:09Z,0,0,True,True,none,,2026-06-17T15:11:46.539070+00:00,raw,too_few_words,Yaaarabi faraj,yaaarabi faraj,2,14,0,False,True,0,0,0,UNKNOWN,unknown,0,0,,False,False,rejected
YT_Ugyet8uem4bcYZnfZ6Z4AaABAg,YouTube,top_level_comment,Ugyet8uem4bcYZnfZ6Z4AaABAg,Ugyet8uem4bcYZnfZ6Z4AaABAg,ePfJmLXfPwU,JPJ perkenal wajah baharu lesen memandu,Harian Metro,https://www.youtube.com/watch?v=ePfJmLXfPwU,2025-05-21T11:30:02Z,transport_public_services,Limined je ke???,209885d37b08a417eb24,2025-05-22T10:05:01Z,2025-05-22T10:05:01Z,1,1,True,True,none,,2026-06-17T15:11:47.299480+00:00,raw,too_few_words,Limined je ke??,limined je ke,3,15,0,False,True,0,0,0,BM,sl,1,0,,False,False,rejected
YT_UgxJOyybC9C32byeSDp4AaABAg,YouTube,top_level_comment,UgxJOyybC9C32byeSDp4AaABAg,UgxJOyybC9C32byeSDp4AaABAg,ePfJmLXfPwU,JPJ perkenal wajah baharu lesen memandu,Harian Metro,https://www.youtube.com/watch?v=ePfJmLXfPwU,2025-05-21T11:30:02Z,transport_public_services,What a joke 😂😂😂😂😂😂,d7bd0b849eeb3089f650,2025-05-21T23:23:17Z,2025-05-21T23:23:17Z,1,0,True,True,none,,2026-06-17T15:11:47.300051+00:00,raw,too_few_words,What a joke 😂😂😂😂😂😂,what a joke,3,18,6,False,True,0,0,0,UNKNOWN,fi,0,0,,False,False,rejected
YT_UgzXyqxkvfDMj9Gn2TR4AaABAg,YouTube,top_level_comment,UgzXyqxkvfDMj9Gn2TR4AaABAg,UgzXyqxkvfDMj9Gn2TR4AaABAg,hXMCJ90cK7M,Car vs Public Transport in Malaysia. Who Wins?,Mr Money TV,https://www.youtube.com/watch?v=hXMCJ90cK7M,2025-05-23T12:42:56Z,transport_public_services,Lrt3 coming soon,246824094ac50dab04c2,2025-05-23T14:47:25Z,2025-05-23T14:47:25Z,5,0,True,True,none,,2026-06-17T15:11:46.928492+00:00,raw,too_few_words,Lrt3 coming soon,lrt3 coming soon,3,16,0,False,True,0,0,0,EN,en,0,0,,False,False,rejected
YT_UgyoZY0ceYyBH5xVtd14AaABAg,YouTube,top_level_comment,UgyoZY0ceYyBH5xVtd14AaABAg,UgyoZY0ceYyBH5xVtd14AaABAg,hXMCJ90cK7M,Car vs Public Transport in Malaysia. Who Wins?,Mr Money TV,https://www.youtube.com/watch?v=hXMCJ90cK7M,2025-05-23T12:42:56Z,transport_public_services,Motorbike is 👑,cc492beac3cdf8de0011,2025-05-23T13:37:49Z,2025-05-23T13:37:49Z,4,10,True,True,none,,2026-06-17T15:11:46.929247+00:00,raw,too_few_words,Motorbike is 👑,motorbike is,2,14,1,False,True,0,0,0,EN,unknown,0,1,,False,False,rejected
YT_UgxLHwVrwo-bxt821iZ4AaABAg,YouTube,top_level_comment,UgxLHwVrwo-bxt821iZ4AaABAg,UgxLHwVrwo-bxt821iZ4AaABAg,oULUeT07fa0,JPJ MALAYSIA? ADA APA APA JAWAPAN KE? SITA KENDERAAN ORANG SAMPAI BERBULAN BULAN? TERIMA KASIH SINGH,Bossrul Channel,https://www.youtube.com/watch?v=oULUeT07fa0,2025-07-01T02:14:17Z,transport_public_services,Bubar saja JPJ....,414b251fd946ec70ac6e,2025-07-22T05:59:29Z,2025-07-22T05:59:29Z,0,0,True,True,none,,2026-06-17T15:11:48.875375+00:00,raw,too_few_words,Bubar saja JPJ..,bubar saja jpj,3,16,0,False,True,0,0,0,BM,id,0,0,,False,False,rejected
YT_UgzFtVe9ZGCZ-1MMZm94AaABAg,YouTube,top_level_comment,UgzFtVe9ZGCZ-1MMZm94AaABAg,UgzFtVe9ZGCZ-1MMZm94AaABAg,oULUeT07fa0,JPJ MALAYSIA? ADA APA APA JAWAPAN KE? SITA KENDERAAN ORANG SAMPAI BERBULAN BULAN? TERIMA KASIH SINGH,Bossrul Channel,https://www.youtube.com/watch?v=oULUeT07fa0,2025-07-01T02:14:17Z,transport_public_services,very good sir 👍🏻,aade7b6c86c0b65dda60,2025-07-18T21:08:17Z,2025-07-18T21:08:17Z,0,0,True,True,none,,2026-06-17T15:11:48.875505+00:00,raw,too_few_words,very good sir 👍🏻,very good sir,3,16,1,False,True,0,0,0,EN,af,0,2,,False,False,rejected
YT_Ugw6HoOmllHjdyVwP1F4AaABAg,YouTube,top_level_comment,Ugw6HoOmllHjdyVwP1F4AaABAg,Ugw6HoOmllHjdyVwP1F4AaABAg,oULUeT07fa0,JPJ MALAYSIA? ADA APA APA JAWAPAN KE? SITA KENDERAAN ORANG SAMPAI BERBULAN BULAN? TERIMA KASIH SINGH,Bossrul Channel,https://www.youtube.com/watch?v=oULUeT07fa0,2025-07-01T02:14:17Z,transport_public_services,❤❤❤❤... indian,d09c54323c6f5e7ec9a9,2025-07-14T07:30:30Z,2025-07-14T07:30:30Z,0,0,True,True,none,,2026-06-17T15:11:48.876168+00:00,raw,too_few_words,❤❤❤❤.. indian,indian,1,13,4,False,True,0,0,0,UNKNOWN,unknown,0,0,,False,False,rejected
YT_Ugy4NkGjGbZ317CbXO94AaABAg,YouTube,top_level_comment,Ugy4NkGjGbZ317CbXO94AaABAg,Ugy4NkGjGbZ317CbXO94AaABAg,oULUeT07fa0,JPJ MALAYSIA? ADA APA APA JAWAPAN KE? SITA KENDERAAN ORANG SAMPAI BERBULAN BULAN? TERIMA KASIH SINGH,Bossrul Channel,https://www.youtube.com/watch?v=oULUeT07fa0,2025-07-01T02:14:17Z,transport_public_services,Rip Antony loke,16735d95876f34f83d2e,2025-07-11T00:00:21Z,2025-07-11T00:00:21Z,1,0,True,True,none,,2026-06-17T15:11:48.876859+00:00,raw,too_few_words,Rip Antony loke,rip antony loke,3,15,0,False,True,0,0,0,UNKNOWN,tl,0,0,,False,False,rejected
YT_UgyTMOVYoWu9YtLncH94AaABAg,YouTube,top_level_comment,UgyTMOVYoWu9YtLncH94AaABAg,UgyTMOVYoWu9YtLncH94AaABAg,oULUeT07fa0,JPJ MALAYSIA? ADA APA APA JAWAPAN KE? SITA KENDERAAN ORANG SAMPAI BERBULAN BULAN? TERIMA KASIH SINGH,Bossrul Channel,https://www.youtube.com/watch?v=oULUeT07fa0,2025-07-01T02:14:17Z,transport_public_services,Zaman madanon & walanon...,5bf800cef07f2d43bac2,2025-07-07T01:39:50Z,2025-07-07T01:39:50Z,0,0,True,True,none,,2026-06-17T15:11:48.877859+00:00,raw,too_few_words,Zaman madanon & walanon..,zaman madanon walanon,3,25,0,False,True,0,0,0,UNKNOWN,tl,0,0,,False,False,rejected
YT_UgyxYSY8EfSLqdHXy114AaABAg,YouTube,top_level_comment,UgyxYSY8EfSLqdHXy114AaABAg,UgyxYSY8EfSLqdHXy114AaABAg,oULUeT07fa0,JPJ MALAYSIA? ADA APA APA JAWAPAN KE? SITA KENDERAAN ORANG SAMPAI BERBULAN BULAN? TERIMA KASIH SINGH,Bossrul Channel,https://www.youtube.com/watch?v=oULUeT07fa0,2025-07-01T02:14:17Z,transport_public_services,Terbaik auto sing ! 💪💪💪,f719824c569a94251b29,2025-07-05T08:31:56Z,2025-07-05T08:31:56Z,0,0,True,True,none,,2026-06-17T15:11:48.878236+00:00,raw,too_few_words,Terbaik auto sing ! 💪💪💪,terbaik auto sing,3,23,3,False,True,0,0,0,BM,id,0,0,,False,False,rejected
YT_UgzfDLajULzzM9bkg054AaABAg,YouTube,top_level_comment,UgzfDLajULzzM9bkg054AaABAg,UgzfDLajULzzM9bkg054AaABAg,oULUeT07fa0,JPJ MALAYSIA? ADA APA APA JAWAPAN KE? SITA KENDERAAN ORANG SAMPAI BERBULAN BULAN? TERIMA KASIH SINGH,Bossrul Channel,https://www.youtube.com/watch?v=oULUeT07fa0,2025-07-01T02:14:17Z,transport_public_services,Terbaik padu Tuan.,6a6eb61afa69f77a1329,2025-07-05T08:27:26Z,2025-07-05T08:27:26Z,0,0,True,True,none,,2026-06-17T15:11:48.878278+00:00,raw,too_few_words,Terbaik padu Tuan.,terbaik padu tuan,3,18,0,False,True,0,0,0,BM,id,0,0,,False,False,rejected
YT_Ugw4qpZW-kA2Z7HS7JV4AaABAg,YouTube,top_level_comment,Ugw4qpZW-kA2Z7HS7JV4AaABAg,Ugw4qpZW-kA2Z7HS7JV4AaABAg,oULUeT07fa0,JPJ MALAYSIA? ADA APA APA JAWAPAN KE? SITA KENDERAAN ORANG SAMPAI BERBULAN BULAN? TERIMA KASIH SINGH,Bossrul Channel,https://www.youtube.com/watch?v=oULUeT07fa0,2025-07-01T02:14:17Z,transport_public_services,Well said bro,2588ffbe80a16d0f875c,2025-07-05T05:59:08Z,2025-07-05T05:59:08Z,0,0,True,True,none,,2026-06-17T15:11:48.878466+00:00,raw,too_few_words,Well said bro,well said bro,3,13,0,False,True,0,0,0,UNKNOWN,unknown,0,0,,False,False,rejected
YT_UgxhpBM00vB_rzVBjqZ4AaABAg,YouTube,top_level_comment,UgxhpBM00vB_rzVBjqZ4AaABAg,UgxhpBM00vB_rzVBjqZ4AaABAg,oULUeT07fa0,JPJ MALAYSIA? ADA APA APA JAWAPAN KE? SITA KENDERAAN ORANG SAMPAI BERBULAN BULAN? TERIMA KASIH SINGH,Bossrul Channel,https://www.youtube.com/watch?v=oULUeT07fa0,2025-07-01T02:14:17Z,transport_public_services,Betuljugadiacakapkenapaberbuatbaginicubalahberlembutuntukrakyat❤❤,f6341b1304fd8284782b,2025-07-05T04:17:37Z,2025-07-05T04:17:37Z,3,0,True,True,none,,2026-06-17T15:11:48.878558+00:00,raw,too_few_words,Betuljugadiacakapkenapaberbuatbaginicubalahberlembutuntukrakyat❤❤,betuljugadiacakapkenapaberbuatbaginicubalahberlembutuntukrakyat,1,65,2,False,True,0,0,0,BM,id,0,0,,False,False,rejected
YT_UgwS10ZX5eWmAT1lIJB4AaABAg,YouTube,top_level_comment,UgwS10ZX5eWmAT1lIJB4AaABAg,UgwS10ZX5eWmAT1lIJB4AaABAg,oULUeT07fa0,JPJ MALAYSIA? ADA APA APA JAWAPAN KE? SITA KENDERAAN ORANG SAMPAI BERBULAN BULAN? TERIMA KASIH SINGH,Bossrul Channel,https://www.youtube.com/watch?v=oULUeT07fa0,2025-07-01T02:14:17Z,transport_public_services,Good job 👍🏽 uncle,80027e6ba8b6c44e9cb0,2025-07-04T12:27:07Z,2025-07-04T12:27:07Z,5,0,True,True,none,,2026-06-17T15:11:48.879111+00:00,raw,too_few_words,Good job 👍🏽 uncle,good job uncle,3,17,1,False,True,0,0,0,EN,sl,0,1,,False,False,rejected
YT_Ugyr9wPzVrZlu4xhv2V4AaABAg,YouTube,top_level_comment,Ugyr9wPzVrZlu4xhv2V4AaABAg,Ugyr9wPzVrZlu4xhv2V4AaABAg,oULUeT07fa0,JPJ MALAYSIA? ADA APA APA JAWAPAN KE? SITA KENDERAAN ORANG SAMPAI BERBULAN BULAN? TERIMA KASIH SINGH,Bossrul Channel,https://www.youtube.com/watch?v=oULUeT07fa0,2025-07-01T02:14:17Z,transport_public_services,Betul Tu bos 👍👍👍👍👍👍,f2b8d4036964692a7204,2025-07-04T07:26:28Z,2025-07-04T07:26:28Z,3,0,True,True,none,,2026-06-17T15:11:48.879402+00:00,raw,too_few_words,Betul Tu bos 👍👍👍👍👍👍,betul tu bos,3,19,6,False,True,0,0,0,UNKNOWN,ro,0,0,,False,False,rejected
YT_UgzWsD6qxp83vuuc0Eh4AaABAg,YouTube,top_level_comment,UgzWsD6qxp83vuuc0Eh4AaABAg,UgzWsD6qxp83vuuc0Eh4AaABAg,oULUeT07fa0,JPJ MALAYSIA? ADA APA APA JAWAPAN KE? SITA KENDERAAN ORANG SAMPAI BERBULAN BULAN? TERIMA KASIH SINGH,Bossrul Channel,https://www.youtube.com/watch?v=oULUeT07fa0,2025-07-01T02:14:17Z,transport_public_services,PMX sedunai twrbang.,cf614a222b6300a05108,2025-07-04T04:02:34Z,2025-07-04T04:02:34Z,0,0,True,True,none,,2026-06-17T15:11:48.879575+00:00,raw,too_few_words,PMX sedunai twrbang.,pmx sedunai twrbang,3,20,0,False,True,0,0,0,BM,id,0,0,,False,False,rejected
YT_UgzwfRB1IXATbPxVrVt4AaABAg,YouTube,top_level_comment,UgzwfRB1IXATbPxVrVt4AaABAg,UgzwfRB1IXATbPxVrVt4AaABAg,oULUeT07fa0,JPJ MALAYSIA? ADA APA APA JAWAPAN KE? SITA KENDERAAN ORANG SAMPAI BERBULAN BULAN? TERIMA KASIH SINGH,Bossrul Channel,https://www.youtube.com/watch?v=oULUeT07fa0,2025-07-01T02:14:17Z,transport_public_services,Sokong sejuta peratus,f2a3f666db9039a052ab,2025-07-03T23:01:44Z,2025-07-03T23:01:44Z,5,0,True,True,none,,2026-06-17T15:11:49.222295+00:00,raw,too_few_words,Sokong sejuta peratus,sokong sejuta peratus,3,21,0,False,True,0,0,0,BM,id,0,0,,False,False,rejected
YT_UgzURXpeH8iOxJB-Zf14AaABAg,YouTube,top_level_comment,UgzURXpeH8iOxJB-Zf14AaABAg,UgzURXpeH8iOxJB-Zf14AaABAg,oULUeT07fa0,JPJ MALAYSIA? ADA APA APA JAWAPAN KE? SITA KENDERAAN ORANG SAMPAI BERBULAN BULAN? TERIMA KASIH SINGH,Bossrul Channel,https://www.youtube.com/watch?v=oULUeT07fa0,2025-07-01T02:14:17Z,transport_public_services,Bedah siasat dulu,2b591a1aa709d9512cfb,2025-07-02T12:21:08Z,2025-07-02T12:21:08Z,8,0,True,True,none,,2026-06-17T15:11:49.222730+00:00,raw,too_few_words,Bedah siasat dulu,bedah siasat dulu,3,17,0,False,True,0,0,0,BM,id,0,0,,False,False,rejected
YT_UgyC8fDNgO6INmlOv5R4AaABAg,YouTube,top_level_comment,UgyC8fDNgO6INmlOv5R4AaABAg,UgyC8fDNgO6INmlOv5R4AaABAg,ze_IuVwkuFc,KTMB's 'ghost train' transforms commute for students from the interior,The Star,https://www.youtube.com/watch?v=ze_IuVwkuFc,2026-01-11T13:05:33Z,transport_public_services,Alhamdulillah KTMB… Tahniah 👍🏻🇲🇾,6539a6c279939a39e1a4,2026-01-15T10:17:00Z,2026-01-15T10:17:00Z,1,0,True,True,none,,2026-06-17T15:11:47.668053+00:00,raw,too_few_words,Alhamdulillah KTMB.. Tahniah 👍🏻🇲🇾,alhamdulillah ktmb tahniah,3,33,2,False,True,0,0,0,BM,id,0,0,,False,False,rejected
YT_Ugw-1vvw5lijEly73hh4AaABAg,YouTube,top_level_comment,Ugw-1vvw5lijEly73hh4AaABAg,Ugw-1vvw5lijEly73hh4AaABAg,ze_IuVwkuFc,KTMB's 'ghost train' transforms commute for students from the interior,The Star,https://www.youtube.com/watch?v=ze_IuVwkuFc,2026-01-11T13:05:33Z,transport_public_services,Beruntungnya diorang,cd4267e8a8ab62aaac81,2026-01-13T14:45:30Z,2026-01-13T14:45:30Z,1,0,True,True,none,,2026-06-17T15:11:47.668247+00:00,raw,too_few_words,Beruntungnya diorang,beruntungnya diorang,2,20,0,False,True,0,0,0,BM,id,0,0,,False,False,rejected
YT_UgzXNqC4YD2Jxee95Lx4AaABAg,YouTube,top_level_comment,UgzXNqC4YD2Jxee95Lx4AaABAg,UgzXNqC4YD2Jxee95Lx4AaABAg,ze_IuVwkuFc,KTMB's 'ghost train' transforms commute for students from the interior,The Star,https://www.youtube.com/watch?v=ze_IuVwkuFc,2026-01-11T13:05:33Z,transport_public_services,Well done KTMB ❤,ae6cafa984d32785e252,2026-01-13T03:17:08Z,2026-01-13T03:17:08Z,3,0,True,True,none,,2026-06-17T15:11:47.668427+00:00,raw,too_few_words,Well done KTMB ❤,well done ktmb,3,16,1,False,True,0,0,0,UNKNOWN,it,0,0,,False,False,rejected
YT_UgwaTx1pbuWbYJt_OL54AaABAg,YouTube,top_level_comment,UgwaTx1pbuWbYJt_OL54AaABAg,UgwaTx1pbuWbYJt_OL54AaABAg,ze_IuVwkuFc,KTMB's 'ghost train' transforms commute for students from the interior,The Star,https://www.youtube.com/watch?v=ze_IuVwkuFc,2026-01-11T13:05:33Z,transport_public_services,Well done ktmb,5a2c4fe397c67109139f,2026-01-12T03:30:04Z,2026-01-12T03:30:04Z,11,0,True,True,none,,2026-06-17T15:11:47.668674+00:00,raw,too_few_words,Well done ktmb,well done ktmb,3,14,0,False,True,0,0,0,UNKNOWN,unknown,0,0,,False,True,rejected
YT_UgyUEWOz3zlIhzCKPM54AaABAg,YouTube,top_level_comment,UgyUEWOz3zlIhzCKPM54AaABAg,UgyUEWOz3zlIhzCKPM54AaABAg,ze_IuVwkuFc,KTMB's 'ghost train' transforms commute for students from the interior,The Star,https://www.youtube.com/watch?v=ze_IuVwkuFc,2026-01-11T13:05:33Z,transport_public_services,malaysia hogwarts,7cae5330c065e86df864,2026-01-11T15:54:45Z,2026-01-11T15:54:45Z,4,0,True,True,none,,2026-06-17T15:11:47.668775+00:00,raw,too_few_words,malaysia hogwarts,malaysia hogwarts,2,17,0,False,True,0,0,0,BM,so,1,0,,False,False,rejected
