record_id,platform,content_type,comment_id,thread_id,video_id,video_title,channel_title,video_url,video_published_at,theme,raw_text,author_hash,comment_published_at,comment_updated_at,like_count,reply_count,can_reply,is_public,viewer_rating,moderation_status,collected_at,collection_status,rejection_reason
YT_UgwAl4CQHRgULqQYPAF4AaABAg,YouTube,top_level_comment,UgwAl4CQHRgULqQYPAF4AaABAg,UgwAl4CQHRgULqQYPAF4AaABAg,0zi0v_kJ7BE,"Belanjawan 2026: Bantuan tunai STR dikurang RM300, Sara naik",KiniTV,https://www.youtube.com/watch?v=0zi0v_kJ7BE,2025-10-13T05:24:51Z,cost_of_living_public_policy,"Mujurlah aqu dari dulu x sokong, yang sokong tu 😂😂😂😂harap berubahlah😂😂😂😂😂",21d1fbf5241442ec184e,2026-05-29T03:23:00Z,2026-05-29T03:23:00Z,0,0,True,True,none,,2026-06-17T15:11:41.175510+00:00,raw,
YT_Ugyi8-pO64-YA8FlInF4AaABAg,YouTube,top_level_comment,Ugyi8-pO64-YA8FlInF4AaABAg,Ugyi8-pO64-YA8FlInF4AaABAg,0zi0v_kJ7BE,"Belanjawan 2026: Bantuan tunai STR dikurang RM300, Sara naik",KiniTV,https://www.youtube.com/watch?v=0zi0v_kJ7BE,2025-10-13T05:24:51Z,cost_of_living_public_policy,600 cukup ke setahun dah la barang kene pilih terbaik,21d1fbf5241442ec184e,2026-05-29T03:20:12Z,2026-05-29T03:20:12Z,0,0,True,True,none,,2026-06-17T15:11:41.175538+00:00,raw,
YT_UgzH4TKyfT1tk_PXCSZ4AaABAg,YouTube,top_level_comment,UgzH4TKyfT1tk_PXCSZ4AaABAg,UgzH4TKyfT1tk_PXCSZ4AaABAg,0zi0v_kJ7BE,"Belanjawan 2026: Bantuan tunai STR dikurang RM300, Sara naik",KiniTV,https://www.youtube.com/watch?v=0zi0v_kJ7BE,2025-10-13T05:24:51Z,cost_of_living_public_policy,Lama lama rosaklah Malaysia ni,21d1fbf5241442ec184e,2026-05-29T03:18:38Z,2026-05-29T03:18:38Z,0,0,True,True,none,,2026-06-17T15:11:41.175553+00:00,raw,
YT_Ugz9XPYJPmm3ls-I3414AaABAg,YouTube,top_level_comment,Ugz9XPYJPmm3ls-I3414AaABAg,Ugz9XPYJPmm3ls-I3414AaABAg,0zi0v_kJ7BE,"Belanjawan 2026: Bantuan tunai STR dikurang RM300, Sara naik",KiniTV,https://www.youtube.com/watch?v=0zi0v_kJ7BE,2025-10-13T05:24:51Z,cost_of_living_public_policy,Ade lagi ke yang sokong anuar,21d1fbf5241442ec184e,2026-05-29T03:17:25Z,2026-05-29T03:17:25Z,0,0,True,True,none,,2026-06-17T15:11:41.175565+00:00,raw,
YT_UgxxVZ9WXaJuhrBDLHh4AaABAg,YouTube,top_level_comment,UgxxVZ9WXaJuhrBDLHh4AaABAg,UgxxVZ9WXaJuhrBDLHh4AaABAg,0zi0v_kJ7BE,"Belanjawan 2026: Bantuan tunai STR dikurang RM300, Sara naik",KiniTV,https://www.youtube.com/watch?v=0zi0v_kJ7BE,2025-10-13T05:24:51Z,cost_of_living_public_policy,Inilah anuar bodoh bukan main,21d1fbf5241442ec184e,2026-05-29T03:16:33Z,2026-05-29T03:16:33Z,0,0,True,True,none,,2026-06-17T15:11:41.175577+00:00,raw,
YT_UgxuUzLySttcBa6IN4R4AaABAg,YouTube,top_level_comment,UgxuUzLySttcBa6IN4R4AaABAg,UgxuUzLySttcBa6IN4R4AaABAg,0zi0v_kJ7BE,"Belanjawan 2026: Bantuan tunai STR dikurang RM300, Sara naik",KiniTV,https://www.youtube.com/watch?v=0zi0v_kJ7BE,2025-10-13T05:24:51Z,cost_of_living_public_policy,Menteri kewangan Malaysia 2026,10b08ce4532f10d4fc54,2026-04-06T14:40:04Z,2026-04-06T14:40:04Z,0,0,True,True,none,,2026-06-17T15:11:41.175590+00:00,raw,
YT_Ugz0Cuao7ur1WJhzKtl4AaABAg,YouTube,top_level_comment,Ugz0Cuao7ur1WJhzKtl4AaABAg,Ugz0Cuao7ur1WJhzKtl4AaABAg,0zi0v_kJ7BE,"Belanjawan 2026: Bantuan tunai STR dikurang RM300, Sara naik",KiniTV,https://www.youtube.com/watch?v=0zi0v_kJ7BE,2025-10-13T05:24:51Z,cost_of_living_public_policy,Sambil thu hal org😮😢,d3d573aeab614031b1e9,2026-04-02T05:06:27Z,2026-04-02T05:06:27Z,0,0,True,True,none,,2026-06-17T15:11:41.175602+00:00,raw,
YT_UgxWkG2zANXu6Z77Ert4AaABAg,YouTube,top_level_comment,UgxWkG2zANXu6Z77Ert4AaABAg,UgxWkG2zANXu6Z77Ert4AaABAg,0zi0v_kJ7BE,"Belanjawan 2026: Bantuan tunai STR dikurang RM300, Sara naik",KiniTV,https://www.youtube.com/watch?v=0zi0v_kJ7BE,2025-10-13T05:24:51Z,cost_of_living_public_policy,Home division,d3d573aeab614031b1e9,2026-04-02T05:06:09Z,2026-04-02T05:06:09Z,0,0,True,True,none,,2026-06-17T15:11:41.175613+00:00,raw,
YT_UgzFNwCJVaD9pv5m-XN4AaABAg,YouTube,top_level_comment,UgzFNwCJVaD9pv5m-XN4AaABAg,UgzFNwCJVaD9pv5m-XN4AaABAg,0zi0v_kJ7BE,"Belanjawan 2026: Bantuan tunai STR dikurang RM300, Sara naik",KiniTV,https://www.youtube.com/watch?v=0zi0v_kJ7BE,2025-10-13T05:24:51Z,cost_of_living_public_policy,Itulah Malaysia kita,21d1fbf5241442ec184e,2026-04-01T07:14:58Z,2026-04-01T07:14:58Z,0,0,True,True,none,,2026-06-17T15:11:41.175624+00:00,raw,
YT_Ugz1ihrY569Mdvq_FKZ4AaABAg,YouTube,top_level_comment,Ugz1ihrY569Mdvq_FKZ4AaABAg,Ugz1ihrY569Mdvq_FKZ4AaABAg,0zi0v_kJ7BE,"Belanjawan 2026: Bantuan tunai STR dikurang RM300, Sara naik",KiniTV,https://www.youtube.com/watch?v=0zi0v_kJ7BE,2025-10-13T05:24:51Z,cost_of_living_public_policy,Dikurangkan dari yang memerlukan dan diagihkan kepada yang tidak memerlukan 100 Semua warganegara Malaysia 😢,96e15ef7b1d18c5705c6,2026-01-25T15:41:48Z,2026-01-25T15:41:48Z,0,0,True,True,none,,2026-06-17T15:11:41.175639+00:00,raw,
YT_Ugw4ZHpTUyUkkadHLcx4AaABAg,YouTube,top_level_comment,Ugw4ZHpTUyUkkadHLcx4AaABAg,Ugw4ZHpTUyUkkadHLcx4AaABAg,0zi0v_kJ7BE,"Belanjawan 2026: Bantuan tunai STR dikurang RM300, Sara naik",KiniTV,https://www.youtube.com/watch?v=0zi0v_kJ7BE,2025-10-13T05:24:51Z,cost_of_living_public_policy,❤,d3d573aeab614031b1e9,2026-01-25T13:24:54Z,2026-01-25T13:24:54Z,0,0,True,True,none,,2026-06-17T15:11:41.175650+00:00,raw,
YT_UgxTy0FJr5cXJkgPikR4AaABAg,YouTube,top_level_comment,UgxTy0FJr5cXJkgPikR4AaABAg,UgxTy0FJr5cXJkgPikR4AaABAg,0zi0v_kJ7BE,"Belanjawan 2026: Bantuan tunai STR dikurang RM300, Sara naik",KiniTV,https://www.youtube.com/watch?v=0zi0v_kJ7BE,2025-10-13T05:24:51Z,cost_of_living_public_policy,Mereka mahu rakyat kembali mengemis.Formula untuk terus berkuasa.,0d2d137df934b10215cd,2026-01-24T20:32:19Z,2026-01-24T20:32:19Z,0,0,True,True,none,,2026-06-17T15:11:41.175663+00:00,raw,
YT_UgwQXlHhjNIUUipxeh54AaABAg,YouTube,top_level_comment,UgwQXlHhjNIUUipxeh54AaABAg,UgwQXlHhjNIUUipxeh54AaABAg,0zi0v_kJ7BE,"Belanjawan 2026: Bantuan tunai STR dikurang RM300, Sara naik",KiniTV,https://www.youtube.com/watch?v=0zi0v_kJ7BE,2025-10-13T05:24:51Z,cost_of_living_public_policy,"Alhamdulillah🤲 Lepaslah Sikit Sosak...TK ""KP""🙏🤲🤝",f0ea7edc2689c037cfbf,2026-01-20T20:39:34Z,2026-01-20T20:39:34Z,0,0,True,True,none,,2026-06-17T15:11:41.175676+00:00,raw,
YT_UgzKuyxkl72qxk0O_kt4AaABAg,YouTube,top_level_comment,UgzKuyxkl72qxk0O_kt4AaABAg,UgzKuyxkl72qxk0O_kt4AaABAg,0zi0v_kJ7BE,"Belanjawan 2026: Bantuan tunai STR dikurang RM300, Sara naik",KiniTV,https://www.youtube.com/watch?v=0zi0v_kJ7BE,2025-10-13T05:24:51Z,cost_of_living_public_policy,Perdana menteri paling bangang dalam sejarah Malaysia. Orang bujang nak str lah woi,721d919c860a657402b0,2026-01-19T11:43:46Z,2026-01-19T11:43:46Z,0,0,True,True,none,,2026-06-17T15:11:41.175690+00:00,raw,
YT_UgzEqPI4UFokyUVLa894AaABAg,YouTube,top_level_comment,UgzEqPI4UFokyUVLa894AaABAg,UgzEqPI4UFokyUVLa894AaABAg,0zi0v_kJ7BE,"Belanjawan 2026: Bantuan tunai STR dikurang RM300, Sara naik",KiniTV,https://www.youtube.com/watch?v=0zi0v_kJ7BE,2025-10-13T05:24:51Z,cost_of_living_public_policy,Masuk ic nk boleh beli barang kedai ja buat apa...kita nk guna beli barang laen..klau barang rumah ic bapak aq pon boleh dah bingai btui,c53587cbd68a5265c841,2026-01-14T13:24:58Z,2026-01-14T13:24:58Z,1,0,True,True,none,,2026-06-17T15:11:41.175706+00:00,raw,
YT_UgwmCPxZVhNRkN6dizd4AaABAg,YouTube,top_level_comment,UgwmCPxZVhNRkN6dizd4AaABAg,UgwmCPxZVhNRkN6dizd4AaABAg,0zi0v_kJ7BE,"Belanjawan 2026: Bantuan tunai STR dikurang RM300, Sara naik",KiniTV,https://www.youtube.com/watch?v=0zi0v_kJ7BE,2025-10-13T05:24:51Z,cost_of_living_public_policy,Mana ada naik kurang Dr dulu,666c95485e0465d177cb,2026-01-11T03:02:43Z,2026-01-11T03:02:43Z,0,0,True,True,none,,2026-06-17T15:11:41.175717+00:00,raw,
YT_UgysXDOOQw35NgN7TdZ4AaABAg,YouTube,top_level_comment,UgysXDOOQw35NgN7TdZ4AaABAg,UgysXDOOQw35NgN7TdZ4AaABAg,0zi0v_kJ7BE,"Belanjawan 2026: Bantuan tunai STR dikurang RM300, Sara naik",KiniTV,https://www.youtube.com/watch?v=0zi0v_kJ7BE,2025-10-13T05:24:51Z,cost_of_living_public_policy,"Rakyat berharap yuran persekolahan juga dikurangkan tidak melebihi dari rm100,pibg dimansuhkan...kesian gan ibubapa yg menangung ramai anak bersokolah",69e6d7d90f2ea8e64bb1,2026-01-09T03:33:14Z,2026-01-09T03:33:14Z,0,0,True,True,none,,2026-06-17T15:11:41.175732+00:00,raw,
YT_UgyZT399vCgcKSqxJk94AaABAg,YouTube,top_level_comment,UgyZT399vCgcKSqxJk94AaABAg,UgyZT399vCgcKSqxJk94AaABAg,0zi0v_kJ7BE,"Belanjawan 2026: Bantuan tunai STR dikurang RM300, Sara naik",KiniTV,https://www.youtube.com/watch?v=0zi0v_kJ7BE,2025-10-13T05:24:51Z,cost_of_living_public_policy,"Org bujang bayar cukai juga,tu duit cukai rakyat juga,str takda.",c6f978eecc78b6067dc8,2026-01-08T13:43:48Z,2026-01-08T13:43:48Z,1,0,True,True,none,,2026-06-17T15:11:41.175745+00:00,raw,
YT_Ugw9qpg5W49XTzwrHcd4AaABAg,YouTube,top_level_comment,Ugw9qpg5W49XTzwrHcd4AaABAg,Ugw9qpg5W49XTzwrHcd4AaABAg,0zi0v_kJ7BE,"Belanjawan 2026: Bantuan tunai STR dikurang RM300, Sara naik",KiniTV,https://www.youtube.com/watch?v=0zi0v_kJ7BE,2025-10-13T05:24:51Z,cost_of_living_public_policy,Taik punya pmx baik kekalkan str tu,ce669294adb8f58aa48a,2026-01-02T04:24:19Z,2026-01-02T04:24:19Z,0,0,True,True,none,,2026-06-17T15:11:41.175756+00:00,raw,
YT_UgyDOq0gXANVH_s6AA94AaABAg,YouTube,top_level_comment,UgyDOq0gXANVH_s6AA94AaABAg,UgyDOq0gXANVH_s6AA94AaABAg,0zi0v_kJ7BE,"Belanjawan 2026: Bantuan tunai STR dikurang RM300, Sara naik",KiniTV,https://www.youtube.com/watch?v=0zi0v_kJ7BE,2025-10-13T05:24:51Z,cost_of_living_public_policy,str lagi bagus dari sara kerana rakyat boleh buat pilihan sendiri apa yg sebaik baiknya. tunggu kau pru nanti nuar..,d6154e14e233e9d186a6,2025-12-30T07:39:59Z,2025-12-30T07:39:59Z,0,0,True,True,none,,2026-06-17T15:11:41.175771+00:00,raw,
YT_UgzUDikWtqASkGv5r2Z4AaABAg,YouTube,top_level_comment,UgzUDikWtqASkGv5r2Z4AaABAg,UgzUDikWtqASkGv5r2Z4AaABAg,0zi0v_kJ7BE,"Belanjawan 2026: Bantuan tunai STR dikurang RM300, Sara naik",KiniTV,https://www.youtube.com/watch?v=0zi0v_kJ7BE,2025-10-13T05:24:51Z,cost_of_living_public_policy,"Warga mas bujang lebih perlu kan duit berbanding barang,mereka makan dikedai,bukan masak,sorang nak makan nak masak apa, top up lah dalam eWallet atau bank",929a60b7a4387fba38e4,2025-12-27T03:34:45Z,2025-12-27T03:34:45Z,1,0,True,True,none,,2026-06-17T15:11:41.175785+00:00,raw,
YT_UgzpPSKE_mXEuxPIWfJ4AaABAg,YouTube,top_level_comment,UgzpPSKE_mXEuxPIWfJ4AaABAg,UgzpPSKE_mXEuxPIWfJ4AaABAg,0zi0v_kJ7BE,"Belanjawan 2026: Bantuan tunai STR dikurang RM300, Sara naik",KiniTV,https://www.youtube.com/watch?v=0zi0v_kJ7BE,2025-10-13T05:24:51Z,cost_of_living_public_policy,Pimai pimai tang tu juga..potong str 300..tambah 50 tuk sara...250 baki masuk poket madanon..,6ad2a2e093dde51b8da8,2025-12-21T11:50:08Z,2025-12-21T11:50:08Z,0,0,True,True,none,,2026-06-17T15:11:41.175798+00:00,raw,
YT_Ugxx81KErWlOU970JIp4AaABAg,YouTube,top_level_comment,Ugxx81KErWlOU970JIp4AaABAg,Ugxx81KErWlOU970JIp4AaABAg,0zi0v_kJ7BE,"Belanjawan 2026: Bantuan tunai STR dikurang RM300, Sara naik",KiniTV,https://www.youtube.com/watch?v=0zi0v_kJ7BE,2025-10-13T05:24:51Z,cost_of_living_public_policy,"Sara untuk senangkan atau majukan pasaraya tertentu, berapa per% sangatlah pemilik pasaraya dimiliki oleh bumiputra@ melayu..😢",02dd283d41dc8b950aeb,2025-12-19T15:21:10Z,2025-12-19T15:21:10Z,0,0,True,True,none,,2026-06-17T15:11:41.175814+00:00,raw,
YT_Ugw0nJgxq_l8v_jDZWV4AaABAg,YouTube,top_level_comment,Ugw0nJgxq_l8v_jDZWV4AaABAg,Ugw0nJgxq_l8v_jDZWV4AaABAg,0zi0v_kJ7BE,"Belanjawan 2026: Bantuan tunai STR dikurang RM300, Sara naik",KiniTV,https://www.youtube.com/watch?v=0zi0v_kJ7BE,2025-10-13T05:24:51Z,cost_of_living_public_policy,Kerajaan bodoh,96e99b97aac44f0f06e6,2025-12-18T06:39:11Z,2025-12-18T06:39:11Z,0,0,True,True,none,,2026-06-17T15:11:41.175824+00:00,raw,
YT_UgzBX-JbgpJFmLLN4Vp4AaABAg,YouTube,top_level_comment,UgzBX-JbgpJFmLLN4Vp4AaABAg,UgzBX-JbgpJFmLLN4Vp4AaABAg,0zi0v_kJ7BE,"Belanjawan 2026: Bantuan tunai STR dikurang RM300, Sara naik",KiniTV,https://www.youtube.com/watch?v=0zi0v_kJ7BE,2025-10-13T05:24:51Z,cost_of_living_public_policy,Lulus Kan kwsp enon satu,12a88193d43d69f75cfa,2025-12-10T06:27:53Z,2025-12-10T06:27:53Z,0,0,True,True,none,,2026-06-17T15:11:41.175836+00:00,raw,
YT_Ugwe5_dYvE8IUh01Vzx4AaABAg,YouTube,top_level_comment,Ugwe5_dYvE8IUh01Vzx4AaABAg,Ugwe5_dYvE8IUh01Vzx4AaABAg,0zi0v_kJ7BE,"Belanjawan 2026: Bantuan tunai STR dikurang RM300, Sara naik",KiniTV,https://www.youtube.com/watch?v=0zi0v_kJ7BE,2025-10-13T05:24:51Z,cost_of_living_public_policy,Str tak ada buat bujang!!!siap2 lah gulung tikar,5962c76128a7c40d9d2e,2025-11-29T03:08:01Z,2025-11-29T03:08:01Z,0,0,True,True,none,,2026-06-17T15:11:41.175848+00:00,raw,
YT_UgxtXYh769oOPTJNgcF4AaABAg,YouTube,top_level_comment,UgxtXYh769oOPTJNgcF4AaABAg,UgxtXYh769oOPTJNgcF4AaABAg,0zi0v_kJ7BE,"Belanjawan 2026: Bantuan tunai STR dikurang RM300, Sara naik",KiniTV,https://www.youtube.com/watch?v=0zi0v_kJ7BE,2025-10-13T05:24:51Z,cost_of_living_public_policy,Takde masalah nk tukar str bujang ke sara. Tapi jenis barang tu bebas la.,9911b334b1a888ac4d9b,2025-11-27T08:45:13Z,2025-11-27T08:45:13Z,0,0,True,True,none,,2026-06-17T15:11:41.175861+00:00,raw,
YT_UgzG-nlAUhLYOiOliLN4AaABAg,YouTube,top_level_comment,UgzG-nlAUhLYOiOliLN4AaABAg,UgzG-nlAUhLYOiOliLN4AaABAg,0zi0v_kJ7BE,"Belanjawan 2026: Bantuan tunai STR dikurang RM300, Sara naik",KiniTV,https://www.youtube.com/watch?v=0zi0v_kJ7BE,2025-10-13T05:24:51Z,cost_of_living_public_policy,A disappointing factor to find that the STR 2026 has been slashed to accommodate SARA 2026.,e1c32323654f4b88d54d,2025-11-25T19:22:16Z,2025-11-25T19:22:16Z,1,0,True,True,none,,2026-06-17T15:11:41.175874+00:00,raw,
YT_UgyDjPpnbQD_OkBYDkZ4AaABAg,YouTube,top_level_comment,UgyDjPpnbQD_OkBYDkZ4AaABAg,UgyDjPpnbQD_OkBYDkZ4AaABAg,0zi0v_kJ7BE,"Belanjawan 2026: Bantuan tunai STR dikurang RM300, Sara naik",KiniTV,https://www.youtube.com/watch?v=0zi0v_kJ7BE,2025-10-13T05:24:51Z,cost_of_living_public_policy,"Laa bantuan ne nak bantu semua rakyat bujang makan je ke dah la bayaran rm50 sebulan😂😂😂kalo dulu ringan sikit boleh kumpul bantuan cash tu buat modal berkebun kecil2an, beli tool tuk buat keja penghasilan, dan mcm2 lagi la tuk dijadikan modalnya,ada juga member sampai sekarang ne sejak dpt bantuan brim dari zaman najib buat tambah modal tuk niaga buger je masih niaga,sesuai sangat la tuk yang bujang niaga makanan ne...tapi kerajaan sekarang ne mcm tak nampak keperluan rakyat kebanyakkan yang sebenarnya...nampak gayanya kena sambut la warga bujang tuk makan tido je seperti masej yang kerajaan sampaikan tu😂😂😂...maaf la kalo tersilap ye...bagi yang tak setuju tu uba komen sikit kat bawah😂😂😂",0f8faa394fe1965c9ff9,2025-11-23T23:49:00Z,2025-11-23T23:49:00Z,0,0,True,True,none,,2026-06-17T15:11:41.175915+00:00,raw,
YT_Ugxk0ulZDQDEGMvlJKR4AaABAg,YouTube,top_level_comment,Ugxk0ulZDQDEGMvlJKR4AaABAg,Ugxk0ulZDQDEGMvlJKR4AaABAg,0zi0v_kJ7BE,"Belanjawan 2026: Bantuan tunai STR dikurang RM300, Sara naik",KiniTV,https://www.youtube.com/watch?v=0zi0v_kJ7BE,2025-10-13T05:24:51Z,cost_of_living_public_policy,Bile lh agak nya KO pun nk di turun kn...semak lhh mcm ni😢,1d503f7ba65e177aa25e,2025-11-23T03:44:41Z,2025-11-23T03:44:41Z,0,0,True,True,none,,2026-06-17T15:11:41.175929+00:00,raw,
YT_UgxjvYqQzqxwzhBzpbF4AaABAg,YouTube,top_level_comment,UgxjvYqQzqxwzhBzpbF4AaABAg,UgxjvYqQzqxwzhBzpbF4AaABAg,0zi0v_kJ7BE,"Belanjawan 2026: Bantuan tunai STR dikurang RM300, Sara naik",KiniTV,https://www.youtube.com/watch?v=0zi0v_kJ7BE,2025-10-13T05:24:51Z,cost_of_living_public_policy,"Penjaja ikan, udang, sotong, sayur, buah, bawang, semua guna wang tunai. Boleh guna IC? Semua itu termasuk barangan keperluan asaslah. Kenapa suka umum begitu? Tidak masuk wang ke akaun BSN saya lagilah?",e093c05bb2c94eb76b96,2025-11-19T08:55:05Z,2025-11-19T08:55:05Z,0,0,True,True,none,,2026-06-17T15:11:41.175946+00:00,raw,
YT_Ugy6c36i5wCO1CTe7eh4AaABAg,YouTube,top_level_comment,Ugy6c36i5wCO1CTe7eh4AaABAg,Ugy6c36i5wCO1CTe7eh4AaABAg,0zi0v_kJ7BE,"Belanjawan 2026: Bantuan tunai STR dikurang RM300, Sara naik",KiniTV,https://www.youtube.com/watch?v=0zi0v_kJ7BE,2025-10-13T05:24:51Z,cost_of_living_public_policy,"Assalam. Keperluan asas sebenar ialah ikan, ayam, beras, sayur, buahan, gula, serbuk teh dan kopi. Sayur, buahan, ikan segar, ayam segar tidak ada pun termasuk dalam barang-barang MyKasih SARA. Lari dari barangan keperluan asas sebenar. Saya bukan banyak makan telur ayam..😊",e093c05bb2c94eb76b96,2025-11-19T08:51:34Z,2025-11-19T08:51:34Z,0,0,True,True,none,,2026-06-17T15:11:41.175967+00:00,raw,
YT_UgyN5h17gL3gvlggjAl4AaABAg,YouTube,top_level_comment,UgyN5h17gL3gvlggjAl4AaABAg,UgyN5h17gL3gvlggjAl4AaABAg,0zi0v_kJ7BE,"Belanjawan 2026: Bantuan tunai STR dikurang RM300, Sara naik",KiniTV,https://www.youtube.com/watch?v=0zi0v_kJ7BE,2025-10-13T05:24:51Z,cost_of_living_public_policy,Keperluan asas sebenar di pasar dekat BSN. Bukan di Pasaraya. Di pasar guna IC ke?,e093c05bb2c94eb76b96,2025-11-19T08:48:59Z,2025-11-19T08:53:00Z,0,0,True,True,none,,2026-06-17T15:11:41.175980+00:00,raw,
YT_UgzKa8-VsyJKC9nkD9t4AaABAg,YouTube,top_level_comment,UgzKa8-VsyJKC9nkD9t4AaABAg,UgzKa8-VsyJKC9nkD9t4AaABAg,0zi0v_kJ7BE,"Belanjawan 2026: Bantuan tunai STR dikurang RM300, Sara naik",KiniTV,https://www.youtube.com/watch?v=0zi0v_kJ7BE,2025-10-13T05:24:51Z,cost_of_living_public_policy,Kurangkan gaji menteri menteri. Bukan hapuskan STR bujang.. Tak adil..😮😮,aecf91305719b4b5264e,2025-11-08T18:12:03Z,2025-11-08T18:12:03Z,0,0,True,True,none,,2026-06-17T15:11:41.175993+00:00,raw,
YT_UgyevAymrKfniKfpkMd4AaABAg,YouTube,top_level_comment,UgyevAymrKfniKfpkMd4AaABAg,UgyevAymrKfniKfpkMd4AaABAg,0zi0v_kJ7BE,"Belanjawan 2026: Bantuan tunai STR dikurang RM300, Sara naik",KiniTV,https://www.youtube.com/watch?v=0zi0v_kJ7BE,2025-10-13T05:24:51Z,cost_of_living_public_policy,Turunkn la pm x ni,a7acd1be4be6541c6fd5,2025-11-05T01:19:04Z,2025-11-05T01:19:04Z,0,0,True,True,none,,2026-06-17T15:11:41.176004+00:00,raw,
YT_UgzWGxil3geHPFbz2qJ4AaABAg,YouTube,top_level_comment,UgzWGxil3geHPFbz2qJ4AaABAg,UgzWGxil3geHPFbz2qJ4AaABAg,0zi0v_kJ7BE,"Belanjawan 2026: Bantuan tunai STR dikurang RM300, Sara naik",KiniTV,https://www.youtube.com/watch?v=0zi0v_kJ7BE,2025-10-13T05:24:51Z,cost_of_living_public_policy,"ini membuatkan aku semakin tak sabar nak tunggu malaysia tukar perdana menteri, apa jenis punya cerdik la bantuan bujang pun kau buat jadi bantuan sara beli barang dapur😂, dah elok² sebelum ni boleh bawak keluar cash dapat jugak isi petrol n tukar minyak hitam moto boleh beli topup, dengan keadaan rakyat semakin susah ingatkan 2026 nak bagi tambahan rupanya habis semua dia kurangkan adoii teruk la madani nii..",6ba9febcc3e7a41d934d,2025-11-03T17:59:57Z,2025-11-03T18:06:57Z,2,0,True,True,none,,2026-06-17T15:11:41.176030+00:00,raw,
YT_UgxuyvouqL7trBVc53Z4AaABAg,YouTube,top_level_comment,UgxuyvouqL7trBVc53Z4AaABAg,UgxuyvouqL7trBVc53Z4AaABAg,0zi0v_kJ7BE,"Belanjawan 2026: Bantuan tunai STR dikurang RM300, Sara naik",KiniTV,https://www.youtube.com/watch?v=0zi0v_kJ7BE,2025-10-13T05:24:51Z,cost_of_living_public_policy,sepatut nya di tambah baikkan.dan bukan nya di kurangkan.satu tindakan kurang bijak..PM anwar,bde8bd19206bd8f77ae6,2025-10-30T11:26:58Z,2025-10-30T11:26:58Z,0,0,True,True,none,,2026-06-17T15:11:41.176043+00:00,raw,
YT_UgxkEgqAVhdreJcRwJh4AaABAg,YouTube,top_level_comment,UgxkEgqAVhdreJcRwJh4AaABAg,UgxkEgqAVhdreJcRwJh4AaABAg,0zi0v_kJ7BE,"Belanjawan 2026: Bantuan tunai STR dikurang RM300, Sara naik",KiniTV,https://www.youtube.com/watch?v=0zi0v_kJ7BE,2025-10-13T05:24:51Z,cost_of_living_public_policy,Say NO kepada kerajaan lagi. Baik undi najib lepas ni. Najib banyak bantuan dia berikan dan tidak pernah menurunkan duit bantuan.,c599bfc29b8d1b58c40f,2025-10-27T19:26:18Z,2025-10-27T19:26:18Z,0,0,True,True,none,,2026-06-17T15:11:41.176058+00:00,raw,
YT_Ugz3M-XSTMi7y_oRIkJ4AaABAg,YouTube,top_level_comment,Ugz3M-XSTMi7y_oRIkJ4AaABAg,Ugz3M-XSTMi7y_oRIkJ4AaABAg,0zi0v_kJ7BE,"Belanjawan 2026: Bantuan tunai STR dikurang RM300, Sara naik",KiniTV,https://www.youtube.com/watch?v=0zi0v_kJ7BE,2025-10-13T05:24:51Z,cost_of_living_public_policy,Kacau str tunai bujang maka pm jgk akn d tumbangkan...tunggu la lpas pru nti...sara d naikkan pun tpi terhad pembeliannya,c0c5d50f69dfe4916495,2025-10-27T08:06:40Z,2025-10-27T08:06:40Z,1,0,True,True,none,,2026-06-17T15:11:41.176072+00:00,raw,
YT_Ugy6ZDhpvb9beL3kUoN4AaABAg,YouTube,top_level_comment,Ugy6ZDhpvb9beL3kUoN4AaABAg,Ugy6ZDhpvb9beL3kUoN4AaABAg,0zi0v_kJ7BE,"Belanjawan 2026: Bantuan tunai STR dikurang RM300, Sara naik",KiniTV,https://www.youtube.com/watch?v=0zi0v_kJ7BE,2025-10-13T05:24:51Z,cost_of_living_public_policy,"Sepatut nye kurang kan menteri2 yg bangang,tambahkan menteri2 yg pandai jaga rakyat.tu baru btl...",0b0f99348608b5b1bb8a,2025-10-22T09:45:20Z,2025-10-22T09:45:20Z,0,0,True,True,none,,2026-06-17T15:11:41.176086+00:00,raw,
YT_Ugzu0Znpda0UahS_pot4AaABAg,YouTube,top_level_comment,Ugzu0Znpda0UahS_pot4AaABAg,Ugzu0Znpda0UahS_pot4AaABAg,0zi0v_kJ7BE,"Belanjawan 2026: Bantuan tunai STR dikurang RM300, Sara naik",KiniTV,https://www.youtube.com/watch?v=0zi0v_kJ7BE,2025-10-13T05:24:51Z,cost_of_living_public_policy,SARA tu boleh beli barang basah ke bangang tak boleh kan lagi nak naik turun kan isi rumah,d4cba072098d2c4ed060,2025-10-22T08:11:23Z,2025-10-22T08:11:23Z,0,0,True,True,none,,2026-06-17T15:11:41.176099+00:00,raw,
YT_UgwOfGse3uCiLXQ6ti54AaABAg,YouTube,top_level_comment,UgwOfGse3uCiLXQ6ti54AaABAg,UgwOfGse3uCiLXQ6ti54AaABAg,0zi0v_kJ7BE,"Belanjawan 2026: Bantuan tunai STR dikurang RM300, Sara naik",KiniTV,https://www.youtube.com/watch?v=0zi0v_kJ7BE,2025-10-13T05:24:51Z,cost_of_living_public_policy,Brain wash ..,4eb5fcbd831ae9989128,2025-10-21T11:46:34Z,2025-10-21T11:46:34Z,0,0,True,True,none,,2026-06-17T15:11:41.176111+00:00,raw,
YT_UgzTsb4Qp2rbmUgvVqZ4AaABAg,YouTube,top_level_comment,UgzTsb4Qp2rbmUgvVqZ4AaABAg,UgzTsb4Qp2rbmUgvVqZ4AaABAg,0zi0v_kJ7BE,"Belanjawan 2026: Bantuan tunai STR dikurang RM300, Sara naik",KiniTV,https://www.youtube.com/watch?v=0zi0v_kJ7BE,2025-10-13T05:24:51Z,cost_of_living_public_policy,Bantu kroni dia betul mamak ni,f7f54a8903f3dee8e9b2,2025-10-21T05:50:29Z,2025-10-21T05:50:29Z,1,0,True,True,none,,2026-06-17T15:11:41.176123+00:00,raw,
YT_UgxrvE07ZRKW5lrQ7oR4AaABAg,YouTube,top_level_comment,UgxrvE07ZRKW5lrQ7oR4AaABAg,UgxrvE07ZRKW5lrQ7oR4AaABAg,0zi0v_kJ7BE,"Belanjawan 2026: Bantuan tunai STR dikurang RM300, Sara naik",KiniTV,https://www.youtube.com/watch?v=0zi0v_kJ7BE,2025-10-13T05:24:51Z,cost_of_living_public_policy,Bil api dan air bang nuar oii,8c5444bf884e488bc229,2025-10-20T06:48:18Z,2025-10-20T06:48:18Z,0,0,True,True,none,,2026-06-17T15:11:41.176134+00:00,raw,
YT_UgzNZZDuXy6VUm0tfaN4AaABAg,YouTube,top_level_comment,UgzNZZDuXy6VUm0tfaN4AaABAg,UgzNZZDuXy6VUm0tfaN4AaABAg,0zi0v_kJ7BE,"Belanjawan 2026: Bantuan tunai STR dikurang RM300, Sara naik",KiniTV,https://www.youtube.com/watch?v=0zi0v_kJ7BE,2025-10-13T05:24:51Z,cost_of_living_public_policy,Puihhhh,86670b3031a1214eb3fe,2025-10-20T06:26:42Z,2025-10-20T06:26:42Z,0,0,True,True,none,,2026-06-17T15:11:41.176145+00:00,raw,
YT_UgzdvgUmJj5Z_NvOWWN4AaABAg,YouTube,top_level_comment,UgzdvgUmJj5Z_NvOWWN4AaABAg,UgzdvgUmJj5Z_NvOWWN4AaABAg,0zi0v_kJ7BE,"Belanjawan 2026: Bantuan tunai STR dikurang RM300, Sara naik",KiniTV,https://www.youtube.com/watch?v=0zi0v_kJ7BE,2025-10-13T05:24:51Z,cost_of_living_public_policy,Sara tu perluaskan lagi..jangan hanya pasar raya saja..kedai2 runcit barang basah di sekalikan..mudah..pasar raya ni barang terhad..ada masa dapat saki baki barang harga mahal saja tinggal..seperti beras dan barang asas yang lain..,c0514dcf15993b96178d,2025-10-20T05:57:30Z,2025-10-20T05:57:30Z,0,0,True,True,none,,2026-06-17T15:11:41.176162+00:00,raw,
YT_UgzCCjxRlUbtt0ywa-l4AaABAg,YouTube,top_level_comment,UgzCCjxRlUbtt0ywa-l4AaABAg,UgzCCjxRlUbtt0ywa-l4AaABAg,0zi0v_kJ7BE,"Belanjawan 2026: Bantuan tunai STR dikurang RM300, Sara naik",KiniTV,https://www.youtube.com/watch?v=0zi0v_kJ7BE,2025-10-13T05:24:51Z,cost_of_living_public_policy,Semua mentri poyo sekarg rakyat tri akibatnya yg jilat xpe ar,53a65a1bc64e5bd51ec5,2025-10-20T05:07:31Z,2025-10-20T05:07:31Z,0,0,True,True,none,,2026-06-17T15:11:41.176175+00:00,raw,
YT_UgzvIoB5GqBgljeKzLB4AaABAg,YouTube,top_level_comment,UgzvIoB5GqBgljeKzLB4AaABAg,UgzvIoB5GqBgljeKzLB4AaABAg,0zi0v_kJ7BE,"Belanjawan 2026: Bantuan tunai STR dikurang RM300, Sara naik",KiniTV,https://www.youtube.com/watch?v=0zi0v_kJ7BE,2025-10-13T05:24:51Z,cost_of_living_public_policy,Siapa pya idea ni. SARA dinaik Kan utk pusingan ekonomi. Ekonomi bangsa cina dan mahakaya. Kenapa str dikurangkan.,4e840f2a607211d0b8bd,2025-10-20T03:06:31Z,2025-10-20T03:06:31Z,0,0,True,True,none,,2026-06-17T15:11:41.176203+00:00,raw,
YT_UgxtLbDnPolGQkPzy7t4AaABAg,YouTube,top_level_comment,UgxtLbDnPolGQkPzy7t4AaABAg,UgxtLbDnPolGQkPzy7t4AaABAg,0zi0v_kJ7BE,"Belanjawan 2026: Bantuan tunai STR dikurang RM300, Sara naik",KiniTV,https://www.youtube.com/watch?v=0zi0v_kJ7BE,2025-10-13T05:24:51Z,cost_of_living_public_policy,ni pmx putar belit punya...bukan meringankan rakyat tapi sebaliknya...dia ingat rakyat ni boleh digula2kan.,47c9339a8b007db55a84,2025-10-19T16:24:03Z,2025-10-19T16:24:03Z,0,0,True,True,none,,2026-06-17T15:11:41.176219+00:00,raw,
YT_Ugzg_2Sszmf3Ldfm1CV4AaABAg,YouTube,top_level_comment,Ugzg_2Sszmf3Ldfm1CV4AaABAg,Ugzg_2Sszmf3Ldfm1CV4AaABAg,0zi0v_kJ7BE,"Belanjawan 2026: Bantuan tunai STR dikurang RM300, Sara naik",KiniTV,https://www.youtube.com/watch?v=0zi0v_kJ7BE,2025-10-13T05:24:51Z,cost_of_living_public_policy,Saya dengar kerajaan perpaduan akan kalah dalam prn Sabah betul ke ?,cff2e0ec5f71e1384bf9,2025-10-19T14:33:22Z,2025-10-19T14:33:22Z,0,0,True,True,none,,2026-06-17T15:11:41.176231+00:00,raw,
YT_UgyBF7A-l6Y3j46CVMN4AaABAg,YouTube,top_level_comment,UgyBF7A-l6Y3j46CVMN4AaABAg,UgyBF7A-l6Y3j46CVMN4AaABAg,0zi0v_kJ7BE,"Belanjawan 2026: Bantuan tunai STR dikurang RM300, Sara naik",KiniTV,https://www.youtube.com/watch?v=0zi0v_kJ7BE,2025-10-13T05:24:51Z,cost_of_living_public_policy,Sara bukan saja bantu B40 tapi keuntungan pada peniaga terpilih,a57ec29177e473608d4b,2025-10-19T12:24:17Z,2025-10-19T12:24:17Z,0,0,True,True,none,,2026-06-17T15:11:41.176244+00:00,raw,
YT_UgwRZuVj8LKNwJS9sd14AaABAg,YouTube,top_level_comment,UgwRZuVj8LKNwJS9sd14AaABAg,UgwRZuVj8LKNwJS9sd14AaABAg,0zi0v_kJ7BE,"Belanjawan 2026: Bantuan tunai STR dikurang RM300, Sara naik",KiniTV,https://www.youtube.com/watch?v=0zi0v_kJ7BE,2025-10-13T05:24:51Z,cost_of_living_public_policy,"Bantuan STR bujang RM600 tu tahun depan akan jadi SARA untuk bujang. Tahun depan bujang dah tak dapat STR ke dalam bank. Dalam erti kata lain, bujang secara teorinya tak dapat apa pun khabar baik untuk tahun depan. Ya, memang bujang dapat SARA RM600 (RM50 per bulan), tapi itu cuma penukaran saja. Duit STR bujang dah tak dapat. Kenapa kerajaan tak buat RM300 untuk SARA bujang dan RM300 lagi untuk STR bujang? Total RM600 juga. Cuma ini bujang dapat bantuan barangan dan bantuan tunai.",61eb0fb719cc91a9dc6d,2025-10-19T11:46:07Z,2025-10-19T11:46:07Z,1,0,True,True,none,,2026-06-17T15:11:41.176270+00:00,raw,
YT_Ugw6cICv46MT79lQQVR4AaABAg,YouTube,top_level_comment,Ugw6cICv46MT79lQQVR4AaABAg,Ugw6cICv46MT79lQQVR4AaABAg,0zi0v_kJ7BE,"Belanjawan 2026: Bantuan tunai STR dikurang RM300, Sara naik",KiniTV,https://www.youtube.com/watch?v=0zi0v_kJ7BE,2025-10-13T05:24:51Z,cost_of_living_public_policy,"Anwar dah boleh diturunkan dah, tak membantu, baik najib lagi tak berkira.",5503698bbc3d0f7b980a,2025-10-19T07:09:27Z,2025-10-19T07:09:27Z,0,0,True,True,none,,2026-06-17T15:11:41.176286+00:00,raw,
YT_Ugy4yCdNYdgPUnjsoJN4AaABAg,YouTube,top_level_comment,Ugy4yCdNYdgPUnjsoJN4AaABAg,Ugy4yCdNYdgPUnjsoJN4AaABAg,0zi0v_kJ7BE,"Belanjawan 2026: Bantuan tunai STR dikurang RM300, Sara naik",KiniTV,https://www.youtube.com/watch?v=0zi0v_kJ7BE,2025-10-13T05:24:51Z,cost_of_living_public_policy,Bank Islam vx dapat lagi,2eae19a9b2f630e4fe31,2025-10-19T04:23:20Z,2025-10-19T04:23:20Z,0,0,True,True,none,,2026-06-17T15:11:41.176298+00:00,raw,
YT_UgzG4hrC0RLmUzzQD7t4AaABAg,YouTube,top_level_comment,UgzG4hrC0RLmUzzQD7t4AaABAg,UgzG4hrC0RLmUzzQD7t4AaABAg,0zi0v_kJ7BE,"Belanjawan 2026: Bantuan tunai STR dikurang RM300, Sara naik",KiniTV,https://www.youtube.com/watch?v=0zi0v_kJ7BE,2025-10-13T05:24:51Z,cost_of_living_public_policy,"Kompom la pmx kalah PRU dpn,,dulu undi dia next no la pmx,,",d519ff2b12aa0e8e2ca9,2025-10-19T00:34:12Z,2025-10-19T00:34:12Z,0,0,True,True,none,,2026-06-17T15:11:41.176315+00:00,raw,
YT_Ugy8v8m3ci2OWT2DQUB4AaABAg,YouTube,top_level_comment,Ugy8v8m3ci2OWT2DQUB4AaABAg,Ugy8v8m3ci2OWT2DQUB4AaABAg,0zi0v_kJ7BE,"Belanjawan 2026: Bantuan tunai STR dikurang RM300, Sara naik",KiniTV,https://www.youtube.com/watch?v=0zi0v_kJ7BE,2025-10-13T05:24:51Z,cost_of_living_public_policy,Ada dia banyak menyusahkan rakyat Bujang Kami yang Bujang sepatutnya dapat diberikan insentif STR pada Tahun Baru 2026 Apa guna perdana Menteri Malaysia makin lama makin buat rakyat Bujang benci Memang betul MB KEDAH cakap bila buka mulut cakap Bohong memang pmx bohong pun Kami nak PRU KE 16 Kalau boleh lagi cepat turun dia tak payah nak tunggu sampai 2 tahun Tunggu 2 tahun buat apa banyak menyusahkan Rakyat Bujang dan semua orang Malaysia sekali Patut laa rakyat Malaysia suka maki pmx sebab perangai dia penting diri sendiri bodoh betul,be81bdeede3072858202,2025-10-18T17:06:50Z,2025-10-18T17:06:50Z,0,0,True,True,none,,2026-06-17T15:11:41.176346+00:00,raw,
YT_UgyGKIe3KA9NC2u9TMx4AaABAg,YouTube,top_level_comment,UgyGKIe3KA9NC2u9TMx4AaABAg,UgyGKIe3KA9NC2u9TMx4AaABAg,0zi0v_kJ7BE,"Belanjawan 2026: Bantuan tunai STR dikurang RM300, Sara naik",KiniTV,https://www.youtube.com/watch?v=0zi0v_kJ7BE,2025-10-13T05:24:51Z,cost_of_living_public_policy,Oke lh bersyukur,b174483a0930c640b711,2025-10-18T15:04:32Z,2025-10-18T15:04:32Z,0,0,True,True,none,,2026-06-17T15:11:41.176357+00:00,raw,
YT_UgwjYVYFviE2GdlBpHJ4AaABAg,YouTube,top_level_comment,UgwjYVYFviE2GdlBpHJ4AaABAg,UgwjYVYFviE2GdlBpHJ4AaABAg,0zi0v_kJ7BE,"Belanjawan 2026: Bantuan tunai STR dikurang RM300, Sara naik",KiniTV,https://www.youtube.com/watch?v=0zi0v_kJ7BE,2025-10-13T05:24:51Z,cost_of_living_public_policy,naikkan SARA utk bantu kroni² semak kedai² yg terpilih .. menteri² tentera DAJJAL memang licik ..UMDAP MANTAT 🦮🦮DA🐷🦴🦴🦴,b02356e604e6ca1cf204,2025-10-18T07:18:44Z,2025-10-18T07:23:30Z,0,0,True,True,none,,2026-06-17T15:11:41.176373+00:00,raw,
YT_UgzZii4qjwTSQcWhl7B4AaABAg,YouTube,top_level_comment,UgzZii4qjwTSQcWhl7B4AaABAg,UgzZii4qjwTSQcWhl7B4AaABAg,0zi0v_kJ7BE,"Belanjawan 2026: Bantuan tunai STR dikurang RM300, Sara naik",KiniTV,https://www.youtube.com/watch?v=0zi0v_kJ7BE,2025-10-13T05:24:51Z,cost_of_living_public_policy,Hempeh,276f24311f03afdf6e84,2025-10-18T00:36:06Z,2025-10-18T00:36:06Z,0,0,True,True,none,,2026-06-17T15:11:41.176383+00:00,raw,
YT_UgxxCrDjMiAYRJEHJOp4AaABAg,YouTube,top_level_comment,UgxxCrDjMiAYRJEHJOp4AaABAg,UgxxCrDjMiAYRJEHJOp4AaABAg,0zi0v_kJ7BE,"Belanjawan 2026: Bantuan tunai STR dikurang RM300, Sara naik",KiniTV,https://www.youtube.com/watch?v=0zi0v_kJ7BE,2025-10-13T05:24:51Z,cost_of_living_public_policy,Assalamualaikum kami orang bujang ada tanggungjawab kami ada yang sakit tak boleh bekerja memerlukan kewangan sendiri kerana tidak dapat bekerja takkan nak menyusahkan orang tua sekurangnya dapat sikit pun okeylah orang bujang langsung tak dapat betul-betul tak adillah,27df2bac5e9c400a37a8,2025-10-17T06:29:57Z,2025-10-17T06:29:57Z,0,0,True,True,none,,2026-06-17T15:11:41.176403+00:00,raw,
YT_Ugzdqi5FLAPNAvc0hAJ4AaABAg,YouTube,top_level_comment,Ugzdqi5FLAPNAvc0hAJ4AaABAg,Ugzdqi5FLAPNAvc0hAJ4AaABAg,0zi0v_kJ7BE,"Belanjawan 2026: Bantuan tunai STR dikurang RM300, Sara naik",KiniTV,https://www.youtube.com/watch?v=0zi0v_kJ7BE,2025-10-13T05:24:51Z,cost_of_living_public_policy,"Anwar Ibrahim ni nk bagi cadangan UTK KO, golongan bujang mahukan str seperti biasa...bukan nak kan sara sebulan 50 hanya IC UTK beli brg makanan...daripada KO nk kurangkan bajet baik KO bagi str bujang 600 sudah, sara UTK bujang KO hentikan.... Str @ sara UTK bujang perlukan adalah str bukan sara...KO bagi str bujang, bila DPT tahu lah org bujang nk beli brg makanan MCM mana, daripada duit sara hanya brg yg senarai ja boleh beli....Anwar Anwar kalau bodoh nk fikir,lebih baik letak jawatan ja lah, ramai lagi org cerdik pandai dari ko",abb5b031d62cfae76959,2025-10-16T10:37:54Z,2025-10-16T10:37:54Z,0,0,True,True,none,,2026-06-17T15:11:41.176431+00:00,raw,
YT_Ugx93YEVT_E3Z2-9qVp4AaABAg,YouTube,top_level_comment,Ugx93YEVT_E3Z2-9qVp4AaABAg,Ugx93YEVT_E3Z2-9qVp4AaABAg,0zi0v_kJ7BE,"Belanjawan 2026: Bantuan tunai STR dikurang RM300, Sara naik",KiniTV,https://www.youtube.com/watch?v=0zi0v_kJ7BE,2025-10-13T05:24:51Z,cost_of_living_public_policy,Spin duit pun pandai😅,8e184041789df7fd0469,2025-10-16T05:40:12Z,2025-10-16T05:40:12Z,0,0,True,True,none,,2026-06-17T15:11:41.176443+00:00,raw,
YT_Ugx_9L9Ulhtvc3RW9vh4AaABAg,YouTube,top_level_comment,Ugx_9L9Ulhtvc3RW9vh4AaABAg,Ugx_9L9Ulhtvc3RW9vh4AaABAg,0zi0v_kJ7BE,"Belanjawan 2026: Bantuan tunai STR dikurang RM300, Sara naik",KiniTV,https://www.youtube.com/watch?v=0zi0v_kJ7BE,2025-10-13T05:24:51Z,cost_of_living_public_policy,🙏🙏🙏😇😇😇♥️♥️♥️👏👏👏🤲🤲,3a94092bc657c2a9a315,2025-10-15T21:20:12Z,2025-10-15T21:20:12Z,0,0,True,True,none,,2026-06-17T15:11:41.176469+00:00,raw,
YT_UgwLK98KmC23lfErXdN4AaABAg,YouTube,top_level_comment,UgwLK98KmC23lfErXdN4AaABAg,UgwLK98KmC23lfErXdN4AaABAg,0zi0v_kJ7BE,"Belanjawan 2026: Bantuan tunai STR dikurang RM300, Sara naik",KiniTV,https://www.youtube.com/watch?v=0zi0v_kJ7BE,2025-10-13T05:24:51Z,cost_of_living_public_policy,"Korng semua dh nmpk kan😏,,So pikir2 kan lah PRU nnti nk buat mcm mne yee",65cf2569bca1fd81d51b,2025-10-15T13:21:56Z,2025-10-15T13:21:56Z,0,0,True,True,none,,2026-06-17T15:11:41.176483+00:00,raw,
YT_Ugy5wllNCy5v4XTrgkF4AaABAg,YouTube,top_level_comment,Ugy5wllNCy5v4XTrgkF4AaABAg,Ugy5wllNCy5v4XTrgkF4AaABAg,0zi0v_kJ7BE,"Belanjawan 2026: Bantuan tunai STR dikurang RM300, Sara naik",KiniTV,https://www.youtube.com/watch?v=0zi0v_kJ7BE,2025-10-13T05:24:51Z,cost_of_living_public_policy,"Kalau xnak naikkan Str,xpelah juga....ni kurangkan pulak str.🤦🤦🤦",b8053ce2b4c431fd4a39,2025-10-15T12:57:16Z,2025-10-15T12:57:16Z,6,1,True,True,none,,2026-06-17T15:11:41.176496+00:00,raw,
YT_UgyZwj-31Glk9W_Fzu14AaABAg,YouTube,top_level_comment,UgyZwj-31Glk9W_Fzu14AaABAg,UgyZwj-31Glk9W_Fzu14AaABAg,0zi0v_kJ7BE,"Belanjawan 2026: Bantuan tunai STR dikurang RM300, Sara naik",KiniTV,https://www.youtube.com/watch?v=0zi0v_kJ7BE,2025-10-13T05:24:51Z,cost_of_living_public_policy,Npe x sara str di gabungkan je kan senang x lh org beratur panjang berenam jam dgn system down of Line bagai dh lh berbaris 5 jam of Line pulak tu serik dah berulang kali kena sudah ny tglkn troli balik 0.. myusah kn org sak bah,8493edd405a7e6826a02,2025-10-15T09:26:41Z,2025-10-15T09:26:41Z,0,0,True,True,none,,2026-06-17T15:11:41.176514+00:00,raw,
YT_Ugz7EUxyKXmdWW4VaZ94AaABAg,YouTube,top_level_comment,Ugz7EUxyKXmdWW4VaZ94AaABAg,Ugz7EUxyKXmdWW4VaZ94AaABAg,0zi0v_kJ7BE,"Belanjawan 2026: Bantuan tunai STR dikurang RM300, Sara naik",KiniTV,https://www.youtube.com/watch?v=0zi0v_kJ7BE,2025-10-13T05:24:51Z,cost_of_living_public_policy,Kalau org cakap bodoh nnt marah. Ni lah nama nya bodoh. Rase kan laa Sape yg nk sangat dia naik kan. Jadi nya susah nk bayar bil2 yg ada. Asik makan magie jela. Terbaik pada sapa yg undi dia. 👍👍👍 Syabas 👍👍👍👍👍👍👍,ab99251b3d9fec32c31e,2025-10-15T07:41:41Z,2025-10-15T07:41:41Z,0,0,True,True,none,,2026-06-17T15:11:41.176534+00:00,raw,
YT_UgwDK52yBaqiuU4Nsc14AaABAg,YouTube,top_level_comment,UgwDK52yBaqiuU4Nsc14AaABAg,UgwDK52yBaqiuU4Nsc14AaABAg,0zi0v_kJ7BE,"Belanjawan 2026: Bantuan tunai STR dikurang RM300, Sara naik",KiniTV,https://www.youtube.com/watch?v=0zi0v_kJ7BE,2025-10-13T05:24:51Z,cost_of_living_public_policy,Bujang ko bg SARA buat apa..mereka buka beli barang dapur..mereka bujang. Makan diluar..nanti orang bujang akan turunkan pmx,20e4e4917fbed6fe1c44,2025-10-15T06:37:43Z,2025-10-15T06:39:49Z,5,1,True,True,none,,2026-06-17T15:11:41.176548+00:00,raw,
YT_UgyYUjVWvt0Kf9U_KfN4AaABAg,YouTube,top_level_comment,UgyYUjVWvt0Kf9U_KfN4AaABAg,UgyYUjVWvt0Kf9U_KfN4AaABAg,0zi0v_kJ7BE,"Belanjawan 2026: Bantuan tunai STR dikurang RM300, Sara naik",KiniTV,https://www.youtube.com/watch?v=0zi0v_kJ7BE,2025-10-13T05:24:51Z,cost_of_living_public_policy,kita orang bujang😏Kecewa betul dgn BN🔵PH🔴 nie😢 STR orang bujang tak ada 2026 nie😭😭🥀🥀bujang🥀🥀😭😭,ec1004b6dce5df01322f,2025-10-15T05:01:26Z,2025-10-15T05:01:34Z,0,0,True,True,none,,2026-06-17T15:11:41.176562+00:00,raw,
YT_UgwvoGI4YO925rirmQV4AaABAg,YouTube,top_level_comment,UgwvoGI4YO925rirmQV4AaABAg,UgwvoGI4YO925rirmQV4AaABAg,0zi0v_kJ7BE,"Belanjawan 2026: Bantuan tunai STR dikurang RM300, Sara naik",KiniTV,https://www.youtube.com/watch?v=0zi0v_kJ7BE,2025-10-13T05:24:51Z,cost_of_living_public_policy,Pru16 nnti wajib turunkan kerajaan madani bengong.,14578603402801f3a9fc,2025-10-15T03:01:03Z,2025-10-15T03:01:03Z,0,0,True,True,none,,2026-06-17T15:11:41.176575+00:00,raw,
YT_UgyJlGeXneziZQlYSN54AaABAg,YouTube,top_level_comment,UgyJlGeXneziZQlYSN54AaABAg,UgyJlGeXneziZQlYSN54AaABAg,0zi0v_kJ7BE,"Belanjawan 2026: Bantuan tunai STR dikurang RM300, Sara naik",KiniTV,https://www.youtube.com/watch?v=0zi0v_kJ7BE,2025-10-13T05:24:51Z,cost_of_living_public_policy,patut naik str!!!!!!haihhhh bukan boleh bli barang basah bayar elektrik pon menyusahkan laaa..mmg patut pmx turun!!!!!!!!!!!!!!!!!!!!!!!!!!!!!!!!!x boleh jadi menteri bagi org lain la menyusakan rakyat!,bd1775645f5d0d2dafa2,2025-10-15T01:58:26Z,2025-10-15T01:58:26Z,0,0,True,True,none,,2026-06-17T15:11:41.176591+00:00,raw,
YT_UgyDiuKDWeuzIlQ5p9h4AaABAg,YouTube,top_level_comment,UgyDiuKDWeuzIlQ5p9h4AaABAg,UgyDiuKDWeuzIlQ5p9h4AaABAg,0zi0v_kJ7BE,"Belanjawan 2026: Bantuan tunai STR dikurang RM300, Sara naik",KiniTV,https://www.youtube.com/watch?v=0zi0v_kJ7BE,2025-10-13T05:24:51Z,cost_of_living_public_policy,"Pernah beli barang Mysara . Harga tunai dgn harga Mysara tak sama, lagi mahal pakai mysara",46d5718a6035ae2c80fe,2025-10-15T01:12:27Z,2025-10-15T01:12:27Z,0,0,True,True,none,,2026-06-17T15:11:41.176604+00:00,raw,
YT_UgwZEaNXx1cifHZSeMF4AaABAg,YouTube,top_level_comment,UgwZEaNXx1cifHZSeMF4AaABAg,UgwZEaNXx1cifHZSeMF4AaABAg,0zi0v_kJ7BE,"Belanjawan 2026: Bantuan tunai STR dikurang RM300, Sara naik",KiniTV,https://www.youtube.com/watch?v=0zi0v_kJ7BE,2025-10-13T05:24:51Z,cost_of_living_public_policy,"Bagi je lah duit. MCM barang, bukan semua barang boleh beli .last2 kat kaunter jemm..",46d5718a6035ae2c80fe,2025-10-15T01:11:06Z,2025-10-15T01:11:06Z,0,0,True,True,none,,2026-06-17T15:11:41.176617+00:00,raw,
YT_Ugzf7FHrH5xEnyTIVvB4AaABAg,YouTube,top_level_comment,Ugzf7FHrH5xEnyTIVvB4AaABAg,Ugzf7FHrH5xEnyTIVvB4AaABAg,0zi0v_kJ7BE,"Belanjawan 2026: Bantuan tunai STR dikurang RM300, Sara naik",KiniTV,https://www.youtube.com/watch?v=0zi0v_kJ7BE,2025-10-13T05:24:51Z,cost_of_living_public_policy,Manusia biasanya x prnh rsa puas .jrg nk bersyukur.🤔🤔,219ca05db47d08f446b7,2025-10-15T00:22:45Z,2025-10-15T00:22:45Z,0,0,True,True,none,,2026-06-17T15:11:41.176630+00:00,raw,
YT_UgzTF-UgpINTJHqpA9F4AaABAg,YouTube,top_level_comment,UgzTF-UgpINTJHqpA9F4AaABAg,UgzTF-UgpINTJHqpA9F4AaABAg,0zi0v_kJ7BE,"Belanjawan 2026: Bantuan tunai STR dikurang RM300, Sara naik",KiniTV,https://www.youtube.com/watch?v=0zi0v_kJ7BE,2025-10-13T05:24:51Z,cost_of_living_public_policy,"Main tarik², last² ko kena tarik nanti.. kan mendapat. Gila munya aturan. Nak bagi, bagi je ler.",d52a60dbe0158892539e,2025-10-14T22:59:57Z,2025-10-14T22:59:57Z,3,0,True,True,none,,2026-06-17T15:11:41.176644+00:00,raw,
YT_Ugz6PikJoXhPnMAediV4AaABAg,YouTube,top_level_comment,Ugz6PikJoXhPnMAediV4AaABAg,Ugz6PikJoXhPnMAediV4AaABAg,0zi0v_kJ7BE,"Belanjawan 2026: Bantuan tunai STR dikurang RM300, Sara naik",KiniTV,https://www.youtube.com/watch?v=0zi0v_kJ7BE,2025-10-13T05:24:51Z,cost_of_living_public_policy,nmpk sgt ekonomi kerajaan jatuh 😏,09c204f6aeb3d4a331ae,2025-10-14T19:35:53Z,2025-10-14T19:35:53Z,0,0,True,True,none,,2026-06-17T15:11:41.176656+00:00,raw,
YT_UgzU8LUY3eapuu1QcNx4AaABAg,YouTube,top_level_comment,UgzU8LUY3eapuu1QcNx4AaABAg,UgzU8LUY3eapuu1QcNx4AaABAg,0zi0v_kJ7BE,"Belanjawan 2026: Bantuan tunai STR dikurang RM300, Sara naik",KiniTV,https://www.youtube.com/watch?v=0zi0v_kJ7BE,2025-10-13T05:24:51Z,cost_of_living_public_policy,natizen nak STR.kalau boleh jangan kacau STR.sebabnya banyk kegunaan untuk anak² nak ke sekolah.satu lagi cash simple.kalau SARA pilihan terhad.tu tak boleh.ni tak boleh.sapa punya cadangan bangang ni ???,bf26628473b7c078a7c5,2025-10-14T15:47:20Z,2025-10-14T15:47:20Z,4,2,True,True,none,,2026-06-17T15:11:41.176673+00:00,raw,
YT_Ugxt3Sxthz4mDmbuNp14AaABAg,YouTube,top_level_comment,Ugxt3Sxthz4mDmbuNp14AaABAg,Ugxt3Sxthz4mDmbuNp14AaABAg,0zi0v_kJ7BE,"Belanjawan 2026: Bantuan tunai STR dikurang RM300, Sara naik",KiniTV,https://www.youtube.com/watch?v=0zi0v_kJ7BE,2025-10-13T05:24:51Z,cost_of_living_public_policy,Woi aku x bole update ... Habis padu buat .apaaa.!!??? Bodoh yakmat la korang yang perintah ni,2afd87e80679b73caa39,2025-10-14T15:13:21Z,2025-10-14T15:13:48Z,0,0,True,True,none,,2026-06-17T15:11:41.176687+00:00,raw,
YT_UgzfLQNNpBiKcL-9Jdt4AaABAg,YouTube,top_level_comment,UgzfLQNNpBiKcL-9Jdt4AaABAg,UgzfLQNNpBiKcL-9Jdt4AaABAg,0zi0v_kJ7BE,"Belanjawan 2026: Bantuan tunai STR dikurang RM300, Sara naik",KiniTV,https://www.youtube.com/watch?v=0zi0v_kJ7BE,2025-10-13T05:24:51Z,cost_of_living_public_policy,"KENAPA HAPUSKAN STR BUJANG ????? ADA DUIT LEBIH UNTK BAGI BANTUAN PD NEGARA LAIN, TAPI RAKYAT SENDIRI DI TARIK KELEBIHAN.",d4bc9527b7905ad0451a,2025-10-14T14:29:58Z,2025-10-14T14:29:58Z,2,0,True,True,none,,2026-06-17T15:11:41.176700+00:00,raw,
YT_Ugyx9Y1IrgAMNz1aUJ54AaABAg,YouTube,top_level_comment,Ugyx9Y1IrgAMNz1aUJ54AaABAg,Ugyx9Y1IrgAMNz1aUJ54AaABAg,0zi0v_kJ7BE,"Belanjawan 2026: Bantuan tunai STR dikurang RM300, Sara naik",KiniTV,https://www.youtube.com/watch?v=0zi0v_kJ7BE,2025-10-13T05:24:51Z,cost_of_living_public_policy,Xbest xdapat tunai mundur,2e568ac63548db86f853,2025-10-14T13:11:38Z,2025-10-14T13:11:38Z,0,0,True,True,none,,2026-06-17T15:11:41.176712+00:00,raw,
YT_UgwKhE0Lxe_maOuYVIh4AaABAg,YouTube,top_level_comment,UgwKhE0Lxe_maOuYVIh4AaABAg,UgwKhE0Lxe_maOuYVIh4AaABAg,0zi0v_kJ7BE,"Belanjawan 2026: Bantuan tunai STR dikurang RM300, Sara naik",KiniTV,https://www.youtube.com/watch?v=0zi0v_kJ7BE,2025-10-13T05:24:51Z,cost_of_living_public_policy,SARA ni nak bagi depa kaya saja siapa lagi type c lah..sebab tempat lain tak boleh nak beli..,3352944ab1b9f4bd7029,2025-10-14T13:01:13Z,2025-10-14T13:01:13Z,6,2,True,True,none,,2026-06-17T15:11:41.176726+00:00,raw,
YT_UgzMdUp7w3bcYFnt78R4AaABAg,YouTube,top_level_comment,UgzMdUp7w3bcYFnt78R4AaABAg,UgzMdUp7w3bcYFnt78R4AaABAg,0zi0v_kJ7BE,"Belanjawan 2026: Bantuan tunai STR dikurang RM300, Sara naik",KiniTV,https://www.youtube.com/watch?v=0zi0v_kJ7BE,2025-10-13T05:24:51Z,cost_of_living_public_policy,Pangkah lg dpat tahikk.. geng bujang xdpat str basah lg kena kencing,2e5b4e6a97114905ca0c,2025-10-14T12:46:27Z,2025-10-14T12:46:27Z,1,0,True,True,none,,2026-06-17T15:11:41.176739+00:00,raw,
YT_UgzjVLEeAkJHLx-Ancl4AaABAg,YouTube,top_level_comment,UgzjVLEeAkJHLx-Ancl4AaABAg,UgzjVLEeAkJHLx-Ancl4AaABAg,0zi0v_kJ7BE,"Belanjawan 2026: Bantuan tunai STR dikurang RM300, Sara naik",KiniTV,https://www.youtube.com/watch?v=0zi0v_kJ7BE,2025-10-13T05:24:51Z,cost_of_living_public_policy,Pm Anwar pm paling teruk pru17 kita tukar pm,7b809ed5c0c3aa798da0,2025-10-14T12:20:52Z,2025-10-14T12:20:52Z,0,0,True,True,none,,2026-06-17T15:11:41.176751+00:00,raw,
YT_UgyXdITJBZcxvvQoPGx4AaABAg,YouTube,top_level_comment,UgyXdITJBZcxvvQoPGx4AaABAg,UgyXdITJBZcxvvQoPGx4AaABAg,0zi0v_kJ7BE,"Belanjawan 2026: Bantuan tunai STR dikurang RM300, Sara naik",KiniTV,https://www.youtube.com/watch?v=0zi0v_kJ7BE,2025-10-13T05:24:51Z,cost_of_living_public_policy,"Orang bising pasal bujang, tp pelajar langsung dh takde",04d5da4bf136e2c4d77a,2025-10-14T11:29:07Z,2025-10-14T11:29:07Z,1,0,True,True,none,,2026-06-17T15:11:41.176763+00:00,raw,
YT_Ugx3IN6EWDSgY_Gr_Hh4AaABAg,YouTube,top_level_comment,Ugx3IN6EWDSgY_Gr_Hh4AaABAg,Ugx3IN6EWDSgY_Gr_Hh4AaABAg,0zi0v_kJ7BE,"Belanjawan 2026: Bantuan tunai STR dikurang RM300, Sara naik",KiniTV,https://www.youtube.com/watch?v=0zi0v_kJ7BE,2025-10-13T05:24:51Z,cost_of_living_public_policy,Bujang dapat 600 je.PRU nanti siap la,0e278c953b6c238a8596,2025-10-14T10:00:39Z,2025-10-14T10:00:39Z,4,2,True,True,none,,2026-06-17T15:11:41.176775+00:00,raw,
YT_Ugx_eTpQPlwiJvbnhH94AaABAg,YouTube,top_level_comment,Ugx_eTpQPlwiJvbnhH94AaABAg,Ugx_eTpQPlwiJvbnhH94AaABAg,0zi0v_kJ7BE,"Belanjawan 2026: Bantuan tunai STR dikurang RM300, Sara naik",KiniTV,https://www.youtube.com/watch?v=0zi0v_kJ7BE,2025-10-13T05:24:51Z,cost_of_living_public_policy,baik la mcm pm najib..dia buat kdai rncit 1mlysia brng tmpatan hrga berpatutan..brim pun dpat..bru la balance..,57bf3f86f8b5b76ed257,2025-10-14T09:23:56Z,2025-10-14T09:23:56Z,19,3,True,True,none,,2026-06-17T15:11:41.176791+00:00,raw,
YT_Ugwi45Ver-gs8FRJE054AaABAg,YouTube,top_level_comment,Ugwi45Ver-gs8FRJE054AaABAg,Ugwi45Ver-gs8FRJE054AaABAg,0zi0v_kJ7BE,"Belanjawan 2026: Bantuan tunai STR dikurang RM300, Sara naik",KiniTV,https://www.youtube.com/watch?v=0zi0v_kJ7BE,2025-10-13T05:24:51Z,cost_of_living_public_policy,tak setuju sara naik sbb kaya kan brngan yahudi..baik str yg naik byak kegunaan blh buat..bkn stkat brng kering je..klu sara tu di msuk kan ke str lgi bgus..rkyat bleh beli brngan dgn pilihan lbh baik,57bf3f86f8b5b76ed257,2025-10-14T09:18:44Z,2025-10-14T09:18:44Z,6,0,True,True,none,,2026-06-17T15:11:41.176808+00:00,raw,
YT_Ugzmqzgn-UYjcq0ODPB4AaABAg,YouTube,top_level_comment,Ugzmqzgn-UYjcq0ODPB4AaABAg,Ugzmqzgn-UYjcq0ODPB4AaABAg,0zi0v_kJ7BE,"Belanjawan 2026: Bantuan tunai STR dikurang RM300, Sara naik",KiniTV,https://www.youtube.com/watch?v=0zi0v_kJ7BE,2025-10-13T05:24:51Z,cost_of_living_public_policy,bodo..Sembang billiom2 0:45 pelabur pastu buang str bujang.,6bf49e17d200d111d41a,2025-10-14T08:24:06Z,2025-10-14T08:24:06Z,0,0,True,True,none,,2026-06-17T15:11:41.176821+00:00,raw,
YT_UgzsjiJrS7duJ2mv8Zl4AaABAg,YouTube,top_level_comment,UgzsjiJrS7duJ2mv8Zl4AaABAg,UgzsjiJrS7duJ2mv8Zl4AaABAg,0zi0v_kJ7BE,"Belanjawan 2026: Bantuan tunai STR dikurang RM300, Sara naik",KiniTV,https://www.youtube.com/watch?v=0zi0v_kJ7BE,2025-10-13T05:24:51Z,cost_of_living_public_policy,Nak untung kan kroni jelah sebab tu tak bagi cash .rela bagi duit kt kroni,4f129fcd8cf9e9416ea9,2025-10-14T08:17:09Z,2025-10-14T08:17:09Z,0,0,True,True,none,,2026-06-17T15:11:41.176834+00:00,raw,
YT_UgwZpNmdn7GAbCTNQjh4AaABAg,YouTube,top_level_comment,UgwZpNmdn7GAbCTNQjh4AaABAg,UgwZpNmdn7GAbCTNQjh4AaABAg,0zi0v_kJ7BE,"Belanjawan 2026: Bantuan tunai STR dikurang RM300, Sara naik",KiniTV,https://www.youtube.com/watch?v=0zi0v_kJ7BE,2025-10-13T05:24:51Z,cost_of_living_public_policy,Naik yang ni turun yang tu....pening😂😂😂,0bb65728c3691db7c94d,2025-10-14T07:49:29Z,2025-10-14T07:49:29Z,0,0,True,True,none,,2026-06-17T15:11:41.176846+00:00,raw,
YT_UgzD8vvXykvFgAQuBLR4AaABAg,YouTube,top_level_comment,UgzD8vvXykvFgAQuBLR4AaABAg,UgzD8vvXykvFgAQuBLR4AaABAg,0zi0v_kJ7BE,"Belanjawan 2026: Bantuan tunai STR dikurang RM300, Sara naik",KiniTV,https://www.youtube.com/watch?v=0zi0v_kJ7BE,2025-10-13T05:24:51Z,cost_of_living_public_policy,Terima kasih pmx....pmx pm pling terbalik🙏,f72d4abb042b6b753791,2025-10-14T07:20:16Z,2025-10-14T07:20:16Z,0,0,True,True,none,,2026-06-17T15:11:41.176859+00:00,raw,
YT_UgyFexC00ya-PuSpMxl4AaABAg,YouTube,top_level_comment,UgyFexC00ya-PuSpMxl4AaABAg,UgyFexC00ya-PuSpMxl4AaABAg,0zi0v_kJ7BE,"Belanjawan 2026: Bantuan tunai STR dikurang RM300, Sara naik",KiniTV,https://www.youtube.com/watch?v=0zi0v_kJ7BE,2025-10-13T05:24:51Z,cost_of_living_public_policy,"Pi mai pi mai tang tu jugak.. Yg untung kerajaan... Tokey2 besar senyum lebar.. Duit yg rakyat dpt, dapat kt tokey2 dn kerajaan jugak..Untung2.. Siapa nk buat bisnis klu dpt rugi..",37610a90f3222bbcf480,2025-10-14T06:51:03Z,2025-10-14T06:51:03Z,0,0,True,True,none,,2026-06-17T15:11:41.176875+00:00,raw,
YT_UgzDAOlXsJ25fyxIXG54AaABAg,YouTube,top_level_comment,UgzDAOlXsJ25fyxIXG54AaABAg,UgzDAOlXsJ25fyxIXG54AaABAg,0zi0v_kJ7BE,"Belanjawan 2026: Bantuan tunai STR dikurang RM300, Sara naik",KiniTV,https://www.youtube.com/watch?v=0zi0v_kJ7BE,2025-10-13T05:24:51Z,cost_of_living_public_policy,Kiranya bujang X DPT str ka,e3a2aced49a9ddc4860c,2025-10-14T05:57:02Z,2025-10-14T05:57:02Z,2,0,True,True,none,,2026-06-17T15:11:41.176887+00:00,raw,
YT_UgwydEogMM8mYj8kPsd4AaABAg,YouTube,top_level_comment,UgwydEogMM8mYj8kPsd4AaABAg,UgwydEogMM8mYj8kPsd4AaABAg,0zi0v_kJ7BE,"Belanjawan 2026: Bantuan tunai STR dikurang RM300, Sara naik",KiniTV,https://www.youtube.com/watch?v=0zi0v_kJ7BE,2025-10-13T05:24:51Z,cost_of_living_public_policy,"Sara hanya terhad untuk barang-barang kering sahaja, kan lebih baik kalau sara juga dapat digunakan untuk barang-barang basah",65a586545e353e4c1b41,2025-10-14T05:53:04Z,2025-10-14T05:53:04Z,1,0,True,True,none,,2026-06-17T15:11:41.176901+00:00,raw,
YT_UgyuEP9bfz20B12JbHR4AaABAg,YouTube,top_level_comment,UgyuEP9bfz20B12JbHR4AaABAg,UgyuEP9bfz20B12JbHR4AaABAg,0zi0v_kJ7BE,"Belanjawan 2026: Bantuan tunai STR dikurang RM300, Sara naik",KiniTV,https://www.youtube.com/watch?v=0zi0v_kJ7BE,2025-10-13T05:24:51Z,cost_of_living_public_policy,Asyik beli makanan kering. Str elok bagi duit,66b1228c568d4d44cba0,2025-10-14T05:50:32Z,2025-10-15T17:37:24Z,2,0,True,True,none,,2026-06-17T15:11:41.176913+00:00,raw,
YT_Ugx0mZS5N-MQrynNqyZ4AaABAg,YouTube,top_level_comment,Ugx0mZS5N-MQrynNqyZ4AaABAg,Ugx0mZS5N-MQrynNqyZ4AaABAg,0zi0v_kJ7BE,"Belanjawan 2026: Bantuan tunai STR dikurang RM300, Sara naik",KiniTV,https://www.youtube.com/watch?v=0zi0v_kJ7BE,2025-10-13T05:24:51Z,cost_of_living_public_policy,dalam PRU.ke 15..tiada satu parti pun layak.menang..hanya..50.50..sudah tersilap pilih inilah akibatnya,260a5687f70f34e2775b,2025-10-14T05:50:08Z,2025-10-14T05:50:08Z,1,0,True,True,none,,2026-06-17T15:11:41.176926+00:00,raw,
YT_Ugyb9ZUwvP3jY2J4-ox4AaABAg,YouTube,top_level_comment,Ugyb9ZUwvP3jY2J4-ox4AaABAg,Ugyb9ZUwvP3jY2J4-ox4AaABAg,0zi0v_kJ7BE,"Belanjawan 2026: Bantuan tunai STR dikurang RM300, Sara naik",KiniTV,https://www.youtube.com/watch?v=0zi0v_kJ7BE,2025-10-13T05:24:51Z,cost_of_living_public_policy,Bantuan sara hanye boleh tebus ape yg boleh je .. kalau wang tunai boleh guna ape yg di perlukan ... Bukan semua senang boleh bg anak belanje sekolah boleh bayar apa yg patut ..,17cd20e9c71e142f2229,2025-10-14T05:38:15Z,2025-10-14T05:38:15Z,6,0,True,True,none,,2026-06-17T15:11:41.176942+00:00,raw,
YT_UgwX0b5o4BC5XsLUZzx4AaABAg,YouTube,top_level_comment,UgwX0b5o4BC5XsLUZzx4AaABAg,UgwX0b5o4BC5XsLUZzx4AaABAg,0zi0v_kJ7BE,"Belanjawan 2026: Bantuan tunai STR dikurang RM300, Sara naik",KiniTV,https://www.youtube.com/watch?v=0zi0v_kJ7BE,2025-10-13T05:24:51Z,cost_of_living_public_policy,Kami sokong jika pmx di turunkan. . .,fb87db8cbee2e5d4eca0,2025-10-14T04:51:53Z,2025-10-14T04:51:53Z,18,0,True,True,none,,2026-06-17T15:11:41.176955+00:00,raw,
YT_Ugxh_E8huxOY6gRBg9x4AaABAg,YouTube,top_level_comment,Ugxh_E8huxOY6gRBg9x4AaABAg,Ugxh_E8huxOY6gRBg9x4AaABAg,0zi0v_kJ7BE,"Belanjawan 2026: Bantuan tunai STR dikurang RM300, Sara naik",KiniTV,https://www.youtube.com/watch?v=0zi0v_kJ7BE,2025-10-13T05:24:51Z,cost_of_living_public_policy,Sara di naik kan buat apa ..bukan boleh beli brg basah PON ..apa ke. Bendahara paler otok,2a101a3a1a37291368bb,2025-10-14T04:26:08Z,2025-10-14T04:26:08Z,0,0,True,True,none,,2026-06-17T15:11:41.176968+00:00,raw,
YT_UgxajXWD9lfkXyAIUhp4AaABAg,YouTube,top_level_comment,UgxajXWD9lfkXyAIUhp4AaABAg,UgxajXWD9lfkXyAIUhp4AaABAg,0zi0v_kJ7BE,"Belanjawan 2026: Bantuan tunai STR dikurang RM300, Sara naik",KiniTV,https://www.youtube.com/watch?v=0zi0v_kJ7BE,2025-10-13T05:24:51Z,cost_of_living_public_policy,"Minyak kasi turun,str pulak dia bagi kurang,apa bezanya.",eb8a80f83d708698e09e,2025-10-14T03:57:35Z,2025-10-14T03:57:35Z,0,0,True,True,none,,2026-06-17T15:11:41.176980+00:00,raw,
YT_Ugz0YQDzPy95X7tMb594AaABAg,YouTube,top_level_comment,Ugz0YQDzPy95X7tMb594AaABAg,Ugz0YQDzPy95X7tMb594AaABAg,0zi0v_kJ7BE,"Belanjawan 2026: Bantuan tunai STR dikurang RM300, Sara naik",KiniTV,https://www.youtube.com/watch?v=0zi0v_kJ7BE,2025-10-13T05:24:51Z,cost_of_living_public_policy,Main pusing2 ja.... klu dh kaki spin..😆,fd3070fc5d5627fbc154,2025-10-14T03:23:07Z,2025-10-14T03:23:07Z,12,0,True,True,none,,2026-06-17T15:11:41.528953+00:00,raw,
YT_UgzWCS8dJk4zROgu9ed4AaABAg,YouTube,top_level_comment,UgzWCS8dJk4zROgu9ed4AaABAg,UgzWCS8dJk4zROgu9ed4AaABAg,0zi0v_kJ7BE,"Belanjawan 2026: Bantuan tunai STR dikurang RM300, Sara naik",KiniTV,https://www.youtube.com/watch?v=0zi0v_kJ7BE,2025-10-13T05:24:51Z,cost_of_living_public_policy,Si kitul anwar ni mmg barua tua x sedar diri...x der kebaikan langsung yg kita bole banggakan,62eddb27e4fda5b4b8b6,2025-10-14T03:12:17Z,2025-10-14T03:12:17Z,3,1,True,True,none,,2026-06-17T15:11:41.528988+00:00,raw,
YT_UgyZX-_C-3Dt_xHNo-N4AaABAg,YouTube,top_level_comment,UgyZX-_C-3Dt_xHNo-N4AaABAg,UgyZX-_C-3Dt_xHNo-N4AaABAg,0zi0v_kJ7BE,"Belanjawan 2026: Bantuan tunai STR dikurang RM300, Sara naik",KiniTV,https://www.youtube.com/watch?v=0zi0v_kJ7BE,2025-10-13T05:24:51Z,cost_of_living_public_policy,"Bagi je tunai kn senang.... untuk bujang bawah umur 61....kau nk bagi lagi ,mcm sblm ni buat apa....hak rakyat,hak kami...bagi tunai sudah,ingat bujang ni takde bayar bil api air....apa bdhh..lah..kene ingat yg bujang hidup sendir,yg bujang pun ada penyakit,zaman najib semua bg tunai,tak beban kn rakyat, sekarang yang kaya bertambah kaya,yang miskin bertambah miskin...",6a48c8ab6e36849f4f8f,2025-10-14T03:07:42Z,2025-10-14T03:07:42Z,0,0,True,True,none,,2026-06-17T15:11:41.529013+00:00,raw,
YT_UgyCyKq-iOyhPF1p3xh4AaABAg,YouTube,top_level_comment,UgyCyKq-iOyhPF1p3xh4AaABAg,UgyCyKq-iOyhPF1p3xh4AaABAg,0zi0v_kJ7BE,"Belanjawan 2026: Bantuan tunai STR dikurang RM300, Sara naik",KiniTV,https://www.youtube.com/watch?v=0zi0v_kJ7BE,2025-10-13T05:24:51Z,cost_of_living_public_policy,"Teruk punya belanjawan,kami yg bujang ni 50 sebulan tu pakai apa agak² lh mudah mudahan lepas ni tukar kerajaan lah",fc336ea0ca5fa48e0481,2025-10-14T02:12:06Z,2025-10-14T02:12:06Z,2,0,True,True,none,,2026-06-17T15:11:41.529029+00:00,raw,
YT_Ugwds1VzTGWc9yyf1Wh4AaABAg,YouTube,top_level_comment,Ugwds1VzTGWc9yyf1Wh4AaABAg,Ugwds1VzTGWc9yyf1Wh4AaABAg,0zi0v_kJ7BE,"Belanjawan 2026: Bantuan tunai STR dikurang RM300, Sara naik",KiniTV,https://www.youtube.com/watch?v=0zi0v_kJ7BE,2025-10-13T05:24:51Z,cost_of_living_public_policy,Memang patutlah pmx ini ni di turunkan..👍👍,5f8410e36116852f8c55,2025-10-14T00:51:46Z,2025-10-14T00:51:46Z,31,5,True,True,none,,2026-06-17T15:11:41.529044+00:00,raw,
YT_UgyJXN957PAGl3gjh5t4AaABAg,YouTube,top_level_comment,UgyJXN957PAGl3gjh5t4AaABAg,UgyJXN957PAGl3gjh5t4AaABAg,0zi0v_kJ7BE,"Belanjawan 2026: Bantuan tunai STR dikurang RM300, Sara naik",KiniTV,https://www.youtube.com/watch?v=0zi0v_kJ7BE,2025-10-13T05:24:51Z,cost_of_living_public_policy,Seriuss ahh kerajaan madani abaikan kategori bujang? Kesian bujang x dapat str 😢 bujang lagi memerlukan duit sbb banyak komitmen nak guna untuk belajar berniaga dan mcm” dan ramai bujang yang sokong kerajaan madani jadi kalau taknak kerajaan tumbang elok pertimbankan lah str untuk bujang tu sekian terima kasih,9237a843397ec733234e,2025-10-14T00:50:02Z,2025-10-14T00:50:02Z,2,0,True,True,none,,2026-06-17T15:11:41.529068+00:00,raw,
YT_Ugzbns25gkP9xZWKk_p4AaABAg,YouTube,top_level_comment,Ugzbns25gkP9xZWKk_p4AaABAg,Ugzbns25gkP9xZWKk_p4AaABAg,0zi0v_kJ7BE,"Belanjawan 2026: Bantuan tunai STR dikurang RM300, Sara naik",KiniTV,https://www.youtube.com/watch?v=0zi0v_kJ7BE,2025-10-13T05:24:51Z,cost_of_living_public_policy,Aku yg penerima str bujang pun tk dapat sara..B40,d9135f52bdb1426c1ad3,2025-10-14T00:50:00Z,2025-10-14T00:50:00Z,1,1,True,True,none,,2026-06-17T15:11:41.529080+00:00,raw,
YT_UgweCuwMk4iQDboEQ_h4AaABAg,YouTube,top_level_comment,UgweCuwMk4iQDboEQ_h4AaABAg,UgweCuwMk4iQDboEQ_h4AaABAg,0zi0v_kJ7BE,"Belanjawan 2026: Bantuan tunai STR dikurang RM300, Sara naik",KiniTV,https://www.youtube.com/watch?v=0zi0v_kJ7BE,2025-10-13T05:24:51Z,cost_of_living_public_policy,Agar sara digunakan juga untuk barangan basah seperti ikan dan sayur... selain itu bayar bil api dan air,cd0bd30d17711c890561,2025-10-13T23:45:37Z,2025-10-13T23:45:37Z,15,0,True,True,none,,2026-06-17T15:11:41.529094+00:00,raw,
YT_UgwtPR-b3CtvGn9-6KJ4AaABAg,YouTube,top_level_comment,UgwtPR-b3CtvGn9-6KJ4AaABAg,UgwtPR-b3CtvGn9-6KJ4AaABAg,0zi0v_kJ7BE,"Belanjawan 2026: Bantuan tunai STR dikurang RM300, Sara naik",KiniTV,https://www.youtube.com/watch?v=0zi0v_kJ7BE,2025-10-13T05:24:51Z,cost_of_living_public_policy,"Str ni kami guna bayar bil elektrik, air dan bhn mentah basah. Kalau lebih pd SARA haih dah xda apa ku harapkan. Kecewa betul.",2572f1c54f8cfdd40b6b,2025-10-13T23:33:21Z,2025-10-13T23:33:21Z,6,1,True,True,none,,2026-06-17T15:11:41.529109+00:00,raw,
YT_UgwFsmJa9wRA8I11nx54AaABAg,YouTube,top_level_comment,UgwFsmJa9wRA8I11nx54AaABAg,UgwFsmJa9wRA8I11nx54AaABAg,0zi0v_kJ7BE,"Belanjawan 2026: Bantuan tunai STR dikurang RM300, Sara naik",KiniTV,https://www.youtube.com/watch?v=0zi0v_kJ7BE,2025-10-13T05:24:51Z,cost_of_living_public_policy,SARA biar kekal seperti biasa bermula April dan STR pun sama kekal seperti biasa untuk 2026 banyak membantu golongan B40 jangan tolak sana tambah sini,575736c98e68c55228d6,2025-10-13T22:54:31Z,2025-10-13T22:54:31Z,8,0,True,True,none,,2026-06-17T15:11:41.529125+00:00,raw,
YT_UgwxhVBlI8e_U8vxwTJ4AaABAg,YouTube,top_level_comment,UgwxhVBlI8e_U8vxwTJ4AaABAg,UgwxhVBlI8e_U8vxwTJ4AaABAg,0zi0v_kJ7BE,"Belanjawan 2026: Bantuan tunai STR dikurang RM300, Sara naik",KiniTV,https://www.youtube.com/watch?v=0zi0v_kJ7BE,2025-10-13T05:24:51Z,cost_of_living_public_policy,Bujang pigi kawen cepat² cari janda..sugar...tepung😂...kita minum milo!😂,9dadc3c7eb22f7cf98ad,2025-10-13T17:09:04Z,2025-10-13T17:09:59Z,0,0,True,True,none,,2026-06-17T15:11:41.529138+00:00,raw,
YT_UgxIyjgWwAHRMRRpdOR4AaABAg,YouTube,top_level_comment,UgxIyjgWwAHRMRRpdOR4AaABAg,UgxIyjgWwAHRMRRpdOR4AaABAg,0zi0v_kJ7BE,"Belanjawan 2026: Bantuan tunai STR dikurang RM300, Sara naik",KiniTV,https://www.youtube.com/watch?v=0zi0v_kJ7BE,2025-10-13T05:24:51Z,cost_of_living_public_policy,😂😂😂😂😂😂 cukai kaw kaw bagi balik ciput😂😂😂😂😂ketimbang,ad39169375990910c5cf,2025-10-13T14:13:41Z,2025-10-13T14:13:41Z,0,0,True,True,none,,2026-06-17T15:11:41.529150+00:00,raw,
YT_Ugww6xSpvh9UkDhcE054AaABAg,YouTube,top_level_comment,Ugww6xSpvh9UkDhcE054AaABAg,Ugww6xSpvh9UkDhcE054AaABAg,0zi0v_kJ7BE,"Belanjawan 2026: Bantuan tunai STR dikurang RM300, Sara naik",KiniTV,https://www.youtube.com/watch?v=0zi0v_kJ7BE,2025-10-13T05:24:51Z,cost_of_living_public_policy,YAB lg baik ikut saja 2025 bg str jd sara tak ada pun takpa,ae44cc93b4a120562aff,2025-10-13T14:04:05Z,2025-10-13T14:04:05Z,3,0,True,True,none,,2026-06-17T15:11:41.529163+00:00,raw,
YT_UgyV14FEU3t1E4T2R5p4AaABAg,YouTube,top_level_comment,UgyV14FEU3t1E4T2R5p4AaABAg,UgyV14FEU3t1E4T2R5p4AaABAg,0zi0v_kJ7BE,"Belanjawan 2026: Bantuan tunai STR dikurang RM300, Sara naik",KiniTV,https://www.youtube.com/watch?v=0zi0v_kJ7BE,2025-10-13T05:24:51Z,cost_of_living_public_policy,sebulan 50 utk apa beli beras dan milo dah habis jd bujang pmx kata bujang takyah tolong bujang tak ada beban pun jd pru16 bujang ingat undi kerajaan yg bg bantuan utk bujang,ae44cc93b4a120562aff,2025-10-13T14:01:40Z,2025-10-13T14:01:40Z,14,1,True,True,none,,2026-06-17T15:11:41.529180+00:00,raw,
YT_UgzrPMUvEnjTAPBIHgF4AaABAg,YouTube,top_level_comment,UgzrPMUvEnjTAPBIHgF4AaABAg,UgzrPMUvEnjTAPBIHgF4AaABAg,0zi0v_kJ7BE,"Belanjawan 2026: Bantuan tunai STR dikurang RM300, Sara naik",KiniTV,https://www.youtube.com/watch?v=0zi0v_kJ7BE,2025-10-13T05:24:51Z,cost_of_living_public_policy,"Kategori lain dapat STR dan sara jumlah lebih daripada Rm600! Cuma bujang tak ada STR ,cuma dapat sara Rm600saja! Bantuan kerajaan tak pernah adil terhadap bujang!",6364e8eba543e57920e0,2025-10-13T13:56:01Z,2025-10-13T13:56:01Z,11,1,True,True,none,,2026-06-17T15:11:41.529196+00:00,raw,
YT_UgxWq3a6z29v4sUF-5V4AaABAg,YouTube,top_level_comment,UgxWq3a6z29v4sUF-5V4AaABAg,UgxWq3a6z29v4sUF-5V4AaABAg,0zi0v_kJ7BE,"Belanjawan 2026: Bantuan tunai STR dikurang RM300, Sara naik",KiniTV,https://www.youtube.com/watch?v=0zi0v_kJ7BE,2025-10-13T05:24:51Z,cost_of_living_public_policy,"Sekurang kurang nya org nak guna duit beli baju raya, bagi je la duit dalam bank apa susah? Sara tu patut tuju untuk org rumah.",ea2cb3f6042a7397f280,2025-10-13T13:52:36Z,2025-10-13T13:52:36Z,7,1,True,True,none,,2026-06-17T15:11:41.529211+00:00,raw,
YT_UgyFAyABDO-LnHtsGld4AaABAg,YouTube,top_level_comment,UgyFAyABDO-LnHtsGld4AaABAg,UgyFAyABDO-LnHtsGld4AaABAg,0zi0v_kJ7BE,"Belanjawan 2026: Bantuan tunai STR dikurang RM300, Sara naik",KiniTV,https://www.youtube.com/watch?v=0zi0v_kJ7BE,2025-10-13T05:24:51Z,cost_of_living_public_policy,"Kategori lain dapat STR dan sara jumlah lebih Rm600, bujang tak ada STR ! Tak adil!!!",6364e8eba543e57920e0,2025-10-13T13:47:55Z,2025-10-13T13:49:04Z,19,5,True,True,none,,2026-06-17T15:11:41.529231+00:00,raw,
YT_Ugww8-DQZWt0X4roXih4AaABAg,YouTube,top_level_comment,Ugww8-DQZWt0X4roXih4AaABAg,Ugww8-DQZWt0X4roXih4AaABAg,0zi0v_kJ7BE,"Belanjawan 2026: Bantuan tunai STR dikurang RM300, Sara naik",KiniTV,https://www.youtube.com/watch?v=0zi0v_kJ7BE,2025-10-13T05:24:51Z,cost_of_living_public_policy,"Tambah lah amoun str bukan di kurang kan , str bolih byr bnyk keperluan tpi sara terhad .. mansuhkan sara tidak mengapa tpi str harus di naikkan .",4790b924f2a408b706b9,2025-10-13T13:29:39Z,2025-10-13T13:29:39Z,21,5,True,True,none,,2026-06-17T15:11:41.529246+00:00,raw,
YT_UgzYYcG18f0_3X_u7i14AaABAg,YouTube,top_level_comment,UgzYYcG18f0_3X_u7i14AaABAg,UgzYYcG18f0_3X_u7i14AaABAg,0zi0v_kJ7BE,"Belanjawan 2026: Bantuan tunai STR dikurang RM300, Sara naik",KiniTV,https://www.youtube.com/watch?v=0zi0v_kJ7BE,2025-10-13T05:24:51Z,cost_of_living_public_policy,Jika rasuah d berteras inilah hasilnya .banyak lagi penyangak yg belum d tangkap..,e5ead774775789521a48,2025-10-13T13:09:36Z,2025-10-13T13:09:36Z,2,0,True,True,none,,2026-06-17T15:11:41.529259+00:00,raw,
YT_Ugyq7FA83vnP5LdZ76l4AaABAg,YouTube,top_level_comment,Ugyq7FA83vnP5LdZ76l4AaABAg,Ugyq7FA83vnP5LdZ76l4AaABAg,0zi0v_kJ7BE,"Belanjawan 2026: Bantuan tunai STR dikurang RM300, Sara naik",KiniTV,https://www.youtube.com/watch?v=0zi0v_kJ7BE,2025-10-13T05:24:51Z,cost_of_living_public_policy,"kerajaan perbodohkan rakyat, sepatutnya str ditambah, bkn dikurangkn, dengan harga brg melambung tinggi,bodoh",cd2c4ae55cb61d42c65d,2025-10-13T11:30:30Z,2025-10-13T11:30:30Z,19,3,True,True,none,,2026-06-17T15:11:41.529272+00:00,raw,
YT_UgxO21h0wQ2hYRxBKn54AaABAg,YouTube,top_level_comment,UgxO21h0wQ2hYRxBKn54AaABAg,UgxO21h0wQ2hYRxBKn54AaABAg,9tQzzOjBIdI,KOS SARA HIDUP | Kerajaan Bakal Umum Langkah Tangani Kos Sara Hidup,Buletin TV3,https://www.youtube.com/watch?v=9tQzzOjBIdI,2025-07-19T05:38:22Z,cost_of_living_public_policy,Kemungkinan sara akan dinaikan rm 1000?kalau betul alhamdulilah?kompom pembangkang marah?buat betul pun bangkang buat x betulpun bangkang?namapun pembangkang?hati panas jiwa sakit?sebab tu anwar turun anwar turun?,1f70ce75f6d5ec0c2ade,2025-07-22T07:09:16Z,2025-07-22T07:09:16Z,0,0,True,True,none,,2026-06-17T15:11:40.014774+00:00,raw,
YT_UgzaVP040YY-H9c-Na54AaABAg,YouTube,top_level_comment,UgzaVP040YY-H9c-Na54AaABAg,UgzaVP040YY-H9c-Na54AaABAg,9tQzzOjBIdI,KOS SARA HIDUP | Kerajaan Bakal Umum Langkah Tangani Kos Sara Hidup,Buletin TV3,https://www.youtube.com/watch?v=9tQzzOjBIdI,2025-07-19T05:38:22Z,cost_of_living_public_policy,Kerja dan terus kerja,26e49c7992e07e7b6cf8,2025-07-21T16:33:24Z,2025-07-21T16:33:24Z,0,0,True,True,none,,2026-06-17T15:11:40.014800+00:00,raw,
YT_UgxEKGY_KMFpVMFZA-x4AaABAg,YouTube,top_level_comment,UgxEKGY_KMFpVMFZA-x4AaABAg,UgxEKGY_KMFpVMFZA-x4AaABAg,9tQzzOjBIdI,KOS SARA HIDUP | Kerajaan Bakal Umum Langkah Tangani Kos Sara Hidup,Buletin TV3,https://www.youtube.com/watch?v=9tQzzOjBIdI,2025-07-19T05:38:22Z,cost_of_living_public_policy,Rakyat mahu I madani 10k one off!!!!!!😂,4aac2e76dfdea57fbf15,2025-07-21T13:35:10Z,2025-07-21T13:35:10Z,0,0,True,True,none,,2026-06-17T15:11:40.014815+00:00,raw,
YT_UgxdchEix6qYRe7zSn54AaABAg,YouTube,top_level_comment,UgxdchEix6qYRe7zSn54AaABAg,UgxdchEix6qYRe7zSn54AaABAg,9tQzzOjBIdI,KOS SARA HIDUP | Kerajaan Bakal Umum Langkah Tangani Kos Sara Hidup,Buletin TV3,https://www.youtube.com/watch?v=9tQzzOjBIdI,2025-07-19T05:38:22Z,cost_of_living_public_policy,Kos sara hidup naik setelah subsidi ditarik rasanya,e0fb301a333c20eb63fe,2025-07-21T12:45:40Z,2025-07-21T12:45:40Z,0,0,True,True,none,,2026-06-17T15:11:40.014828+00:00,raw,
YT_Ugx5RAwAw8HY2apHfZZ4AaABAg,YouTube,top_level_comment,Ugx5RAwAw8HY2apHfZZ4AaABAg,Ugx5RAwAw8HY2apHfZZ4AaABAg,9tQzzOjBIdI,KOS SARA HIDUP | Kerajaan Bakal Umum Langkah Tangani Kos Sara Hidup,Buletin TV3,https://www.youtube.com/watch?v=9tQzzOjBIdI,2025-07-19T05:38:22Z,cost_of_living_public_policy,Klau berl 300 cukup sebulan😮😮😮,727ae685895986e3c5e2,2025-07-21T12:44:22Z,2025-07-21T12:44:22Z,0,0,True,True,none,,2026-06-17T15:11:40.014840+00:00,raw,
YT_UgywYNUCzY-9ZaEueOB4AaABAg,YouTube,top_level_comment,UgywYNUCzY-9ZaEueOB4AaABAg,UgywYNUCzY-9ZaEueOB4AaABAg,9tQzzOjBIdI,KOS SARA HIDUP | Kerajaan Bakal Umum Langkah Tangani Kos Sara Hidup,Buletin TV3,https://www.youtube.com/watch?v=9tQzzOjBIdI,2025-07-19T05:38:22Z,cost_of_living_public_policy,klu x selasa... isnin tahun depan... 🤣🤣,67a5d2b0bca6c33c01b2,2025-07-21T11:47:48Z,2025-07-21T11:48:43Z,0,0,True,True,none,,2026-06-17T15:11:40.014854+00:00,raw,
YT_UgzXscXBMA01Uqpkje54AaABAg,YouTube,top_level_comment,UgzXscXBMA01Uqpkje54AaABAg,UgzXscXBMA01Uqpkje54AaABAg,9tQzzOjBIdI,KOS SARA HIDUP | Kerajaan Bakal Umum Langkah Tangani Kos Sara Hidup,Buletin TV3,https://www.youtube.com/watch?v=9tQzzOjBIdI,2025-07-19T05:38:22Z,cost_of_living_public_policy,Perdana menteri kata nnti aku bincang dgn menteri kewangan...anuar jgk...lulus lah duit rakyat untuk melancong mkn angin luar negara,1ba3178bc50dd960e946,2025-07-21T09:50:34Z,2025-07-21T09:50:34Z,0,0,True,True,none,,2026-06-17T15:11:40.014868+00:00,raw,
YT_Ugy_w-NVPc24Z743ETB4AaABAg,YouTube,top_level_comment,Ugy_w-NVPc24Z743ETB4AaABAg,Ugy_w-NVPc24Z743ETB4AaABAg,9tQzzOjBIdI,KOS SARA HIDUP | Kerajaan Bakal Umum Langkah Tangani Kos Sara Hidup,Buletin TV3,https://www.youtube.com/watch?v=9tQzzOjBIdI,2025-07-19T05:38:22Z,cost_of_living_public_policy,Undi pm yang beri bantuan...jangan mcm 22 tahun itu...dan menantu,abd62a5c879668956e40,2025-07-21T09:05:23Z,2025-07-21T09:05:23Z,0,0,True,True,none,,2026-06-17T15:11:40.014893+00:00,raw,
YT_UgzdPLhET87XxqYTrUN4AaABAg,YouTube,top_level_comment,UgzdPLhET87XxqYTrUN4AaABAg,UgzdPLhET87XxqYTrUN4AaABAg,9tQzzOjBIdI,KOS SARA HIDUP | Kerajaan Bakal Umum Langkah Tangani Kos Sara Hidup,Buletin TV3,https://www.youtube.com/watch?v=9tQzzOjBIdI,2025-07-19T05:38:22Z,cost_of_living_public_policy,saya cadang kan pm anuwar agar naik kan bantuan mykasih tu 50 s pada 200s sebulan tu supaya warga emas daat belanja banyak dan cukup 50s tu twrlalu sikit barang semua .nya melambung tinggi saya harap pm anuar naik kan 50 pada 200s itu yang saya .harap kan dari pm datuk anuar sekian ok,3d2b48068a383326e0b4,2025-07-21T07:33:53Z,2025-07-21T07:33:53Z,0,0,True,True,none,,2026-06-17T15:11:40.014915+00:00,raw,
YT_Ugzco4Hm-wRAvxZSpUh4AaABAg,YouTube,top_level_comment,Ugzco4Hm-wRAvxZSpUh4AaABAg,Ugzco4Hm-wRAvxZSpUh4AaABAg,9tQzzOjBIdI,KOS SARA HIDUP | Kerajaan Bakal Umum Langkah Tangani Kos Sara Hidup,Buletin TV3,https://www.youtube.com/watch?v=9tQzzOjBIdI,2025-07-19T05:38:22Z,cost_of_living_public_policy,Begini🤪,81571d8a0437ebcc03fd,2025-07-21T05:41:35Z,2025-07-21T05:41:35Z,0,0,True,True,none,,2026-06-17T15:11:40.014926+00:00,raw,
YT_UgxfWebbFsiys-OM9Rh4AaABAg,YouTube,top_level_comment,UgxfWebbFsiys-OM9Rh4AaABAg,UgxfWebbFsiys-OM9Rh4AaABAg,9tQzzOjBIdI,KOS SARA HIDUP | Kerajaan Bakal Umum Langkah Tangani Kos Sara Hidup,Buletin TV3,https://www.youtube.com/watch?v=9tQzzOjBIdI,2025-07-19T05:38:22Z,cost_of_living_public_policy,"Nk tengok jugak kan penghargaan luar biasa dia mcm mana,sebab ni luar biasa,kalau biasa2 je tak payah la kot",86f8739d02a3caef7edb,2025-07-21T05:37:20Z,2025-07-21T05:37:20Z,1,0,True,True,none,,2026-06-17T15:11:40.014940+00:00,raw,
YT_UgxYRgJnL63iktdSFxd4AaABAg,YouTube,top_level_comment,UgxYRgJnL63iktdSFxd4AaABAg,UgxYRgJnL63iktdSFxd4AaABAg,9tQzzOjBIdI,KOS SARA HIDUP | Kerajaan Bakal Umum Langkah Tangani Kos Sara Hidup,Buletin TV3,https://www.youtube.com/watch?v=9tQzzOjBIdI,2025-07-19T05:38:22Z,cost_of_living_public_policy,Hari ni hari isnin xde ape kite tunggu esok plak.,78deb7f6228a33f7454b,2025-07-21T05:30:41Z,2025-07-21T05:30:41Z,0,0,True,True,none,,2026-06-17T15:11:40.014952+00:00,raw,
YT_UgxyH5-TrcV2cL4vzhd4AaABAg,YouTube,top_level_comment,UgxyH5-TrcV2cL4vzhd4AaABAg,UgxyH5-TrcV2cL4vzhd4AaABAg,9tQzzOjBIdI,KOS SARA HIDUP | Kerajaan Bakal Umum Langkah Tangani Kos Sara Hidup,Buletin TV3,https://www.youtube.com/watch?v=9tQzzOjBIdI,2025-07-19T05:38:22Z,cost_of_living_public_policy,Kasih tolong lulus la tuntutan pencarum kwsp pengeluaran kwsp bersasar yang dah lama dituntut oleh kami pencarum. Kami Sangat2 perlukan duit kwsp kami pada masa ini.,e0a0f543ac22ae71e4be,2025-07-21T05:30:05Z,2025-07-21T05:30:05Z,2,0,True,True,none,,2026-06-17T15:11:40.014971+00:00,raw,
YT_Ugx8Jwbg6wmVJcJjSv94AaABAg,YouTube,top_level_comment,Ugx8Jwbg6wmVJcJjSv94AaABAg,Ugx8Jwbg6wmVJcJjSv94AaABAg,9tQzzOjBIdI,KOS SARA HIDUP | Kerajaan Bakal Umum Langkah Tangani Kos Sara Hidup,Buletin TV3,https://www.youtube.com/watch?v=9tQzzOjBIdI,2025-07-19T05:38:22Z,cost_of_living_public_policy,Mulut buih tepi,dda3fa227bd6d5bfe5ad,2025-07-21T04:24:20Z,2025-07-21T04:24:20Z,0,0,True,True,none,,2026-06-17T15:11:40.014981+00:00,raw,
YT_UgzG5y6rSYfm9GVTnzh4AaABAg,YouTube,top_level_comment,UgzG5y6rSYfm9GVTnzh4AaABAg,UgzG5y6rSYfm9GVTnzh4AaABAg,9tQzzOjBIdI,KOS SARA HIDUP | Kerajaan Bakal Umum Langkah Tangani Kos Sara Hidup,Buletin TV3,https://www.youtube.com/watch?v=9tQzzOjBIdI,2025-07-19T05:38:22Z,cost_of_living_public_policy,Sorrryyy...laaaa,008914cc70c71656f2f9,2025-07-21T04:19:34Z,2025-07-21T04:19:34Z,0,0,True,True,none,,2026-06-17T15:11:40.014993+00:00,raw,
YT_UgxXqeXEkDbJGgSETRR4AaABAg,YouTube,top_level_comment,UgxXqeXEkDbJGgSETRR4AaABAg,UgxXqeXEkDbJGgSETRR4AaABAg,9tQzzOjBIdI,KOS SARA HIDUP | Kerajaan Bakal Umum Langkah Tangani Kos Sara Hidup,Buletin TV3,https://www.youtube.com/watch?v=9tQzzOjBIdI,2025-07-19T05:38:22Z,cost_of_living_public_policy,Dok belit 2 cakap weii,17b74f155512a7e9aa68,2025-07-21T03:46:19Z,2025-07-21T03:46:19Z,0,0,True,True,none,,2026-06-17T15:11:40.015008+00:00,raw,
YT_UgxPIIuc22h1wwCrMR94AaABAg,YouTube,top_level_comment,UgxPIIuc22h1wwCrMR94AaABAg,UgxPIIuc22h1wwCrMR94AaABAg,9tQzzOjBIdI,KOS SARA HIDUP | Kerajaan Bakal Umum Langkah Tangani Kos Sara Hidup,Buletin TV3,https://www.youtube.com/watch?v=9tQzzOjBIdI,2025-07-19T05:38:22Z,cost_of_living_public_policy,Alhamdulillah terbaik ..,05e7d828e2883fcf848e,2025-07-21T03:39:45Z,2025-07-21T03:39:45Z,1,0,True,True,none,,2026-06-17T15:11:40.015019+00:00,raw,
YT_UgwTmZXanThSyP_N_Yx4AaABAg,YouTube,top_level_comment,UgwTmZXanThSyP_N_Yx4AaABAg,UgwTmZXanThSyP_N_Yx4AaABAg,9tQzzOjBIdI,KOS SARA HIDUP | Kerajaan Bakal Umum Langkah Tangani Kos Sara Hidup,Buletin TV3,https://www.youtube.com/watch?v=9tQzzOjBIdI,2025-07-19T05:38:22Z,cost_of_living_public_policy,"Rakyat dah nak berdemonstrasi di jlnan baru terhegeh² nak tangani kos sara hidup, sblm ni dah hampir 3 tahun papanon jd PM dok hoi² sana, hoi² sini subsidi ditarik, cukai dinaikkan & diperluaskan. Lupa kut !!!!!!!",4753580a5582495cb88b,2025-07-21T03:17:48Z,2025-07-21T03:17:48Z,0,0,True,True,none,,2026-06-17T15:11:40.015037+00:00,raw,
YT_UgyRQAld6ti9OT7YzRd4AaABAg,YouTube,top_level_comment,UgyRQAld6ti9OT7YzRd4AaABAg,UgyRQAld6ti9OT7YzRd4AaABAg,9tQzzOjBIdI,KOS SARA HIDUP | Kerajaan Bakal Umum Langkah Tangani Kos Sara Hidup,Buletin TV3,https://www.youtube.com/watch?v=9tQzzOjBIdI,2025-07-19T05:38:22Z,cost_of_living_public_policy,macam jawapan bila orang tanya bila nak nikah je tak isnin selasa 😂😂,21d707500361a4a94d5a,2025-07-21T02:39:09Z,2025-07-21T02:39:09Z,0,0,True,True,none,,2026-06-17T15:11:40.015050+00:00,raw,
YT_UgzQ6QW7ewD27aZz-Vt4AaABAg,YouTube,top_level_comment,UgzQ6QW7ewD27aZz-Vt4AaABAg,UgzQ6QW7ewD27aZz-Vt4AaABAg,9tQzzOjBIdI,KOS SARA HIDUP | Kerajaan Bakal Umum Langkah Tangani Kos Sara Hidup,Buletin TV3,https://www.youtube.com/watch?v=9tQzzOjBIdI,2025-07-19T05:38:22Z,cost_of_living_public_policy,Terkepit dah TU ..,52c43db28d8740950c71,2025-07-21T01:28:22Z,2025-07-21T01:28:22Z,0,0,True,True,none,,2026-06-17T15:11:40.015062+00:00,raw,
YT_UgwVgE6JwFiCssTDKSp4AaABAg,YouTube,top_level_comment,UgwVgE6JwFiCssTDKSp4AaABAg,UgwVgE6JwFiCssTDKSp4AaABAg,9tQzzOjBIdI,KOS SARA HIDUP | Kerajaan Bakal Umum Langkah Tangani Kos Sara Hidup,Buletin TV3,https://www.youtube.com/watch?v=9tQzzOjBIdI,2025-07-19T05:38:22Z,cost_of_living_public_policy,aku nak 1000 hengget.. boleh kasikah? setakat 150 tak payahlah bro,48b1971213bb600403be,2025-07-21T00:22:19Z,2025-07-21T00:22:19Z,2,0,True,True,none,,2026-06-17T15:11:40.015073+00:00,raw,
YT_UgzByGk1XnnyeWuJenJ4AaABAg,YouTube,top_level_comment,UgzByGk1XnnyeWuJenJ4AaABAg,UgzByGk1XnnyeWuJenJ4AaABAg,9tQzzOjBIdI,KOS SARA HIDUP | Kerajaan Bakal Umum Langkah Tangani Kos Sara Hidup,Buletin TV3,https://www.youtube.com/watch?v=9tQzzOjBIdI,2025-07-19T05:38:22Z,cost_of_living_public_policy,Umum je bohon,03bbdfa108b32193e4f1,2025-07-20T21:39:25Z,2025-07-20T21:39:25Z,0,0,True,True,none,,2026-06-17T15:11:40.015097+00:00,raw,
YT_Ugz-7GBNDKh7Vr9vkhd4AaABAg,YouTube,top_level_comment,Ugz-7GBNDKh7Vr9vkhd4AaABAg,Ugz-7GBNDKh7Vr9vkhd4AaABAg,9tQzzOjBIdI,KOS SARA HIDUP | Kerajaan Bakal Umum Langkah Tangani Kos Sara Hidup,Buletin TV3,https://www.youtube.com/watch?v=9tQzzOjBIdI,2025-07-19T05:38:22Z,cost_of_living_public_policy,Warga asing kasi setel,2cc8554cbe8b1f4590b3,2025-07-20T18:42:10Z,2025-07-20T18:42:10Z,0,0,True,True,none,,2026-06-17T15:11:40.015108+00:00,raw,
YT_UgxxKcsGW1dB3FiE9014AaABAg,YouTube,top_level_comment,UgxxKcsGW1dB3FiE9014AaABAg,UgxxKcsGW1dB3FiE9014AaABAg,9tQzzOjBIdI,KOS SARA HIDUP | Kerajaan Bakal Umum Langkah Tangani Kos Sara Hidup,Buletin TV3,https://www.youtube.com/watch?v=9tQzzOjBIdI,2025-07-19T05:38:22Z,cost_of_living_public_policy,Tinguk dgr sir gomo punyer hnphone ...bkn dua tiga hri ...tpi 4 ...atau 5 hari pulaak...hri itu kata 2 ...3 hari ...😂,ada1dc70187412103bbb,2025-07-20T17:57:44Z,2025-07-20T17:57:44Z,0,0,True,True,none,,2026-06-17T15:11:40.015124+00:00,raw,
YT_UgwXAdJbWX7S8Vd4oqx4AaABAg,YouTube,top_level_comment,UgwXAdJbWX7S8Vd4oqx4AaABAg,UgwXAdJbWX7S8Vd4oqx4AaABAg,9tQzzOjBIdI,KOS SARA HIDUP | Kerajaan Bakal Umum Langkah Tangani Kos Sara Hidup,Buletin TV3,https://www.youtube.com/watch?v=9tQzzOjBIdI,2025-07-19T05:38:22Z,cost_of_living_public_policy,Garam trun 15sen,81db4725aa2a890c412a,2025-07-20T15:09:12Z,2025-07-20T15:09:12Z,0,0,True,True,none,,2026-06-17T15:11:40.015134+00:00,raw,
YT_Ugz4nnsHmo0bVIJlu4p4AaABAg,YouTube,top_level_comment,Ugz4nnsHmo0bVIJlu4p4AaABAg,Ugz4nnsHmo0bVIJlu4p4AaABAg,9tQzzOjBIdI,KOS SARA HIDUP | Kerajaan Bakal Umum Langkah Tangani Kos Sara Hidup,Buletin TV3,https://www.youtube.com/watch?v=9tQzzOjBIdI,2025-07-19T05:38:22Z,cost_of_living_public_policy,Aq nk kwsp lah duit Aq bgi jelah rm10k..kerajaan bantu tak seberapa tak cukop Aq nk bayar hutang adoiii..,4435181844eb9ba7cbbc,2025-07-20T14:42:38Z,2025-07-20T14:42:38Z,0,0,True,True,none,,2026-06-17T15:11:40.015149+00:00,raw,
YT_UgwpSL8ehZj9Lz2sMJ54AaABAg,YouTube,top_level_comment,UgwpSL8ehZj9Lz2sMJ54AaABAg,UgwpSL8ehZj9Lz2sMJ54AaABAg,9tQzzOjBIdI,KOS SARA HIDUP | Kerajaan Bakal Umum Langkah Tangani Kos Sara Hidup,Buletin TV3,https://www.youtube.com/watch?v=9tQzzOjBIdI,2025-07-19T05:38:22Z,cost_of_living_public_policy,Janji minyak turun rm1.50...harga brng mrh....,ccc4d28c0770430f6783,2025-07-20T14:02:40Z,2025-07-20T14:02:40Z,0,0,True,True,none,,2026-06-17T15:11:40.015160+00:00,raw,
YT_Ugx2kM-K-tgiQCFfK_B4AaABAg,YouTube,top_level_comment,Ugx2kM-K-tgiQCFfK_B4AaABAg,Ugx2kM-K-tgiQCFfK_B4AaABAg,9tQzzOjBIdI,KOS SARA HIDUP | Kerajaan Bakal Umum Langkah Tangani Kos Sara Hidup,Buletin TV3,https://www.youtube.com/watch?v=9tQzzOjBIdI,2025-07-19T05:38:22Z,cost_of_living_public_policy,Kuatmohong nuar brahim...,ccc4d28c0770430f6783,2025-07-20T13:59:44Z,2025-07-20T13:59:44Z,0,0,True,True,none,,2026-06-17T15:11:40.015171+00:00,raw,
YT_UgxS4CfJtTC18aGx6WV4AaABAg,YouTube,top_level_comment,UgxS4CfJtTC18aGx6WV4AaABAg,UgxS4CfJtTC18aGx6WV4AaABAg,9tQzzOjBIdI,KOS SARA HIDUP | Kerajaan Bakal Umum Langkah Tangani Kos Sara Hidup,Buletin TV3,https://www.youtube.com/watch?v=9tQzzOjBIdI,2025-07-19T05:38:22Z,cost_of_living_public_policy,Buat malu je la ko nuar. Ingt kn ko jdi pm bertambah maju negara ni. Bertambah hutang adalah.. 😂.. 😊,b19ca0ee89fefd5cff31,2025-07-20T13:46:47Z,2025-07-20T13:46:47Z,0,0,True,True,none,,2026-06-17T15:11:40.015185+00:00,raw,
YT_UgzhU2jAOKLlsPCs2UZ4AaABAg,YouTube,top_level_comment,UgzhU2jAOKLlsPCs2UZ4AaABAg,UgzhU2jAOKLlsPCs2UZ4AaABAg,9tQzzOjBIdI,KOS SARA HIDUP | Kerajaan Bakal Umum Langkah Tangani Kos Sara Hidup,Buletin TV3,https://www.youtube.com/watch?v=9tQzzOjBIdI,2025-07-19T05:38:22Z,cost_of_living_public_policy,Habislah wang kwsp kena rolling oleh kerajaan madani,b2e1a84a69db5e006156,2025-07-20T13:09:13Z,2025-07-20T13:09:13Z,0,0,True,True,none,,2026-06-17T15:11:40.015198+00:00,raw,
YT_UgxvbQdfuEnLZGM8jJx4AaABAg,YouTube,top_level_comment,UgxvbQdfuEnLZGM8jJx4AaABAg,UgxvbQdfuEnLZGM8jJx4AaABAg,9tQzzOjBIdI,KOS SARA HIDUP | Kerajaan Bakal Umum Langkah Tangani Kos Sara Hidup,Buletin TV3,https://www.youtube.com/watch?v=9tQzzOjBIdI,2025-07-19T05:38:22Z,cost_of_living_public_policy,Sebulan seribu,9a3feafc581d879e2318,2025-07-20T09:49:02Z,2025-07-20T09:49:02Z,0,0,True,True,none,,2026-06-17T15:11:40.015209+00:00,raw,
YT_UgwY5en4lAXLj2NM8194AaABAg,YouTube,top_level_comment,UgwY5en4lAXLj2NM8194AaABAg,UgwY5en4lAXLj2NM8194AaABAg,9tQzzOjBIdI,KOS SARA HIDUP | Kerajaan Bakal Umum Langkah Tangani Kos Sara Hidup,Buletin TV3,https://www.youtube.com/watch?v=9tQzzOjBIdI,2025-07-19T05:38:22Z,cost_of_living_public_policy,"Pihak yg terlibat dlm mengedalli kes,jgn terpengaruh",e24fdd02c3badd46dfff,2025-07-20T08:49:53Z,2025-07-20T08:49:53Z,0,0,True,True,none,,2026-06-17T15:11:40.015221+00:00,raw,
YT_Ugypu4Ck1DgDA7e_Bi54AaABAg,YouTube,top_level_comment,Ugypu4Ck1DgDA7e_Bi54AaABAg,Ugypu4Ck1DgDA7e_Bi54AaABAg,9tQzzOjBIdI,KOS SARA HIDUP | Kerajaan Bakal Umum Langkah Tangani Kos Sara Hidup,Buletin TV3,https://www.youtube.com/watch?v=9tQzzOjBIdI,2025-07-19T05:38:22Z,cost_of_living_public_policy,Benda seperti ini tidak perlu di umum beribu kali cukup sekali tak perlu gantung sampai esok lusa lah minggu depan lah cakap sekeli dah cukup ok esok esok lah . untuk apa nak cerita kan jika tak betul nanti kualat rakyat pun bertambah muak jika tidak mengikut apa yang di ceritakan tak perlu sombong sangat bust yang terbaik sahaja nak ugut rakyat untuk apa wang rakyat itu hak rakyat bukan duit mak bapak kita .,e31d69b9f35f543e7541,2025-07-20T07:50:15Z,2025-07-20T07:50:15Z,0,0,True,True,none,,2026-06-17T15:11:40.015245+00:00,raw,
YT_UgzclnGt70smvNNEa5Z4AaABAg,YouTube,top_level_comment,UgzclnGt70smvNNEa5Z4AaABAg,UgzclnGt70smvNNEa5Z4AaABAg,9tQzzOjBIdI,KOS SARA HIDUP | Kerajaan Bakal Umum Langkah Tangani Kos Sara Hidup,Buletin TV3,https://www.youtube.com/watch?v=9tQzzOjBIdI,2025-07-19T05:38:22Z,cost_of_living_public_policy,Mengarut..ini semua lancau,99980b937259dcd22921,2025-07-20T02:58:45Z,2025-07-20T02:58:45Z,0,0,True,True,none,,2026-06-17T15:11:40.015256+00:00,raw,
YT_UgxWZ9yaJROFs0jQJRp4AaABAg,YouTube,top_level_comment,UgxWZ9yaJROFs0jQJRp4AaABAg,UgxWZ9yaJROFs0jQJRp4AaABAg,9tQzzOjBIdI,KOS SARA HIDUP | Kerajaan Bakal Umum Langkah Tangani Kos Sara Hidup,Buletin TV3,https://www.youtube.com/watch?v=9tQzzOjBIdI,2025-07-19T05:38:22Z,cost_of_living_public_policy,Isnin / selasa gula2 naik harga😅,79b4ce11729524186390,2025-07-20T02:44:39Z,2025-07-20T02:44:39Z,0,0,True,True,none,,2026-06-17T15:11:40.015268+00:00,raw,
YT_UgzJy9c0rlGsE6do9tB4AaABAg,YouTube,top_level_comment,UgzJy9c0rlGsE6do9tB4AaABAg,UgzJy9c0rlGsE6do9tB4AaABAg,9tQzzOjBIdI,KOS SARA HIDUP | Kerajaan Bakal Umum Langkah Tangani Kos Sara Hidup,Buletin TV3,https://www.youtube.com/watch?v=9tQzzOjBIdI,2025-07-19T05:38:22Z,cost_of_living_public_policy,tarik segala subsidi. lepas tu announced bantuan akan tibaa. 🤣,54acea779b386dfe2fdf,2025-07-20T00:55:28Z,2025-07-20T00:55:28Z,2,0,True,True,none,,2026-06-17T15:11:40.015280+00:00,raw,
YT_UgwTqJtqvjv-c3xs6pZ4AaABAg,YouTube,top_level_comment,UgwTqJtqvjv-c3xs6pZ4AaABAg,UgwTqJtqvjv-c3xs6pZ4AaABAg,9tQzzOjBIdI,KOS SARA HIDUP | Kerajaan Bakal Umum Langkah Tangani Kos Sara Hidup,Buletin TV3,https://www.youtube.com/watch?v=9tQzzOjBIdI,2025-07-19T05:38:22Z,cost_of_living_public_policy,Kalau boleh kerajaan tolong lah lulus kan pengeluaran EPF JE .. kebanyakan rakyat perlukan wang tunai .. tolong faham kami sikit ..,ff82a04f710e3a505620,2025-07-19T20:56:52Z,2025-07-19T20:58:09Z,8,0,True,True,none,,2026-06-17T15:11:40.015295+00:00,raw,
YT_Ugx0Th_jODl2TM08apB4AaABAg,YouTube,top_level_comment,Ugx0Th_jODl2TM08apB4AaABAg,Ugx0Th_jODl2TM08apB4AaABAg,9tQzzOjBIdI,KOS SARA HIDUP | Kerajaan Bakal Umum Langkah Tangani Kos Sara Hidup,Buletin TV3,https://www.youtube.com/watch?v=9tQzzOjBIdI,2025-07-19T05:38:22Z,cost_of_living_public_policy,Jangan pula nanti bagi mcm ewalet ... rm50,ff82a04f710e3a505620,2025-07-19T20:54:26Z,2025-07-19T20:54:26Z,8,1,True,True,none,,2026-06-17T15:11:40.015307+00:00,raw,
YT_UgxtEPW8yRG4HInsxNB4AaABAg,YouTube,top_level_comment,UgxtEPW8yRG4HInsxNB4AaABAg,UgxtEPW8yRG4HInsxNB4AaABAg,9tQzzOjBIdI,KOS SARA HIDUP | Kerajaan Bakal Umum Langkah Tangani Kos Sara Hidup,Buletin TV3,https://www.youtube.com/watch?v=9tQzzOjBIdI,2025-07-19T05:38:22Z,cost_of_living_public_policy,sepatutnya b40 yang meskin atau yang tiada pendapatan bulanan yang diberikan bantuan..,3cf937ba2d0cd9b96502,2025-07-19T19:51:19Z,2025-07-19T19:51:19Z,0,0,True,True,none,,2026-06-17T15:11:40.015319+00:00,raw,
YT_Ugxu0c3SMHklRu8Af0J4AaABAg,YouTube,top_level_comment,Ugxu0c3SMHklRu8Af0J4AaABAg,Ugxu0c3SMHklRu8Af0J4AaABAg,9tQzzOjBIdI,KOS SARA HIDUP | Kerajaan Bakal Umum Langkah Tangani Kos Sara Hidup,Buletin TV3,https://www.youtube.com/watch?v=9tQzzOjBIdI,2025-07-19T05:38:22Z,cost_of_living_public_policy,terbaik kerajaan,3968721de63ddab6c41a,2025-07-19T19:45:28Z,2025-07-19T19:45:28Z,2,0,True,True,none,,2026-06-17T15:11:40.015330+00:00,raw,
YT_Ugwb6Pxhqtbs1M8jQSh4AaABAg,YouTube,top_level_comment,Ugwb6Pxhqtbs1M8jQSh4AaABAg,Ugwb6Pxhqtbs1M8jQSh4AaABAg,9tQzzOjBIdI,KOS SARA HIDUP | Kerajaan Bakal Umum Langkah Tangani Kos Sara Hidup,Buletin TV3,https://www.youtube.com/watch?v=9tQzzOjBIdI,2025-07-19T05:38:22Z,cost_of_living_public_policy,Naikkan gaji pekerja swasta dan Naikkan wang str,2d6b994c23afd34e08f5,2025-07-19T18:44:17Z,2025-07-19T18:44:17Z,0,0,True,True,none,,2026-06-17T15:11:40.015341+00:00,raw,
YT_UgzKkCKWcBbZGuG92XZ4AaABAg,YouTube,top_level_comment,UgzKkCKWcBbZGuG92XZ4AaABAg,UgzKkCKWcBbZGuG92XZ4AaABAg,9tQzzOjBIdI,KOS SARA HIDUP | Kerajaan Bakal Umum Langkah Tangani Kos Sara Hidup,Buletin TV3,https://www.youtube.com/watch?v=9tQzzOjBIdI,2025-07-19T05:38:22Z,cost_of_living_public_policy,Kalau xisnin selasa ni la bil letrik aku sampai.,e8ea9a1afcea24608c9f,2025-07-19T16:29:47Z,2025-07-19T16:29:47Z,0,0,True,True,none,,2026-06-17T15:11:40.015352+00:00,raw,
YT_Ugy2kD-YZs_ks8SsKD14AaABAg,YouTube,top_level_comment,Ugy2kD-YZs_ks8SsKD14AaABAg,Ugy2kD-YZs_ks8SsKD14AaABAg,9tQzzOjBIdI,KOS SARA HIDUP | Kerajaan Bakal Umum Langkah Tangani Kos Sara Hidup,Buletin TV3,https://www.youtube.com/watch?v=9tQzzOjBIdI,2025-07-19T05:38:22Z,cost_of_living_public_policy,Turun lebih baik dpd terus menyeksa rakyat.....keadaan berterusan dgn janji2 kosong hingga rakyat bangkit sbb dh tk tahan...... Masalah isu tanah d sungai baru pun kjaan berdiam diri jd kn rakyat tertekan,a5ba1e6623ea043ed537,2025-07-19T15:21:15Z,2025-07-19T15:21:15Z,0,0,True,True,none,,2026-06-17T15:11:40.015368+00:00,raw,
YT_UgzMZB-EArGatGgqAml4AaABAg,YouTube,top_level_comment,UgzMZB-EArGatGgqAml4AaABAg,UgzMZB-EArGatGgqAml4AaABAg,9tQzzOjBIdI,KOS SARA HIDUP | Kerajaan Bakal Umum Langkah Tangani Kos Sara Hidup,Buletin TV3,https://www.youtube.com/watch?v=9tQzzOjBIdI,2025-07-19T05:38:22Z,cost_of_living_public_policy,Aku tak yakin langsung dgn dia ni SST dowh beban,d1a32e4a52a8363b788a,2025-07-19T14:14:38Z,2025-07-19T14:14:38Z,0,0,True,True,none,,2026-06-17T15:11:40.015380+00:00,raw,
YT_Ugzk0SSKXVRrkhjwSXB4AaABAg,YouTube,top_level_comment,Ugzk0SSKXVRrkhjwSXB4AaABAg,Ugzk0SSKXVRrkhjwSXB4AaABAg,9tQzzOjBIdI,KOS SARA HIDUP | Kerajaan Bakal Umum Langkah Tangani Kos Sara Hidup,Buletin TV3,https://www.youtube.com/watch?v=9tQzzOjBIdI,2025-07-19T05:38:22Z,cost_of_living_public_policy,taekkkkkkkk ... kenceng kotor sinkunyek tua aljubss 😂,466b7500ffda8e72a1bf,2025-07-19T13:34:25Z,2025-07-19T13:34:25Z,0,0,True,True,none,,2026-06-17T15:11:40.015393+00:00,raw,
YT_UgzuOeh71WKR1UEax_N4AaABAg,YouTube,top_level_comment,UgzuOeh71WKR1UEax_N4AaABAg,UgzuOeh71WKR1UEax_N4AaABAg,9tQzzOjBIdI,KOS SARA HIDUP | Kerajaan Bakal Umum Langkah Tangani Kos Sara Hidup,Buletin TV3,https://www.youtube.com/watch?v=9tQzzOjBIdI,2025-07-19T05:38:22Z,cost_of_living_public_policy,Brape ko nk bgi waknon takat celah gigi pegi mmpozla waknon ketimpoz,b83a720af698af98a36e,2025-07-19T13:33:57Z,2025-07-19T13:33:57Z,0,0,True,True,none,,2026-06-17T15:11:40.015405+00:00,raw,
YT_UgxNEJrDWDoeVh2337Z4AaABAg,YouTube,top_level_comment,UgxNEJrDWDoeVh2337Z4AaABAg,UgxNEJrDWDoeVh2337Z4AaABAg,9tQzzOjBIdI,KOS SARA HIDUP | Kerajaan Bakal Umum Langkah Tangani Kos Sara Hidup,Buletin TV3,https://www.youtube.com/watch?v=9tQzzOjBIdI,2025-07-19T05:38:22Z,cost_of_living_public_policy,Waknon bgi gule2 .ank non kegembiraan krane kebatakkan,b83a720af698af98a36e,2025-07-19T13:33:00Z,2025-07-19T13:33:00Z,0,0,True,True,none,,2026-06-17T15:11:40.015416+00:00,raw,
YT_UgyPVgOEchHjG00W3Lp4AaABAg,YouTube,top_level_comment,UgyPVgOEchHjG00W3Lp4AaABAg,UgyPVgOEchHjG00W3Lp4AaABAg,9tQzzOjBIdI,KOS SARA HIDUP | Kerajaan Bakal Umum Langkah Tangani Kos Sara Hidup,Buletin TV3,https://www.youtube.com/watch?v=9tQzzOjBIdI,2025-07-19T05:38:22Z,cost_of_living_public_policy,"MCM mana nak umum,,,aku tak sokong,,👎👎👎",dcd107e7ea0968c056e8,2025-07-19T13:31:19Z,2025-07-19T13:31:19Z,4,1,True,True,none,,2026-06-17T15:11:40.015428+00:00,raw,
YT_UgyOC3er0Tqjb-irnJN4AaABAg,YouTube,top_level_comment,UgyOC3er0Tqjb-irnJN4AaABAg,UgyOC3er0Tqjb-irnJN4AaABAg,9tQzzOjBIdI,KOS SARA HIDUP | Kerajaan Bakal Umum Langkah Tangani Kos Sara Hidup,Buletin TV3,https://www.youtube.com/watch?v=9tQzzOjBIdI,2025-07-19T05:38:22Z,cost_of_living_public_policy,YAB perdana menteri untuk selamat jaga rakyat. Rakyat lebih ramai daripada pemimpin rakyat yang mengundi bukan semua rakyat suka kepada pemimpin,537746f18c746879bff0,2025-07-19T12:44:01Z,2025-07-19T12:44:01Z,0,0,True,True,none,,2026-06-17T15:11:40.015442+00:00,raw,
YT_UgyArN0cvXcT30gzySd4AaABAg,YouTube,top_level_comment,UgyArN0cvXcT30gzySd4AaABAg,UgyArN0cvXcT30gzySd4AaABAg,9tQzzOjBIdI,KOS SARA HIDUP | Kerajaan Bakal Umum Langkah Tangani Kos Sara Hidup,Buletin TV3,https://www.youtube.com/watch?v=9tQzzOjBIdI,2025-07-19T05:38:22Z,cost_of_living_public_policy,Ubah ler ubah rakyat dh penat dh.....jngn cakap je tapi tunaikan lagi elok kalau umum kenaikan harga barang di batalkan dan dijalan seperti sedia kala bru cun melecun okk madani,3121dbfe64e65f6e7823,2025-07-19T12:42:52Z,2025-07-19T12:42:52Z,0,0,True,True,none,,2026-06-17T15:11:40.015457+00:00,raw,
YT_UgxDZvaoE1MBdw4JDit4AaABAg,YouTube,top_level_comment,UgxDZvaoE1MBdw4JDit4AaABAg,UgxDZvaoE1MBdw4JDit4AaABAg,9tQzzOjBIdI,KOS SARA HIDUP | Kerajaan Bakal Umum Langkah Tangani Kos Sara Hidup,Buletin TV3,https://www.youtube.com/watch?v=9tQzzOjBIdI,2025-07-19T05:38:22Z,cost_of_living_public_policy,Kwsp 20k,c29cead2d55d5d8c3e58,2025-07-19T12:09:45Z,2025-07-19T12:09:45Z,0,0,True,True,none,,2026-06-17T15:11:40.015467+00:00,raw,
YT_UgyvXIw1wivbtGzp9J54AaABAg,YouTube,top_level_comment,UgyvXIw1wivbtGzp9J54AaABAg,UgyvXIw1wivbtGzp9J54AaABAg,9tQzzOjBIdI,KOS SARA HIDUP | Kerajaan Bakal Umum Langkah Tangani Kos Sara Hidup,Buletin TV3,https://www.youtube.com/watch?v=9tQzzOjBIdI,2025-07-19T05:38:22Z,cost_of_living_public_policy,duit cukai naik barang naik madani cari jln pergi dna mahathir kutty penyamun pm4 22 tahun be billion mslayu cepat lupa,97065701501c34b09a30,2025-07-19T11:38:57Z,2025-07-19T11:38:57Z,0,0,True,True,none,,2026-06-17T15:11:40.015481+00:00,raw,
YT_UgxAknwf0OSasK0MNYJ4AaABAg,YouTube,top_level_comment,UgxAknwf0OSasK0MNYJ4AaABAg,UgxAknwf0OSasK0MNYJ4AaABAg,9tQzzOjBIdI,KOS SARA HIDUP | Kerajaan Bakal Umum Langkah Tangani Kos Sara Hidup,Buletin TV3,https://www.youtube.com/watch?v=9tQzzOjBIdI,2025-07-19T05:38:22Z,cost_of_living_public_policy,Betul ke arwah Masih hidup lagi ni ?,9f8e263ba0d8dd08c187,2025-07-19T10:34:46Z,2025-07-19T10:34:46Z,0,0,True,True,none,,2026-06-17T15:11:40.015492+00:00,raw,
YT_UgwMXHvjmBjihKxpSWB4AaABAg,YouTube,top_level_comment,UgwMXHvjmBjihKxpSWB4AaABAg,UgwMXHvjmBjihKxpSWB4AaABAg,9tQzzOjBIdI,KOS SARA HIDUP | Kerajaan Bakal Umum Langkah Tangani Kos Sara Hidup,Buletin TV3,https://www.youtube.com/watch?v=9tQzzOjBIdI,2025-07-19T05:38:22Z,cost_of_living_public_policy,Bg gula gula pastu bende lain naik 🤣,bc39eb336f95a029e28a,2025-07-19T10:32:47Z,2025-07-19T10:32:47Z,0,0,True,True,none,,2026-06-17T15:11:40.015503+00:00,raw,
YT_Ugz5pjuZBqxt5Cn57qN4AaABAg,YouTube,top_level_comment,Ugz5pjuZBqxt5Cn57qN4AaABAg,Ugz5pjuZBqxt5Cn57qN4AaABAg,9tQzzOjBIdI,KOS SARA HIDUP | Kerajaan Bakal Umum Langkah Tangani Kos Sara Hidup,Buletin TV3,https://www.youtube.com/watch?v=9tQzzOjBIdI,2025-07-19T05:38:22Z,cost_of_living_public_policy,Bujang dapat 200 inggit,a86c2dc172c3f9326627,2025-07-19T10:12:58Z,2025-07-19T10:12:58Z,1,0,True,True,none,,2026-06-17T15:11:40.015515+00:00,raw,
YT_UgzTaIkjEa5XCUKzegp4AaABAg,YouTube,top_level_comment,UgzTaIkjEa5XCUKzegp4AaABAg,UgzTaIkjEa5XCUKzegp4AaABAg,9tQzzOjBIdI,KOS SARA HIDUP | Kerajaan Bakal Umum Langkah Tangani Kos Sara Hidup,Buletin TV3,https://www.youtube.com/watch?v=9tQzzOjBIdI,2025-07-19T05:38:22Z,cost_of_living_public_policy,Hmpa masih percaya ka kt PM..buka mulut aja bohongggg,a5973bf42d0a44b8408b,2025-07-19T10:07:45Z,2025-07-19T10:07:45Z,0,0,True,True,none,,2026-06-17T15:11:40.015526+00:00,raw,
YT_UgyF38M4IzjEpgxmZQJ4AaABAg,YouTube,top_level_comment,UgyF38M4IzjEpgxmZQJ4AaABAg,UgyF38M4IzjEpgxmZQJ4AaABAg,9tQzzOjBIdI,KOS SARA HIDUP | Kerajaan Bakal Umum Langkah Tangani Kos Sara Hidup,Buletin TV3,https://www.youtube.com/watch?v=9tQzzOjBIdI,2025-07-19T05:38:22Z,cost_of_living_public_policy,"Kasihan PMX kerana masalah besar negara disebabkan kepimpinan dahulu dia yang tanggung semuanya ,HIDUP PMX.",1e18344b9e57acd670ed,2025-07-19T10:06:54Z,2025-07-19T10:06:54Z,2,1,True,True,none,,2026-06-17T15:11:40.015548+00:00,raw,
YT_Ugw_3sNiqXv6VzbsnFV4AaABAg,YouTube,top_level_comment,Ugw_3sNiqXv6VzbsnFV4AaABAg,Ugw_3sNiqXv6VzbsnFV4AaABAg,9tQzzOjBIdI,KOS SARA HIDUP | Kerajaan Bakal Umum Langkah Tangani Kos Sara Hidup,Buletin TV3,https://www.youtube.com/watch?v=9tQzzOjBIdI,2025-07-19T05:38:22Z,cost_of_living_public_policy,Hidup PMX !!!! ✌🏽✌🏽,8917b6c53240ab6c1052,2025-07-19T09:45:38Z,2025-07-19T09:45:38Z,0,0,True,True,none,,2026-06-17T15:11:40.015560+00:00,raw,
YT_UgwTJ-JKHXsvdk9jnzB4AaABAg,YouTube,top_level_comment,UgwTJ-JKHXsvdk9jnzB4AaABAg,UgwTJ-JKHXsvdk9jnzB4AaABAg,9tQzzOjBIdI,KOS SARA HIDUP | Kerajaan Bakal Umum Langkah Tangani Kos Sara Hidup,Buletin TV3,https://www.youtube.com/watch?v=9tQzzOjBIdI,2025-07-19T05:38:22Z,cost_of_living_public_policy,"Sara eKasih pon tak adil.. yng dah dapat ditambah lg, hingga ada yg ambil kesempatan berniaga dgn bantuan Sara.. yg sedih nya ramai pulak tak dapat langsung, dari bg penambahan, lebih baik bg pada yang tak dapat langsung.. cmne perkiraan pn tak tau lah",bfe12ffa3fe58fdfae11,2025-07-19T09:39:32Z,2025-07-19T09:39:32Z,0,0,True,True,none,,2026-06-17T15:11:40.015579+00:00,raw,
YT_UgzTHdxZ28ajog-IoLh4AaABAg,YouTube,top_level_comment,UgzTHdxZ28ajog-IoLh4AaABAg,UgzTHdxZ28ajog-IoLh4AaABAg,9tQzzOjBIdI,KOS SARA HIDUP | Kerajaan Bakal Umum Langkah Tangani Kos Sara Hidup,Buletin TV3,https://www.youtube.com/watch?v=9tQzzOjBIdI,2025-07-19T05:38:22Z,cost_of_living_public_policy,"Skrg baru nk ngaku kos sara hidup ningkat , dulu cakap *Malaysia negara pertama didunia berjaya menoktah kan kemiskinan "" .kalu x spin macam gasing tu bkn lh Anwar ibrahim😂😂😂😂",9ed9defd1d95ecc5ad22,2025-07-19T09:37:19Z,2025-07-19T09:37:41Z,2,0,True,True,none,,2026-06-17T15:11:40.015597+00:00,raw,
YT_UgwuBVsONDzIdWYlrgV4AaABAg,YouTube,top_level_comment,UgwuBVsONDzIdWYlrgV4AaABAg,UgwuBVsONDzIdWYlrgV4AaABAg,9tQzzOjBIdI,KOS SARA HIDUP | Kerajaan Bakal Umum Langkah Tangani Kos Sara Hidup,Buletin TV3,https://www.youtube.com/watch?v=9tQzzOjBIdI,2025-07-19T05:38:22Z,cost_of_living_public_policy,Mcm tu je ko goreng rkyat ya,e941a1bde23010d9987e,2025-07-19T09:21:01Z,2025-07-19T09:21:01Z,0,0,True,True,none,,2026-06-17T15:11:40.015609+00:00,raw,
YT_UgxKSrn6yOj_Zw37q8l4AaABAg,YouTube,top_level_comment,UgxKSrn6yOj_Zw37q8l4AaABAg,UgxKSrn6yOj_Zw37q8l4AaABAg,9tQzzOjBIdI,KOS SARA HIDUP | Kerajaan Bakal Umum Langkah Tangani Kos Sara Hidup,Buletin TV3,https://www.youtube.com/watch?v=9tQzzOjBIdI,2025-07-19T05:38:22Z,cost_of_living_public_policy,"Dah bagi bil elektrik naik, barang keperluan naik, SST,baru ko nak bagi umpan gula2,puiiii🤦🤦🤣🤣 🤣🤣",ced36f26e11d75dd7772,2025-07-19T09:01:41Z,2025-07-19T09:03:22Z,0,0,True,True,none,,2026-06-17T15:11:40.015623+00:00,raw,
YT_UgzJENdVTJkcZE_cRip4AaABAg,YouTube,top_level_comment,UgzJENdVTJkcZE_cRip4AaABAg,UgzJENdVTJkcZE_cRip4AaABAg,9tQzzOjBIdI,KOS SARA HIDUP | Kerajaan Bakal Umum Langkah Tangani Kos Sara Hidup,Buletin TV3,https://www.youtube.com/watch?v=9tQzzOjBIdI,2025-07-19T05:38:22Z,cost_of_living_public_policy,Sudah lah..bil.letrik pun dah naik yang baru ni.. pusing macm mana pun kene juga rakyat..😅,9de146589a963cd8974d,2025-07-19T08:39:50Z,2025-07-19T08:39:50Z,1,0,True,True,none,,2026-06-17T15:11:40.015636+00:00,raw,
YT_UgyWwKfW3k4LT_jNl7d4AaABAg,YouTube,top_level_comment,UgyWwKfW3k4LT_jNl7d4AaABAg,UgyWwKfW3k4LT_jNl7d4AaABAg,9tQzzOjBIdI,KOS SARA HIDUP | Kerajaan Bakal Umum Langkah Tangani Kos Sara Hidup,Buletin TV3,https://www.youtube.com/watch?v=9tQzzOjBIdI,2025-07-19T05:38:22Z,cost_of_living_public_policy,"😂😂..aku kalau dia ni,ckp la apa pon aku tak caya...",b38b7c3bc1660454bddb,2025-07-19T08:37:36Z,2025-07-19T08:37:36Z,14,3,True,True,none,,2026-06-17T15:11:40.015649+00:00,raw,
YT_UgyrWrYbRsJnBNjBkYx4AaABAg,YouTube,top_level_comment,UgyrWrYbRsJnBNjBkYx4AaABAg,UgyrWrYbRsJnBNjBkYx4AaABAg,9tQzzOjBIdI,KOS SARA HIDUP | Kerajaan Bakal Umum Langkah Tangani Kos Sara Hidup,Buletin TV3,https://www.youtube.com/watch?v=9tQzzOjBIdI,2025-07-19T05:38:22Z,cost_of_living_public_policy,Hahaha dea buat yg buat...dea yg jd hero😂...,1333efae2540d9180793,2025-07-19T08:11:57Z,2025-07-19T08:11:57Z,0,0,True,True,none,,2026-06-17T15:11:40.015661+00:00,raw,
YT_UgyYsI02Usm9eHGSk7d4AaABAg,YouTube,top_level_comment,UgyYsI02Usm9eHGSk7d4AaABAg,UgyYsI02Usm9eHGSk7d4AaABAg,9tQzzOjBIdI,KOS SARA HIDUP | Kerajaan Bakal Umum Langkah Tangani Kos Sara Hidup,Buletin TV3,https://www.youtube.com/watch?v=9tQzzOjBIdI,2025-07-19T05:38:22Z,cost_of_living_public_policy,Kwsp bersasar,71eb9e2c77bea080863f,2025-07-19T08:03:30Z,2025-07-19T08:03:30Z,0,0,True,True,none,,2026-06-17T15:11:40.015672+00:00,raw,
YT_Ugw8qTiDKTTD7n1mgvZ4AaABAg,YouTube,top_level_comment,Ugw8qTiDKTTD7n1mgvZ4AaABAg,Ugw8qTiDKTTD7n1mgvZ4AaABAg,9tQzzOjBIdI,KOS SARA HIDUP | Kerajaan Bakal Umum Langkah Tangani Kos Sara Hidup,Buletin TV3,https://www.youtube.com/watch?v=9tQzzOjBIdI,2025-07-19T05:38:22Z,cost_of_living_public_policy,😂😂😂 tunggu sekejap 😂😂😂,11a268b2715f2d8779c1,2025-07-19T07:50:22Z,2025-07-19T07:50:22Z,0,0,True,True,none,,2026-06-17T15:11:40.015683+00:00,raw,
YT_UgxxhD2gLERJ2SqQZl14AaABAg,YouTube,top_level_comment,UgxxhD2gLERJ2SqQZl14AaABAg,UgxxhD2gLERJ2SqQZl14AaABAg,9tQzzOjBIdI,KOS SARA HIDUP | Kerajaan Bakal Umum Langkah Tangani Kos Sara Hidup,Buletin TV3,https://www.youtube.com/watch?v=9tQzzOjBIdI,2025-07-19T05:38:22Z,cost_of_living_public_policy,Nk tetapkan hari pn berat... Boleh percaya ke ni?,2c69e60f960165c3301f,2025-07-19T07:43:56Z,2025-07-19T07:43:56Z,0,0,True,True,none,,2026-06-17T15:11:40.015694+00:00,raw,
YT_UgyOqOGTSwmr7qwl3fF4AaABAg,YouTube,top_level_comment,UgyOqOGTSwmr7qwl3fF4AaABAg,UgyOqOGTSwmr7qwl3fF4AaABAg,9tQzzOjBIdI,KOS SARA HIDUP | Kerajaan Bakal Umum Langkah Tangani Kos Sara Hidup,Buletin TV3,https://www.youtube.com/watch?v=9tQzzOjBIdI,2025-07-19T05:38:22Z,cost_of_living_public_policy,lpas umum subsidi pon di tarik opr pon naik non bnduan ni tk layak jdi pm,e79566992587411094e4,2025-07-19T07:40:47Z,2025-07-19T07:40:47Z,0,0,True,True,none,,2026-06-17T15:11:40.015707+00:00,raw,
YT_UgxESblz5kqwBITfBlJ4AaABAg,YouTube,top_level_comment,UgxESblz5kqwBITfBlJ4AaABAg,UgxESblz5kqwBITfBlJ4AaABAg,9tQzzOjBIdI,KOS SARA HIDUP | Kerajaan Bakal Umum Langkah Tangani Kos Sara Hidup,Buletin TV3,https://www.youtube.com/watch?v=9tQzzOjBIdI,2025-07-19T05:38:22Z,cost_of_living_public_policy,Lu Letak Jawatan Rakyat Happy😅😅,e1f85565d80fc4792399,2025-07-19T07:37:13Z,2025-07-19T07:37:13Z,0,1,True,True,none,,2026-06-17T15:11:40.015718+00:00,raw,
YT_UgyaXbl0CGPb-yt3Cqx4AaABAg,YouTube,top_level_comment,UgyaXbl0CGPb-yt3Cqx4AaABAg,UgyaXbl0CGPb-yt3Cqx4AaABAg,9tQzzOjBIdI,KOS SARA HIDUP | Kerajaan Bakal Umum Langkah Tangani Kos Sara Hidup,Buletin TV3,https://www.youtube.com/watch?v=9tQzzOjBIdI,2025-07-19T05:38:22Z,cost_of_living_public_policy,ALHAMDULILLAH ANUGERAH ALLAH... APA XNYA KUN MAKA JADILAH DSAI PM 10 DAN KERAJAAN PERPADUAN DEMI UTK MENGHAPUSKAN PERASUAH PENYAKAU N PENGKIANAT DEMI KESEJAHTERAAN RAKYAT MALAYSIA,9bb8c4090c9d02847276,2025-07-19T07:29:40Z,2025-07-19T07:29:40Z,2,2,True,True,none,,2026-06-17T15:11:40.015733+00:00,raw,
YT_Ugz_SWpvIpCxNsnRYg94AaABAg,YouTube,top_level_comment,Ugz_SWpvIpCxNsnRYg94AaABAg,Ugz_SWpvIpCxNsnRYg94AaABAg,9tQzzOjBIdI,KOS SARA HIDUP | Kerajaan Bakal Umum Langkah Tangani Kos Sara Hidup,Buletin TV3,https://www.youtube.com/watch?v=9tQzzOjBIdI,2025-07-19T05:38:22Z,cost_of_living_public_policy,"Alhamdulillah. anok2 setang hadi awang ni smpai kiamat tkkn bersyukur. dajjal dia si tua kuty, iblis dia lebai2 syiah pn. setang2 dia walaun. elok lah tu. puak2 munafik berlebai. perngai mcm abu jahal.",7d5606b71f0e475c1246,2025-07-19T07:23:39Z,2025-07-19T07:23:39Z,0,0,True,True,none,,2026-06-17T15:11:40.015748+00:00,raw,
YT_UgyJtl0QW_l061HDcyp4AaABAg,YouTube,top_level_comment,UgyJtl0QW_l061HDcyp4AaABAg,UgyJtl0QW_l061HDcyp4AaABAg,9tQzzOjBIdI,KOS SARA HIDUP | Kerajaan Bakal Umum Langkah Tangani Kos Sara Hidup,Buletin TV3,https://www.youtube.com/watch?v=9tQzzOjBIdI,2025-07-19T05:38:22Z,cost_of_living_public_policy,Letak jawatan lah..Rakyat dah hilang kepercayaan kamu tak pandai urus hal Rakyat.,5ec9254ac1a9ff218002,2025-07-19T07:19:03Z,2025-07-19T07:19:03Z,1,1,True,True,none,,2026-06-17T15:11:40.015761+00:00,raw,
YT_UgxmSA3aNfQOxk94iWN4AaABAg,YouTube,top_level_comment,UgxmSA3aNfQOxk94iWN4AaABAg,UgxmSA3aNfQOxk94iWN4AaABAg,9tQzzOjBIdI,KOS SARA HIDUP | Kerajaan Bakal Umum Langkah Tangani Kos Sara Hidup,Buletin TV3,https://www.youtube.com/watch?v=9tQzzOjBIdI,2025-07-19T05:38:22Z,cost_of_living_public_policy,"Masalahnya negara lain berdepan kenaikkan kos sara hidup kerana kos asing tapi di Malaysia Kenaikan Kos Sara Hidup disebabkan kerajaan 'Mad'DaNi yg sengaja menaikkan cukai² barangan, menaikkan tarif elektrik dan menarik pelbagai subsidi yg dinikmati rakyat.. Akibatnya harga² barangan dan perkhidmatan meningkat yg kesan akhirnya tetap pergi kepada rakyat semua.. Bang Bang Bang Non Bangang!!",0a0ddb3af96e2b6b43a5,2025-07-19T07:17:40Z,2025-07-19T07:17:40Z,1,0,True,True,none,,2026-06-17T15:11:40.015783+00:00,raw,
YT_Ugwt-gYcZF8NKNChhfN4AaABAg,YouTube,top_level_comment,Ugwt-gYcZF8NKNChhfN4AaABAg,Ugwt-gYcZF8NKNChhfN4AaABAg,9tQzzOjBIdI,KOS SARA HIDUP | Kerajaan Bakal Umum Langkah Tangani Kos Sara Hidup,Buletin TV3,https://www.youtube.com/watch?v=9tQzzOjBIdI,2025-07-19T05:38:22Z,cost_of_living_public_policy,😂😂😂😂😂😂😂😂😂😂😂,617fd6629eedb7d7643c,2025-07-19T07:14:51Z,2025-07-19T07:14:51Z,0,0,True,True,none,,2026-06-17T15:11:40.015793+00:00,raw,
YT_UgwYsIyy-JLxFNXxL_l4AaABAg,YouTube,top_level_comment,UgwYsIyy-JLxFNXxL_l4AaABAg,UgwYsIyy-JLxFNXxL_l4AaABAg,9tQzzOjBIdI,KOS SARA HIDUP | Kerajaan Bakal Umum Langkah Tangani Kos Sara Hidup,Buletin TV3,https://www.youtube.com/watch?v=9tQzzOjBIdI,2025-07-19T05:38:22Z,cost_of_living_public_policy,Ingt ye semua mulut dia sendri ckp...isnin atau selasa😂😂🤣🤣,256d2f361f6ca08ca72d,2025-07-19T07:08:38Z,2025-07-19T07:08:38Z,0,0,True,True,none,,2026-06-17T15:11:40.015806+00:00,raw,
YT_UgzBzM0Ah5uk2rlOM2h4AaABAg,YouTube,top_level_comment,UgzBzM0Ah5uk2rlOM2h4AaABAg,UgzBzM0Ah5uk2rlOM2h4AaABAg,9tQzzOjBIdI,KOS SARA HIDUP | Kerajaan Bakal Umum Langkah Tangani Kos Sara Hidup,Buletin TV3,https://www.youtube.com/watch?v=9tQzzOjBIdI,2025-07-19T05:38:22Z,cost_of_living_public_policy,Tiada pengumuman yg luar biasa melainkan Turun Anwar.terang2 kerajaan ini gagal.,5451e9889f28b0a9d935,2025-07-19T06:58:41Z,2025-07-19T06:58:41Z,3,0,True,True,none,,2026-06-17T15:11:40.015818+00:00,raw,
YT_Ugww4CbB6kKf5ZpEx654AaABAg,YouTube,top_level_comment,Ugww4CbB6kKf5ZpEx654AaABAg,Ugww4CbB6kKf5ZpEx654AaABAg,9tQzzOjBIdI,KOS SARA HIDUP | Kerajaan Bakal Umum Langkah Tangani Kos Sara Hidup,Buletin TV3,https://www.youtube.com/watch?v=9tQzzOjBIdI,2025-07-19T05:38:22Z,cost_of_living_public_policy,"Apa yang dia nak umum pun, dia tetap kena turun.",ef2bf6d60e994bf9476e,2025-07-19T06:56:08Z,2025-07-19T06:56:08Z,4,1,True,True,none,,2026-06-17T15:11:40.015831+00:00,raw,
YT_Ugxa8uNPjISjhcJqd8B4AaABAg,YouTube,top_level_comment,Ugxa8uNPjISjhcJqd8B4AaABAg,Ugxa8uNPjISjhcJqd8B4AaABAg,9tQzzOjBIdI,KOS SARA HIDUP | Kerajaan Bakal Umum Langkah Tangani Kos Sara Hidup,Buletin TV3,https://www.youtube.com/watch?v=9tQzzOjBIdI,2025-07-19T05:38:22Z,cost_of_living_public_policy,E-wallet utk rakyat Malaysia ??😊,845b1ba2a577b9fb59b5,2025-07-19T06:55:41Z,2025-07-19T06:55:41Z,1,1,True,True,none,,2026-06-17T15:11:40.015842+00:00,raw,
YT_UgxsQ2zBhc7HMCF6rMB4AaABAg,YouTube,top_level_comment,UgxsQ2zBhc7HMCF6rMB4AaABAg,UgxsQ2zBhc7HMCF6rMB4AaABAg,9tQzzOjBIdI,KOS SARA HIDUP | Kerajaan Bakal Umum Langkah Tangani Kos Sara Hidup,Buletin TV3,https://www.youtube.com/watch?v=9tQzzOjBIdI,2025-07-19T05:38:22Z,cost_of_living_public_policy,Knape aku tk percaya sepatah dia kata??? 😅,789df42a8f8358cf8a6c,2025-07-19T06:47:12Z,2025-07-19T06:47:12Z,1,0,True,True,none,,2026-06-17T15:11:40.015853+00:00,raw,
YT_UgzJIq1v4SPjuvqCffp4AaABAg,YouTube,top_level_comment,UgzJIq1v4SPjuvqCffp4AaABAg,UgzJIq1v4SPjuvqCffp4AaABAg,9tQzzOjBIdI,KOS SARA HIDUP | Kerajaan Bakal Umum Langkah Tangani Kos Sara Hidup,Buletin TV3,https://www.youtube.com/watch?v=9tQzzOjBIdI,2025-07-19T05:38:22Z,cost_of_living_public_policy,"Tak payahlah nak bagi apa-apa lagi pada rakyat,nanti dia naikkan lagi cukai, alasan bagi naikkan gaji lah, bantuan Rahmah lah.Rakyat tak nak lah semua tu,rakyat nak jgn naikan cukai,barangan keperluan harian,dan minyak.",f5e7f2b8328fd7821224,2025-07-19T06:43:53Z,2025-07-19T06:43:53Z,3,0,True,True,none,,2026-06-17T15:11:40.015869+00:00,raw,
YT_UgzOpSJQeySJ3riMJlJ4AaABAg,YouTube,top_level_comment,UgzOpSJQeySJ3riMJlJ4AaABAg,UgzOpSJQeySJ3riMJlJ4AaABAg,9tQzzOjBIdI,KOS SARA HIDUP | Kerajaan Bakal Umum Langkah Tangani Kos Sara Hidup,Buletin TV3,https://www.youtube.com/watch?v=9tQzzOjBIdI,2025-07-19T05:38:22Z,cost_of_living_public_policy,nti spin .biase lah budak sekor ni kejenye,c2886336ff364de127fc,2025-07-19T06:39:20Z,2025-07-19T06:39:20Z,0,0,True,True,none,,2026-06-17T15:11:40.015880+00:00,raw,
YT_UgzSoENpr8P1AysIMgJ4AaABAg,YouTube,top_level_comment,UgzSoENpr8P1AysIMgJ4AaABAg,UgzSoENpr8P1AysIMgJ4AaABAg,9tQzzOjBIdI,KOS SARA HIDUP | Kerajaan Bakal Umum Langkah Tangani Kos Sara Hidup,Buletin TV3,https://www.youtube.com/watch?v=9tQzzOjBIdI,2025-07-19T05:38:22Z,cost_of_living_public_policy,Kuat kincing punya olang,f4559486e4513febe44b,2025-07-19T06:38:55Z,2025-07-19T06:38:55Z,10,1,True,True,none,,2026-06-17T15:11:40.015890+00:00,raw,
YT_UgxGdotbZ0YgqbaZxsh4AaABAg,YouTube,top_level_comment,UgxGdotbZ0YgqbaZxsh4AaABAg,UgxGdotbZ0YgqbaZxsh4AaABAg,9tQzzOjBIdI,KOS SARA HIDUP | Kerajaan Bakal Umum Langkah Tangani Kos Sara Hidup,Buletin TV3,https://www.youtube.com/watch?v=9tQzzOjBIdI,2025-07-19T05:38:22Z,cost_of_living_public_policy,Ingatkan bekas banduan nk letak jawatan...lah...buat la kami gembira anuwar...berambus peliwat...,0452dc836c78a9b190fe,2025-07-19T06:30:22Z,2025-07-19T06:30:22Z,23,6,True,True,none,,2026-06-17T15:11:40.015903+00:00,raw,
YT_UgzemrIPytR0rWTPlcx4AaABAg,YouTube,top_level_comment,UgzemrIPytR0rWTPlcx4AaABAg,UgzemrIPytR0rWTPlcx4AaABAg,9tQzzOjBIdI,KOS SARA HIDUP | Kerajaan Bakal Umum Langkah Tangani Kos Sara Hidup,Buletin TV3,https://www.youtube.com/watch?v=9tQzzOjBIdI,2025-07-19T05:38:22Z,cost_of_living_public_policy,Mcm tulah apa yg pm2 rasa sblm ni pmx.semua negara terkesan dgn ekonomi.lain kali jgn janji mcm2 pmx.amin,6316164be8931bb7994d,2025-07-19T06:30:04Z,2025-07-19T06:30:04Z,0,0,True,True,none,,2026-06-17T15:11:40.015916+00:00,raw,
YT_UgwrgVDlT4LE1F1zebp4AaABAg,YouTube,top_level_comment,UgwrgVDlT4LE1F1zebp4AaABAg,UgwrgVDlT4LE1F1zebp4AaABAg,9tQzzOjBIdI,KOS SARA HIDUP | Kerajaan Bakal Umum Langkah Tangani Kos Sara Hidup,Buletin TV3,https://www.youtube.com/watch?v=9tQzzOjBIdI,2025-07-19T05:38:22Z,cost_of_living_public_policy,Kalau kau umum letak jawatan aku rasa semua rakyat 1 MALAYSIA ni happy lah ni... kecuali puak2 pengundi kau saja yg xhappy ni nnti 😂😂😂😂,ae30a064202218c0a676,2025-07-19T06:27:14Z,2025-07-19T06:27:14Z,8,1,True,True,none,,2026-06-17T15:11:40.015931+00:00,raw,
YT_Ugx_7r3l73t3ALorSTN4AaABAg,YouTube,top_level_comment,Ugx_7r3l73t3ALorSTN4AaABAg,Ugx_7r3l73t3ALorSTN4AaABAg,9tQzzOjBIdI,KOS SARA HIDUP | Kerajaan Bakal Umum Langkah Tangani Kos Sara Hidup,Buletin TV3,https://www.youtube.com/watch?v=9tQzzOjBIdI,2025-07-19T05:38:22Z,cost_of_living_public_policy,"Cakap pun tak yakin. Dulu kita yakin,😂",2db183c96642f6117035,2025-07-19T06:25:56Z,2025-07-19T06:25:56Z,3,0,True,True,none,,2026-06-17T15:11:40.015943+00:00,raw,
YT_UgxQwc3v47ZFyESgwC14AaABAg,YouTube,top_level_comment,UgxQwc3v47ZFyESgwC14AaABAg,UgxQwc3v47ZFyESgwC14AaABAg,9tQzzOjBIdI,KOS SARA HIDUP | Kerajaan Bakal Umum Langkah Tangani Kos Sara Hidup,Buletin TV3,https://www.youtube.com/watch?v=9tQzzOjBIdI,2025-07-19T05:38:22Z,cost_of_living_public_policy,Naik lagi SST 200%... Semua tak payah sara hidup dah.. Terus takde masaalah,471a35460d90cfae3198,2025-07-19T06:18:16Z,2025-07-19T06:18:16Z,2,0,True,True,none,,2026-06-17T15:11:40.015955+00:00,raw,
YT_Ugx42ecqygERIyTfwRh4AaABAg,YouTube,top_level_comment,Ugx42ecqygERIyTfwRh4AaABAg,Ugx42ecqygERIyTfwRh4AaABAg,9tQzzOjBIdI,KOS SARA HIDUP | Kerajaan Bakal Umum Langkah Tangani Kos Sara Hidup,Buletin TV3,https://www.youtube.com/watch?v=9tQzzOjBIdI,2025-07-19T05:38:22Z,cost_of_living_public_policy,jika betul alhamdulillah..kerana rakyat malaysia sedang kepayahan dengan harga barang naik,d323e2e3afd5773f86d2,2025-07-19T06:14:55Z,2025-07-19T06:14:55Z,12,4,True,True,none,,2026-06-17T15:11:40.015968+00:00,raw,
YT_Ugy2t_TFVZRuJgciaJp4AaABAg,YouTube,top_level_comment,Ugy2t_TFVZRuJgciaJp4AaABAg,Ugy2t_TFVZRuJgciaJp4AaABAg,9tQzzOjBIdI,KOS SARA HIDUP | Kerajaan Bakal Umum Langkah Tangani Kos Sara Hidup,Buletin TV3,https://www.youtube.com/watch?v=9tQzzOjBIdI,2025-07-19T05:38:22Z,cost_of_living_public_policy,Aku benci Anwar Ibrahim.,68a28af9f05e9d44f790,2025-07-19T06:00:32Z,2025-07-19T06:00:32Z,0,0,True,True,none,,2026-06-17T15:11:40.015978+00:00,raw,
YT_Ugw3iAWXBpTbQe8Zgr94AaABAg,YouTube,top_level_comment,Ugw3iAWXBpTbQe8Zgr94AaABAg,Ugw3iAWXBpTbQe8Zgr94AaABAg,FgMUKH-xEec,"Kerajaan setuju semakan tarik subsidi minyak golongan berpendapatan tinggi, kata PM",Free Malaysia Today,https://www.youtube.com/watch?v=FgMUKH-xEec,2026-05-10T09:06:58Z,cost_of_living_public_policy,Bohong pm negara yang tidak ada kebijakan dalam negara..tak layak jadi perdana menteri,bbdaf378ed675f6fccc7,2026-05-29T07:57:22Z,2026-05-29T07:57:22Z,1,0,True,True,none,,2026-06-17T15:11:41.871970+00:00,raw,
YT_UgzMAAgdjiAho5D6gFZ4AaABAg,YouTube,top_level_comment,UgzMAAgdjiAho5D6gFZ4AaABAg,UgzMAAgdjiAho5D6gFZ4AaABAg,FgMUKH-xEec,"Kerajaan setuju semakan tarik subsidi minyak golongan berpendapatan tinggi, kata PM",Free Malaysia Today,https://www.youtube.com/watch?v=FgMUKH-xEec,2026-05-10T09:06:58Z,cost_of_living_public_policy,"Terbaikkk....lagi satu kejayaan malaysia madani, hasil Dari pelaburan biliooon biliooon......tarik jer semua sabsidi....😂😂😂😂😂😂",65660771330659a8decb,2026-05-27T03:22:20Z,2026-05-27T03:22:20Z,0,0,True,True,none,,2026-06-17T15:11:41.871999+00:00,raw,
YT_UgxZWd8cXcMuhb0S-iB4AaABAg,YouTube,top_level_comment,UgxZWd8cXcMuhb0S-iB4AaABAg,UgxZWd8cXcMuhb0S-iB4AaABAg,FgMUKH-xEec,"Kerajaan setuju semakan tarik subsidi minyak golongan berpendapatan tinggi, kata PM",Free Malaysia Today,https://www.youtube.com/watch?v=FgMUKH-xEec,2026-05-10T09:06:58Z,cost_of_living_public_policy,"Terima kasih FMT. Hak rakyat Malaysia perlu dihormati. Mereka bayar cukai. Semua rakyat Malaysia bayar cukai. Fakta kukuh dan secara realiti. Setiap saat cukai dikutip secara aktif. Hidup mahupun meninggal. Bayi, muda, tua, miskin mahupun kaya. Bayar lampin, susu, urusan jenazah, dokumen dan sebagainya. Sudah buat semakan dan rujukan ChatGPT. Maaf, pendapat peribadi saya sahaja. Betulkan jika saya silap. 23/5/26",02b56019cfd332e54343,2026-05-23T02:36:51Z,2026-05-23T02:36:51Z,0,0,True,True,none,,2026-06-17T15:11:41.872032+00:00,raw,
YT_Ugwsx97vrdVBbLL1gF14AaABAg,YouTube,top_level_comment,Ugwsx97vrdVBbLL1gF14AaABAg,Ugwsx97vrdVBbLL1gF14AaABAg,FgMUKH-xEec,"Kerajaan setuju semakan tarik subsidi minyak golongan berpendapatan tinggi, kata PM",Free Malaysia Today,https://www.youtube.com/watch?v=FgMUKH-xEec,2026-05-10T09:06:58Z,cost_of_living_public_policy,Budget zakat berkurang nak cover cost bayar minyak tak subsidi.,f65a232c287f98924b16,2026-05-15T06:43:55Z,2026-05-15T06:43:55Z,0,0,True,True,none,,2026-06-17T15:11:41.872045+00:00,raw,
YT_Ugzx7j5unQ4aBPIMDTh4AaABAg,YouTube,top_level_comment,Ugzx7j5unQ4aBPIMDTh4AaABAg,Ugzx7j5unQ4aBPIMDTh4AaABAg,FgMUKH-xEec,"Kerajaan setuju semakan tarik subsidi minyak golongan berpendapatan tinggi, kata PM",Free Malaysia Today,https://www.youtube.com/watch?v=FgMUKH-xEec,2026-05-10T09:06:58Z,cost_of_living_public_policy,Cth gaji buta Menteri 10k.kasi kurang 5k.. tak mati miskin.,92a5f509eeac7952407a,2026-05-13T15:35:22Z,2026-05-13T15:35:22Z,0,0,True,True,none,,2026-06-17T15:11:41.872058+00:00,raw,
YT_UgymKB1N-9ymNYu28994AaABAg,YouTube,top_level_comment,UgymKB1N-9ymNYu28994AaABAg,UgymKB1N-9ymNYu28994AaABAg,FgMUKH-xEec,"Kerajaan setuju semakan tarik subsidi minyak golongan berpendapatan tinggi, kata PM",Free Malaysia Today,https://www.youtube.com/watch?v=FgMUKH-xEec,2026-05-10T09:06:58Z,cost_of_living_public_policy,"Kalau dah tak mampu nak tanggung, kena tarik juga. Tengoklah setakat mna high tastenya korang sampai tak reti berjimat & recycle. Baru padan muka.",8c97831e28004e29bdc5,2026-05-13T03:26:57Z,2026-05-13T03:26:57Z,0,0,True,True,none,,2026-06-17T15:11:41.872073+00:00,raw,
YT_UgzNw33hawu5RRJF3vN4AaABAg,YouTube,top_level_comment,UgzNw33hawu5RRJF3vN4AaABAg,UgzNw33hawu5RRJF3vN4AaABAg,FgMUKH-xEec,"Kerajaan setuju semakan tarik subsidi minyak golongan berpendapatan tinggi, kata PM",Free Malaysia Today,https://www.youtube.com/watch?v=FgMUKH-xEec,2026-05-10T09:06:58Z,cost_of_living_public_policy,"Ambik obat, dulu tak reti bersyukur, rasa kan la, mane dia yg guling2 kat jalan dulu, dah arwah ke 😂😂😂",69eec58794d7aa4b5cac,2026-05-12T23:46:53Z,2026-05-12T23:46:53Z,0,0,True,True,none,,2026-06-17T15:11:41.872089+00:00,raw,
YT_UgxVq4AxaKdtyOl62yh4AaABAg,YouTube,top_level_comment,UgxVq4AxaKdtyOl62yh4AaABAg,UgxVq4AxaKdtyOl62yh4AaABAg,FgMUKH-xEec,"Kerajaan setuju semakan tarik subsidi minyak golongan berpendapatan tinggi, kata PM",Free Malaysia Today,https://www.youtube.com/watch?v=FgMUKH-xEec,2026-05-10T09:06:58Z,cost_of_living_public_policy,Assalamualaikum,ce0be23a0b2572532052,2026-05-11T14:22:30Z,2026-05-11T14:22:30Z,0,0,True,True,none,,2026-06-17T15:11:41.872100+00:00,raw,
YT_Ugx5Q04EPdBqK3vYfot4AaABAg,YouTube,top_level_comment,Ugx5Q04EPdBqK3vYfot4AaABAg,Ugx5Q04EPdBqK3vYfot4AaABAg,FgMUKH-xEec,"Kerajaan setuju semakan tarik subsidi minyak golongan berpendapatan tinggi, kata PM",Free Malaysia Today,https://www.youtube.com/watch?v=FgMUKH-xEec,2026-05-10T09:06:58Z,cost_of_living_public_policy,"T5, T10 ni of coz la kena tarik subsidy diaorg. Di banglo ada 5 biji kereta mewah, road tax insurance setahun mgkn dah 50k takkan nk petrol rm1. 99 kot. T-20 mgkn lani dah merasa, tapi klau Mercedez dia 250k bru keluar dr Cycle Carriage plat baru mmg patut kna tarik la subsisdy dia.",210cf1784dfa17029ac9,2026-05-11T03:42:12Z,2026-05-11T03:42:12Z,0,0,True,True,none,,2026-06-17T15:11:41.872120+00:00,raw,
YT_Ugx1zFTqB3MhHrmzKm14AaABAg,YouTube,top_level_comment,Ugx1zFTqB3MhHrmzKm14AaABAg,Ugx1zFTqB3MhHrmzKm14AaABAg,FgMUKH-xEec,"Kerajaan setuju semakan tarik subsidi minyak golongan berpendapatan tinggi, kata PM",Free Malaysia Today,https://www.youtube.com/watch?v=FgMUKH-xEec,2026-05-10T09:06:58Z,cost_of_living_public_policy,awal awal dah patut buat semakan la. Billionaire Malaysia pun dapat Rahmah 100. b0d0 betul,91c06dbde729dd583e4c,2026-05-11T03:12:54Z,2026-05-11T03:12:54Z,0,0,True,True,none,,2026-06-17T15:11:41.872134+00:00,raw,
YT_UgyJR0oC6bGj0L2OBvJ4AaABAg,YouTube,top_level_comment,UgyJR0oC6bGj0L2OBvJ4AaABAg,UgyJR0oC6bGj0L2OBvJ4AaABAg,FgMUKH-xEec,"Kerajaan setuju semakan tarik subsidi minyak golongan berpendapatan tinggi, kata PM",Free Malaysia Today,https://www.youtube.com/watch?v=FgMUKH-xEec,2026-05-10T09:06:58Z,cost_of_living_public_policy,Elok krangkan Harga mnyak yg sdang n akan menyusahkan Penguna Syrikat Pengankutan n Peniaga Cecil pekebun petunia Sawah Nelayan😂😂ini lah bab harga brang2 keperluan smua naik mendadak n ramai akn hilang keje😅😅😅Kni ramai yg pakai Lori 1ton n sehingga 5tons sdang dlam kerugian n susah utk pulih jka Kerajaan masih tak mhu kurang harga2 Desel😢😢Ckap tak kenang kmi lah yg bantu kmu jdi PM😊😊,18fbce7dc2ae514b380b,2026-05-10T23:42:01Z,2026-05-10T23:42:01Z,0,0,True,True,none,,2026-06-17T15:11:41.872160+00:00,raw,
YT_UgwMRSNm_Vqcaan2g6p4AaABAg,YouTube,top_level_comment,UgwMRSNm_Vqcaan2g6p4AaABAg,UgwMRSNm_Vqcaan2g6p4AaABAg,FgMUKH-xEec,"Kerajaan setuju semakan tarik subsidi minyak golongan berpendapatan tinggi, kata PM",Free Malaysia Today,https://www.youtube.com/watch?v=FgMUKH-xEec,2026-05-10T09:06:58Z,cost_of_living_public_policy,"Sooner or later, they will probably restrict t20 the access to public healthcare too when they deem healthcare expenses are too high. Instead of having economic reforms and gradual phase out of subsidies, the new government continues the subsidies and unfairly shift the burden to so called t20.",14c06b75dc8676a406b1,2026-05-10T23:32:24Z,2026-05-10T23:32:24Z,0,0,True,True,none,,2026-06-17T15:11:41.872179+00:00,raw,
YT_UgxJ7dzTrXR7UDP0MFR4AaABAg,YouTube,top_level_comment,UgxJ7dzTrXR7UDP0MFR4AaABAg,UgxJ7dzTrXR7UDP0MFR4AaABAg,FgMUKH-xEec,"Kerajaan setuju semakan tarik subsidi minyak golongan berpendapatan tinggi, kata PM",Free Malaysia Today,https://www.youtube.com/watch?v=FgMUKH-xEec,2026-05-10T09:06:58Z,cost_of_living_public_policy,"Who is the majority of T20? Who uses various luxury vehicles?? Who has many houses for rent & lives in luxurious houses??? Who travels abroad with their families twice a year, maybe a lot???? Who sends their children to expensive international schools?????These are the groups that should not face subsidies! Think about it & get the country & the commoner, consider taxes as charity & subsidies that are not worthy is greed!!",f27b4188c0ef7962a416,2026-05-10T23:29:21Z,2026-05-10T23:29:21Z,0,0,True,True,none,,2026-06-17T15:11:41.872203+00:00,raw,
YT_UgzmI0hBH7vf52E6rhx4AaABAg,YouTube,top_level_comment,UgzmI0hBH7vf52E6rhx4AaABAg,UgzmI0hBH7vf52E6rhx4AaABAg,FgMUKH-xEec,"Kerajaan setuju semakan tarik subsidi minyak golongan berpendapatan tinggi, kata PM",Free Malaysia Today,https://www.youtube.com/watch?v=FgMUKH-xEec,2026-05-10T09:06:58Z,cost_of_living_public_policy,Elaun minyak menteri?,a8ee004664259e6895f0,2026-05-10T22:59:04Z,2026-05-10T22:59:04Z,0,0,True,True,none,,2026-06-17T15:11:41.872214+00:00,raw,
YT_Ugxqg0A4whyBnLgYM5l4AaABAg,YouTube,top_level_comment,Ugxqg0A4whyBnLgYM5l4AaABAg,Ugxqg0A4whyBnLgYM5l4AaABAg,FgMUKH-xEec,"Kerajaan setuju semakan tarik subsidi minyak golongan berpendapatan tinggi, kata PM",Free Malaysia Today,https://www.youtube.com/watch?v=FgMUKH-xEec,2026-05-10T09:06:58Z,cost_of_living_public_policy,"Subsidi tarik, kereta EV mahal. Kerja bayar cukai je la",9c2235e4ed8e993941c6,2026-05-10T22:55:19Z,2026-05-10T22:55:19Z,0,0,True,True,none,,2026-06-17T15:11:41.872226+00:00,raw,
YT_UgxftegbCGh87LlVGj14AaABAg,YouTube,top_level_comment,UgxftegbCGh87LlVGj14AaABAg,UgxftegbCGh87LlVGj14AaABAg,FgMUKH-xEec,"Kerajaan setuju semakan tarik subsidi minyak golongan berpendapatan tinggi, kata PM",Free Malaysia Today,https://www.youtube.com/watch?v=FgMUKH-xEec,2026-05-10T09:06:58Z,cost_of_living_public_policy,Mane walanon T20 Kat sini? Jom ikut sama2.. SAYA ULANG LAGI SKALIIIII.. KALAU SAYA JADI PM.. HARGA MINYAKKK.... 😂😂😂,b7781497696204f49937,2026-05-10T17:18:43Z,2026-05-10T17:18:43Z,0,0,True,True,none,,2026-06-17T15:11:41.872251+00:00,raw,
YT_UgyXFx0GcHgQLG39Xix4AaABAg,YouTube,top_level_comment,UgyXFx0GcHgQLG39Xix4AaABAg,UgyXFx0GcHgQLG39Xix4AaABAg,FgMUKH-xEec,"Kerajaan setuju semakan tarik subsidi minyak golongan berpendapatan tinggi, kata PM",Free Malaysia Today,https://www.youtube.com/watch?v=FgMUKH-xEec,2026-05-10T09:06:58Z,cost_of_living_public_policy,Yang komen sini semua t20 ke😂😂 t20 takde masa nak komen mengeluh mcm dalam komen ni,592cdbac70504406935c,2026-05-10T15:16:48Z,2026-05-10T15:16:48Z,0,0,True,True,none,,2026-06-17T15:11:41.872267+00:00,raw,
YT_Ugw35uYQWZyrQc0OG0N4AaABAg,YouTube,top_level_comment,Ugw35uYQWZyrQc0OG0N4AaABAg,Ugw35uYQWZyrQc0OG0N4AaABAg,FgMUKH-xEec,"Kerajaan setuju semakan tarik subsidi minyak golongan berpendapatan tinggi, kata PM",Free Malaysia Today,https://www.youtube.com/watch?v=FgMUKH-xEec,2026-05-10T09:06:58Z,cost_of_living_public_policy,Sistem padu tu terbaik sebenarnya tetapi tulaa rafizi fah takde,592cdbac70504406935c,2026-05-10T15:14:29Z,2026-05-10T15:14:29Z,0,0,True,True,none,,2026-06-17T15:11:41.872280+00:00,raw,
YT_Ugyn2ZpWKzL1bSuS1Rp4AaABAg,YouTube,top_level_comment,Ugyn2ZpWKzL1bSuS1Rp4AaABAg,Ugyn2ZpWKzL1bSuS1Rp4AaABAg,FgMUKH-xEec,"Kerajaan setuju semakan tarik subsidi minyak golongan berpendapatan tinggi, kata PM",Free Malaysia Today,https://www.youtube.com/watch?v=FgMUKH-xEec,2026-05-10T09:06:58Z,cost_of_living_public_policy,Tanda2 kerajaan madanon akan melingkup pru 16,db90f36241d75472c1ad,2026-05-10T14:00:16Z,2026-05-10T14:00:16Z,2,0,True,True,none,,2026-06-17T15:11:41.872292+00:00,raw,
YT_UgzBUZWRb7sc93uzgHd4AaABAg,YouTube,top_level_comment,UgzBUZWRb7sc93uzgHd4AaABAg,UgzBUZWRb7sc93uzgHd4AaABAg,FgMUKH-xEec,"Kerajaan setuju semakan tarik subsidi minyak golongan berpendapatan tinggi, kata PM",Free Malaysia Today,https://www.youtube.com/watch?v=FgMUKH-xEec,2026-05-10T09:06:58Z,cost_of_living_public_policy,Syabaslah... Tarik subsidi dan masa yang sama halang EV CBU yang kurang daripada RM300k...,5237795f401630de2f88,2026-05-10T13:38:31Z,2026-05-10T13:38:31Z,1,0,True,True,none,,2026-06-17T15:11:41.872307+00:00,raw,
YT_Ugye1CN5WQ7qAhngqgZ4AaABAg,YouTube,top_level_comment,Ugye1CN5WQ7qAhngqgZ4AaABAg,Ugye1CN5WQ7qAhngqgZ4AaABAg,FgMUKH-xEec,"Kerajaan setuju semakan tarik subsidi minyak golongan berpendapatan tinggi, kata PM",Free Malaysia Today,https://www.youtube.com/watch?v=FgMUKH-xEec,2026-05-10T09:06:58Z,cost_of_living_public_policy,Bebal punya PM🤮🤮👎🤬🤬🤬,d5f63ab2beb827818ba9,2026-05-10T13:07:24Z,2026-05-10T13:07:24Z,0,0,True,True,none,,2026-06-17T15:11:41.872319+00:00,raw,
YT_UgzEslHONCjd7NomUcJ4AaABAg,YouTube,top_level_comment,UgzEslHONCjd7NomUcJ4AaABAg,UgzEslHONCjd7NomUcJ4AaABAg,FgMUKH-xEec,"Kerajaan setuju semakan tarik subsidi minyak golongan berpendapatan tinggi, kata PM",Free Malaysia Today,https://www.youtube.com/watch?v=FgMUKH-xEec,2026-05-10T09:06:58Z,cost_of_living_public_policy,Ya Allah jatuhkanlah kerajaan ni,529f070a375645a8276c,2026-05-10T12:59:56Z,2026-05-10T12:59:56Z,4,0,True,True,none,,2026-06-17T15:11:41.872332+00:00,raw,
YT_UgzX_x2rjgKWr0Tfi_J4AaABAg,YouTube,top_level_comment,UgzX_x2rjgKWr0Tfi_J4AaABAg,UgzX_x2rjgKWr0Tfi_J4AaABAg,FgMUKH-xEec,"Kerajaan setuju semakan tarik subsidi minyak golongan berpendapatan tinggi, kata PM",Free Malaysia Today,https://www.youtube.com/watch?v=FgMUKH-xEec,2026-05-10T09:06:58Z,cost_of_living_public_policy,Mula2 kurang Kota minyak subsidies. Pastu tarikh subsidies T20. Pastu M40. Pastu terus tak ada. Last Cukai naik gila2.,dfa8baf1a2b5c364aeec,2026-05-10T12:49:06Z,2026-05-10T12:49:06Z,3,2,True,True,none,,2026-06-17T15:11:41.872346+00:00,raw,
YT_Ugy7SIHCPqbaSOY_lHB4AaABAg,YouTube,top_level_comment,Ugy7SIHCPqbaSOY_lHB4AaABAg,Ugy7SIHCPqbaSOY_lHB4AaABAg,FgMUKH-xEec,"Kerajaan setuju semakan tarik subsidi minyak golongan berpendapatan tinggi, kata PM",Free Malaysia Today,https://www.youtube.com/watch?v=FgMUKH-xEec,2026-05-10T09:06:58Z,cost_of_living_public_policy,"TUKAR SUBSIDI PETROL WARGANEGARA 🇲🇾 YANG GUNA MYCARD OLEH --> JUTAWAN DAN TAUKE Y TERLEBIH MEWAH KE SUBSIDI T.N.B BIL ELEKTRIK RM20 ATAU RM15 KE BAWAH BULANAN (TEPAT SASARAN) RUMAH KELUARGA --> B40 TERBAWAH , BOLEH MEREKA BELI ANAK ANAK BELI BAJU BUNDLE ATAU KASUT SECOND HAND BIL ELEKTRIK YANG WAJIB D BAYAR .",427ddf04eb1fed7c22a5,2026-05-10T11:52:13Z,2026-05-10T11:52:13Z,1,0,True,True,none,,2026-06-17T15:11:41.872369+00:00,raw,
YT_Ugz5cm0R0s1gHSMzyxx4AaABAg,YouTube,top_level_comment,Ugz5cm0R0s1gHSMzyxx4AaABAg,Ugz5cm0R0s1gHSMzyxx4AaABAg,FgMUKH-xEec,"Kerajaan setuju semakan tarik subsidi minyak golongan berpendapatan tinggi, kata PM",Free Malaysia Today,https://www.youtube.com/watch?v=FgMUKH-xEec,2026-05-10T09:06:58Z,cost_of_living_public_policy,"Aq setuju kalau tarik semua subsidi untuk menteri kerajaan, tarik jugak semua elaun menteri kerajaan dan turunkan gaji menteri menteri kerajaan 50%.... Sebab elaun dan gaji korang LANGSUNG TAK SETIMPAL DENGAN KERJA KORANG!!!!!",9a370e7ff35780819367,2026-05-10T11:15:27Z,2026-05-10T11:15:27Z,12,0,True,True,none,,2026-06-17T15:11:41.872386+00:00,raw,
YT_UgxGhvOa8qTFFBFEV7J4AaABAg,YouTube,top_level_comment,UgxGhvOa8qTFFBFEV7J4AaABAg,UgxGhvOa8qTFFBFEV7J4AaABAg,FgMUKH-xEec,"Kerajaan setuju semakan tarik subsidi minyak golongan berpendapatan tinggi, kata PM",Free Malaysia Today,https://www.youtube.com/watch?v=FgMUKH-xEec,2026-05-10T09:06:58Z,cost_of_living_public_policy,Tarik semua pencen Org Politik la. Nk pencen bnyk2 buat apa? Org Politik punca Negara ni melarat.,cd81c00d1cc9890b5c86,2026-05-10T10:52:57Z,2026-05-10T10:52:57Z,19,1,True,True,none,,2026-06-17T15:11:41.872400+00:00,raw,
YT_UgwGLMbdBXWQrDlIyAN4AaABAg,YouTube,top_level_comment,UgwGLMbdBXWQrDlIyAN4AaABAg,UgwGLMbdBXWQrDlIyAN4AaABAg,FgMUKH-xEec,"Kerajaan setuju semakan tarik subsidi minyak golongan berpendapatan tinggi, kata PM",Free Malaysia Today,https://www.youtube.com/watch?v=FgMUKH-xEec,2026-05-10T09:06:58Z,cost_of_living_public_policy,Tarik T20 punya subsidi.,7818147e0d2fb8d28985,2026-05-10T10:43:49Z,2026-05-10T10:43:49Z,4,1,True,True,none,,2026-06-17T15:11:41.872411+00:00,raw,
YT_UgyT2XtTQ0kj_GDhW014AaABAg,YouTube,top_level_comment,UgyT2XtTQ0kj_GDhW014AaABAg,UgyT2XtTQ0kj_GDhW014AaABAg,FgMUKH-xEec,"Kerajaan setuju semakan tarik subsidi minyak golongan berpendapatan tinggi, kata PM",Free Malaysia Today,https://www.youtube.com/watch?v=FgMUKH-xEec,2026-05-10T09:06:58Z,cost_of_living_public_policy,Rakyat juga yg kena ....,9b206c40796e4a321bfa,2026-05-10T10:38:13Z,2026-05-10T10:38:13Z,4,0,True,True,none,,2026-06-17T15:11:41.872422+00:00,raw,
YT_UgyJammsqjhOiaOpPzt4AaABAg,YouTube,top_level_comment,UgyJammsqjhOiaOpPzt4AaABAg,UgyJammsqjhOiaOpPzt4AaABAg,FgMUKH-xEec,"Kerajaan setuju semakan tarik subsidi minyak golongan berpendapatan tinggi, kata PM",Free Malaysia Today,https://www.youtube.com/watch?v=FgMUKH-xEec,2026-05-10T09:06:58Z,cost_of_living_public_policy,UMNO parti yang korup sekarang nak bercakap mengenai kewangan negara.,3098211113a82e15b760,2026-05-10T10:34:53Z,2026-05-10T10:34:53Z,9,0,True,True,none,,2026-06-17T15:11:41.872435+00:00,raw,
YT_Ugwtlbjte3jEIzqTpiJ4AaABAg,YouTube,top_level_comment,Ugwtlbjte3jEIzqTpiJ4AaABAg,Ugwtlbjte3jEIzqTpiJ4AaABAg,FgMUKH-xEec,"Kerajaan setuju semakan tarik subsidi minyak golongan berpendapatan tinggi, kata PM",Free Malaysia Today,https://www.youtube.com/watch?v=FgMUKH-xEec,2026-05-10T09:06:58Z,cost_of_living_public_policy,Rafixi dah cadangkan dulu lagi....,f0e8f411ee20025f5760,2026-05-10T10:32:27Z,2026-05-10T10:32:27Z,3,2,True,True,none,,2026-06-17T15:11:41.872446+00:00,raw,
YT_UgzGl6N2rJwC6TNz9Ux4AaABAg,YouTube,top_level_comment,UgzGl6N2rJwC6TNz9Ux4AaABAg,UgzGl6N2rJwC6TNz9Ux4AaABAg,FgMUKH-xEec,"Kerajaan setuju semakan tarik subsidi minyak golongan berpendapatan tinggi, kata PM",Free Malaysia Today,https://www.youtube.com/watch?v=FgMUKH-xEec,2026-05-10T09:06:58Z,cost_of_living_public_policy,???,8f785efcac11f2c69958,2026-05-10T10:20:34Z,2026-05-10T10:20:34Z,0,0,True,True,none,,2026-06-17T15:11:41.872456+00:00,raw,
YT_UgyJFl3OipMxefGxnEB4AaABAg,YouTube,top_level_comment,UgyJFl3OipMxefGxnEB4AaABAg,UgyJFl3OipMxefGxnEB4AaABAg,FgMUKH-xEec,"Kerajaan setuju semakan tarik subsidi minyak golongan berpendapatan tinggi, kata PM",Free Malaysia Today,https://www.youtube.com/watch?v=FgMUKH-xEec,2026-05-10T09:06:58Z,cost_of_living_public_policy,"Babi anwar, dia lumpuh tak bawa masuk pelabur asing, dia pm bawa bala pd rakyat. Hampa nak sokong lagi sial ni? Tu baru sepenggal dah lumpuh ekonomi dalaman malaysia. Kau curi lagi duit negara anwar. Tah 10/5/26 (1)",c3511164f2e150c82da7,2026-05-10T09:34:25Z,2026-05-10T09:34:25Z,0,0,True,True,none,,2026-06-17T15:11:41.872473+00:00,raw,
YT_UgwfOucp728Z_D2JDMZ4AaABAg,YouTube,top_level_comment,UgwfOucp728Z_D2JDMZ4AaABAg,UgwfOucp728Z_D2JDMZ4AaABAg,UGAL8690ngc,"Bantuan Asas Rahmah diteruskan: RM100 untuk  dewasa, RM500 untuk penerima miskin tegar - Anwar",KiniTV,https://www.youtube.com/watch?v=UGAL8690ngc,2026-01-05T06:06:45Z,cost_of_living_public_policy,"STR mana ada Rm500, Sara Rm100 🤭",eb6008892d7192e77dbf,2026-02-01T12:50:56Z,2026-02-01T12:50:56Z,0,0,True,True,none,,2026-06-17T15:11:40.405173+00:00,raw,
YT_UgyETWzGKbk7AhbwoKV4AaABAg,YouTube,top_level_comment,UgyETWzGKbk7AhbwoKV4AaABAg,UgyETWzGKbk7AhbwoKV4AaABAg,UGAL8690ngc,"Bantuan Asas Rahmah diteruskan: RM100 untuk  dewasa, RM500 untuk penerima miskin tegar - Anwar",KiniTV,https://www.youtube.com/watch?v=UGAL8690ngc,2026-01-05T06:06:45Z,cost_of_living_public_policy,"Mana ada Rm200, STR pun mana ada Rm500 masuk 😂",eb6008892d7192e77dbf,2026-01-26T09:03:45Z,2026-01-26T09:03:45Z,0,0,True,True,none,,2026-06-17T15:11:40.405198+00:00,raw,
YT_Ugx-OzKOuUgSGiUz4El4AaABAg,YouTube,top_level_comment,Ugx-OzKOuUgSGiUz4El4AaABAg,Ugx-OzKOuUgSGiUz4El4AaABAg,UGAL8690ngc,"Bantuan Asas Rahmah diteruskan: RM100 untuk  dewasa, RM500 untuk penerima miskin tegar - Anwar",KiniTV,https://www.youtube.com/watch?v=UGAL8690ngc,2026-01-05T06:06:45Z,cost_of_living_public_policy,You are very generous MPS THANK YOU,0c80f428ddd52782a4e5,2026-01-19T11:12:54Z,2026-01-19T11:12:54Z,0,0,True,True,none,,2026-06-17T15:11:40.405212+00:00,raw,
YT_UgwEbjwjNxGH2T4Xc6h4AaABAg,YouTube,top_level_comment,UgwEbjwjNxGH2T4Xc6h4AaABAg,UgwEbjwjNxGH2T4Xc6h4AaABAg,UGAL8690ngc,"Bantuan Asas Rahmah diteruskan: RM100 untuk  dewasa, RM500 untuk penerima miskin tegar - Anwar",KiniTV,https://www.youtube.com/watch?v=UGAL8690ngc,2026-01-05T06:06:45Z,cost_of_living_public_policy,Saya minta kebebasan utk beli apa yg perlu sehingga sayur-ikan..had2 hanya seperti maggi-beras dan tertentu sila loloskan ..Terima Kasih,56d18a7a92a6b2c514d0,2026-01-16T20:23:50Z,2026-01-16T20:23:50Z,0,0,True,True,none,,2026-06-17T15:11:40.405227+00:00,raw,
YT_UgyKfEK_VXxq9Qk8Ir94AaABAg,YouTube,top_level_comment,UgyKfEK_VXxq9Qk8Ir94AaABAg,UgyKfEK_VXxq9Qk8Ir94AaABAg,UGAL8690ngc,"Bantuan Asas Rahmah diteruskan: RM100 untuk  dewasa, RM500 untuk penerima miskin tegar - Anwar",KiniTV,https://www.youtube.com/watch?v=UGAL8690ngc,2026-01-05T06:06:45Z,cost_of_living_public_policy,Yg pelik kenapa brg2 tertentu je boleh beli,c8f91b6516ddc2fb13a0,2026-01-14T10:14:55Z,2026-01-14T10:14:55Z,1,0,True,True,none,,2026-06-17T15:11:40.405239+00:00,raw,
YT_UgzYHMf3PqLTYvddtyN4AaABAg,YouTube,top_level_comment,UgzYHMf3PqLTYvddtyN4AaABAg,UgzYHMf3PqLTYvddtyN4AaABAg,UGAL8690ngc,"Bantuan Asas Rahmah diteruskan: RM100 untuk  dewasa, RM500 untuk penerima miskin tegar - Anwar",KiniTV,https://www.youtube.com/watch?v=UGAL8690ngc,2026-01-05T06:06:45Z,cost_of_living_public_policy,Saya penarima str sebanyak rm 50. boleh kah di naikkan sebanyak rm 100. Sebab saya ibu tunggal miskin tegar,2d737ce56e7a66abaa21,2026-01-14T08:15:00Z,2026-01-14T08:15:00Z,1,0,True,True,none,,2026-06-17T15:11:40.405252+00:00,raw,
YT_Ugy7X-D1CmbmCWBn_xJ4AaABAg,YouTube,top_level_comment,Ugy7X-D1CmbmCWBn_xJ4AaABAg,Ugy7X-D1CmbmCWBn_xJ4AaABAg,UGAL8690ngc,"Bantuan Asas Rahmah diteruskan: RM100 untuk  dewasa, RM500 untuk penerima miskin tegar - Anwar",KiniTV,https://www.youtube.com/watch?v=UGAL8690ngc,2026-01-05T06:06:45Z,cost_of_living_public_policy,Str bagi golongan bujang yg dipertikaikan hanya Rm 50 sahaja,52f69243a1e0726ad6f4,2026-01-14T07:45:01Z,2026-01-14T07:45:01Z,0,0,True,True,none,,2026-06-17T15:11:40.405264+00:00,raw,
YT_UgyO_NGWNsGMZd2Tx-t4AaABAg,YouTube,top_level_comment,UgyO_NGWNsGMZd2Tx-t4AaABAg,UgyO_NGWNsGMZd2Tx-t4AaABAg,UGAL8690ngc,"Bantuan Asas Rahmah diteruskan: RM100 untuk  dewasa, RM500 untuk penerima miskin tegar - Anwar",KiniTV,https://www.youtube.com/watch?v=UGAL8690ngc,2026-01-05T06:06:45Z,cost_of_living_public_policy,Str bagi golongan bujang yg dipertikaikan hanya Rm 50 sahaja,52f69243a1e0726ad6f4,2026-01-14T07:44:08Z,2026-01-14T07:44:08Z,0,0,True,True,none,,2026-06-17T15:11:40.405276+00:00,raw,
YT_UgwUjVM5FQLEcxOElkt4AaABAg,YouTube,top_level_comment,UgwUjVM5FQLEcxOElkt4AaABAg,UgwUjVM5FQLEcxOElkt4AaABAg,UGAL8690ngc,"Bantuan Asas Rahmah diteruskan: RM100 untuk  dewasa, RM500 untuk penerima miskin tegar - Anwar",KiniTV,https://www.youtube.com/watch?v=UGAL8690ngc,2026-01-05T06:06:45Z,cost_of_living_public_policy,Str bagi golongan bujang yg dipertikaikan hanya Rm 50 sahaja,52f69243a1e0726ad6f4,2026-01-14T07:43:51Z,2026-01-14T07:43:51Z,0,0,True,True,none,,2026-06-17T15:11:40.405287+00:00,raw,
YT_UgzttJuhsWTpGqJGXMJ4AaABAg,YouTube,top_level_comment,UgzttJuhsWTpGqJGXMJ4AaABAg,UgzttJuhsWTpGqJGXMJ4AaABAg,UGAL8690ngc,"Bantuan Asas Rahmah diteruskan: RM100 untuk  dewasa, RM500 untuk penerima miskin tegar - Anwar",KiniTV,https://www.youtube.com/watch?v=UGAL8690ngc,2026-01-05T06:06:45Z,cost_of_living_public_policy,"Warga emas rm150 jadi rm50...barang harga makin mahal,beras 26rgt bila nk timbul pun x tau lah..minyak pek lagi haram terus hilang...bujang dari keluarga terkesan x dpt str..mkin karut..",5af181347a2e7751c53d,2026-01-13T19:35:11Z,2026-01-13T19:35:11Z,0,0,True,True,none,,2026-06-17T15:11:40.405302+00:00,raw,
YT_Ugwb6dSUIQPY3F9qKHJ4AaABAg,YouTube,top_level_comment,Ugwb6dSUIQPY3F9qKHJ4AaABAg,Ugwb6dSUIQPY3F9qKHJ4AaABAg,UGAL8690ngc,"Bantuan Asas Rahmah diteruskan: RM100 untuk  dewasa, RM500 untuk penerima miskin tegar - Anwar",KiniTV,https://www.youtube.com/watch?v=UGAL8690ngc,2026-01-05T06:06:45Z,cost_of_living_public_policy,aku dpt 50 warga emas anak 4..warga emas ank berkerja gaji 5k keatas dpt 100..mcmna..😂😂😂bawang penting xtermasuk senarai mcmna..,2fa7972c938167db0369,2026-01-13T17:30:36Z,2026-01-13T17:31:39Z,0,0,True,True,none,,2026-06-17T15:11:40.405317+00:00,raw,
YT_UgyY0aXSJOvW_QCVSEF4AaABAg,YouTube,top_level_comment,UgyY0aXSJOvW_QCVSEF4AaABAg,UgyY0aXSJOvW_QCVSEF4AaABAg,UGAL8690ngc,"Bantuan Asas Rahmah diteruskan: RM100 untuk  dewasa, RM500 untuk penerima miskin tegar - Anwar",KiniTV,https://www.youtube.com/watch?v=UGAL8690ngc,2026-01-05T06:06:45Z,cost_of_living_public_policy,Thanks U... BAPAK BARUA 🎉😂😂😂🎉,844c0ecb4c710ea5b9d2,2026-01-13T14:05:11Z,2026-01-13T14:05:11Z,2,0,True,True,none,,2026-06-17T15:11:40.405328+00:00,raw,
YT_Ugwc0tsrpCslVP-GQSl4AaABAg,YouTube,top_level_comment,Ugwc0tsrpCslVP-GQSl4AaABAg,Ugwc0tsrpCslVP-GQSl4AaABAg,UGAL8690ngc,"Bantuan Asas Rahmah diteruskan: RM100 untuk  dewasa, RM500 untuk penerima miskin tegar - Anwar",KiniTV,https://www.youtube.com/watch?v=UGAL8690ngc,2026-01-05T06:06:45Z,cost_of_living_public_policy,Hahahahaha.... pantang dapat micropon kelentong terus......rm100 ko ingat cukup ke...aku doakan pmx akan rasa seperti mana kami rakyat² miskin,9dd7dcbd9d2bedc61cd8,2026-01-13T13:21:51Z,2026-01-13T13:21:51Z,0,0,True,True,none,,2026-06-17T15:11:40.405343+00:00,raw,
YT_UgzNjinwRIEY_L18EcF4AaABAg,YouTube,top_level_comment,UgzNjinwRIEY_L18EcF4AaABAg,UgzNjinwRIEY_L18EcF4AaABAg,UGAL8690ngc,"Bantuan Asas Rahmah diteruskan: RM100 untuk  dewasa, RM500 untuk penerima miskin tegar - Anwar",KiniTV,https://www.youtube.com/watch?v=UGAL8690ngc,2026-01-05T06:06:45Z,cost_of_living_public_policy,"PMX, kenapa Warga emas bujang tak berpencen cuma dapat rm150 per fasa (600 setahun)? Sedangkan orang bergaji 2500 sebulan dapat 625 per fasa (2500 setahun)?",1049894c177e9252e906,2026-01-13T08:59:58Z,2026-01-13T08:59:58Z,0,0,True,True,none,,2026-06-17T15:11:40.405358+00:00,raw,
YT_UgxRILjCXUf84AGIheJ4AaABAg,YouTube,top_level_comment,UgxRILjCXUf84AGIheJ4AaABAg,UgxRILjCXUf84AGIheJ4AaABAg,UGAL8690ngc,"Bantuan Asas Rahmah diteruskan: RM100 untuk  dewasa, RM500 untuk penerima miskin tegar - Anwar",KiniTV,https://www.youtube.com/watch?v=UGAL8690ngc,2026-01-05T06:06:45Z,cost_of_living_public_policy,Apa Sara Bulanan Apa Nuar? Aku Nak Tanya Kenapa Orang Warga Emas Tahun Ni Cuma Warga Emas Bujang Atau Duda 71 Macam Aku Dapat Rm50.00 Pasir Ke Atau Orang Warga Emas Aku Dapat MyKasih Dalam IC Cuma Dapat Rm 50.00 Makan Apa? Apa Kami Tak Erti Guna Ke? Nak Tanya Aje Ni🙏🙏,dd1cb7d960f26c8a6c55,2026-01-12T10:16:16Z,2026-01-12T10:16:16Z,0,0,True,True,none,,2026-06-17T15:11:40.405379+00:00,raw,
YT_UgxXeGkTzDvRSKgKkCl4AaABAg,YouTube,top_level_comment,UgxXeGkTzDvRSKgKkCl4AaABAg,UgxXeGkTzDvRSKgKkCl4AaABAg,UGAL8690ngc,"Bantuan Asas Rahmah diteruskan: RM100 untuk  dewasa, RM500 untuk penerima miskin tegar - Anwar",KiniTV,https://www.youtube.com/watch?v=UGAL8690ngc,2026-01-05T06:06:45Z,cost_of_living_public_policy,"Saya sudah cek sebab tahun lepas saya dapat bantuan tersebut, tapi untuk tahun ini bila saya cek tidak layak sudah, saya tidak tahu kenapa? ,,,",7647ae334dc209def10a,2026-01-12T08:11:26Z,2026-01-12T08:11:26Z,2,0,True,True,none,,2026-06-17T15:11:40.405392+00:00,raw,
YT_UgySkyL3pfejmDlcyvp4AaABAg,YouTube,top_level_comment,UgySkyL3pfejmDlcyvp4AaABAg,UgySkyL3pfejmDlcyvp4AaABAg,UGAL8690ngc,"Bantuan Asas Rahmah diteruskan: RM100 untuk  dewasa, RM500 untuk penerima miskin tegar - Anwar",KiniTV,https://www.youtube.com/watch?v=UGAL8690ngc,2026-01-05T06:06:45Z,cost_of_living_public_policy,Geng bujang menangis la masuk rm50 tiap² bulan STR...HAKTUIHHHHH💦💦lingkup kau PRU ni...1000000000%,2b3aa628c9bc6e4ffc2b,2026-01-12T06:28:09Z,2026-01-12T06:28:09Z,0,0,True,True,none,,2026-06-17T15:11:40.405406+00:00,raw,
YT_UgwoyKx-M6BWDdpmzBl4AaABAg,YouTube,top_level_comment,UgwoyKx-M6BWDdpmzBl4AaABAg,UgwoyKx-M6BWDdpmzBl4AaABAg,UGAL8690ngc,"Bantuan Asas Rahmah diteruskan: RM100 untuk  dewasa, RM500 untuk penerima miskin tegar - Anwar",KiniTV,https://www.youtube.com/watch?v=UGAL8690ngc,2026-01-05T06:06:45Z,cost_of_living_public_policy,"Str bujang dgn secara tiber²nya stop bujang cuma dpt SARA RM50 WOW beli brg² dapur,.sgt bijak dan madanon keputusan ini🤤",7da7d4c44e2c884a9619,2026-01-11T12:44:21Z,2026-01-11T12:44:21Z,0,0,True,True,none,,2026-06-17T15:11:40.405420+00:00,raw,
YT_UgxMB3m107x9PWlCr6h4AaABAg,YouTube,top_level_comment,UgxMB3m107x9PWlCr6h4AaABAg,UgxMB3m107x9PWlCr6h4AaABAg,UGAL8690ngc,"Bantuan Asas Rahmah diteruskan: RM100 untuk  dewasa, RM500 untuk penerima miskin tegar - Anwar",KiniTV,https://www.youtube.com/watch?v=UGAL8690ngc,2026-01-05T06:06:45Z,cost_of_living_public_policy,padu dapat bantuan... walanon yg korang hina ni jugak banyak bagi bantuan... tapi sayang Klau org hati dah hitam beletam ni susah nak ckp...,fd3883c786d009f9c6be,2026-01-11T12:30:04Z,2026-01-11T12:30:04Z,0,0,True,True,none,,2026-06-17T15:11:40.405434+00:00,raw,
YT_UgzwxW3ledVmmTGGNZJ4AaABAg,YouTube,top_level_comment,UgzwxW3ledVmmTGGNZJ4AaABAg,UgzwxW3ledVmmTGGNZJ4AaABAg,UGAL8690ngc,"Bantuan Asas Rahmah diteruskan: RM100 untuk  dewasa, RM500 untuk penerima miskin tegar - Anwar",KiniTV,https://www.youtube.com/watch?v=UGAL8690ngc,2026-01-05T06:06:45Z,cost_of_living_public_policy,"Nk pru blh la sembang . Tau"" nnti naik harga brg lgi 🤭 semua naik nnti . Kaki kencing kuat , tk rasuah cuma dpt hadiah (rasuah)😂",c00b3678ec2c917cd281,2026-01-11T12:21:42Z,2026-01-11T12:21:42Z,0,0,True,True,none,,2026-06-17T15:11:40.405450+00:00,raw,
YT_UgxGfQIUnv3bod2RfX54AaABAg,YouTube,top_level_comment,UgxGfQIUnv3bod2RfX54AaABAg,UgxGfQIUnv3bod2RfX54AaABAg,UGAL8690ngc,"Bantuan Asas Rahmah diteruskan: RM100 untuk  dewasa, RM500 untuk penerima miskin tegar - Anwar",KiniTV,https://www.youtube.com/watch?v=UGAL8690ngc,2026-01-05T06:06:45Z,cost_of_living_public_policy,stop dulu anuar macm mna di sabah ini asik mencuri sjer yer,27afe9f2303b2d9e2e6c,2026-01-11T11:21:52Z,2026-01-11T11:21:52Z,1,1,True,True,none,,2026-06-17T15:11:40.405462+00:00,raw,
YT_UgxrjlYn_rRMOWcFb5d4AaABAg,YouTube,top_level_comment,UgxrjlYn_rRMOWcFb5d4AaABAg,UgxrjlYn_rRMOWcFb5d4AaABAg,UGAL8690ngc,"Bantuan Asas Rahmah diteruskan: RM100 untuk  dewasa, RM500 untuk penerima miskin tegar - Anwar",KiniTV,https://www.youtube.com/watch?v=UGAL8690ngc,2026-01-05T06:06:45Z,cost_of_living_public_policy,Knapa.saya dapat rm50 saja..,0779bb71aa160c56106f,2026-01-11T08:25:04Z,2026-01-11T08:25:04Z,0,0,True,True,none,,2026-06-17T15:11:40.405472+00:00,raw,
YT_Ugxzb88_nmDOcUgdl8R4AaABAg,YouTube,top_level_comment,Ugxzb88_nmDOcUgdl8R4AaABAg,Ugxzb88_nmDOcUgdl8R4AaABAg,UGAL8690ngc,"Bantuan Asas Rahmah diteruskan: RM100 untuk  dewasa, RM500 untuk penerima miskin tegar - Anwar",KiniTV,https://www.youtube.com/watch?v=UGAL8690ngc,2026-01-05T06:06:45Z,cost_of_living_public_policy,Terima kasih PMX Malaysia kerana berjaya dalam urus ttg hal ini 😂❤❤,288e36c2510af626637c,2026-01-10T14:10:23Z,2026-01-10T14:10:23Z,0,0,True,True,none,,2026-06-17T15:11:40.405484+00:00,raw,
YT_Ugz43h8uqlQs32emYsZ4AaABAg,YouTube,top_level_comment,Ugz43h8uqlQs32emYsZ4AaABAg,Ugz43h8uqlQs32emYsZ4AaABAg,UGAL8690ngc,"Bantuan Asas Rahmah diteruskan: RM100 untuk  dewasa, RM500 untuk penerima miskin tegar - Anwar",KiniTV,https://www.youtube.com/watch?v=UGAL8690ngc,2026-01-05T06:06:45Z,cost_of_living_public_policy,"Sara rm100 ke rm50, penerangan biar jelas pmx. Sbb ramai yg dah buat semakan, LAYAK tp amount rm50.",0c1a47ce8ff01f00599c,2026-01-10T12:19:16Z,2026-01-10T12:19:16Z,0,0,True,True,none,,2026-06-17T15:11:40.405497+00:00,raw,
YT_Ugx8kp0nnBlARlJ1zit4AaABAg,YouTube,top_level_comment,Ugx8kp0nnBlARlJ1zit4AaABAg,Ugx8kp0nnBlARlJ1zit4AaABAg,UGAL8690ngc,"Bantuan Asas Rahmah diteruskan: RM100 untuk  dewasa, RM500 untuk penerima miskin tegar - Anwar",KiniTV,https://www.youtube.com/watch?v=UGAL8690ngc,2026-01-05T06:06:45Z,cost_of_living_public_policy,"Kerajaan tolong sekat My kasih /sara untuk produk santan kara,kopi kapal api, indocoffe, mee sedap,indo mee.kita kena bantu produk tempatan..klo di seberang mereka tak akan sokong mna2 produk kita di negara mereka ..ayuh kerajaan tolong ubah system My kasih/sara hanya untuk produk tempatan sahaja",b79469824a490a4082d8,2026-01-10T10:43:18Z,2026-01-10T10:43:18Z,5,1,True,True,none,,2026-06-17T15:11:40.405514+00:00,raw,
YT_UgyY-f5uRvd0l3yZneh4AaABAg,YouTube,top_level_comment,UgyY-f5uRvd0l3yZneh4AaABAg,UgyY-f5uRvd0l3yZneh4AaABAg,UGAL8690ngc,"Bantuan Asas Rahmah diteruskan: RM100 untuk  dewasa, RM500 untuk penerima miskin tegar - Anwar",KiniTV,https://www.youtube.com/watch?v=UGAL8690ngc,2026-01-05T06:06:45Z,cost_of_living_public_policy,diteruskan tp dikurangkan STR...puii,4b98e181f2d17047519e,2026-01-10T09:09:13Z,2026-01-10T09:09:13Z,0,0,True,True,none,,2026-06-17T15:11:40.405524+00:00,raw,
YT_UgwVT0d_-AKhCrQzZEx4AaABAg,YouTube,top_level_comment,UgwVT0d_-AKhCrQzZEx4AaABAg,UgwVT0d_-AKhCrQzZEx4AaABAg,UGAL8690ngc,"Bantuan Asas Rahmah diteruskan: RM100 untuk  dewasa, RM500 untuk penerima miskin tegar - Anwar",KiniTV,https://www.youtube.com/watch?v=UGAL8690ngc,2026-01-05T06:06:45Z,cost_of_living_public_policy,"Sir, can retired senior citizen request for money instead of Sara? This enable them to pay their utility bills. Tq",df41351f6a00a6de6ca2,2026-01-10T07:28:06Z,2026-01-10T07:28:06Z,1,0,True,True,none,,2026-06-17T15:11:40.405538+00:00,raw,
YT_UgzH_Z__g2Y7kFqnsIV4AaABAg,YouTube,top_level_comment,UgzH_Z__g2Y7kFqnsIV4AaABAg,UgzH_Z__g2Y7kFqnsIV4AaABAg,UGAL8690ngc,"Bantuan Asas Rahmah diteruskan: RM100 untuk  dewasa, RM500 untuk penerima miskin tegar - Anwar",KiniTV,https://www.youtube.com/watch?v=UGAL8690ngc,2026-01-05T06:06:45Z,cost_of_living_public_policy,Kenapa bantuan sara saya jadi 100 sahaja.biasanya 200 tiap bulan.,2cd0b3c0d773afa46d24,2026-01-10T05:00:35Z,2026-01-10T05:00:35Z,0,0,True,True,none,,2026-06-17T15:11:40.405550+00:00,raw,
YT_Ugzx88_v76nZw3FCIuN4AaABAg,YouTube,top_level_comment,Ugzx88_v76nZw3FCIuN4AaABAg,Ugzx88_v76nZw3FCIuN4AaABAg,UGAL8690ngc,"Bantuan Asas Rahmah diteruskan: RM100 untuk  dewasa, RM500 untuk penerima miskin tegar - Anwar",KiniTV,https://www.youtube.com/watch?v=UGAL8690ngc,2026-01-05T06:06:45Z,cost_of_living_public_policy,Warga Sabah Malaysia🇲🇾 hadir TQ DSAI.hebat 🇲🇾👍👍👍,703f5f85acb2f740cccb,2026-01-09T14:29:51Z,2026-01-09T14:29:51Z,5,0,True,True,none,,2026-06-17T15:11:40.405561+00:00,raw,
YT_UgwvGCBmJmXb8e9L2Sd4AaABAg,YouTube,top_level_comment,UgwvGCBmJmXb8e9L2Sd4AaABAg,UgwvGCBmJmXb8e9L2Sd4AaABAg,UGAL8690ngc,"Bantuan Asas Rahmah diteruskan: RM100 untuk  dewasa, RM500 untuk penerima miskin tegar - Anwar",KiniTV,https://www.youtube.com/watch?v=UGAL8690ngc,2026-01-05T06:06:45Z,cost_of_living_public_policy,Gasak kwsp bersasar ❗❗❗,e5a2e0f5e4a633aa5ea7,2026-01-09T11:44:29Z,2026-01-09T11:44:29Z,1,0,True,True,none,,2026-06-17T15:11:40.405573+00:00,raw,
YT_UgysJoNbcs2MkkQZON14AaABAg,YouTube,top_level_comment,UgysJoNbcs2MkkQZON14AaABAg,UgysJoNbcs2MkkQZON14AaABAg,UGAL8690ngc,"Bantuan Asas Rahmah diteruskan: RM100 untuk  dewasa, RM500 untuk penerima miskin tegar - Anwar",KiniTV,https://www.youtube.com/watch?v=UGAL8690ngc,2026-01-05T06:06:45Z,cost_of_living_public_policy,Ok Alhamdulillah lah aturan Allah SWT maha mengetahui terbaik untuk kita Wallahualam semoga Malaysia aman dan sejahtera aamiin,46469784d9e62c5b08bf,2026-01-09T02:46:48Z,2026-01-09T02:46:48Z,0,0,True,True,none,,2026-06-17T15:11:40.405586+00:00,raw,
YT_UgwKD5pdWWiqYXuh0XN4AaABAg,YouTube,top_level_comment,UgwKD5pdWWiqYXuh0XN4AaABAg,UgwKD5pdWWiqYXuh0XN4AaABAg,UGAL8690ngc,"Bantuan Asas Rahmah diteruskan: RM100 untuk  dewasa, RM500 untuk penerima miskin tegar - Anwar",KiniTV,https://www.youtube.com/watch?v=UGAL8690ngc,2026-01-05T06:06:45Z,cost_of_living_public_policy,Oklah tu syukur alhamdulillah,d3d573aeab614031b1e9,2026-01-09T02:39:07Z,2026-01-09T02:39:07Z,0,0,True,True,none,,2026-06-17T15:11:40.405597+00:00,raw,
YT_Ugwc-6JAI3TExLWF9H14AaABAg,YouTube,top_level_comment,Ugwc-6JAI3TExLWF9H14AaABAg,Ugwc-6JAI3TExLWF9H14AaABAg,UGAL8690ngc,"Bantuan Asas Rahmah diteruskan: RM100 untuk  dewasa, RM500 untuk penerima miskin tegar - Anwar",KiniTV,https://www.youtube.com/watch?v=UGAL8690ngc,2026-01-05T06:06:45Z,cost_of_living_public_policy,Sara bgi 200 xckup 100 nk ambil brg apa nya xcukup,d3d573aeab614031b1e9,2026-01-09T02:37:07Z,2026-01-09T02:37:07Z,0,0,True,True,none,,2026-06-17T15:11:40.405609+00:00,raw,
YT_Ugyrf9TP874ySCI5Reh4AaABAg,YouTube,top_level_comment,Ugyrf9TP874ySCI5Reh4AaABAg,Ugyrf9TP874ySCI5Reh4AaABAg,UGAL8690ngc,"Bantuan Asas Rahmah diteruskan: RM100 untuk  dewasa, RM500 untuk penerima miskin tegar - Anwar",KiniTV,https://www.youtube.com/watch?v=UGAL8690ngc,2026-01-05T06:06:45Z,cost_of_living_public_policy,Alhamdulillah kalau saya dapat. Tapi itupun duit rakyat jugak,8163383078544580af4f,2026-01-09T00:26:42Z,2026-01-09T00:26:42Z,1,0,True,True,none,,2026-06-17T15:11:40.405620+00:00,raw,
YT_Ugzb7PnG0qHK75USLth4AaABAg,YouTube,top_level_comment,Ugzb7PnG0qHK75USLth4AaABAg,Ugzb7PnG0qHK75USLth4AaABAg,UGAL8690ngc,"Bantuan Asas Rahmah diteruskan: RM100 untuk  dewasa, RM500 untuk penerima miskin tegar - Anwar",KiniTV,https://www.youtube.com/watch?v=UGAL8690ngc,2026-01-05T06:06:45Z,cost_of_living_public_policy,"org bujang dh bole hapuskan pmx jd PM lg,dia dh hpuskan str bujang",7a68cab6ee0229256ee7,2026-01-09T00:05:12Z,2026-01-09T00:05:12Z,0,0,True,True,none,,2026-06-17T15:11:40.405632+00:00,raw,
YT_UgwFuhPyW4kF1hg8H2Z4AaABAg,YouTube,top_level_comment,UgwFuhPyW4kF1hg8H2Z4AaABAg,UgwFuhPyW4kF1hg8H2Z4AaABAg,UGAL8690ngc,"Bantuan Asas Rahmah diteruskan: RM100 untuk  dewasa, RM500 untuk penerima miskin tegar - Anwar",KiniTV,https://www.youtube.com/watch?v=UGAL8690ngc,2026-01-05T06:06:45Z,cost_of_living_public_policy,AlhamdULLILLAAH..,6333326bbab1197ddab1,2026-01-08T13:09:09Z,2026-01-08T13:09:09Z,0,0,True,True,none,,2026-06-17T15:11:40.405642+00:00,raw,
YT_UgznKtekn7uBhKRVqtp4AaABAg,YouTube,top_level_comment,UgznKtekn7uBhKRVqtp4AaABAg,UgznKtekn7uBhKRVqtp4AaABAg,UGAL8690ngc,"Bantuan Asas Rahmah diteruskan: RM100 untuk  dewasa, RM500 untuk penerima miskin tegar - Anwar",KiniTV,https://www.youtube.com/watch?v=UGAL8690ngc,2026-01-05T06:06:45Z,cost_of_living_public_policy,Semoga sara akan bertambah lagi dari semasa ke semasa kami alu -alukan demikian juga dengan STR .Tahniah PMX 🎉🎉🎉,e09ad0796cbd2e810595,2026-01-08T10:29:15Z,2026-01-08T10:29:15Z,0,0,True,True,none,,2026-06-17T15:11:40.405656+00:00,raw,
YT_UgzeEQuQGK29DMWbgYF4AaABAg,YouTube,top_level_comment,UgzeEQuQGK29DMWbgYF4AaABAg,UgzeEQuQGK29DMWbgYF4AaABAg,UGAL8690ngc,"Bantuan Asas Rahmah diteruskan: RM100 untuk  dewasa, RM500 untuk penerima miskin tegar - Anwar",KiniTV,https://www.youtube.com/watch?v=UGAL8690ngc,2026-01-05T06:06:45Z,cost_of_living_public_policy,Bagus PM X ❤❤❤❤😊,f2e167b7b2bf783cae96,2026-01-08T09:40:36Z,2026-01-08T09:40:36Z,0,0,True,True,none,,2026-06-17T15:11:40.405666+00:00,raw,
YT_Ugx80earQAtnVh8o7pN4AaABAg,YouTube,top_level_comment,Ugx80earQAtnVh8o7pN4AaABAg,Ugx80earQAtnVh8o7pN4AaABAg,UGAL8690ngc,"Bantuan Asas Rahmah diteruskan: RM100 untuk  dewasa, RM500 untuk penerima miskin tegar - Anwar",KiniTV,https://www.youtube.com/watch?v=UGAL8690ngc,2026-01-05T06:06:45Z,cost_of_living_public_policy,zaman Najib dlu pemberian ni di panggil dedak😂...skrg ni di panggil apa tak tau...😅...jangan marahh..,78ae2f9ea527dacd7cbb,2026-01-08T09:36:51Z,2026-01-08T09:36:51Z,0,0,True,True,none,,2026-06-17T15:11:40.405679+00:00,raw,
YT_UgyjE1naeM3TxvmRzgN4AaABAg,YouTube,top_level_comment,UgyjE1naeM3TxvmRzgN4AaABAg,UgyjE1naeM3TxvmRzgN4AaABAg,UGAL8690ngc,"Bantuan Asas Rahmah diteruskan: RM100 untuk  dewasa, RM500 untuk penerima miskin tegar - Anwar",KiniTV,https://www.youtube.com/watch?v=UGAL8690ngc,2026-01-05T06:06:45Z,cost_of_living_public_policy,"Katanya negara maju, kaya makmur, rupanya tipu2 je. Perangai denia syndrom. 😂😂😂",4dac8313eca3a7d197e3,2026-01-08T04:37:29Z,2026-01-08T04:37:29Z,0,0,True,True,none,,2026-06-17T15:11:40.405692+00:00,raw,
YT_UgxS1CtjDiUVvr73Yv94AaABAg,YouTube,top_level_comment,UgxS1CtjDiUVvr73Yv94AaABAg,UgxS1CtjDiUVvr73Yv94AaABAg,UGAL8690ngc,"Bantuan Asas Rahmah diteruskan: RM100 untuk  dewasa, RM500 untuk penerima miskin tegar - Anwar",KiniTV,https://www.youtube.com/watch?v=UGAL8690ngc,2026-01-05T06:06:45Z,cost_of_living_public_policy,PMX yang tabah jalankan tugas walaupun dicaci dihina..semuga Allah permudahkan segala urusan tuan,f96b90b8eaadd454116a,2026-01-07T23:50:26Z,2026-01-07T23:50:26Z,1,0,True,True,none,,2026-06-17T15:11:40.405705+00:00,raw,
YT_UgyrPKhMvYQXM8TJd4R4AaABAg,YouTube,top_level_comment,UgyrPKhMvYQXM8TJd4R4AaABAg,UgyrPKhMvYQXM8TJd4R4AaABAg,UGAL8690ngc,"Bantuan Asas Rahmah diteruskan: RM100 untuk  dewasa, RM500 untuk penerima miskin tegar - Anwar",KiniTV,https://www.youtube.com/watch?v=UGAL8690ngc,2026-01-05T06:06:45Z,cost_of_living_public_policy,Thank you TMX,9b16dc8ca4af13316be0,2026-01-07T22:18:48Z,2026-01-07T22:18:48Z,0,0,True,True,none,,2026-06-17T15:11:40.405715+00:00,raw,
YT_UgzA5tL7sSxAHV3alT54AaABAg,YouTube,top_level_comment,UgzA5tL7sSxAHV3alT54AaABAg,UgzA5tL7sSxAHV3alT54AaABAg,UGAL8690ngc,"Bantuan Asas Rahmah diteruskan: RM100 untuk  dewasa, RM500 untuk penerima miskin tegar - Anwar",KiniTV,https://www.youtube.com/watch?v=UGAL8690ngc,2026-01-05T06:06:45Z,cost_of_living_public_policy,Kami golongan T20 pun dapat bantuan..terbaik pmx..,6e9f60da661deb415ce9,2026-01-07T14:25:56Z,2026-01-07T14:25:56Z,0,0,True,True,none,,2026-06-17T15:11:40.405726+00:00,raw,
YT_Ugy6HE_r8C2EQ509W3F4AaABAg,YouTube,top_level_comment,Ugy6HE_r8C2EQ509W3F4AaABAg,Ugy6HE_r8C2EQ509W3F4AaABAg,UGAL8690ngc,"Bantuan Asas Rahmah diteruskan: RM100 untuk  dewasa, RM500 untuk penerima miskin tegar - Anwar",KiniTV,https://www.youtube.com/watch?v=UGAL8690ngc,2026-01-05T06:06:45Z,cost_of_living_public_policy,siapa boleh dpt RM500?,561e856d4806ef95ea03,2026-01-07T11:22:01Z,2026-01-07T11:22:01Z,0,0,True,True,none,,2026-06-17T15:11:40.405737+00:00,raw,
YT_UgwbDqBgoKSgmwxqgEp4AaABAg,YouTube,top_level_comment,UgwbDqBgoKSgmwxqgEp4AaABAg,UgwbDqBgoKSgmwxqgEp4AaABAg,UGAL8690ngc,"Bantuan Asas Rahmah diteruskan: RM100 untuk  dewasa, RM500 untuk penerima miskin tegar - Anwar",KiniTV,https://www.youtube.com/watch?v=UGAL8690ngc,2026-01-05T06:06:45Z,cost_of_living_public_policy,saya tetap sokong pmx.Terbaik..Salute pmx always❤❤🎉,c379f4479249423cfc4a,2026-01-07T11:17:00Z,2026-01-07T11:17:00Z,0,0,True,True,none,,2026-06-17T15:11:40.405749+00:00,raw,
YT_Ugx9LjrQXhvZh3GZ54V4AaABAg,YouTube,top_level_comment,Ugx9LjrQXhvZh3GZ54V4AaABAg,Ugx9LjrQXhvZh3GZ54V4AaABAg,UGAL8690ngc,"Bantuan Asas Rahmah diteruskan: RM100 untuk  dewasa, RM500 untuk penerima miskin tegar - Anwar",KiniTV,https://www.youtube.com/watch?v=UGAL8690ngc,2026-01-05T06:06:45Z,cost_of_living_public_policy,Thank you Datuk Sri Anuar Ibrahim. Amen!!.,ca185b5d4d71a2f93f7c,2026-01-07T10:58:42Z,2026-01-07T10:58:42Z,0,0,True,True,none,,2026-06-17T15:11:40.405760+00:00,raw,
YT_UgxnhrAQ86AKId3E9eB4AaABAg,YouTube,top_level_comment,UgxnhrAQ86AKId3E9eB4AaABAg,UgxnhrAQ86AKId3E9eB4AaABAg,UGAL8690ngc,"Bantuan Asas Rahmah diteruskan: RM100 untuk  dewasa, RM500 untuk penerima miskin tegar - Anwar",KiniTV,https://www.youtube.com/watch?v=UGAL8690ngc,2026-01-05T06:06:45Z,cost_of_living_public_policy,PMX paling hebat...perihatin kepada rakyat,0286f295e8834a4bc4c3,2026-01-07T10:46:17Z,2026-01-07T10:46:17Z,0,0,True,True,none,,2026-06-17T15:11:40.405771+00:00,raw,
YT_Ugw76NEs8HXsjPj0lAN4AaABAg,YouTube,top_level_comment,Ugw76NEs8HXsjPj0lAN4AaABAg,Ugw76NEs8HXsjPj0lAN4AaABAg,UGAL8690ngc,"Bantuan Asas Rahmah diteruskan: RM100 untuk  dewasa, RM500 untuk penerima miskin tegar - Anwar",KiniTV,https://www.youtube.com/watch?v=UGAL8690ngc,2026-01-05T06:06:45Z,cost_of_living_public_policy,❤,0286f295e8834a4bc4c3,2026-01-07T10:42:02Z,2026-01-07T10:42:02Z,0,0,True,True,none,,2026-06-17T15:11:40.405781+00:00,raw,
YT_Ugy-rFXs56U8H6qVJdB4AaABAg,YouTube,top_level_comment,Ugy-rFXs56U8H6qVJdB4AaABAg,Ugy-rFXs56U8H6qVJdB4AaABAg,UGAL8690ngc,"Bantuan Asas Rahmah diteruskan: RM100 untuk  dewasa, RM500 untuk penerima miskin tegar - Anwar",KiniTV,https://www.youtube.com/watch?v=UGAL8690ngc,2026-01-05T06:06:45Z,cost_of_living_public_policy,"Salam, Syukur Alhamdulilah dan Terima Kasih PMX.",61588e8c11f7b1b04f6c,2026-01-07T08:08:45Z,2026-01-07T08:08:45Z,3,0,True,True,none,,2026-06-17T15:11:40.405792+00:00,raw,
YT_UgzXHV-U-M1cM91tE-N4AaABAg,YouTube,top_level_comment,UgzXHV-U-M1cM91tE-N4AaABAg,UgzXHV-U-M1cM91tE-N4AaABAg,UGAL8690ngc,"Bantuan Asas Rahmah diteruskan: RM100 untuk  dewasa, RM500 untuk penerima miskin tegar - Anwar",KiniTV,https://www.youtube.com/watch?v=UGAL8690ngc,2026-01-05T06:06:45Z,cost_of_living_public_policy,"Alhamdulillah semuge tak pilih"" org,kena bagi yg rate",6ac97937b5ed25871381,2026-01-07T06:13:08Z,2026-01-07T06:13:08Z,0,0,True,True,none,,2026-06-17T15:11:40.405803+00:00,raw,
YT_UgwDIUnN6LhoMSGRwlt4AaABAg,YouTube,top_level_comment,UgwDIUnN6LhoMSGRwlt4AaABAg,UgwDIUnN6LhoMSGRwlt4AaABAg,UGAL8690ngc,"Bantuan Asas Rahmah diteruskan: RM100 untuk  dewasa, RM500 untuk penerima miskin tegar - Anwar",KiniTV,https://www.youtube.com/watch?v=UGAL8690ngc,2026-01-05T06:06:45Z,cost_of_living_public_policy,Ic chee kok fong hilang hari itu baru ckf buat ic baru,9184e6dc6a367d393b2b,2026-01-07T03:14:44Z,2026-01-07T03:14:44Z,0,0,True,True,none,,2026-06-17T15:11:40.405815+00:00,raw,
YT_UgzCG_g4Mmcu2DihCOx4AaABAg,YouTube,top_level_comment,UgzCG_g4Mmcu2DihCOx4AaABAg,UgzCG_g4Mmcu2DihCOx4AaABAg,UGAL8690ngc,"Bantuan Asas Rahmah diteruskan: RM100 untuk  dewasa, RM500 untuk penerima miskin tegar - Anwar",KiniTV,https://www.youtube.com/watch?v=UGAL8690ngc,2026-01-05T06:06:45Z,cost_of_living_public_policy,Baru saya siasat particular baru tahu,9184e6dc6a367d393b2b,2026-01-07T03:13:43Z,2026-01-07T03:13:43Z,0,0,True,True,none,,2026-06-17T15:11:40.405825+00:00,raw,
YT_Ugy_92CYLCCBAFU4vwN4AaABAg,YouTube,top_level_comment,Ugy_92CYLCCBAFU4vwN4AaABAg,Ugy_92CYLCCBAFU4vwN4AaABAg,UGAL8690ngc,"Bantuan Asas Rahmah diteruskan: RM100 untuk  dewasa, RM500 untuk penerima miskin tegar - Anwar",KiniTV,https://www.youtube.com/watch?v=UGAL8690ngc,2026-01-05T06:06:45Z,cost_of_living_public_policy,Cjeah janson have hiv kena from thai trangender marrie dan tan si cin juga,9184e6dc6a367d393b2b,2026-01-07T03:13:20Z,2026-01-07T03:13:20Z,0,0,True,True,none,,2026-06-17T15:11:40.405837+00:00,raw,
YT_UgzOkeyoWSe7Cedld_V4AaABAg,YouTube,top_level_comment,UgzOkeyoWSe7Cedld_V4AaABAg,UgzOkeyoWSe7Cedld_V4AaABAg,UGAL8690ngc,"Bantuan Asas Rahmah diteruskan: RM100 untuk  dewasa, RM500 untuk penerima miskin tegar - Anwar",KiniTV,https://www.youtube.com/watch?v=UGAL8690ngc,2026-01-05T06:06:45Z,cost_of_living_public_policy,Tak mahu pilih takut macam mereka pilih jodoh ada hiv dan jimmy lim ci yin is korean trangender jacqualine spread hiv to prince london william dan tehpenghai that is puyi have hiv,9184e6dc6a367d393b2b,2026-01-07T03:12:39Z,2026-01-07T03:12:39Z,0,0,True,True,none,,2026-06-17T15:11:40.405860+00:00,raw,
YT_UgxdDtVyE8GJMpOn9Bx4AaABAg,YouTube,top_level_comment,UgxdDtVyE8GJMpOn9Bx4AaABAg,UgxdDtVyE8GJMpOn9Bx4AaABAg,UGAL8690ngc,"Bantuan Asas Rahmah diteruskan: RM100 untuk  dewasa, RM500 untuk penerima miskin tegar - Anwar",KiniTV,https://www.youtube.com/watch?v=UGAL8690ngc,2026-01-05T06:06:45Z,cost_of_living_public_policy,Chng choo ing is trangender juga😊,9184e6dc6a367d393b2b,2026-01-07T03:10:14Z,2026-01-07T03:10:14Z,0,0,True,True,none,,2026-06-17T15:11:40.405871+00:00,raw,
YT_Ugx1uOPcqbDgrUpwybN4AaABAg,YouTube,top_level_comment,Ugx1uOPcqbDgrUpwybN4AaABAg,Ugx1uOPcqbDgrUpwybN4AaABAg,UGAL8690ngc,"Bantuan Asas Rahmah diteruskan: RM100 untuk  dewasa, RM500 untuk penerima miskin tegar - Anwar",KiniTV,https://www.youtube.com/watch?v=UGAL8690ngc,2026-01-05T06:06:45Z,cost_of_living_public_policy,Nancy juga trangender,9184e6dc6a367d393b2b,2026-01-07T03:08:26Z,2026-01-07T03:08:26Z,0,0,True,True,none,,2026-06-17T15:11:40.405882+00:00,raw,
YT_UgyJB58hs_88Pl_AkoR4AaABAg,YouTube,top_level_comment,UgyJB58hs_88Pl_AkoR4AaABAg,UgyJB58hs_88Pl_AkoR4AaABAg,UGAL8690ngc,"Bantuan Asas Rahmah diteruskan: RM100 untuk  dewasa, RM500 untuk penerima miskin tegar - Anwar",KiniTV,https://www.youtube.com/watch?v=UGAL8690ngc,2026-01-05T06:06:45Z,cost_of_living_public_policy,Ckf tahu satu hari ckf tidak ada ibu bapa,9184e6dc6a367d393b2b,2026-01-07T03:06:28Z,2026-01-07T03:06:28Z,0,0,True,True,none,,2026-06-17T15:11:40.405893+00:00,raw,
YT_Ugy4O4dhHxJbmu2JSiN4AaABAg,YouTube,top_level_comment,Ugy4O4dhHxJbmu2JSiN4AaABAg,Ugy4O4dhHxJbmu2JSiN4AaABAg,UGAL8690ngc,"Bantuan Asas Rahmah diteruskan: RM100 untuk  dewasa, RM500 untuk penerima miskin tegar - Anwar",KiniTV,https://www.youtube.com/watch?v=UGAL8690ngc,2026-01-05T06:06:45Z,cost_of_living_public_policy,Take care malaysian kerana ramai korean dan china are trangender nyaris semua merah ada hiv map,9184e6dc6a367d393b2b,2026-01-07T03:04:35Z,2026-01-07T03:04:35Z,0,0,True,True,none,,2026-06-17T15:11:40.405906+00:00,raw,
YT_Ugypeqqkvtksg1fB9Q54AaABAg,YouTube,top_level_comment,Ugypeqqkvtksg1fB9Q54AaABAg,Ugypeqqkvtksg1fB9Q54AaABAg,UGAL8690ngc,"Bantuan Asas Rahmah diteruskan: RM100 untuk  dewasa, RM500 untuk penerima miskin tegar - Anwar",KiniTV,https://www.youtube.com/watch?v=UGAL8690ngc,2026-01-05T06:06:45Z,cost_of_living_public_policy,Thank you happy new year 2026,9184e6dc6a367d393b2b,2026-01-07T03:03:57Z,2026-01-07T03:03:57Z,0,0,True,True,none,,2026-06-17T15:11:40.405916+00:00,raw,
YT_UgyBtHjYmKbVtJpYxSd4AaABAg,YouTube,top_level_comment,UgyBtHjYmKbVtJpYxSd4AaABAg,UgyBtHjYmKbVtJpYxSd4AaABAg,UGAL8690ngc,"Bantuan Asas Rahmah diteruskan: RM100 untuk  dewasa, RM500 untuk penerima miskin tegar - Anwar",KiniTV,https://www.youtube.com/watch?v=UGAL8690ngc,2026-01-05T06:06:45Z,cost_of_living_public_policy,Sila melayu or malaysian jangan hina chee kok fong is penang malaysian baru 5 tahun ibu bapa mati baru ckf siadat kes baru tahu mereka semua is trangender,9184e6dc6a367d393b2b,2026-01-07T03:02:50Z,2026-01-07T03:02:50Z,0,0,True,True,none,,2026-06-17T15:11:40.405931+00:00,raw,
YT_Ugyo8psoYJ1fVk1MI8h4AaABAg,YouTube,top_level_comment,Ugyo8psoYJ1fVk1MI8h4AaABAg,Ugyo8psoYJ1fVk1MI8h4AaABAg,UGAL8690ngc,"Bantuan Asas Rahmah diteruskan: RM100 untuk  dewasa, RM500 untuk penerima miskin tegar - Anwar",KiniTV,https://www.youtube.com/watch?v=UGAL8690ngc,2026-01-05T06:06:45Z,cost_of_living_public_policy,Tolong ckf is penang malaysian ckf tidak benar hina nancy yang hina nancy is 7 choo trangender that are choi sinbyu choo sin choo choi sin june choo sin gan choo sin hor choo sin lian etc they all trangender baru ckf check chrome baru tahu touch ouh masa itu ckf masih budak tidak tahu hina nancy tapi dia dengar choo balas dendam tapi dia tak tahu mereka choo semua ada trangender bukan chee koj fong is female touch ouh nancy is yeoh bee suan or li yen,9184e6dc6a367d393b2b,2026-01-07T03:01:48Z,2026-01-07T03:01:48Z,0,0,True,True,none,,2026-06-17T15:11:40.405956+00:00,raw,
YT_Ugyp_x4Y6xMxtOJunEh4AaABAg,YouTube,top_level_comment,Ugyp_x4Y6xMxtOJunEh4AaABAg,Ugyp_x4Y6xMxtOJunEh4AaABAg,UGAL8690ngc,"Bantuan Asas Rahmah diteruskan: RM100 untuk  dewasa, RM500 untuk penerima miskin tegar - Anwar",KiniTV,https://www.youtube.com/watch?v=UGAL8690ngc,2026-01-05T06:06:45Z,cost_of_living_public_policy,Boleh ckf tanya sara bujang is rm150 or rm200 dan bujang have strkah tidak kahwin tapi ibubapa sudah mati,9184e6dc6a367d393b2b,2026-01-07T02:58:45Z,2026-01-07T02:58:45Z,0,0,True,True,none,,2026-06-17T15:11:40.405969+00:00,raw,
YT_UgwjYQAFHSDY-r7qPht4AaABAg,YouTube,top_level_comment,UgwjYQAFHSDY-r7qPht4AaABAg,UgwjYQAFHSDY-r7qPht4AaABAg,UGAL8690ngc,"Bantuan Asas Rahmah diteruskan: RM100 untuk  dewasa, RM500 untuk penerima miskin tegar - Anwar",KiniTV,https://www.youtube.com/watch?v=UGAL8690ngc,2026-01-05T06:06:45Z,cost_of_living_public_policy,"SARA untuk bujang hanya 50 ringgit saja..mau beli apa dengan 50 sebulan..kanak² kecil pun tau menilai duit yang mana lebih besar atau kecil..ko ingat,kami ni masih budak² kerajaan madani ni BODOHH..😡😡😡",7f984f4f3290eca9c546,2026-01-07T02:55:53Z,2026-01-07T02:55:53Z,0,0,True,True,none,,2026-06-17T15:11:40.405986+00:00,raw,
YT_UgxVnwLwKpDzdu-6KQR4AaABAg,YouTube,top_level_comment,UgxVnwLwKpDzdu-6KQR4AaABAg,UgxVnwLwKpDzdu-6KQR4AaABAg,UGAL8690ngc,"Bantuan Asas Rahmah diteruskan: RM100 untuk  dewasa, RM500 untuk penerima miskin tegar - Anwar",KiniTV,https://www.youtube.com/watch?v=UGAL8690ngc,2026-01-05T06:06:45Z,cost_of_living_public_policy,Orang kaya dan sederhana juga dapat sara 100 harus serah kepada orang orang miskin...sokong👈,6fcfa21ad6739f5bb8a7,2026-01-07T00:31:08Z,2026-01-07T00:31:08Z,22,0,True,True,none,,2026-06-17T15:11:40.405999+00:00,raw,
YT_Ugx0vy3FLsDYQxHj7tF4AaABAg,YouTube,top_level_comment,Ugx0vy3FLsDYQxHj7tF4AaABAg,Ugx0vy3FLsDYQxHj7tF4AaABAg,UGAL8690ngc,"Bantuan Asas Rahmah diteruskan: RM100 untuk  dewasa, RM500 untuk penerima miskin tegar - Anwar",KiniTV,https://www.youtube.com/watch?v=UGAL8690ngc,2026-01-05T06:06:45Z,cost_of_living_public_policy,"Setuju, kalau boleh SARA janganlah memilih barang utk dibeli,terima kasih ❤❤❤",65a1f3f259388e6882e0,2026-01-06T22:11:59Z,2026-01-06T22:11:59Z,2,0,True,True,none,,2026-06-17T15:11:40.406012+00:00,raw,
YT_UgzGvkjG1t0BFJUMsKl4AaABAg,YouTube,top_level_comment,UgzGvkjG1t0BFJUMsKl4AaABAg,UgzGvkjG1t0BFJUMsKl4AaABAg,UGAL8690ngc,"Bantuan Asas Rahmah diteruskan: RM100 untuk  dewasa, RM500 untuk penerima miskin tegar - Anwar",KiniTV,https://www.youtube.com/watch?v=UGAL8690ngc,2026-01-05T06:06:45Z,cost_of_living_public_policy,Bagus taikun2 minoriti pemborong pembekal sudah siap siaga stanby naikkan harga barangan untuk kepulangan Wang kembali ke tangan mereka akibat SALAKKAN topeng harbi 1998 BN Barang Naik inilah cara balaci KAYAKAN taikun2 minoriti dap tidak seperti bapa pengasas Brim bossku di beri bantuan taikun tidak berani menaikkan harga barang berlipat Kali Ganda seperti sekarang kerana balaci sikitol terpaksa menumpang celahan kangkang dominannya parti harbi minoriti 40 kerusi. Punah kedai klinik 1malaysia untuk bangsa Marhain Dan dipunahkan bisnes Muslim gisb agar taikun minoriti dapat kuasai pasaran barangan basah pada pengguna Muslim. Beri berapa banyak sekalipun ambil itu sememangnya duit bangsa UNDI PASPN,a451ed989b3f274e343e,2026-01-06T16:42:50Z,2026-01-06T16:42:50Z,1,0,True,True,none,,2026-06-17T15:11:40.406041+00:00,raw,
YT_Ugyo0kiUg9TLQyQAK9N4AaABAg,YouTube,top_level_comment,Ugyo0kiUg9TLQyQAK9N4AaABAg,Ugyo0kiUg9TLQyQAK9N4AaABAg,UGAL8690ngc,"Bantuan Asas Rahmah diteruskan: RM100 untuk  dewasa, RM500 untuk penerima miskin tegar - Anwar",KiniTV,https://www.youtube.com/watch?v=UGAL8690ngc,2026-01-05T06:06:45Z,cost_of_living_public_policy,Salam semua satu Malaysia,55361b91e1a2d6626a2d,2026-01-06T15:53:07Z,2026-01-06T15:53:07Z,4,0,True,True,none,,2026-06-17T15:11:40.406052+00:00,raw,
YT_UgxDc24WbwSs7Y5NLvh4AaABAg,YouTube,top_level_comment,UgxDc24WbwSs7Y5NLvh4AaABAg,UgxDc24WbwSs7Y5NLvh4AaABAg,UGAL8690ngc,"Bantuan Asas Rahmah diteruskan: RM100 untuk  dewasa, RM500 untuk penerima miskin tegar - Anwar",KiniTV,https://www.youtube.com/watch?v=UGAL8690ngc,2026-01-05T06:06:45Z,cost_of_living_public_policy,Str bujang kau hapuskan yang ada kelurga kenapa tak hapuskan juga kasi sara je semua baru adil pm bangang,4124cda54fbdeddaacf8,2026-01-06T15:05:44Z,2026-01-06T15:05:44Z,0,0,True,True,none,,2026-06-17T15:11:40.406064+00:00,raw,
YT_Ugzlip886rY2_i1WFMx4AaABAg,YouTube,top_level_comment,Ugzlip886rY2_i1WFMx4AaABAg,Ugzlip886rY2_i1WFMx4AaABAg,UGAL8690ngc,"Bantuan Asas Rahmah diteruskan: RM100 untuk  dewasa, RM500 untuk penerima miskin tegar - Anwar",KiniTV,https://www.youtube.com/watch?v=UGAL8690ngc,2026-01-05T06:06:45Z,cost_of_living_public_policy,Pmx boleh dh buat/ wujudkan semula outlets runcit mcm KR1M n juga klinik rakyat mcm klinik 1M krna ia terbukti benarw bermanfaat kpd rakyat bawahan/marhaen.....,3b4a6914baa5a7fa5f77,2026-01-06T14:49:37Z,2026-01-06T14:49:37Z,0,0,True,True,none,,2026-06-17T15:11:40.406078+00:00,raw,
YT_Ugwk9At9XXg_aLe1yTN4AaABAg,YouTube,top_level_comment,Ugwk9At9XXg_aLe1yTN4AaABAg,Ugwk9At9XXg_aLe1yTN4AaABAg,UGAL8690ngc,"Bantuan Asas Rahmah diteruskan: RM100 untuk  dewasa, RM500 untuk penerima miskin tegar - Anwar",KiniTV,https://www.youtube.com/watch?v=UGAL8690ngc,2026-01-05T06:06:45Z,cost_of_living_public_policy,Bantuan ni xmelibatkn walaun kan..😊😊,f51facc0db1557a13490,2026-01-06T14:01:02Z,2026-01-06T14:01:02Z,0,0,True,True,none,,2026-06-17T15:11:40.406089+00:00,raw,
YT_UgwFDCYrylaS2f_Cw394AaABAg,YouTube,top_level_comment,UgwFDCYrylaS2f_Cw394AaABAg,UgwFDCYrylaS2f_Cw394AaABAg,UGAL8690ngc,"Bantuan Asas Rahmah diteruskan: RM100 untuk  dewasa, RM500 untuk penerima miskin tegar - Anwar",KiniTV,https://www.youtube.com/watch?v=UGAL8690ngc,2026-01-05T06:06:45Z,cost_of_living_public_policy,assalammualaikum✌️,ebbd244a8971873e3bc3,2026-01-06T12:44:24Z,2026-01-06T12:44:24Z,0,1,True,True,none,,2026-06-17T15:11:40.406099+00:00,raw,
YT_UgyFrkJepDZu5hya7Vt4AaABAg,YouTube,top_level_comment,UgyFrkJepDZu5hya7Vt4AaABAg,UgyFrkJepDZu5hya7Vt4AaABAg,UGAL8690ngc,"Bantuan Asas Rahmah diteruskan: RM100 untuk  dewasa, RM500 untuk penerima miskin tegar - Anwar",KiniTV,https://www.youtube.com/watch?v=UGAL8690ngc,2026-01-05T06:06:45Z,cost_of_living_public_policy,Expired $ SARA tu sampai bln apa ek..,2b7c6243748c0a46d3f1,2026-01-06T12:20:13Z,2026-01-06T12:20:13Z,1,1,True,True,none,,2026-06-17T15:11:40.406110+00:00,raw,
YT_Ugx2WLL5LG6fe1aFZxt4AaABAg,YouTube,top_level_comment,Ugx2WLL5LG6fe1aFZxt4AaABAg,Ugx2WLL5LG6fe1aFZxt4AaABAg,UGAL8690ngc,"Bantuan Asas Rahmah diteruskan: RM100 untuk  dewasa, RM500 untuk penerima miskin tegar - Anwar",KiniTV,https://www.youtube.com/watch?v=UGAL8690ngc,2026-01-05T06:06:45Z,cost_of_living_public_policy,Yea btl barang basah Lulus kan lah terima kaseh.,0565eb9ba193b8c48c7d,2026-01-06T10:43:47Z,2026-01-06T10:43:47Z,0,0,True,True,none,,2026-06-17T15:11:40.406121+00:00,raw,
YT_Ugyl3dRewDClYEtF6Bd4AaABAg,YouTube,top_level_comment,Ugyl3dRewDClYEtF6Bd4AaABAg,Ugyl3dRewDClYEtF6Bd4AaABAg,UGAL8690ngc,"Bantuan Asas Rahmah diteruskan: RM100 untuk  dewasa, RM500 untuk penerima miskin tegar - Anwar",KiniTV,https://www.youtube.com/watch?v=UGAL8690ngc,2026-01-05T06:06:45Z,cost_of_living_public_policy,Terima kasih PM ❤❤❤,fddac2837ea6da8f3c89,2026-01-06T10:36:49Z,2026-01-06T10:36:49Z,4,0,True,True,none,,2026-06-17T15:11:40.406131+00:00,raw,
YT_UgwfU6b8CGwpnR7UaYZ4AaABAg,YouTube,top_level_comment,UgwfU6b8CGwpnR7UaYZ4AaABAg,UgwfU6b8CGwpnR7UaYZ4AaABAg,UGAL8690ngc,"Bantuan Asas Rahmah diteruskan: RM100 untuk  dewasa, RM500 untuk penerima miskin tegar - Anwar",KiniTV,https://www.youtube.com/watch?v=UGAL8690ngc,2026-01-05T06:06:45Z,cost_of_living_public_policy,"Pmx bagi sara di puji2, sekejap maki hamun. 😂😂😂",4dac8313eca3a7d197e3,2026-01-06T10:15:06Z,2026-01-06T10:15:06Z,0,0,True,True,none,,2026-06-17T15:11:40.406142+00:00,raw,
YT_Ugyr4ZZss3G7Tr5hAFl4AaABAg,YouTube,top_level_comment,Ugyr4ZZss3G7Tr5hAFl4AaABAg,Ugyr4ZZss3G7Tr5hAFl4AaABAg,UGAL8690ngc,"Bantuan Asas Rahmah diteruskan: RM100 untuk  dewasa, RM500 untuk penerima miskin tegar - Anwar",KiniTV,https://www.youtube.com/watch?v=UGAL8690ngc,2026-01-05T06:06:45Z,cost_of_living_public_policy,"Pmx bagi sara di puji2, sekejap maki hamun. 😂😂😂😂😂😂",4dac8313eca3a7d197e3,2026-01-06T10:13:52Z,2026-01-06T10:13:52Z,0,1,True,True,none,,2026-06-17T15:11:40.406154+00:00,raw,
YT_UgzcIvN7JTTn6rkVYoh4AaABAg,YouTube,top_level_comment,UgzcIvN7JTTn6rkVYoh4AaABAg,UgzcIvN7JTTn6rkVYoh4AaABAg,UGAL8690ngc,"Bantuan Asas Rahmah diteruskan: RM100 untuk  dewasa, RM500 untuk penerima miskin tegar - Anwar",KiniTV,https://www.youtube.com/watch?v=UGAL8690ngc,2026-01-05T06:06:45Z,cost_of_living_public_policy,"Bantuan sara utk perdaya dn tipu daya rakyat guna wang pembayar pajak(taxes payers money) dn wang negara utk jadi umpan beracun utk kepentingan diri sendiri anuar dn kroni2nya pertahankn kuasa utk sakau wang kerajaan. Rakyat boleh ambil wang sara terutama orang2 kaum melayu, tp jgn pangkah calon2 ahli parlimen drpd PKR, UMNO, DAPigs, Amanah pada PRN dan PRU16. Orang2 yg pilih calon2 parti2 munafikun jadi pemimpin mrk adalah orang2 yg xtakut akan AZAB ALLAH SWT (Baca dn Pahami apa yg terkandung dlm wahyu Allah SWT dlm *Surah Munafikun* dlm pilih pemimpin, biar kita semua selamat drpd azab Allah SWT selepas kematian, krn melanggar Layangan-Nya. Insha Allah.",381325d26affac9eab80,2026-01-06T09:12:09Z,2026-01-06T09:15:05Z,1,1,True,True,none,,2026-06-17T15:11:40.406182+00:00,raw,
YT_UgwdfHOpN5Ljm1COt2Z4AaABAg,YouTube,top_level_comment,UgwdfHOpN5Ljm1COt2Z4AaABAg,UgwdfHOpN5Ljm1COt2Z4AaABAg,UGAL8690ngc,"Bantuan Asas Rahmah diteruskan: RM100 untuk  dewasa, RM500 untuk penerima miskin tegar - Anwar",KiniTV,https://www.youtube.com/watch?v=UGAL8690ngc,2026-01-05T06:06:45Z,cost_of_living_public_policy,🙏 🧧🍚🍑👍✍️,f12560c7b20e109597c7,2026-01-06T08:55:19Z,2026-01-06T08:55:19Z,0,0,True,True,none,,2026-06-17T15:11:40.406192+00:00,raw,
YT_UgwnTLwfYOE06SXi_GV4AaABAg,YouTube,top_level_comment,UgwnTLwfYOE06SXi_GV4AaABAg,UgwnTLwfYOE06SXi_GV4AaABAg,UGAL8690ngc,"Bantuan Asas Rahmah diteruskan: RM100 untuk  dewasa, RM500 untuk penerima miskin tegar - Anwar",KiniTV,https://www.youtube.com/watch?v=UGAL8690ngc,2026-01-05T06:06:45Z,cost_of_living_public_policy,Stop depending on gov handouts. Work harder if you're not a child or an OKU or sick or old.,fc915ebd040b10efd394,2026-01-06T08:41:59Z,2026-01-06T08:41:59Z,2,1,True,True,none,,2026-06-17T15:11:40.406204+00:00,raw,
YT_UgyNAWwhrCduehIiHqV4AaABAg,YouTube,top_level_comment,UgyNAWwhrCduehIiHqV4AaABAg,UgyNAWwhrCduehIiHqV4AaABAg,UGAL8690ngc,"Bantuan Asas Rahmah diteruskan: RM100 untuk  dewasa, RM500 untuk penerima miskin tegar - Anwar",KiniTV,https://www.youtube.com/watch?v=UGAL8690ngc,2026-01-05T06:06:45Z,cost_of_living_public_policy,Alhamdulillah Terima kasih kepada PMX👍🤲🏽❤,e4502e9f017fbbcb0204,2026-01-06T08:39:34Z,2026-01-06T08:40:13Z,4,0,True,True,none,,2026-06-17T15:11:40.406216+00:00,raw,
YT_UgzPmHC8iqlm04fjMct4AaABAg,YouTube,top_level_comment,UgzPmHC8iqlm04fjMct4AaABAg,UgzPmHC8iqlm04fjMct4AaABAg,UGAL8690ngc,"Bantuan Asas Rahmah diteruskan: RM100 untuk  dewasa, RM500 untuk penerima miskin tegar - Anwar",KiniTV,https://www.youtube.com/watch?v=UGAL8690ngc,2026-01-05T06:06:45Z,cost_of_living_public_policy,"Kerajaan bagi bantuan pon mengamuk, tak bagi pon mengamuk. Manusia tak tau bersyukur",27164471e95b0c4921cd,2026-01-06T07:54:37Z,2026-01-06T07:54:37Z,2,0,True,True,none,,2026-06-17T15:11:40.406228+00:00,raw,
YT_Ugyrk1224mVvwADfy5x4AaABAg,YouTube,top_level_comment,Ugyrk1224mVvwADfy5x4AaABAg,Ugyrk1224mVvwADfy5x4AaABAg,UGAL8690ngc,"Bantuan Asas Rahmah diteruskan: RM100 untuk  dewasa, RM500 untuk penerima miskin tegar - Anwar",KiniTV,https://www.youtube.com/watch?v=UGAL8690ngc,2026-01-05T06:06:45Z,cost_of_living_public_policy,"Ada yang komen takda otak. Kerajaan bagi bantuan pon mengamuk, tak bagi pon mengamuk. Manusia tak tau bersyukur.",27164471e95b0c4921cd,2026-01-06T07:54:17Z,2026-01-06T07:54:17Z,2,1,True,True,none,,2026-06-17T15:11:40.406240+00:00,raw,
YT_Ugwc_u6tWecdEXATkB94AaABAg,YouTube,top_level_comment,Ugwc_u6tWecdEXATkB94AaABAg,Ugwc_u6tWecdEXATkB94AaABAg,UGAL8690ngc,"Bantuan Asas Rahmah diteruskan: RM100 untuk  dewasa, RM500 untuk penerima miskin tegar - Anwar",KiniTV,https://www.youtube.com/watch?v=UGAL8690ngc,2026-01-05T06:06:45Z,cost_of_living_public_policy,Cuba lah masuk di Bnk. Macam2 boleh beli ubat,ed96e9bcb6ce02a904fa,2026-01-06T07:52:45Z,2026-01-06T07:52:45Z,4,0,True,True,none,,2026-06-17T15:11:40.406251+00:00,raw,
YT_UgyBMSZx3Ge0nedlabd4AaABAg,YouTube,top_level_comment,UgyBMSZx3Ge0nedlabd4AaABAg,UgyBMSZx3Ge0nedlabd4AaABAg,UGAL8690ngc,"Bantuan Asas Rahmah diteruskan: RM100 untuk  dewasa, RM500 untuk penerima miskin tegar - Anwar",KiniTV,https://www.youtube.com/watch?v=UGAL8690ngc,2026-01-05T06:06:45Z,cost_of_living_public_policy,"Bangun kan projek..di kiri kanan pan borneo..ecrl..ladang...padi,😊 buahan, sayuran..sawit..juga ternakan...kilang..bandar baru..pekerja nya tediri dari belia yang terlatih...dgn di bekal dlm segala kemudahan.",b4f7eacbe17865cd7cfd,2026-01-06T07:33:41Z,2026-01-06T07:33:41Z,10,0,True,True,none,,2026-06-17T15:11:40.406269+00:00,raw,
YT_UgwHFOYrdkfyFdddHPt4AaABAg,YouTube,top_level_comment,UgwHFOYrdkfyFdddHPt4AaABAg,UgwHFOYrdkfyFdddHPt4AaABAg,UGAL8690ngc,"Bantuan Asas Rahmah diteruskan: RM100 untuk  dewasa, RM500 untuk penerima miskin tegar - Anwar",KiniTV,https://www.youtube.com/watch?v=UGAL8690ngc,2026-01-05T06:06:45Z,cost_of_living_public_policy,Kalau boleh..sara jangan lah memilih barang untuk dibeli..barang basah luluskan lah,880fa4a9d59abcea951f,2026-01-06T07:28:15Z,2026-01-06T07:28:15Z,39,5,True,True,none,,2026-06-17T15:11:40.406281+00:00,raw,
YT_UgzKj2_9zG-MAPxgca14AaABAg,YouTube,top_level_comment,UgzKj2_9zG-MAPxgca14AaABAg,UgzKj2_9zG-MAPxgca14AaABAg,UGAL8690ngc,"Bantuan Asas Rahmah diteruskan: RM100 untuk  dewasa, RM500 untuk penerima miskin tegar - Anwar",KiniTV,https://www.youtube.com/watch?v=UGAL8690ngc,2026-01-05T06:06:45Z,cost_of_living_public_policy,👍🙏 bila negara makmur . rakyat pun senang sedikit.... dapat bantuan rakyat...duit tak di sakau oleh scammer pemimpin yg panggil mereka Pemimpin 😮,aa8d850b7f83e938a527,2026-01-06T07:24:08Z,2026-01-06T07:24:08Z,20,0,True,True,none,,2026-06-17T15:11:40.406296+00:00,raw,
YT_Ugx2DlYOA_SGuiZmIhR4AaABAg,YouTube,top_level_comment,Ugx2DlYOA_SGuiZmIhR4AaABAg,Ugx2DlYOA_SGuiZmIhR4AaABAg,UGAL8690ngc,"Bantuan Asas Rahmah diteruskan: RM100 untuk  dewasa, RM500 untuk penerima miskin tegar - Anwar",KiniTV,https://www.youtube.com/watch?v=UGAL8690ngc,2026-01-05T06:06:45Z,cost_of_living_public_policy,🎉 berharap harap PMX boleh jadi PM sampai umur 💯 ya 🙏 PMX tolong hapuskan scammer dlm pejabat kerajaan rasuah n sakau ya 🙏,aa8d850b7f83e938a527,2026-01-06T07:22:01Z,2026-01-06T07:22:01Z,15,2,True,True,none,,2026-06-17T15:11:40.406310+00:00,raw,
YT_UgwyNQDwUSrKMkGBCx14AaABAg,YouTube,top_level_comment,UgwyNQDwUSrKMkGBCx14AaABAg,UgwyNQDwUSrKMkGBCx14AaABAg,UGAL8690ngc,"Bantuan Asas Rahmah diteruskan: RM100 untuk  dewasa, RM500 untuk penerima miskin tegar - Anwar",KiniTV,https://www.youtube.com/watch?v=UGAL8690ngc,2026-01-05T06:06:45Z,cost_of_living_public_policy,🎉PMX yg terbaik sekali lahh janji tak rasuah tak sakau 🙏 kerja Sepasukan demi negara makmur Dan rakyat senang sedikit 👍,aa8d850b7f83e938a527,2026-01-06T07:20:49Z,2026-01-06T07:20:49Z,11,2,True,True,none,,2026-06-17T15:11:40.406324+00:00,raw,
YT_UgybHmdaw6B9zRiEoMJ4AaABAg,YouTube,top_level_comment,UgybHmdaw6B9zRiEoMJ4AaABAg,UgybHmdaw6B9zRiEoMJ4AaABAg,UGAL8690ngc,"Bantuan Asas Rahmah diteruskan: RM100 untuk  dewasa, RM500 untuk penerima miskin tegar - Anwar",KiniTV,https://www.youtube.com/watch?v=UGAL8690ngc,2026-01-05T06:06:45Z,cost_of_living_public_policy,"Terima kasih PMX ...kami yg sangat memerlukan duit tu, tertunggu² kemasukan duit tu dlm ic...",4904d434926fe9878774,2026-01-06T07:13:46Z,2026-01-06T07:13:46Z,12,0,True,True,none,,2026-06-17T15:11:40.406337+00:00,raw,
YT_UgxR8yzNY9ND-MK9tpF4AaABAg,YouTube,top_level_comment,UgxR8yzNY9ND-MK9tpF4AaABAg,UgxR8yzNY9ND-MK9tpF4AaABAg,UGAL8690ngc,"Bantuan Asas Rahmah diteruskan: RM100 untuk  dewasa, RM500 untuk penerima miskin tegar - Anwar",KiniTV,https://www.youtube.com/watch?v=UGAL8690ngc,2026-01-05T06:06:45Z,cost_of_living_public_policy,Tks pmx ❤,4fb889b1ae454602830c,2026-01-06T06:26:08Z,2026-01-06T06:26:08Z,3,0,True,True,none,,2026-06-17T15:11:40.406347+00:00,raw,
YT_UgxrQbhr-gn0M3B9LJB4AaABAg,YouTube,top_level_comment,UgxrQbhr-gn0M3B9LJB4AaABAg,UgxrQbhr-gn0M3B9LJB4AaABAg,UGAL8690ngc,"Bantuan Asas Rahmah diteruskan: RM100 untuk  dewasa, RM500 untuk penerima miskin tegar - Anwar",KiniTV,https://www.youtube.com/watch?v=UGAL8690ngc,2026-01-05T06:06:45Z,cost_of_living_public_policy,Alhamdulillah,c0be82836a3dc405c4dc,2026-01-06T06:15:04Z,2026-01-06T06:15:04Z,6,0,True,True,none,,2026-06-17T15:11:40.406356+00:00,raw,
YT_UgyrOPyVRa9kd2lydMV4AaABAg,YouTube,top_level_comment,UgyrOPyVRa9kd2lydMV4AaABAg,UgyrOPyVRa9kd2lydMV4AaABAg,UGAL8690ngc,"Bantuan Asas Rahmah diteruskan: RM100 untuk  dewasa, RM500 untuk penerima miskin tegar - Anwar",KiniTV,https://www.youtube.com/watch?v=UGAL8690ngc,2026-01-05T06:06:45Z,cost_of_living_public_policy,Tax Money better give to all poor citizens than few cronies who in the past took billions. ❤,543a8a366865557fb68f,2026-01-06T04:08:44Z,2026-01-06T04:09:14Z,0,0,True,True,none,,2026-06-17T15:11:40.406369+00:00,raw,
YT_UgxywEYwuy3uSSRRLAZ4AaABAg,YouTube,top_level_comment,UgxywEYwuy3uSSRRLAZ4AaABAg,UgxywEYwuy3uSSRRLAZ4AaABAg,UGAL8690ngc,"Bantuan Asas Rahmah diteruskan: RM100 untuk  dewasa, RM500 untuk penerima miskin tegar - Anwar",KiniTV,https://www.youtube.com/watch?v=UGAL8690ngc,2026-01-05T06:06:45Z,cost_of_living_public_policy,kwsp bersasar yy rakyat nak kan...,a661a9f5a506c99a56d4,2026-01-06T03:48:20Z,2026-01-06T03:48:20Z,3,0,True,True,none,,2026-06-17T15:11:40.406380+00:00,raw,
YT_UgwtHHp4Z4teU7SOq4R4AaABAg,YouTube,top_level_comment,UgwtHHp4Z4teU7SOq4R4AaABAg,UgwtHHp4Z4teU7SOq4R4AaABAg,UGAL8690ngc,"Bantuan Asas Rahmah diteruskan: RM100 untuk  dewasa, RM500 untuk penerima miskin tegar - Anwar",KiniTV,https://www.youtube.com/watch?v=UGAL8690ngc,2026-01-05T06:06:45Z,cost_of_living_public_policy,Jiwa rakyat PMX,e1a01c5dd0d502603a8c,2026-01-06T02:58:10Z,2026-01-06T02:58:10Z,1,0,True,True,none,,2026-06-17T15:11:40.406390+00:00,raw,
YT_UgxDNcWUd0AaUnLOeQx4AaABAg,YouTube,top_level_comment,UgxDNcWUd0AaUnLOeQx4AaABAg,UgxDNcWUd0AaUnLOeQx4AaABAg,UGAL8690ngc,"Bantuan Asas Rahmah diteruskan: RM100 untuk  dewasa, RM500 untuk penerima miskin tegar - Anwar",KiniTV,https://www.youtube.com/watch?v=UGAL8690ngc,2026-01-05T06:06:45Z,cost_of_living_public_policy,bujang sara rm 50 cukup stok beli sabun mandi dalam sebulan 😂. kalau berani cuba ubah bantuan yang berkeluarga takda str dan sara rm 50 baru bujang takda sakit hati.,30b7829704426300756d,2026-01-06T02:30:01Z,2026-01-06T02:30:01Z,3,4,True,True,none,,2026-06-17T15:11:40.406406+00:00,raw,
YT_UgyPn68V9qkD3nlqz4F4AaABAg,YouTube,top_level_comment,UgyPn68V9qkD3nlqz4F4AaABAg,UgyPn68V9qkD3nlqz4F4AaABAg,UGAL8690ngc,"Bantuan Asas Rahmah diteruskan: RM100 untuk  dewasa, RM500 untuk penerima miskin tegar - Anwar",KiniTV,https://www.youtube.com/watch?v=UGAL8690ngc,2026-01-05T06:06:45Z,cost_of_living_public_policy,Tq pmx.. semoga sentiasa di lindungi Allah SWT.,3e617cf1eaa22509098c,2026-01-06T01:32:35Z,2026-01-06T01:32:35Z,6,1,True,True,none,,2026-06-17T15:11:40.406417+00:00,raw,
YT_UgxeXxRL9sTxXwtxtvB4AaABAg,YouTube,top_level_comment,UgxeXxRL9sTxXwtxtvB4AaABAg,UgxeXxRL9sTxXwtxtvB4AaABAg,UGAL8690ngc,"Bantuan Asas Rahmah diteruskan: RM100 untuk  dewasa, RM500 untuk penerima miskin tegar - Anwar",KiniTV,https://www.youtube.com/watch?v=UGAL8690ngc,2026-01-05T06:06:45Z,cost_of_living_public_policy,Wutohhhhhhhhhh puihh,e70848f7e6d0eaaf7a5a,2026-01-06T00:53:40Z,2026-01-06T00:53:40Z,0,0,True,True,none,,2026-06-17T15:11:40.406427+00:00,raw,
YT_UgznGAF5Q-VXs7y7a0p4AaABAg,YouTube,top_level_comment,UgznGAF5Q-VXs7y7a0p4AaABAg,UgznGAF5Q-VXs7y7a0p4AaABAg,UGAL8690ngc,"Bantuan Asas Rahmah diteruskan: RM100 untuk  dewasa, RM500 untuk penerima miskin tegar - Anwar",KiniTV,https://www.youtube.com/watch?v=UGAL8690ngc,2026-01-05T06:06:45Z,cost_of_living_public_policy,Dpt bantuan alhmdllh tp knp pg bli brg takda plastik lagi ek teruk lah,10c782abd4a7d5e8d5e2,2026-01-06T00:34:59Z,2026-01-06T00:34:59Z,1,3,True,True,none,,2026-06-17T15:11:40.406438+00:00,raw,
YT_UgyvQv75otHXn_duAzV4AaABAg,YouTube,top_level_comment,UgyvQv75otHXn_duAzV4AaABAg,UgyvQv75otHXn_duAzV4AaABAg,UGAL8690ngc,"Bantuan Asas Rahmah diteruskan: RM100 untuk  dewasa, RM500 untuk penerima miskin tegar - Anwar",KiniTV,https://www.youtube.com/watch?v=UGAL8690ngc,2026-01-05T06:06:45Z,cost_of_living_public_policy,Setiap satu dun,3ce0b3e18773015617dd,2026-01-06T00:21:42Z,2026-01-06T00:21:42Z,1,0,True,True,none,,2026-06-17T15:11:40.406448+00:00,raw,
YT_UgzUGIjB-UlksDKIie94AaABAg,YouTube,top_level_comment,UgzUGIjB-UlksDKIie94AaABAg,UgzUGIjB-UlksDKIie94AaABAg,UGAL8690ngc,"Bantuan Asas Rahmah diteruskan: RM100 untuk  dewasa, RM500 untuk penerima miskin tegar - Anwar",KiniTV,https://www.youtube.com/watch?v=UGAL8690ngc,2026-01-05T06:06:45Z,cost_of_living_public_policy,Jualan Rahmah 3x sebulan ok tu terbaik pmx,3ce0b3e18773015617dd,2026-01-06T00:21:27Z,2026-01-06T00:21:27Z,0,0,True,True,none,,2026-06-17T15:11:40.406459+00:00,raw,
YT_UgyQDVwOTx4TM9gu2fJ4AaABAg,YouTube,top_level_comment,UgyQDVwOTx4TM9gu2fJ4AaABAg,UgyQDVwOTx4TM9gu2fJ4AaABAg,UGAL8690ngc,"Bantuan Asas Rahmah diteruskan: RM100 untuk  dewasa, RM500 untuk penerima miskin tegar - Anwar",KiniTV,https://www.youtube.com/watch?v=UGAL8690ngc,2026-01-05T06:06:45Z,cost_of_living_public_policy,Yg tak bersyukur geng waluaan ja,3ce0b3e18773015617dd,2026-01-06T00:20:09Z,2026-01-06T00:20:09Z,2,1,True,True,none,,2026-06-17T15:11:40.741810+00:00,raw,
YT_UgyE8NQNr-Adbe199GN4AaABAg,YouTube,top_level_comment,UgyE8NQNr-Adbe199GN4AaABAg,UgyE8NQNr-Adbe199GN4AaABAg,UGAL8690ngc,"Bantuan Asas Rahmah diteruskan: RM100 untuk  dewasa, RM500 untuk penerima miskin tegar - Anwar",KiniTV,https://www.youtube.com/watch?v=UGAL8690ngc,2026-01-05T06:06:45Z,cost_of_living_public_policy,Alhamdulillah syukur biarpun sedikit .kita bersyukur yg sedikit nnti Allah tambah.. Allah yg mengetahui apa yg Allah tambah.janji.kita bersyukur apa yg ada,3ce0b3e18773015617dd,2026-01-06T00:19:00Z,2026-01-06T00:19:00Z,3,0,True,True,none,,2026-06-17T15:11:40.741839+00:00,raw,
YT_UgyiiP0QD8dPPPdVXbh4AaABAg,YouTube,top_level_comment,UgyiiP0QD8dPPPdVXbh4AaABAg,UgyiiP0QD8dPPPdVXbh4AaABAg,UGAL8690ngc,"Bantuan Asas Rahmah diteruskan: RM100 untuk  dewasa, RM500 untuk penerima miskin tegar - Anwar",KiniTV,https://www.youtube.com/watch?v=UGAL8690ngc,2026-01-05T06:06:45Z,cost_of_living_public_policy,Sukur alhamdulillah dapat lagi belanja dapur setiap bulan terima Kasih.perdana menteri negara ku Malaysia,dbeccc4aabbb62dbec16,2026-01-05T22:09:12Z,2026-01-05T22:09:12Z,6,1,True,True,none,,2026-06-17T15:11:40.741855+00:00,raw,
YT_UgyDTrHIolKcmEnkACp4AaABAg,YouTube,top_level_comment,UgyDTrHIolKcmEnkACp4AaABAg,UgyDTrHIolKcmEnkACp4AaABAg,UGAL8690ngc,"Bantuan Asas Rahmah diteruskan: RM100 untuk  dewasa, RM500 untuk penerima miskin tegar - Anwar",KiniTV,https://www.youtube.com/watch?v=UGAL8690ngc,2026-01-05T06:06:45Z,cost_of_living_public_policy,semua org dapat ke bantuan sara rm100?,20f1591d32fd3bca246a,2026-01-05T19:39:44Z,2026-01-05T19:39:44Z,0,0,True,True,none,,2026-06-17T15:11:40.741868+00:00,raw,
YT_UgwaPg0VGDq2n5Eo4154AaABAg,YouTube,top_level_comment,UgwaPg0VGDq2n5Eo4154AaABAg,UgwaPg0VGDq2n5Eo4154AaABAg,UGAL8690ngc,"Bantuan Asas Rahmah diteruskan: RM100 untuk  dewasa, RM500 untuk penerima miskin tegar - Anwar",KiniTV,https://www.youtube.com/watch?v=UGAL8690ngc,2026-01-05T06:06:45Z,cost_of_living_public_policy,Penjawat awam pun dah diumum sblom ini bantuan khas kewangan dpt pulak bantuan tambahan sebegini. Bersyukurlah ... bagi rakyat luar bandar harga barang keperluan harian tidak membebankan..,94e6c6179ae800678a39,2026-01-05T19:39:35Z,2026-01-05T19:39:35Z,8,0,True,True,none,,2026-06-17T15:11:40.741884+00:00,raw,
YT_Ugyx1GUBFRB9uz_pkTJ4AaABAg,YouTube,top_level_comment,Ugyx1GUBFRB9uz_pkTJ4AaABAg,Ugyx1GUBFRB9uz_pkTJ4AaABAg,UGAL8690ngc,"Bantuan Asas Rahmah diteruskan: RM100 untuk  dewasa, RM500 untuk penerima miskin tegar - Anwar",KiniTV,https://www.youtube.com/watch?v=UGAL8690ngc,2026-01-05T06:06:45Z,cost_of_living_public_policy,"RM200 lah, RM100 is nothing.",1d94578d83950b5fdd07,2026-01-05T17:18:32Z,2026-01-05T17:18:32Z,6,2,True,True,none,,2026-06-17T15:11:40.741896+00:00,raw,
YT_Ugy_GE9DrHSmiasW_sZ4AaABAg,YouTube,top_level_comment,Ugy_GE9DrHSmiasW_sZ4AaABAg,Ugy_GE9DrHSmiasW_sZ4AaABAg,UGAL8690ngc,"Bantuan Asas Rahmah diteruskan: RM100 untuk  dewasa, RM500 untuk penerima miskin tegar - Anwar",KiniTV,https://www.youtube.com/watch?v=UGAL8690ngc,2026-01-05T06:06:45Z,cost_of_living_public_policy,STR BUJANG MANA?.. PRU AKAN DATANG KASI BUNGKUS,472b04a5c9beed252c2d,2026-01-05T16:57:13Z,2026-01-05T16:57:13Z,0,0,True,True,none,,2026-06-17T15:11:40.741908+00:00,raw,
YT_Ugyyfyp4haK_D66rpfN4AaABAg,YouTube,top_level_comment,Ugyyfyp4haK_D66rpfN4AaABAg,Ugyyfyp4haK_D66rpfN4AaABAg,UGAL8690ngc,"Bantuan Asas Rahmah diteruskan: RM100 untuk  dewasa, RM500 untuk penerima miskin tegar - Anwar",KiniTV,https://www.youtube.com/watch?v=UGAL8690ngc,2026-01-05T06:06:45Z,cost_of_living_public_policy,Manusia munafik,96a82425323ea038fd7d,2026-01-05T16:55:43Z,2026-01-05T16:55:43Z,0,0,True,True,none,,2026-06-17T15:11:40.741921+00:00,raw,
YT_UgzE4WOUDtYOulRzGPN4AaABAg,YouTube,top_level_comment,UgzE4WOUDtYOulRzGPN4AaABAg,UgzE4WOUDtYOulRzGPN4AaABAg,UGAL8690ngc,"Bantuan Asas Rahmah diteruskan: RM100 untuk  dewasa, RM500 untuk penerima miskin tegar - Anwar",KiniTV,https://www.youtube.com/watch?v=UGAL8690ngc,2026-01-05T06:06:45Z,cost_of_living_public_policy,Mydin ckp str di hapuskan lebih baik SARA... INGAT YE... STR ITU CASH... SARA ITU HNYA UNTUN KEDAI TERPILIH.... MAKIN KORANG BELANJA DI MYDIN... LAMA2 SEMUA STR AKAN DI HAPUS... BUKAN DI DELETTE KATANNYA😂😂TPI DI TUKAR KE SARA.. BODOH PIANG KAU MYDIN,d4581a52a711c189e626,2026-01-05T15:24:20Z,2026-01-05T15:24:20Z,0,0,True,True,none,,2026-06-17T15:11:40.741944+00:00,raw,
YT_Ugz3ydh4P1GwH9obYNJ4AaABAg,YouTube,top_level_comment,Ugz3ydh4P1GwH9obYNJ4AaABAg,Ugz3ydh4P1GwH9obYNJ4AaABAg,UGAL8690ngc,"Bantuan Asas Rahmah diteruskan: RM100 untuk  dewasa, RM500 untuk penerima miskin tegar - Anwar",KiniTV,https://www.youtube.com/watch?v=UGAL8690ngc,2026-01-05T06:06:45Z,cost_of_living_public_policy,Tupai2 😂 ckp pula dia,3522ec1464b7b42ce2ea,2026-01-05T15:05:38Z,2026-01-05T15:05:38Z,0,0,True,True,none,,2026-06-17T15:11:40.741956+00:00,raw,
YT_UgxdiJCGL4iO6VeV8hB4AaABAg,YouTube,top_level_comment,UgxdiJCGL4iO6VeV8hB4AaABAg,UgxdiJCGL4iO6VeV8hB4AaABAg,UGAL8690ngc,"Bantuan Asas Rahmah diteruskan: RM100 untuk  dewasa, RM500 untuk penerima miskin tegar - Anwar",KiniTV,https://www.youtube.com/watch?v=UGAL8690ngc,2026-01-05T06:06:45Z,cost_of_living_public_policy,klu pangkah pas maka kita x ucap t.kasih kpd pemberi.sabda n.mohammad saw maksudnya klu x ucap t.kasih kpd pemberi maka x bersyukur kpd allah.klu kita masih lagi undi pas bermakna x bersyukur pd allah.,f0ce64291be1050695db,2026-01-05T15:00:13Z,2026-01-05T15:00:13Z,2,1,True,True,none,,2026-06-17T15:11:40.741973+00:00,raw,
YT_UgzzBuUFVZ1L0WaJ5qd4AaABAg,YouTube,top_level_comment,UgzzBuUFVZ1L0WaJ5qd4AaABAg,UgzzBuUFVZ1L0WaJ5qd4AaABAg,UGAL8690ngc,"Bantuan Asas Rahmah diteruskan: RM100 untuk  dewasa, RM500 untuk penerima miskin tegar - Anwar",KiniTV,https://www.youtube.com/watch?v=UGAL8690ngc,2026-01-05T06:06:45Z,cost_of_living_public_policy,Love u PMX Luangkan kasa mu,47b5ff01b1b1e96886b2,2026-01-05T14:15:21Z,2026-01-05T14:15:21Z,1,0,True,True,none,,2026-06-17T15:11:40.741985+00:00,raw,
YT_UgwIHPsoYd-3CYOg9b94AaABAg,YouTube,top_level_comment,UgwIHPsoYd-3CYOg9b94AaABAg,UgwIHPsoYd-3CYOg9b94AaABAg,UGAL8690ngc,"Bantuan Asas Rahmah diteruskan: RM100 untuk  dewasa, RM500 untuk penerima miskin tegar - Anwar",KiniTV,https://www.youtube.com/watch?v=UGAL8690ngc,2026-01-05T06:06:45Z,cost_of_living_public_policy,It's a waste of money. Selected merchants benefited from it,842380cc316c2277e35a,2026-01-05T13:09:43Z,2026-01-05T13:09:43Z,0,2,True,True,none,,2026-06-17T15:11:40.741998+00:00,raw,
YT_UgxXXGRai-_G7Zyxfu54AaABAg,YouTube,top_level_comment,UgxXXGRai-_G7Zyxfu54AaABAg,UgxXXGRai-_G7Zyxfu54AaABAg,UGAL8690ngc,"Bantuan Asas Rahmah diteruskan: RM100 untuk  dewasa, RM500 untuk penerima miskin tegar - Anwar",KiniTV,https://www.youtube.com/watch?v=UGAL8690ngc,2026-01-05T06:06:45Z,cost_of_living_public_policy,org bgi kita ambil itu duit kita.time undi kita pangkah pas😂,fd0fef0c5a5da8bd8e56,2026-01-05T13:04:44Z,2026-01-05T13:04:44Z,6,2,True,True,none,,2026-06-17T15:11:40.742011+00:00,raw,
YT_UgwCN78rwvcGiUgvMZl4AaABAg,YouTube,top_level_comment,UgwCN78rwvcGiUgvMZl4AaABAg,UgwCN78rwvcGiUgvMZl4AaABAg,UGAL8690ngc,"Bantuan Asas Rahmah diteruskan: RM100 untuk  dewasa, RM500 untuk penerima miskin tegar - Anwar",KiniTV,https://www.youtube.com/watch?v=UGAL8690ngc,2026-01-05T06:06:45Z,cost_of_living_public_policy,ramai yang marah tapi ramai juga tg sayang terbaik pmx,fb93de34f5a05d75ddc0,2026-01-05T12:34:43Z,2026-01-05T12:34:43Z,7,0,True,True,none,,2026-06-17T15:11:40.742024+00:00,raw,
YT_UgyFRp94DyUsmnfg2wJ4AaABAg,YouTube,top_level_comment,UgyFRp94DyUsmnfg2wJ4AaABAg,UgyFRp94DyUsmnfg2wJ4AaABAg,UGAL8690ngc,"Bantuan Asas Rahmah diteruskan: RM100 untuk  dewasa, RM500 untuk penerima miskin tegar - Anwar",KiniTV,https://www.youtube.com/watch?v=UGAL8690ngc,2026-01-05T06:06:45Z,cost_of_living_public_policy,Tepuk2….😂😂,711f404672c0cd262085,2026-01-05T12:11:31Z,2026-01-05T12:11:31Z,4,1,True,True,none,,2026-06-17T15:11:40.742034+00:00,raw,
YT_UgxuDriClAxygbeOGQt4AaABAg,YouTube,top_level_comment,UgxuDriClAxygbeOGQt4AaABAg,UgxuDriClAxygbeOGQt4AaABAg,UGAL8690ngc,"Bantuan Asas Rahmah diteruskan: RM100 untuk  dewasa, RM500 untuk penerima miskin tegar - Anwar",KiniTV,https://www.youtube.com/watch?v=UGAL8690ngc,2026-01-05T06:06:45Z,cost_of_living_public_policy,Thank you PMX,0999d0ee34e9895a24f4,2026-01-05T12:10:54Z,2026-01-05T12:10:54Z,13,0,True,True,none,,2026-06-17T15:11:40.742045+00:00,raw,
YT_UgxiacTXWdZjOZVshdp4AaABAg,YouTube,top_level_comment,UgxiacTXWdZjOZVshdp4AaABAg,UgxiacTXWdZjOZVshdp4AaABAg,UGAL8690ngc,"Bantuan Asas Rahmah diteruskan: RM100 untuk  dewasa, RM500 untuk penerima miskin tegar - Anwar",KiniTV,https://www.youtube.com/watch?v=UGAL8690ngc,2026-01-05T06:06:45Z,cost_of_living_public_policy,Sayang nya yang bujang bagi bukan penerima sara tiada str lagi kan? Sebab str tu dah ditukarkan kepada sara bulanan. Hahaa cilaka,35506655b1b8887a7c78,2026-01-05T12:04:01Z,2026-01-05T12:04:01Z,10,2,True,True,none,,2026-06-17T15:11:40.742060+00:00,raw,
YT_Ugz7uZvuxnzQDnmxGjV4AaABAg,YouTube,top_level_comment,Ugz7uZvuxnzQDnmxGjV4AaABAg,Ugz7uZvuxnzQDnmxGjV4AaABAg,UGAL8690ngc,"Bantuan Asas Rahmah diteruskan: RM100 untuk  dewasa, RM500 untuk penerima miskin tegar - Anwar",KiniTV,https://www.youtube.com/watch?v=UGAL8690ngc,2026-01-05T06:06:45Z,cost_of_living_public_policy,Ni lah punca utama rakyat dibodohkan,b4571f45554bc88a0d4d,2026-01-05T12:00:17Z,2026-01-05T12:00:17Z,2,2,True,True,none,,2026-06-17T15:11:40.742071+00:00,raw,
YT_UgyoNot5HFb2jzqb5454AaABAg,YouTube,top_level_comment,UgyoNot5HFb2jzqb5454AaABAg,UgyoNot5HFb2jzqb5454AaABAg,UGAL8690ngc,"Bantuan Asas Rahmah diteruskan: RM100 untuk  dewasa, RM500 untuk penerima miskin tegar - Anwar",KiniTV,https://www.youtube.com/watch?v=UGAL8690ngc,2026-01-05T06:06:45Z,cost_of_living_public_policy,Alhamdulillah ❤ Terima Kasih PMX 🎉🎉Madani Terbaik,6bdeb3a61e000ed49941,2026-01-05T11:53:03Z,2026-01-05T11:53:03Z,3,0,True,True,none,,2026-06-17T15:11:40.742084+00:00,raw,
YT_UgwKAYhuc_KDemuQj-J4AaABAg,YouTube,top_level_comment,UgwKAYhuc_KDemuQj-J4AaABAg,UgwKAYhuc_KDemuQj-J4AaABAg,dDRZ6AZbcfw,Malaysian Hawker Fights To Keep His Noodles Affordable As Food Prices Rise | Money Mind | Inflation,CNA Insider,https://www.youtube.com/watch?v=dDRZ6AZbcfw,2025-11-25T14:01:10Z,cost_of_living_public_policy,"RM 20 for 30 eggs? RM 36/kg for lean pork? That's not that bad. Try buying in the West, without subsidies. Granted the minimum wage for the unskilled in the west is probably a lot higher. Edit: i must admit, his stall looks very clean and hygienic.",6a50a451d28199fb5031,2026-04-06T08:00:04Z,2026-04-06T08:04:19Z,0,0,True,True,none,,2026-06-17T15:11:42.417804+00:00,raw,
YT_UgywlAn7iLrmVfAcb8Z4AaABAg,YouTube,top_level_comment,UgywlAn7iLrmVfAcb8Z4AaABAg,UgywlAn7iLrmVfAcb8Z4AaABAg,dDRZ6AZbcfw,Malaysian Hawker Fights To Keep His Noodles Affordable As Food Prices Rise | Money Mind | Inflation,CNA Insider,https://www.youtube.com/watch?v=dDRZ6AZbcfw,2025-11-25T14:01:10Z,cost_of_living_public_policy,They are already charging higher. They rise when fuel prices go up but never come down when fuel prices go down. And chicken eggs atvRM20 per tray? He must be being cheated,a0f4898efe7bd9313eee,2026-03-30T09:45:11Z,2026-03-30T09:46:33Z,0,0,True,True,none,,2026-06-17T15:11:42.417839+00:00,raw,
YT_UgzlCEQxKYECL7iFgnt4AaABAg,YouTube,top_level_comment,UgzlCEQxKYECL7iFgnt4AaABAg,UgzlCEQxKYECL7iFgnt4AaABAg,dDRZ6AZbcfw,Malaysian Hawker Fights To Keep His Noodles Affordable As Food Prices Rise | Money Mind | Inflation,CNA Insider,https://www.youtube.com/watch?v=dDRZ6AZbcfw,2025-11-25T14:01:10Z,cost_of_living_public_policy,"A simple way to keep customers of various demographics is to update your menus (cheap method), where there are budget dishes, premium dishes and same dish but of different sizes/portion corresponding reasonably to price. This caters to customers of different spending power and tastes while protecting your bottom line.",a64149cdb1a7f2a77891,2026-01-18T09:48:14Z,2026-01-18T09:48:14Z,0,0,True,True,none,,2026-06-17T15:11:42.417863+00:00,raw,
YT_UgwbRTWiPruYy_M2Pn54AaABAg,YouTube,top_level_comment,UgwbRTWiPruYy_M2Pn54AaABAg,UgwbRTWiPruYy_M2Pn54AaABAg,dDRZ6AZbcfw,Malaysian Hawker Fights To Keep His Noodles Affordable As Food Prices Rise | Money Mind | Inflation,CNA Insider,https://www.youtube.com/watch?v=dDRZ6AZbcfw,2025-11-25T14:01:10Z,cost_of_living_public_policy,Thank you Anwar!! ❤❤,3f55c65e6b8f9c73de7e,2025-12-10T11:24:05Z,2025-12-10T11:24:05Z,1,0,True,True,none,,2026-06-17T15:11:42.417878+00:00,raw,
YT_UgwLeQ-xgjtMF1qD51d4AaABAg,YouTube,top_level_comment,UgwLeQ-xgjtMF1qD51d4AaABAg,UgwLeQ-xgjtMF1qD51d4AaABAg,dDRZ6AZbcfw,Malaysian Hawker Fights To Keep His Noodles Affordable As Food Prices Rise | Money Mind | Inflation,CNA Insider,https://www.youtube.com/watch?v=dDRZ6AZbcfw,2025-11-25T14:01:10Z,cost_of_living_public_policy,Other business also need to profit. F and B is like a disease that spread and in the end CUSTOMER PAYS,7835c5f33866e5268860,2025-12-10T01:23:40Z,2025-12-10T01:23:40Z,0,0,True,True,none,,2026-06-17T15:11:42.417893+00:00,raw,
YT_UgyICEA_y8tuxX_1_qp4AaABAg,YouTube,top_level_comment,UgyICEA_y8tuxX_1_qp4AaABAg,UgyICEA_y8tuxX_1_qp4AaABAg,dDRZ6AZbcfw,Malaysian Hawker Fights To Keep His Noodles Affordable As Food Prices Rise | Money Mind | Inflation,CNA Insider,https://www.youtube.com/watch?v=dDRZ6AZbcfw,2025-11-25T14:01:10Z,cost_of_living_public_policy,"In the end external factors will force the business to increase prices or continue until not logical to stay on business. There are other cost increase other then igredients. For new players in F and B they have no choice but to include technology, innovation, perks, etc to ATTRACT CUSTOMERS. for traditional players unless your food is SO GOOD increade people will still buy if not losses will mean close shop .THE REALITY IF LIFE",7835c5f33866e5268860,2025-12-10T01:21:41Z,2025-12-10T01:21:41Z,0,0,True,True,none,,2026-06-17T15:11:42.417921+00:00,raw,
YT_UgzBWIRzlub62kO4SKJ4AaABAg,YouTube,top_level_comment,UgzBWIRzlub62kO4SKJ4AaABAg,UgzBWIRzlub62kO4SKJ4AaABAg,dDRZ6AZbcfw,Malaysian Hawker Fights To Keep His Noodles Affordable As Food Prices Rise | Money Mind | Inflation,CNA Insider,https://www.youtube.com/watch?v=dDRZ6AZbcfw,2025-11-25T14:01:10Z,cost_of_living_public_policy,"In this video,He’s talking about the prices of eggs,a couple of Months ago,here in NYC,because there was a Major Problem with Eggs,the Problem was Chickens were hit with some type of Bacteria,like Chicken Flu or something,so Chicken farmers had to kill them,before it could Spread to other Chicken farms,a dozen eggs cost me 9.50/Per Dozen Eggs,it didn’t matter what the size was,it happens sometimes.",ad369ebac7a730861136,2025-12-09T00:40:41Z,2025-12-09T00:40:41Z,0,0,True,True,none,,2026-06-17T15:11:42.417948+00:00,raw,
YT_UgxJFS7rL3_M8ONf64F4AaABAg,YouTube,top_level_comment,UgxJFS7rL3_M8ONf64F4AaABAg,UgxJFS7rL3_M8ONf64F4AaABAg,dDRZ6AZbcfw,Malaysian Hawker Fights To Keep His Noodles Affordable As Food Prices Rise | Money Mind | Inflation,CNA Insider,https://www.youtube.com/watch?v=dDRZ6AZbcfw,2025-11-25T14:01:10Z,cost_of_living_public_policy,"There was a time i needed help on some DJ’ing stuff, i went to Paul and he was kind enough to guide and teach me without asking anything but my hardwork. Man is really hustling out here!! Respect sifu",c36ce31176abe3b2bdcc,2025-12-08T12:10:23Z,2025-12-08T12:10:23Z,4,0,True,True,none,,2026-06-17T15:11:42.417968+00:00,raw,
YT_Ugy-tIlq7ZGUa5PAaCJ4AaABAg,YouTube,top_level_comment,Ugy-tIlq7ZGUa5PAaCJ4AaABAg,Ugy-tIlq7ZGUa5PAaCJ4AaABAg,dDRZ6AZbcfw,Malaysian Hawker Fights To Keep His Noodles Affordable As Food Prices Rise | Money Mind | Inflation,CNA Insider,https://www.youtube.com/watch?v=dDRZ6AZbcfw,2025-11-25T14:01:10Z,cost_of_living_public_policy,"Merci, hope everything works well",7910ad0028ea8a0c5aae,2025-12-08T06:26:16Z,2025-12-08T06:26:16Z,0,0,True,True,none,,2026-06-17T15:11:42.417981+00:00,raw,
YT_Ugyd7N_sobtxqG52R1Z4AaABAg,YouTube,top_level_comment,Ugyd7N_sobtxqG52R1Z4AaABAg,Ugyd7N_sobtxqG52R1Z4AaABAg,dDRZ6AZbcfw,Malaysian Hawker Fights To Keep His Noodles Affordable As Food Prices Rise | Money Mind | Inflation,CNA Insider,https://www.youtube.com/watch?v=dDRZ6AZbcfw,2025-11-25T14:01:10Z,cost_of_living_public_policy,for kuching price.. that's definitely cheap..,35ae8a83d86278daf121,2025-12-03T12:50:31Z,2025-12-03T12:50:31Z,0,0,True,True,none,,2026-06-17T15:11:42.417994+00:00,raw,
YT_UgxCihM-xnK4fxebPOR4AaABAg,YouTube,top_level_comment,UgxCihM-xnK4fxebPOR4AaABAg,UgxCihM-xnK4fxebPOR4AaABAg,dDRZ6AZbcfw,Malaysian Hawker Fights To Keep His Noodles Affordable As Food Prices Rise | Money Mind | Inflation,CNA Insider,https://www.youtube.com/watch?v=dDRZ6AZbcfw,2025-11-25T14:01:10Z,cost_of_living_public_policy,"& this happens during the premiership of a person who promises to have all the solutions to keep price down, when he was not in power, tq DAP for supporting this man",5d6bc4bb855208f0b09f,2025-12-03T08:21:59Z,2025-12-03T08:21:59Z,0,0,True,True,none,,2026-06-17T15:11:42.418011+00:00,raw,
YT_Ugwwen3Lfe_16aP3Mmd4AaABAg,YouTube,top_level_comment,Ugwwen3Lfe_16aP3Mmd4AaABAg,Ugwwen3Lfe_16aP3Mmd4AaABAg,dDRZ6AZbcfw,Malaysian Hawker Fights To Keep His Noodles Affordable As Food Prices Rise | Money Mind | Inflation,CNA Insider,https://www.youtube.com/watch?v=dDRZ6AZbcfw,2025-11-25T14:01:10Z,cost_of_living_public_policy,I just bought a tray of B grade eggs for RM 12,49fc449332521f8c1bf6,2025-12-02T10:12:49Z,2025-12-02T10:12:49Z,0,0,True,True,none,,2026-06-17T15:11:42.418024+00:00,raw,
YT_UgyxoctfRdRCfiYctHF4AaABAg,YouTube,top_level_comment,UgyxoctfRdRCfiYctHF4AaABAg,UgyxoctfRdRCfiYctHF4AaABAg,dDRZ6AZbcfw,Malaysian Hawker Fights To Keep His Noodles Affordable As Food Prices Rise | Money Mind | Inflation,CNA Insider,https://www.youtube.com/watch?v=dDRZ6AZbcfw,2025-11-25T14:01:10Z,cost_of_living_public_policy,Cna diverting egg prices in sgp.,7d69e2072cb1863e78f6,2025-12-01T04:21:11Z,2025-12-01T04:21:11Z,0,0,True,True,none,,2026-06-17T15:11:42.418036+00:00,raw,
YT_UgwAcKjZFy9HCsGbJDB4AaABAg,YouTube,top_level_comment,UgwAcKjZFy9HCsGbJDB4AaABAg,UgwAcKjZFy9HCsGbJDB4AaABAg,dDRZ6AZbcfw,Malaysian Hawker Fights To Keep His Noodles Affordable As Food Prices Rise | Money Mind | Inflation,CNA Insider,https://www.youtube.com/watch?v=dDRZ6AZbcfw,2025-11-25T14:01:10Z,cost_of_living_public_policy,If you want to open more chicken house find me ✌🏻,3a47df6d75cf4ff9fcbe,2025-11-30T09:47:55Z,2025-11-30T09:47:55Z,0,0,True,True,none,,2026-06-17T15:11:42.418051+00:00,raw,
YT_UgxZM-J2ZYpy2uRhTY94AaABAg,YouTube,top_level_comment,UgxZM-J2ZYpy2uRhTY94AaABAg,UgxZM-J2ZYpy2uRhTY94AaABAg,dDRZ6AZbcfw,Malaysian Hawker Fights To Keep His Noodles Affordable As Food Prices Rise | Money Mind | Inflation,CNA Insider,https://www.youtube.com/watch?v=dDRZ6AZbcfw,2025-11-25T14:01:10Z,cost_of_living_public_policy,Food prices and availability are controlled and manipulated by cartells. Just look at rice.,ce61f773903513516253,2025-11-30T09:26:41Z,2025-11-30T09:26:41Z,0,0,True,True,none,,2026-06-17T15:11:42.418066+00:00,raw,
YT_UgxpCoe_ZMTiyqvXCMt4AaABAg,YouTube,top_level_comment,UgxpCoe_ZMTiyqvXCMt4AaABAg,UgxpCoe_ZMTiyqvXCMt4AaABAg,dDRZ6AZbcfw,Malaysian Hawker Fights To Keep His Noodles Affordable As Food Prices Rise | Money Mind | Inflation,CNA Insider,https://www.youtube.com/watch?v=dDRZ6AZbcfw,2025-11-25T14:01:10Z,cost_of_living_public_policy,"Kesian malaydesh missqueen, telui mahal beras import mahal nak mengemis beras dr indonesia... 😂",9d213ea4cff1a728db33,2025-11-30T05:01:21Z,2025-11-30T05:01:21Z,0,0,True,True,none,,2026-06-17T15:11:42.418082+00:00,raw,
YT_Ugy9mSVsO2Mu2tUWO8d4AaABAg,YouTube,top_level_comment,Ugy9mSVsO2Mu2tUWO8d4AaABAg,Ugy9mSVsO2Mu2tUWO8d4AaABAg,dDRZ6AZbcfw,Malaysian Hawker Fights To Keep His Noodles Affordable As Food Prices Rise | Money Mind | Inflation,CNA Insider,https://www.youtube.com/watch?v=dDRZ6AZbcfw,2025-11-25T14:01:10Z,cost_of_living_public_policy,In Damansara Heights aka Bukit Damansara Kuala Lumpur Malaysia 🇲🇾 they are charging from RM 12 to RM 15 for a plate of noodle 🍜! Rice 🍚 especially pork rice 🍚 can 👌🏻 go up as high as RM 30 a plate and starts at RM 20 a plate 🍽 with very little pork ! And nobody complains and there are not enough seats 💺 there ! It could also be that there are only 2 hawker stalls in Bukit Damansara so no one 1⃣ complains ! …,2ba32760af2792716e5a,2025-11-29T09:29:59Z,2025-11-29T09:29:59Z,1,0,True,True,none,,2026-06-17T15:11:42.418113+00:00,raw,
YT_UgyE5Bx5UeCwIBUfyaN4AaABAg,YouTube,top_level_comment,UgyE5Bx5UeCwIBUfyaN4AaABAg,UgyE5Bx5UeCwIBUfyaN4AaABAg,dDRZ6AZbcfw,Malaysian Hawker Fights To Keep His Noodles Affordable As Food Prices Rise | Money Mind | Inflation,CNA Insider,https://www.youtube.com/watch?v=dDRZ6AZbcfw,2025-11-25T14:01:10Z,cost_of_living_public_policy,sg all ok. malaysia many problems. dont propaganga until like that la...,981fdc098759a21b064f,2025-11-29T07:55:47Z,2025-11-29T07:55:47Z,0,0,True,True,none,,2026-06-17T15:11:42.418126+00:00,raw,
YT_Ugy5hpJGr3o2JNvE12t4AaABAg,YouTube,top_level_comment,Ugy5hpJGr3o2JNvE12t4AaABAg,Ugy5hpJGr3o2JNvE12t4AaABAg,dDRZ6AZbcfw,Malaysian Hawker Fights To Keep His Noodles Affordable As Food Prices Rise | Money Mind | Inflation,CNA Insider,https://www.youtube.com/watch?v=dDRZ6AZbcfw,2025-11-25T14:01:10Z,cost_of_living_public_policy,Seriously the egg is costing RM20 per tray today? Malaysians let's go buy egg from Singapore from now on.,e0fe08cbb466b1811087,2025-11-29T00:28:41Z,2025-11-29T00:28:41Z,0,0,True,True,none,,2026-06-17T15:11:42.418140+00:00,raw,
YT_Ugw-4VL8m6tGsBK2wTN4AaABAg,YouTube,top_level_comment,Ugw-4VL8m6tGsBK2wTN4AaABAg,Ugw-4VL8m6tGsBK2wTN4AaABAg,dDRZ6AZbcfw,Malaysian Hawker Fights To Keep His Noodles Affordable As Food Prices Rise | Money Mind | Inflation,CNA Insider,https://www.youtube.com/watch?v=dDRZ6AZbcfw,2025-11-25T14:01:10Z,cost_of_living_public_policy,"CNA has to dig up some story about egg prices all the way up in sarawak to show singaporeans how 'good' their lives are compared to their neighbours. the irony is sarawak, although part of malaysia is far away on the other side of the south china sea. why don't you report on the problems facing singaporeans instead of using a TELESCOPE to spy and talk about your neighbour across the sea??!! BTW, the title is a LIE! the price of egg has increased but not doubled.",dfba1f0de389fbdbe805,2025-11-28T12:47:39Z,2025-11-28T12:47:39Z,0,0,True,True,none,,2026-06-17T15:11:42.418167+00:00,raw,
YT_UgwmcifNYU5Z2n1kIPd4AaABAg,YouTube,top_level_comment,UgwmcifNYU5Z2n1kIPd4AaABAg,UgwmcifNYU5Z2n1kIPd4AaABAg,dDRZ6AZbcfw,Malaysian Hawker Fights To Keep His Noodles Affordable As Food Prices Rise | Money Mind | Inflation,CNA Insider,https://www.youtube.com/watch?v=dDRZ6AZbcfw,2025-11-25T14:01:10Z,cost_of_living_public_policy,Why egg's price double ?,2f12ac543600f42cf2ee,2025-11-28T11:55:56Z,2025-11-28T11:55:56Z,0,0,True,True,none,,2026-06-17T15:11:42.418179+00:00,raw,
YT_UgwbHLfYEkB_DUWlxE14AaABAg,YouTube,top_level_comment,UgwbHLfYEkB_DUWlxE14AaABAg,UgwbHLfYEkB_DUWlxE14AaABAg,dDRZ6AZbcfw,Malaysian Hawker Fights To Keep His Noodles Affordable As Food Prices Rise | Money Mind | Inflation,CNA Insider,https://www.youtube.com/watch?v=dDRZ6AZbcfw,2025-11-25T14:01:10Z,cost_of_living_public_policy,"This is because over the last decade there has been a conglomeration of egg farms in both East Malaysian states by bigger players in the farm industry (particularly from the west). While prices in East Malaysia have been higher than west, it has normally been marginal, less still when there are local industries. What they have effectively done now is artificially supply towards the more expensive variants (which is realistically only a different feed) and the market noticeably contains significantly less 'non-marketable' variants. And because for us East Malaysians, we have governments that are non-functional, these are issues that are seen as a fact of life rather than something to be fixed. As i live in both east and west malaysia, i can attest that where eggs started at ~RM10 per tray of 30 eggs in 2018, they are now ~RM20 after a round of avian flu forcing up prices, and never recovering after, while i comfortably see prices of eggs start at ~RM11 in and around the klang valley.",c70b4aec2bfa4c18cebe,2025-11-28T09:55:56Z,2025-11-28T10:00:17Z,1,0,True,True,none,,2026-06-17T15:11:42.418224+00:00,raw,
YT_UgyVKB9BTsYejsRuX814AaABAg,YouTube,top_level_comment,UgyVKB9BTsYejsRuX814AaABAg,UgyVKB9BTsYejsRuX814AaABAg,dDRZ6AZbcfw,Malaysian Hawker Fights To Keep His Noodles Affordable As Food Prices Rise | Money Mind | Inflation,CNA Insider,https://www.youtube.com/watch?v=dDRZ6AZbcfw,2025-11-25T14:01:10Z,cost_of_living_public_policy,"Price issue is common in Malaysia the main problem is developer who tends to use or buy the farming land to build their houses which made a lot of things worse overtime that’s why the food pricing increase has gotten even worse lately just to point out. There is common issue, but sometimes the government moles who are just too incompetent just want to pocket the money all the time and making a lot of stupid noises. Well the main problem may as well ignore blocked by unknown entity most of the time is either by loyal or some rich prick PS this is an delicate issue that’s been ongoing for somewhat 10 to 8 years. Move forward and backwards just a lot of BS.",2e29a5024ae59636709c,2025-11-28T06:33:21Z,2025-11-28T06:34:23Z,0,0,True,True,none,,2026-06-17T15:11:42.418262+00:00,raw,
YT_Ugw-d5JU9c0F4gfqGeF4AaABAg,YouTube,top_level_comment,Ugw-d5JU9c0F4gfqGeF4AaABAg,Ugw-d5JU9c0F4gfqGeF4AaABAg,dDRZ6AZbcfw,Malaysian Hawker Fights To Keep His Noodles Affordable As Food Prices Rise | Money Mind | Inflation,CNA Insider,https://www.youtube.com/watch?v=dDRZ6AZbcfw,2025-11-25T14:01:10Z,cost_of_living_public_policy,"In certain town in east malaysia, there are some mafia tun town. They controlled everything. Basically from oil, egg, vege, flour all the basic necessity to product like beer and alcohol, the kongsi gelap controlled everything. You have a product want to sell to east malaysia, and youre trying to find local distributor over there? Good luck not approaching one of them. Dont ask me why i know. Last time when i try to sell a drink to certain town, they find my local distributor over there and tell him this place belong to them and no other drink can come in. If you wish to sell, then that town distributionship must give them. So you can imagine what type of margin they are marking up. They can blame it all on shipping cost etc but lets be real, shipping from WM to EM how expensive can it be.",5f4b0c63696dae6d3e87,2025-11-28T01:51:37Z,2025-11-28T01:51:37Z,8,1,True,True,none,,2026-06-17T15:11:42.418299+00:00,raw,
YT_Ugw6rUYSuEJQfxSKbZ94AaABAg,YouTube,top_level_comment,Ugw6rUYSuEJQfxSKbZ94AaABAg,Ugw6rUYSuEJQfxSKbZ94AaABAg,dDRZ6AZbcfw,Malaysian Hawker Fights To Keep His Noodles Affordable As Food Prices Rise | Money Mind | Inflation,CNA Insider,https://www.youtube.com/watch?v=dDRZ6AZbcfw,2025-11-25T14:01:10Z,cost_of_living_public_policy,CNA couldn't find other hawkers to speak to? Poor reporting as always!,db0f87f980d2ef504ba7,2025-11-28T00:40:37Z,2025-11-28T00:40:37Z,0,0,True,True,none,,2026-06-17T15:11:42.418320+00:00,raw,
YT_UgwuRBP82tNJMrz7tPx4AaABAg,YouTube,top_level_comment,UgwuRBP82tNJMrz7tPx4AaABAg,UgwuRBP82tNJMrz7tPx4AaABAg,dDRZ6AZbcfw,Malaysian Hawker Fights To Keep His Noodles Affordable As Food Prices Rise | Money Mind | Inflation,CNA Insider,https://www.youtube.com/watch?v=dDRZ6AZbcfw,2025-11-25T14:01:10Z,cost_of_living_public_policy,Hope his business will be better soon 🙏,53b3e6da12526849cbc7,2025-11-27T20:35:59Z,2025-11-27T20:35:59Z,0,0,True,True,none,,2026-06-17T15:11:42.418334+00:00,raw,
YT_UgyWBuHS5XcSy6mhTE94AaABAg,YouTube,top_level_comment,UgyWBuHS5XcSy6mhTE94AaABAg,UgyWBuHS5XcSy6mhTE94AaABAg,dDRZ6AZbcfw,Malaysian Hawker Fights To Keep His Noodles Affordable As Food Prices Rise | Money Mind | Inflation,CNA Insider,https://www.youtube.com/watch?v=dDRZ6AZbcfw,2025-11-25T14:01:10Z,cost_of_living_public_policy,Working more than 10 hours a day and DJ-ing at night? What an overworked life! He really needs to take better care of his health. 😮😮,2d0eeccebeb3baee92ed,2025-11-27T15:11:55Z,2025-11-27T15:11:55Z,1,0,True,True,none,,2026-06-17T15:11:42.418351+00:00,raw,
YT_Ugwi-bCJGOxazbaemnh4AaABAg,YouTube,top_level_comment,Ugwi-bCJGOxazbaemnh4AaABAg,Ugwi-bCJGOxazbaemnh4AaABAg,dDRZ6AZbcfw,Malaysian Hawker Fights To Keep His Noodles Affordable As Food Prices Rise | Money Mind | Inflation,CNA Insider,https://www.youtube.com/watch?v=dDRZ6AZbcfw,2025-11-25T14:01:10Z,cost_of_living_public_policy,50rm raise every 3 months? 4 staff 200rm * 4 quarters: 1200rm per year additional cost,0c65e514e83e470a7cc6,2025-11-27T14:15:35Z,2025-11-27T14:15:35Z,0,0,True,True,none,,2026-06-17T15:11:42.418365+00:00,raw,
YT_UgxFqeRtSaq7wFI9Ivt4AaABAg,YouTube,top_level_comment,UgxFqeRtSaq7wFI9Ivt4AaABAg,UgxFqeRtSaq7wFI9Ivt4AaABAg,dDRZ6AZbcfw,Malaysian Hawker Fights To Keep His Noodles Affordable As Food Prices Rise | Money Mind | Inflation,CNA Insider,https://www.youtube.com/watch?v=dDRZ6AZbcfw,2025-11-25T14:01:10Z,cost_of_living_public_policy,Can you make small VS large portions at different price points?,98af842177c4438dc5c7,2025-11-27T12:16:37Z,2025-11-27T12:16:37Z,0,0,True,True,none,,2026-06-17T15:11:42.418380+00:00,raw,
YT_UgxR7Kp8n03glL4A4kV4AaABAg,YouTube,top_level_comment,UgxR7Kp8n03glL4A4kV4AaABAg,UgxR7Kp8n03glL4A4kV4AaABAg,dDRZ6AZbcfw,Malaysian Hawker Fights To Keep His Noodles Affordable As Food Prices Rise | Money Mind | Inflation,CNA Insider,https://www.youtube.com/watch?v=dDRZ6AZbcfw,2025-11-25T14:01:10Z,cost_of_living_public_policy,"Juz close stall, made noodles n sell... delivery 🚚 to customer 😅😅😅",27127d539a18ccab2018,2025-11-27T11:17:41Z,2025-11-27T11:17:41Z,1,0,True,True,none,,2026-06-17T15:11:42.418393+00:00,raw,
YT_UgzLFxx3Eq9eJbEDqfl4AaABAg,YouTube,top_level_comment,UgzLFxx3Eq9eJbEDqfl4AaABAg,UgzLFxx3Eq9eJbEDqfl4AaABAg,dDRZ6AZbcfw,Malaysian Hawker Fights To Keep His Noodles Affordable As Food Prices Rise | Money Mind | Inflation,CNA Insider,https://www.youtube.com/watch?v=dDRZ6AZbcfw,2025-11-25T14:01:10Z,cost_of_living_public_policy,"I'm from JB and cost according to their grade i guess, theres grade ""D"" to ""Premium"" , range from rm8.90 to rm18 per tray of 30...🧐",f49b437ca38e676be2c6,2025-11-27T05:23:50Z,2025-11-27T05:23:50Z,0,0,True,True,none,,2026-06-17T15:11:42.418412+00:00,raw,
YT_UgzUdn-QpknQMXZjMFV4AaABAg,YouTube,top_level_comment,UgzUdn-QpknQMXZjMFV4AaABAg,UgzUdn-QpknQMXZjMFV4AaABAg,dDRZ6AZbcfw,Malaysian Hawker Fights To Keep His Noodles Affordable As Food Prices Rise | Money Mind | Inflation,CNA Insider,https://www.youtube.com/watch?v=dDRZ6AZbcfw,2025-11-25T14:01:10Z,cost_of_living_public_policy,it's extremely weird that it took CNA to point out and report problems that malaysia faced but our very own local media refused to do it and our politicians refused to talk about it,ce9e285d31f048b6eb5e,2025-11-27T04:54:54Z,2025-11-27T04:54:54Z,108,4,True,True,none,,2026-06-17T15:11:42.418429+00:00,raw,
YT_UgzOOo5mcGAwn8Q3qNZ4AaABAg,YouTube,top_level_comment,UgzOOo5mcGAwn8Q3qNZ4AaABAg,UgzOOo5mcGAwn8Q3qNZ4AaABAg,dDRZ6AZbcfw,Malaysian Hawker Fights To Keep His Noodles Affordable As Food Prices Rise | Money Mind | Inflation,CNA Insider,https://www.youtube.com/watch?v=dDRZ6AZbcfw,2025-11-25T14:01:10Z,cost_of_living_public_policy,"The price drop by the time this video are made. Early this month gred D price around RM 12, today is RM9.60. The price never consistent. During raya this year Gred C drop from RM 6 -4. I buy 3 tray at that time.",d342d48676b09f178c38,2025-11-27T03:44:39Z,2025-11-27T03:48:04Z,1,0,True,True,none,,2026-06-17T15:11:42.418446+00:00,raw,
YT_UgwhbMBgyhSCiE_1nZ54AaABAg,YouTube,top_level_comment,UgwhbMBgyhSCiE_1nZ54AaABAg,UgwhbMBgyhSCiE_1nZ54AaABAg,dDRZ6AZbcfw,Malaysian Hawker Fights To Keep His Noodles Affordable As Food Prices Rise | Money Mind | Inflation,CNA Insider,https://www.youtube.com/watch?v=dDRZ6AZbcfw,2025-11-25T14:01:10Z,cost_of_living_public_policy,Thank you brother Paul for understanding everybody’s struggle . And being a mastermind of operating a great community business,b4502e426e745fcb3d56,2025-11-27T02:16:41Z,2025-11-27T02:16:41Z,6,0,True,True,none,,2026-06-17T15:11:42.418464+00:00,raw,
YT_UgycVcoCZL5k21xSyZx4AaABAg,YouTube,top_level_comment,UgycVcoCZL5k21xSyZx4AaABAg,UgycVcoCZL5k21xSyZx4AaABAg,dDRZ6AZbcfw,Malaysian Hawker Fights To Keep His Noodles Affordable As Food Prices Rise | Money Mind | Inflation,CNA Insider,https://www.youtube.com/watch?v=dDRZ6AZbcfw,2025-11-25T14:01:10Z,cost_of_living_public_policy,Learn from china. Many close shop lor. Very good one😂,326eddff428adbc278f1,2025-11-27T00:25:08Z,2025-11-27T00:25:08Z,0,0,True,True,none,,2026-06-17T15:11:42.418478+00:00,raw,
YT_UgzB2iESjI-2WUuxcpJ4AaABAg,YouTube,top_level_comment,UgzB2iESjI-2WUuxcpJ4AaABAg,UgzB2iESjI-2WUuxcpJ4AaABAg,dDRZ6AZbcfw,Malaysian Hawker Fights To Keep His Noodles Affordable As Food Prices Rise | Money Mind | Inflation,CNA Insider,https://www.youtube.com/watch?v=dDRZ6AZbcfw,2025-11-25T14:01:10Z,cost_of_living_public_policy,Increase price lah. Until overthrow govt lor😂,326eddff428adbc278f1,2025-11-27T00:22:32Z,2025-11-27T00:22:32Z,0,0,True,True,none,,2026-06-17T15:11:42.418491+00:00,raw,
YT_UgyDn6P09vQGpKbfYjh4AaABAg,YouTube,top_level_comment,UgyDn6P09vQGpKbfYjh4AaABAg,UgyDn6P09vQGpKbfYjh4AaABAg,dDRZ6AZbcfw,Malaysian Hawker Fights To Keep His Noodles Affordable As Food Prices Rise | Money Mind | Inflation,CNA Insider,https://www.youtube.com/watch?v=dDRZ6AZbcfw,2025-11-25T14:01:10Z,cost_of_living_public_policy,Up price but no down one leh😂😂😂😂,326eddff428adbc278f1,2025-11-27T00:12:59Z,2025-11-27T00:12:59Z,0,0,True,True,none,,2026-06-17T15:11:42.418503+00:00,raw,
YT_UgzpOzApOJC_AA8ZRdJ4AaABAg,YouTube,top_level_comment,UgzpOzApOJC_AA8ZRdJ4AaABAg,UgzpOzApOJC_AA8ZRdJ4AaABAg,dDRZ6AZbcfw,Malaysian Hawker Fights To Keep His Noodles Affordable As Food Prices Rise | Money Mind | Inflation,CNA Insider,https://www.youtube.com/watch?v=dDRZ6AZbcfw,2025-11-25T14:01:10Z,cost_of_living_public_policy,Just go vegan,b91c67ff9ca34f7c9c11,2025-11-26T22:31:26Z,2025-11-26T22:31:26Z,0,0,True,True,none,,2026-06-17T15:11:42.418514+00:00,raw,
YT_Ugxi_W9Zp24K1bKxwTN4AaABAg,YouTube,top_level_comment,Ugxi_W9Zp24K1bKxwTN4AaABAg,Ugxi_W9Zp24K1bKxwTN4AaABAg,dDRZ6AZbcfw,Malaysian Hawker Fights To Keep His Noodles Affordable As Food Prices Rise | Money Mind | Inflation,CNA Insider,https://www.youtube.com/watch?v=dDRZ6AZbcfw,2025-11-25T14:01:10Z,cost_of_living_public_policy,"Maybe Paul could keep a RM5–7 budget plate with a smaller portion / fewer ingredients and clearly label it as a budget-friendly option, while also offering a ‘full’ version around RM12 with all the toppings for customers who can afford more.",de9d75ed09fed81015ba,2025-11-26T18:21:15Z,2025-11-26T18:21:15Z,49,4,True,True,none,,2026-06-17T15:11:42.418535+00:00,raw,
YT_UgzgxM95m1fq1HJYPF94AaABAg,YouTube,top_level_comment,UgzgxM95m1fq1HJYPF94AaABAg,UgzgxM95m1fq1HJYPF94AaABAg,dDRZ6AZbcfw,Malaysian Hawker Fights To Keep His Noodles Affordable As Food Prices Rise | Money Mind | Inflation,CNA Insider,https://www.youtube.com/watch?v=dDRZ6AZbcfw,2025-11-25T14:01:10Z,cost_of_living_public_policy,"F&B is just an inefficient business. There's so much manual labour, no way to automate and in some places, rents are high. Generally once an economy becomes developed, all these cottage industries and hawkers become an obsolete business",29d2f29108603f1bcdc1,2025-11-26T16:20:44Z,2025-11-26T16:20:44Z,0,0,True,True,none,,2026-06-17T15:11:42.418553+00:00,raw,
YT_UgyqHLXVuW6L143Ilad4AaABAg,YouTube,top_level_comment,UgyqHLXVuW6L143Ilad4AaABAg,UgyqHLXVuW6L143Ilad4AaABAg,dDRZ6AZbcfw,Malaysian Hawker Fights To Keep His Noodles Affordable As Food Prices Rise | Money Mind | Inflation,CNA Insider,https://www.youtube.com/watch?v=dDRZ6AZbcfw,2025-11-25T14:01:10Z,cost_of_living_public_policy,Why CNA busy body with our Malaysia F&B.We here have affordable price for our groceries.,67030aa1ea4c9c506f32,2025-11-26T14:31:56Z,2025-11-26T14:31:56Z,0,0,True,True,none,,2026-06-17T15:11:42.418567+00:00,raw,
YT_UgxyaZfmJFijfj516yx4AaABAg,YouTube,top_level_comment,UgxyaZfmJFijfj516yx4AaABAg,UgxyaZfmJFijfj516yx4AaABAg,dDRZ6AZbcfw,Malaysian Hawker Fights To Keep His Noodles Affordable As Food Prices Rise | Money Mind | Inflation,CNA Insider,https://www.youtube.com/watch?v=dDRZ6AZbcfw,2025-11-25T14:01:10Z,cost_of_living_public_policy,What eggs is he buying? There still plenty of egges around rm12 per tray in the supermarket ?,26e701a497f2f6b8ec5f,2025-11-26T10:57:43Z,2025-11-26T10:57:43Z,2,1,True,True,none,,2026-06-17T15:11:42.418581+00:00,raw,
YT_Ugx-G7tW2UCfAwX95sl4AaABAg,YouTube,top_level_comment,Ugx-G7tW2UCfAwX95sl4AaABAg,Ugx-G7tW2UCfAwX95sl4AaABAg,dDRZ6AZbcfw,Malaysian Hawker Fights To Keep His Noodles Affordable As Food Prices Rise | Money Mind | Inflation,CNA Insider,https://www.youtube.com/watch?v=dDRZ6AZbcfw,2025-11-25T14:01:10Z,cost_of_living_public_policy,I cook at home since covid lockdown.,d61526d56b564b261d40,2025-11-26T09:28:43Z,2025-11-26T09:28:43Z,1,0,True,True,none,,2026-06-17T15:11:42.418593+00:00,raw,
YT_Ugw7cnWTdPd3Vb6bN8F4AaABAg,YouTube,top_level_comment,Ugw7cnWTdPd3Vb6bN8F4AaABAg,Ugw7cnWTdPd3Vb6bN8F4AaABAg,dDRZ6AZbcfw,Malaysian Hawker Fights To Keep His Noodles Affordable As Food Prices Rise | Money Mind | Inflation,CNA Insider,https://www.youtube.com/watch?v=dDRZ6AZbcfw,2025-11-25T14:01:10Z,cost_of_living_public_policy,cna damn joker. go to east malaysia to do a expensive documentary. Director must be freaking lazy and only prioritizing finish the work. cna hired the wrong director.,55c248dec965e359c88b,2025-11-26T09:15:23Z,2025-11-26T09:15:23Z,3,0,True,True,none,,2026-06-17T15:11:42.418609+00:00,raw,
YT_UgzSzOMw1fLLJC-zQ_t4AaABAg,YouTube,top_level_comment,UgzSzOMw1fLLJC-zQ_t4AaABAg,UgzSzOMw1fLLJC-zQ_t4AaABAg,dDRZ6AZbcfw,Malaysian Hawker Fights To Keep His Noodles Affordable As Food Prices Rise | Money Mind | Inflation,CNA Insider,https://www.youtube.com/watch?v=dDRZ6AZbcfw,2025-11-25T14:01:10Z,cost_of_living_public_policy,Alright Mr. Dj,689138d2ab4c07960f33,2025-11-26T09:03:40Z,2025-11-26T09:03:40Z,0,0,True,True,none,,2026-06-17T15:11:42.418621+00:00,raw,
YT_Ugx8J-Zo9_-Wo2cYCKR4AaABAg,YouTube,top_level_comment,Ugx8J-Zo9_-Wo2cYCKR4AaABAg,Ugx8J-Zo9_-Wo2cYCKR4AaABAg,dDRZ6AZbcfw,Malaysian Hawker Fights To Keep His Noodles Affordable As Food Prices Rise | Money Mind | Inflation,CNA Insider,https://www.youtube.com/watch?v=dDRZ6AZbcfw,2025-11-25T14:01:10Z,cost_of_living_public_policy,"I think it's unreasonable for us customers to expect prices to remain while honest vendors eat themselves alive. When all these good vendors can no longer sustain and go under, the only choices we have left will be those unscrupulous ones.",a8be47e105e184c9626e,2025-11-26T08:45:49Z,2025-11-26T08:45:49Z,3,0,True,True,none,,2026-06-17T15:11:42.418639+00:00,raw,
YT_UgzrXoSDxxnaay2NtId4AaABAg,YouTube,top_level_comment,UgzrXoSDxxnaay2NtId4AaABAg,UgzrXoSDxxnaay2NtId4AaABAg,dDRZ6AZbcfw,Malaysian Hawker Fights To Keep His Noodles Affordable As Food Prices Rise | Money Mind | Inflation,CNA Insider,https://www.youtube.com/watch?v=dDRZ6AZbcfw,2025-11-25T14:01:10Z,cost_of_living_public_policy,Every1 cuts corner to compensate with cost. You find substitution.,06ac0cc98a96febb20a1,2025-11-26T07:08:19Z,2025-11-26T07:08:19Z,0,1,True,True,none,,2026-06-17T15:11:42.418652+00:00,raw,
YT_UgxY-39TAb9K5gJuUcR4AaABAg,YouTube,top_level_comment,UgxY-39TAb9K5gJuUcR4AaABAg,UgxY-39TAb9K5gJuUcR4AaABAg,dDRZ6AZbcfw,Malaysian Hawker Fights To Keep His Noodles Affordable As Food Prices Rise | Money Mind | Inflation,CNA Insider,https://www.youtube.com/watch?v=dDRZ6AZbcfw,2025-11-25T14:01:10Z,cost_of_living_public_policy,CNA should focus on Singapore own F&B issues which is collapsing. How many stores shutdown this year?,e83825506e9339b56689,2025-11-26T06:10:16Z,2025-11-26T06:10:16Z,16,2,True,True,none,,2026-06-17T15:11:42.418666+00:00,raw,
YT_UgyPzDS0j1AVbUZidc94AaABAg,YouTube,top_level_comment,UgyPzDS0j1AVbUZidc94AaABAg,UgyPzDS0j1AVbUZidc94AaABAg,dDRZ6AZbcfw,Malaysian Hawker Fights To Keep His Noodles Affordable As Food Prices Rise | Money Mind | Inflation,CNA Insider,https://www.youtube.com/watch?v=dDRZ6AZbcfw,2025-11-25T14:01:10Z,cost_of_living_public_policy,"Incredible Tenacity to survive....Congratulations to this ""Noodle Chef"" & part time D.J.....Good Luck and Good Health and Prosperity to Him....👍🙏👌",6c95cf9574a6dfa84cf2,2025-11-26T05:49:29Z,2025-11-26T05:49:29Z,1,0,True,True,none,,2026-06-17T15:11:42.418682+00:00,raw,
YT_UgwY62yAUIoNgCtmxB94AaABAg,YouTube,top_level_comment,UgwY62yAUIoNgCtmxB94AaABAg,UgwY62yAUIoNgCtmxB94AaABAg,dDRZ6AZbcfw,Malaysian Hawker Fights To Keep His Noodles Affordable As Food Prices Rise | Money Mind | Inflation,CNA Insider,https://www.youtube.com/watch?v=dDRZ6AZbcfw,2025-11-25T14:01:10Z,cost_of_living_public_policy,"Same goes to KL and Selangor urban area, Hawker stall hardship that others cant understand... not just the workload and including Social and Emotional Pressure and Stress.",ffe5c8f264bb59b625bd,2025-11-26T04:59:22Z,2025-11-26T04:59:22Z,1,1,True,True,none,,2026-06-17T15:11:42.418698+00:00,raw,
YT_Ugz0B1y2OTZVS3EB3fp4AaABAg,YouTube,top_level_comment,Ugz0B1y2OTZVS3EB3fp4AaABAg,Ugz0B1y2OTZVS3EB3fp4AaABAg,dDRZ6AZbcfw,Malaysian Hawker Fights To Keep His Noodles Affordable As Food Prices Rise | Money Mind | Inflation,CNA Insider,https://www.youtube.com/watch?v=dDRZ6AZbcfw,2025-11-25T14:01:10Z,cost_of_living_public_policy,Actually it's not 100% if you raise price you lose customers.. as a customer.. if a stall raise his prices by 10% I am not going to suddenly change my mind .. Unless he raise by 10% and his quality drops.. Or if he dun raise his prices.. then after a while . suddenly jumps by 25% So a slight but gradual increase is fine .if the quality is maintained,ae1fdfa8655974ce8bd9,2025-11-26T04:38:36Z,2025-11-26T04:38:36Z,0,1,True,True,none,,2026-06-17T15:11:42.418720+00:00,raw,
YT_Ugydad1NVRe5PzeZcEl4AaABAg,YouTube,top_level_comment,Ugydad1NVRe5PzeZcEl4AaABAg,Ugydad1NVRe5PzeZcEl4AaABAg,dDRZ6AZbcfw,Malaysian Hawker Fights To Keep His Noodles Affordable As Food Prices Rise | Money Mind | Inflation,CNA Insider,https://www.youtube.com/watch?v=dDRZ6AZbcfw,2025-11-25T14:01:10Z,cost_of_living_public_policy,7rm alot of money meh? U aiming the poor low class sampah la. Make it 12rm and make the quality good la. Ppl will go. I will happily pay. Let the poor cheap shit go eat cibai can d,4687ae32515b66bf48fb,2025-11-26T03:43:40Z,2025-11-26T03:43:40Z,0,0,True,True,none,,2026-06-17T15:11:42.418737+00:00,raw,
YT_UgzZ6DolckjaodqVc954AaABAg,YouTube,top_level_comment,UgzZ6DolckjaodqVc954AaABAg,UgzZ6DolckjaodqVc954AaABAg,dDRZ6AZbcfw,Malaysian Hawker Fights To Keep His Noodles Affordable As Food Prices Rise | Money Mind | Inflation,CNA Insider,https://www.youtube.com/watch?v=dDRZ6AZbcfw,2025-11-25T14:01:10Z,cost_of_living_public_policy,How would the war in Ukraine impact egg prices?,e688cbfa39e2d5caa171,2025-11-26T03:20:48Z,2025-11-26T03:20:48Z,0,2,True,True,none,,2026-06-17T15:11:42.418749+00:00,raw,
YT_UgxFcCpxO2iIANSt3j94AaABAg,YouTube,top_level_comment,UgxFcCpxO2iIANSt3j94AaABAg,UgxFcCpxO2iIANSt3j94AaABAg,dDRZ6AZbcfw,Malaysian Hawker Fights To Keep His Noodles Affordable As Food Prices Rise | Money Mind | Inflation,CNA Insider,https://www.youtube.com/watch?v=dDRZ6AZbcfw,2025-11-25T14:01:10Z,cost_of_living_public_policy,"its actually cheap, in philippines egg cost 24 ringgit per tray of 30 eggs and malaysia have double the minimum wage than ours",a4f4caa6758d26521bf4,2025-11-26T02:02:23Z,2025-11-26T02:02:23Z,5,0,True,True,none,,2026-06-17T15:11:42.418764+00:00,raw,
YT_Ugzu-8Fxp-aEmoXMlW94AaABAg,YouTube,top_level_comment,Ugzu-8Fxp-aEmoXMlW94AaABAg,Ugzu-8Fxp-aEmoXMlW94AaABAg,dDRZ6AZbcfw,Malaysian Hawker Fights To Keep His Noodles Affordable As Food Prices Rise | Money Mind | Inflation,CNA Insider,https://www.youtube.com/watch?v=dDRZ6AZbcfw,2025-11-25T14:01:10Z,cost_of_living_public_policy,Hard working man but profits are though to earn,a0ef117ea6bcfd5c4488,2025-11-26T01:59:56Z,2025-11-26T01:59:56Z,0,0,True,True,none,,2026-06-17T15:11:42.418775+00:00,raw,
YT_UgzOtjMwoNRQSTKukAl4AaABAg,YouTube,top_level_comment,UgzOtjMwoNRQSTKukAl4AaABAg,UgzOtjMwoNRQSTKukAl4AaABAg,dDRZ6AZbcfw,Malaysian Hawker Fights To Keep His Noodles Affordable As Food Prices Rise | Money Mind | Inflation,CNA Insider,https://www.youtube.com/watch?v=dDRZ6AZbcfw,2025-11-25T14:01:10Z,cost_of_living_public_policy,"You cant squeeze your margin forever to keep your business afloat and eventually making losses then close the business. A healthy margin keep the business survive, yes if you increase price you loss customer, but they eventually come back to you when their income increased. 山不转路转。Learned the Tony AirAsia strategy, example noodle kosong (RM 3) plus additional ingredient and vary portion at additional price. Whoever cant afford expensive, may go for cheaper, whoever can afford will eat better. Starting of the Month ear nicely, end of the month eat noodle kosong.... lol",ddc273760462eeafeabe,2025-11-26T00:58:23Z,2025-11-26T00:58:23Z,0,3,True,True,none,,2026-06-17T15:11:42.418807+00:00,raw,
YT_UgzR0rXcKosswZY8eG54AaABAg,YouTube,top_level_comment,UgzR0rXcKosswZY8eG54AaABAg,UgzR0rXcKosswZY8eG54AaABAg,dDRZ6AZbcfw,Malaysian Hawker Fights To Keep His Noodles Affordable As Food Prices Rise | Money Mind | Inflation,CNA Insider,https://www.youtube.com/watch?v=dDRZ6AZbcfw,2025-11-25T14:01:10Z,cost_of_living_public_policy,Good luck Paul! We're all rooting for you,fe7a5548865a4475ef5f,2025-11-26T00:46:45Z,2025-11-26T00:46:45Z,1,0,True,True,none,,2026-06-17T15:11:42.418819+00:00,raw,
YT_UgwywaaJ55UB8rriFmV4AaABAg,YouTube,top_level_comment,UgwywaaJ55UB8rriFmV4AaABAg,UgwywaaJ55UB8rriFmV4AaABAg,dDRZ6AZbcfw,Malaysian Hawker Fights To Keep His Noodles Affordable As Food Prices Rise | Money Mind | Inflation,CNA Insider,https://www.youtube.com/watch?v=dDRZ6AZbcfw,2025-11-25T14:01:10Z,cost_of_living_public_policy,Most likely he will do illegal business soon like most chinese who r not educated and want to live good life...,8819f568ccea95330f36,2025-11-26T00:32:35Z,2025-11-26T00:32:35Z,0,1,True,True,none,,2026-06-17T15:11:42.418833+00:00,raw,
YT_UgzTgIJPxtRCSYaPzBN4AaABAg,YouTube,top_level_comment,UgzTgIJPxtRCSYaPzBN4AaABAg,UgzTgIJPxtRCSYaPzBN4AaABAg,dDRZ6AZbcfw,Malaysian Hawker Fights To Keep His Noodles Affordable As Food Prices Rise | Money Mind | Inflation,CNA Insider,https://www.youtube.com/watch?v=dDRZ6AZbcfw,2025-11-25T14:01:10Z,cost_of_living_public_policy,CNA is giving the wrong impression. Eggs cost 9 to 12 Ringgit for 30 in JB and west Malaysia. In East Malaysia everything has always cost more.,ac438e617d45c5c2127c,2025-11-25T23:58:16Z,2025-11-25T23:58:16Z,73,17,True,True,none,,2026-06-17T15:11:42.418848+00:00,raw,
YT_UgwBX8aVESoAE-3noX54AaABAg,YouTube,top_level_comment,UgwBX8aVESoAE-3noX54AaABAg,UgwBX8aVESoAE-3noX54AaABAg,dDRZ6AZbcfw,Malaysian Hawker Fights To Keep His Noodles Affordable As Food Prices Rise | Money Mind | Inflation,CNA Insider,https://www.youtube.com/watch?v=dDRZ6AZbcfw,2025-11-25T14:01:10Z,cost_of_living_public_policy,If price increase then everything will increase as well. How to lose customer when all the other hawker also will have increase to cover cost? This is getting absurd!🤣🤣,c9104f422eb881b6a310,2025-11-25T22:33:04Z,2025-11-25T22:33:04Z,6,0,True,True,none,,2026-06-17T15:11:42.418866+00:00,raw,
YT_UgwFHkRyUYRdNxadiVZ4AaABAg,YouTube,top_level_comment,UgwFHkRyUYRdNxadiVZ4AaABAg,UgwFHkRyUYRdNxadiVZ4AaABAg,dDRZ6AZbcfw,Malaysian Hawker Fights To Keep His Noodles Affordable As Food Prices Rise | Money Mind | Inflation,CNA Insider,https://www.youtube.com/watch?v=dDRZ6AZbcfw,2025-11-25T14:01:10Z,cost_of_living_public_policy,Meanwhile the landlords are collecting rental unit hands are shaking,de270ef9c5832e2c9190,2025-11-25T22:17:40Z,2025-11-25T22:17:40Z,1,0,True,True,none,,2026-06-17T15:11:42.418878+00:00,raw,
YT_Ugxr_XcHr27R7jOKmTt4AaABAg,YouTube,top_level_comment,Ugxr_XcHr27R7jOKmTt4AaABAg,Ugxr_XcHr27R7jOKmTt4AaABAg,dDRZ6AZbcfw,Malaysian Hawker Fights To Keep His Noodles Affordable As Food Prices Rise | Money Mind | Inflation,CNA Insider,https://www.youtube.com/watch?v=dDRZ6AZbcfw,2025-11-25T14:01:10Z,cost_of_living_public_policy,Thanks to Anwar and Pakatan Harapan for fooling their voters and making life extremely difficult for its people!,4b3a1b4ae06622373c92,2025-11-25T22:04:59Z,2025-11-25T22:04:59Z,4,8,True,True,none,,2026-06-17T15:11:42.418892+00:00,raw,
YT_UgwqThkiWpkGWvyDhzN4AaABAg,YouTube,top_level_comment,UgwqThkiWpkGWvyDhzN4AaABAg,UgwqThkiWpkGWvyDhzN4AaABAg,dDRZ6AZbcfw,Malaysian Hawker Fights To Keep His Noodles Affordable As Food Prices Rise | Money Mind | Inflation,CNA Insider,https://www.youtube.com/watch?v=dDRZ6AZbcfw,2025-11-25T14:01:10Z,cost_of_living_public_policy,Dam Trump has his affect everywhere!… it’s all Trumps fault!,fe1d423fde597223b304,2025-11-25T20:29:29Z,2025-11-25T20:29:29Z,1,1,True,True,none,,2026-06-17T15:11:42.418906+00:00,raw,
YT_Ugz9evZ32URE3cXvxoh4AaABAg,YouTube,top_level_comment,Ugz9evZ32URE3cXvxoh4AaABAg,Ugz9evZ32URE3cXvxoh4AaABAg,dDRZ6AZbcfw,Malaysian Hawker Fights To Keep His Noodles Affordable As Food Prices Rise | Money Mind | Inflation,CNA Insider,https://www.youtube.com/watch?v=dDRZ6AZbcfw,2025-11-25T14:01:10Z,cost_of_living_public_policy,"Sad, everything where also increase price. Paul is one of the few… most just increase price and take the easy way out. Others went go one step further, they loot the situation to increase price in disproportionate ways",d04f94e4984a0925665c,2025-11-25T19:30:20Z,2025-11-25T19:32:14Z,0,0,True,True,none,,2026-06-17T15:11:42.418925+00:00,raw,
YT_Ugy0WZqNxV-vaOl3fqB4AaABAg,YouTube,top_level_comment,Ugy0WZqNxV-vaOl3fqB4AaABAg,Ugy0WZqNxV-vaOl3fqB4AaABAg,dDRZ6AZbcfw,Malaysian Hawker Fights To Keep His Noodles Affordable As Food Prices Rise | Money Mind | Inflation,CNA Insider,https://www.youtube.com/watch?v=dDRZ6AZbcfw,2025-11-25T14:01:10Z,cost_of_living_public_policy,"CNA Insider is doing quite a bad job, they're too lazy to research enough sample size for data accuracy and always make conclusion based on only one sample just like this hawker stall. surely this will be the outcome when they interview a hawker stall that is struggling or with insufficient customers. i don't think those famous good business hawker stall will have this kind of concern, they'll just raise their price without batting an eye.",d4ed59fd0d3f84f1732a,2025-11-25T17:48:41Z,2025-11-25T17:48:41Z,4,2,True,True,none,,2026-06-17T15:11:42.418949+00:00,raw,
YT_UgxvroXA8LynDdxV0hd4AaABAg,YouTube,top_level_comment,UgxvroXA8LynDdxV0hd4AaABAg,UgxvroXA8LynDdxV0hd4AaABAg,dDRZ6AZbcfw,Malaysian Hawker Fights To Keep His Noodles Affordable As Food Prices Rise | Money Mind | Inflation,CNA Insider,https://www.youtube.com/watch?v=dDRZ6AZbcfw,2025-11-25T14:01:10Z,cost_of_living_public_policy,"This is what you call a death spiral, as you get more tired and gain less income, eventually it becomes not viable. Its best to think of alternatives ahead of time, even closing the business is an alternative, rather than waiting for it to be in so much debt it is impossible to liquidate.",9699dfe407dcd87d14c4,2025-11-25T17:28:11Z,2025-11-25T17:28:11Z,23,7,True,True,none,,2026-06-17T15:11:42.418968+00:00,raw,
YT_UgxOLBieyi9uX3RJWXZ4AaABAg,YouTube,top_level_comment,UgxOLBieyi9uX3RJWXZ4AaABAg,UgxOLBieyi9uX3RJWXZ4AaABAg,dDRZ6AZbcfw,Malaysian Hawker Fights To Keep His Noodles Affordable As Food Prices Rise | Money Mind | Inflation,CNA Insider,https://www.youtube.com/watch?v=dDRZ6AZbcfw,2025-11-25T14:01:10Z,cost_of_living_public_policy,"RM20 for 30 eggs is cheap. Over here, we are paying 12 RMB for a dozen... wtf lol..",4accc21e738705bbc0a5,2025-11-25T15:39:08Z,2025-11-25T15:39:08Z,6,1,True,True,none,,2026-06-17T15:11:42.418982+00:00,raw,
YT_UgyAxJ9-Gvm0uHxshgN4AaABAg,YouTube,top_level_comment,UgyAxJ9-Gvm0uHxshgN4AaABAg,UgyAxJ9-Gvm0uHxshgN4AaABAg,dDRZ6AZbcfw,Malaysian Hawker Fights To Keep His Noodles Affordable As Food Prices Rise | Money Mind | Inflation,CNA Insider,https://www.youtube.com/watch?v=dDRZ6AZbcfw,2025-11-25T14:01:10Z,cost_of_living_public_policy,"The egg market, a devious place",9f484383af8ccb14516d,2025-11-25T15:16:13Z,2025-11-25T15:16:13Z,1,2,True,True,none,,2026-06-17T15:11:42.418993+00:00,raw,
YT_UgyM72IV31TeXBx_k5B4AaABAg,YouTube,top_level_comment,UgyM72IV31TeXBx_k5B4AaABAg,UgyM72IV31TeXBx_k5B4AaABAg,dDRZ6AZbcfw,Malaysian Hawker Fights To Keep His Noodles Affordable As Food Prices Rise | Money Mind | Inflation,CNA Insider,https://www.youtube.com/watch?v=dDRZ6AZbcfw,2025-11-25T14:01:10Z,cost_of_living_public_policy,"Its an east Malaysian problem. Y'all have no population, minimal manufacturing, and just higher cost of distribution. People in Semanjung can be cheaper than in Indonesia.",2d12907d97db804b4952,2025-11-25T14:53:40Z,2025-11-25T14:53:40Z,3,0,True,True,none,,2026-06-17T15:11:42.419009+00:00,raw,
YT_UgyqbvIM9SaWej6H2Xp4AaABAg,YouTube,top_level_comment,UgyqbvIM9SaWej6H2Xp4AaABAg,UgyqbvIM9SaWej6H2Xp4AaABAg,dDRZ6AZbcfw,Malaysian Hawker Fights To Keep His Noodles Affordable As Food Prices Rise | Money Mind | Inflation,CNA Insider,https://www.youtube.com/watch?v=dDRZ6AZbcfw,2025-11-25T14:01:10Z,cost_of_living_public_policy,raise price if you must..,1630a9f950c7b2153f06,2025-11-25T14:44:36Z,2025-11-25T14:44:36Z,4,0,True,True,none,,2026-06-17T15:11:42.419020+00:00,raw,
YT_UgwpW707RILHgfdlZTZ4AaABAg,YouTube,top_level_comment,UgwpW707RILHgfdlZTZ4AaABAg,UgwpW707RILHgfdlZTZ4AaABAg,dDRZ6AZbcfw,Malaysian Hawker Fights To Keep His Noodles Affordable As Food Prices Rise | Money Mind | Inflation,CNA Insider,https://www.youtube.com/watch?v=dDRZ6AZbcfw,2025-11-25T14:01:10Z,cost_of_living_public_policy,Only in east Malaysia. Eggs price is RM11/12 per tray of 30 in west Malaysia.,281c323332bc12554f38,2025-11-25T14:23:23Z,2025-11-25T14:23:23Z,31,16,True,True,none,,2026-06-17T15:11:42.419033+00:00,raw,
YT_UgyGvXgzp4Z12GttWgx4AaABAg,YouTube,top_level_comment,UgyGvXgzp4Z12GttWgx4AaABAg,UgyGvXgzp4Z12GttWgx4AaABAg,dDRZ6AZbcfw,Malaysian Hawker Fights To Keep His Noodles Affordable As Food Prices Rise | Money Mind | Inflation,CNA Insider,https://www.youtube.com/watch?v=dDRZ6AZbcfw,2025-11-25T14:01:10Z,cost_of_living_public_policy,thank you anwar ibrahim for raising the price XD,cdf7154f7745a130e76c,2025-11-25T14:19:25Z,2025-11-25T14:19:25Z,5,7,True,True,none,,2026-06-17T15:11:42.419044+00:00,raw,
YT_Ugy3kQpyg7VK6vnxAbN4AaABAg,YouTube,top_level_comment,Ugy3kQpyg7VK6vnxAbN4AaABAg,Ugy3kQpyg7VK6vnxAbN4AaABAg,dDRZ6AZbcfw,Malaysian Hawker Fights To Keep His Noodles Affordable As Food Prices Rise | Money Mind | Inflation,CNA Insider,https://www.youtube.com/watch?v=dDRZ6AZbcfw,2025-11-25T14:01:10Z,cost_of_living_public_policy,Are you sure? I just checked and eggs are not RM20 for 30. Much less. RM11-15.,f22f25d669986351f24b,2025-11-25T14:18:45Z,2025-11-25T14:18:45Z,13,4,True,True,none,,2026-06-17T15:11:42.419071+00:00,raw,
YT_UgyrU91mdPzBG6FzG4Z4AaABAg,YouTube,top_level_comment,UgyrU91mdPzBG6FzG4Z4AaABAg,UgyrU91mdPzBG6FzG4Z4AaABAg,lWY3O9pFexo,KOS SARA HIDUP | PM Umum Butiran Penghargaan Untuk Rakyat Esok (BU),Buletin TV3,https://www.youtube.com/watch?v=lWY3O9pFexo,2025-07-22T12:11:44Z,cost_of_living_public_policy,Bg kt semua umur 18 keatas.. org kaya pon dpt skali.. hahaha.. yg simple pon xbole nk handle.. pastu kata rakyat xbersyukur bg 100.. hahaha..,de0b6cff58025a2347f5,2025-07-25T09:22:45Z,2025-07-25T09:22:45Z,0,0,True,True,none,,2026-06-17T15:11:38.329792+00:00,raw,
YT_UgwJRoHeVaYy8h2ISkJ4AaABAg,YouTube,top_level_comment,UgwJRoHeVaYy8h2ISkJ4AaABAg,UgwJRoHeVaYy8h2ISkJ4AaABAg,lWY3O9pFexo,KOS SARA HIDUP | PM Umum Butiran Penghargaan Untuk Rakyat Esok (BU),Buletin TV3,https://www.youtube.com/watch?v=lWY3O9pFexo,2025-07-22T12:11:44Z,cost_of_living_public_policy,Dgr bole percaya jgn 🙂,db542af371623b51a3d0,2025-07-24T22:21:27Z,2025-07-24T22:21:27Z,1,0,True,True,none,,2026-06-17T15:11:38.329820+00:00,raw,
YT_Ugy_-WQNXTpE45WZYYh4AaABAg,YouTube,top_level_comment,Ugy_-WQNXTpE45WZYYh4AaABAg,Ugy_-WQNXTpE45WZYYh4AaABAg,lWY3O9pFexo,KOS SARA HIDUP | PM Umum Butiran Penghargaan Untuk Rakyat Esok (BU),Buletin TV3,https://www.youtube.com/watch?v=lWY3O9pFexo,2025-07-22T12:11:44Z,cost_of_living_public_policy,Terima kasih kepada Perdana Menteri.,86a64e95a586a649701d,2025-07-24T09:59:07Z,2025-07-24T09:59:07Z,0,0,True,True,none,,2026-06-17T15:11:38.329834+00:00,raw,
YT_UgyEc3mUZfyvN23y0UJ4AaABAg,YouTube,top_level_comment,UgyEc3mUZfyvN23y0UJ4AaABAg,UgyEc3mUZfyvN23y0UJ4AaABAg,lWY3O9pFexo,KOS SARA HIDUP | PM Umum Butiran Penghargaan Untuk Rakyat Esok (BU),Buletin TV3,https://www.youtube.com/watch?v=lWY3O9pFexo,2025-07-22T12:11:44Z,cost_of_living_public_policy,PM TAX tolong jangan kacau elektrik air telur mee segera kami yg lain lantak kau la,8b16fd830b91463fb3e7,2025-07-23T13:09:44Z,2025-07-23T13:09:44Z,0,0,True,True,none,,2026-06-17T15:11:38.329848+00:00,raw,
YT_Ugz1RFY7n1sifLaV1q14AaABAg,YouTube,top_level_comment,Ugz1RFY7n1sifLaV1q14AaABAg,Ugz1RFY7n1sifLaV1q14AaABAg,lWY3O9pFexo,KOS SARA HIDUP | PM Umum Butiran Penghargaan Untuk Rakyat Esok (BU),Buletin TV3,https://www.youtube.com/watch?v=lWY3O9pFexo,2025-07-22T12:11:44Z,cost_of_living_public_policy,Tk da manfaat pn,11b564b7f21ca854cec5,2025-07-23T08:15:24Z,2025-07-23T08:15:24Z,1,0,True,True,none,,2026-06-17T15:11:38.329859+00:00,raw,
YT_UgyB2drTxwMutgVphQ14AaABAg,YouTube,top_level_comment,UgyB2drTxwMutgVphQ14AaABAg,UgyB2drTxwMutgVphQ14AaABAg,lWY3O9pFexo,KOS SARA HIDUP | PM Umum Butiran Penghargaan Untuk Rakyat Esok (BU),Buletin TV3,https://www.youtube.com/watch?v=lWY3O9pFexo,2025-07-22T12:11:44Z,cost_of_living_public_policy,"Dulu zaman hangpa (PN) padi, telur kurang hangpa tuduh Cina sorok barang..padahal Kerajaan 22 bulan tak buat kerja! Kerajaan Madani perform hang kata macam2.. diorang sekat kartel beras.. last2 Kantoi punca beras kurang dan harga tinggi sebab kilang dan kartel sorok beras..di Kedah pulak tu.. Tempat pembangkang. Mana Sanusi si panglima perang 😂 Infineon, projek mega dari Jerman, Anwar yang bawak masuk ke Kedah. Hangpa tumpang jasa orang. Last2 kata Anwar tak buat apa-apa.. Hangpa sebenarnya kaki putaq Alam..Anwar beri peruntukan naik taraf Pasar Siti Khadijah Kelantan, sekarang dah lawa..5 star..hangpa kata Anwar tak buat apa-apa..apa sebenarnya PN buat? Zaman Muhyiddin berapa ramai yang bunuh diri masa covid disebabkan tak boleh nak survive.siap angkat bendera putih.. Ekonomi merudum.. apa yang hangpa buat.. pikirlah sendiri kalau hangpa ada akal yang waras..",cdbc8ad9fc4df3358443,2025-07-23T08:00:03Z,2025-07-23T08:00:03Z,0,0,True,True,none,,2026-06-17T15:11:38.329904+00:00,raw,
YT_UgwMP1032JzV1l1RkKR4AaABAg,YouTube,top_level_comment,UgwMP1032JzV1l1RkKR4AaABAg,UgwMP1032JzV1l1RkKR4AaABAg,lWY3O9pFexo,KOS SARA HIDUP | PM Umum Butiran Penghargaan Untuk Rakyat Esok (BU),Buletin TV3,https://www.youtube.com/watch?v=lWY3O9pFexo,2025-07-22T12:11:44Z,cost_of_living_public_policy,Untuk rakyat Malaysia atau wrga asing ddk kt Malaysia yg selalu aku nmpk rakyat Malaysia tambh ssh ada lah... Untuk wrga asing ddk kt Malaysia tambh senang. Niaga suka tak lesen bawak kenderaan tak lesen memandu wrga asing... Menteri ckp semua tak guna untuk rakyat Malaysia pon. Guna untuk wrga asing saja.. Tanh org rakyat Malaysia hbs kena jual niaga rakyat Malaysia habis kena robh. Wrga asing niaga tak pon kena roboh pon.,5ec4c60ce7a5e245df13,2025-07-23T06:14:42Z,2025-07-23T06:14:42Z,3,1,True,True,none,,2026-06-17T15:11:38.329928+00:00,raw,
YT_Ugxw90uz-6bgSkAUmDp4AaABAg,YouTube,top_level_comment,Ugxw90uz-6bgSkAUmDp4AaABAg,Ugxw90uz-6bgSkAUmDp4AaABAg,lWY3O9pFexo,KOS SARA HIDUP | PM Umum Butiran Penghargaan Untuk Rakyat Esok (BU),Buletin TV3,https://www.youtube.com/watch?v=lWY3O9pFexo,2025-07-22T12:11:44Z,cost_of_living_public_policy,Nuar situ2 gak pusing dia hahahah,fae568b03582868ab0e8,2025-07-23T05:29:14Z,2025-07-23T05:29:14Z,0,0,True,True,none,,2026-06-17T15:11:38.329940+00:00,raw,
YT_UgypZcbN9YO2rVUSMit4AaABAg,YouTube,top_level_comment,UgypZcbN9YO2rVUSMit4AaABAg,UgypZcbN9YO2rVUSMit4AaABAg,lWY3O9pFexo,KOS SARA HIDUP | PM Umum Butiran Penghargaan Untuk Rakyat Esok (BU),Buletin TV3,https://www.youtube.com/watch?v=lWY3O9pFexo,2025-07-22T12:11:44Z,cost_of_living_public_policy,Gaji kerja dengan kehidupan harga barang tidak sama rata ini rakyat skrng dalam kesempitan hidup sedangkan hasil negara melimpah luas,444d76b1a1b8a3f19821,2025-07-23T04:31:56Z,2025-07-23T04:31:56Z,1,0,True,True,none,,2026-06-17T15:11:38.329954+00:00,raw,
YT_UgxMBWYQ_AadXCgCboN4AaABAg,YouTube,top_level_comment,UgxMBWYQ_AadXCgCboN4AaABAg,UgxMBWYQ_AadXCgCboN4AaABAg,lWY3O9pFexo,KOS SARA HIDUP | PM Umum Butiran Penghargaan Untuk Rakyat Esok (BU),Buletin TV3,https://www.youtube.com/watch?v=lWY3O9pFexo,2025-07-22T12:11:44Z,cost_of_living_public_policy,Very good 👍👍👍👍,653156983f5ca6b68688,2025-07-23T04:31:55Z,2025-07-23T04:31:55Z,0,0,True,True,none,,2026-06-17T15:11:38.329966+00:00,raw,
YT_Ugwc6JlsnJVzvsQA7kF4AaABAg,YouTube,top_level_comment,Ugwc6JlsnJVzvsQA7kF4AaABAg,Ugwc6JlsnJVzvsQA7kF4AaABAg,lWY3O9pFexo,KOS SARA HIDUP | PM Umum Butiran Penghargaan Untuk Rakyat Esok (BU),Buletin TV3,https://www.youtube.com/watch?v=lWY3O9pFexo,2025-07-22T12:11:44Z,cost_of_living_public_policy,Umum hampeh,817e05514f40622c4271,2025-07-23T04:29:55Z,2025-07-23T04:29:55Z,1,0,True,True,none,,2026-06-17T15:11:38.329976+00:00,raw,
YT_UgwbMw3ufZzkkoo8DBJ4AaABAg,YouTube,top_level_comment,UgwbMw3ufZzkkoo8DBJ4AaABAg,UgwbMw3ufZzkkoo8DBJ4AaABAg,lWY3O9pFexo,KOS SARA HIDUP | PM Umum Butiran Penghargaan Untuk Rakyat Esok (BU),Buletin TV3,https://www.youtube.com/watch?v=lWY3O9pFexo,2025-07-22T12:11:44Z,cost_of_living_public_policy,Senang kari je,0c35bf46667fa1095a45,2025-07-23T03:24:34Z,2025-07-23T03:24:34Z,1,0,True,True,none,,2026-06-17T15:11:38.329987+00:00,raw,
YT_Ugw7Z-JkQY31-p74hTd4AaABAg,YouTube,top_level_comment,Ugw7Z-JkQY31-p74hTd4AaABAg,Ugw7Z-JkQY31-p74hTd4AaABAg,lWY3O9pFexo,KOS SARA HIDUP | PM Umum Butiran Penghargaan Untuk Rakyat Esok (BU),Buletin TV3,https://www.youtube.com/watch?v=lWY3O9pFexo,2025-07-22T12:11:44Z,cost_of_living_public_policy,Zaman dulu semua murah orang melayu masih mengaku susah.,c509d42f6b7a14c33fad,2025-07-23T02:33:11Z,2025-07-23T02:33:11Z,0,0,True,True,none,,2026-06-17T15:11:38.329999+00:00,raw,
YT_UgzQLE_rovcv95JmVXN4AaABAg,YouTube,top_level_comment,UgzQLE_rovcv95JmVXN4AaABAg,UgzQLE_rovcv95JmVXN4AaABAg,lWY3O9pFexo,KOS SARA HIDUP | PM Umum Butiran Penghargaan Untuk Rakyat Esok (BU),Buletin TV3,https://www.youtube.com/watch?v=lWY3O9pFexo,2025-07-22T12:11:44Z,cost_of_living_public_policy,Fatamorgana Dn ketimbang,00cfdc08f40165da5010,2025-07-23T02:30:17Z,2025-07-23T02:31:13Z,0,0,True,True,none,,2026-06-17T15:11:38.330012+00:00,raw,
YT_UgywOa45mMAJNPKJyMJ4AaABAg,YouTube,top_level_comment,UgywOa45mMAJNPKJyMJ4AaABAg,UgywOa45mMAJNPKJyMJ4AaABAg,lWY3O9pFexo,KOS SARA HIDUP | PM Umum Butiran Penghargaan Untuk Rakyat Esok (BU),Buletin TV3,https://www.youtube.com/watch?v=lWY3O9pFexo,2025-07-22T12:11:44Z,cost_of_living_public_policy,Bangsa asing China terus berkerja.melayu terus berdemo supaya meskin sampai mati,c509d42f6b7a14c33fad,2025-07-23T02:15:51Z,2025-07-23T02:15:51Z,0,0,True,True,none,,2026-06-17T15:11:38.330025+00:00,raw,
YT_UgxDnC9vrFuUgvuYZM94AaABAg,YouTube,top_level_comment,UgxDnC9vrFuUgvuYZM94AaABAg,UgxDnC9vrFuUgvuYZM94AaABAg,lWY3O9pFexo,KOS SARA HIDUP | PM Umum Butiran Penghargaan Untuk Rakyat Esok (BU),Buletin TV3,https://www.youtube.com/watch?v=lWY3O9pFexo,2025-07-22T12:11:44Z,cost_of_living_public_policy,Bukan pm tumbang rakyat yang tumbang.,c509d42f6b7a14c33fad,2025-07-23T02:13:32Z,2025-07-23T02:13:32Z,0,0,True,True,none,,2026-06-17T15:11:38.330036+00:00,raw,
YT_Ugx5t6tgfXQwcsbqiSh4AaABAg,YouTube,top_level_comment,Ugx5t6tgfXQwcsbqiSh4AaABAg,Ugx5t6tgfXQwcsbqiSh4AaABAg,lWY3O9pFexo,KOS SARA HIDUP | PM Umum Butiran Penghargaan Untuk Rakyat Esok (BU),Buletin TV3,https://www.youtube.com/watch?v=lWY3O9pFexo,2025-07-22T12:11:44Z,cost_of_living_public_policy,Bukan duit rakyat duit kerajaan hasil dari cukai. Kalau rakyat tidak berkerja tak dapat duit. Kalau duit rakyat tak payahlah kerja.duduk diam di rumah mintalah duit rakyat.tak sampai sebulan negara lingkup.,c509d42f6b7a14c33fad,2025-07-23T02:11:24Z,2025-07-23T02:11:24Z,0,0,True,True,none,,2026-06-17T15:11:38.330052+00:00,raw,
YT_Ugwv_gqMEe6hwPRrNaZ4AaABAg,YouTube,top_level_comment,Ugwv_gqMEe6hwPRrNaZ4AaABAg,Ugwv_gqMEe6hwPRrNaZ4AaABAg,lWY3O9pFexo,KOS SARA HIDUP | PM Umum Butiran Penghargaan Untuk Rakyat Esok (BU),Buletin TV3,https://www.youtube.com/watch?v=lWY3O9pFexo,2025-07-22T12:11:44Z,cost_of_living_public_policy,Kalau beri melayu ikan dia akan dapat makan sekali.kalau beri pukat ikan melayu dapat makan sampai mati. Melayu kalau beri sebesar gunung wang ringgit mungkin tak sampai sebulan selesai.nt mereka ugut pm letak jawatan bila duit dah habis. Itulah melayu.,c509d42f6b7a14c33fad,2025-07-23T02:07:46Z,2025-07-23T02:07:46Z,0,0,True,True,none,,2026-06-17T15:11:38.330071+00:00,raw,
YT_Ugz1yft8YZ60syu18CN4AaABAg,YouTube,top_level_comment,Ugz1yft8YZ60syu18CN4AaABAg,Ugz1yft8YZ60syu18CN4AaABAg,lWY3O9pFexo,KOS SARA HIDUP | PM Umum Butiran Penghargaan Untuk Rakyat Esok (BU),Buletin TV3,https://www.youtube.com/watch?v=lWY3O9pFexo,2025-07-22T12:11:44Z,cost_of_living_public_policy,Penghargaan luar biasa dia umum kunyit turun harga sekilo 2 sen dalam tempoh 24 jam.penghargaan luar tabi'' betul la,536204e0365f21de7978,2025-07-23T01:56:28Z,2025-07-23T01:56:28Z,0,0,True,True,none,,2026-06-17T15:11:38.330084+00:00,raw,
YT_UgxlP-vUaButb9R_4QV4AaABAg,YouTube,top_level_comment,UgxlP-vUaButb9R_4QV4AaABAg,UgxlP-vUaButb9R_4QV4AaABAg,lWY3O9pFexo,KOS SARA HIDUP | PM Umum Butiran Penghargaan Untuk Rakyat Esok (BU),Buletin TV3,https://www.youtube.com/watch?v=lWY3O9pFexo,2025-07-22T12:11:44Z,cost_of_living_public_policy,😅,4b2d205215480f497e7c,2025-07-23T01:47:09Z,2025-07-23T01:47:09Z,0,0,True,True,none,,2026-06-17T15:11:38.330094+00:00,raw,
YT_UgyNQeyqb6FEI7dLTVh4AaABAg,YouTube,top_level_comment,UgyNQeyqb6FEI7dLTVh4AaABAg,UgyNQeyqb6FEI7dLTVh4AaABAg,lWY3O9pFexo,KOS SARA HIDUP | PM Umum Butiran Penghargaan Untuk Rakyat Esok (BU),Buletin TV3,https://www.youtube.com/watch?v=lWY3O9pFexo,2025-07-22T12:11:44Z,cost_of_living_public_policy,😂😂😂Haahaahhaahhahahahahahahahahahahaahaaha gelak jer mampu..,17621458aea923a0d6fb,2025-07-23T01:39:00Z,2025-07-23T01:39:00Z,1,0,True,True,none,,2026-06-17T15:11:38.330106+00:00,raw,
YT_UgyPdoA3L6McgenoarN4AaABAg,YouTube,top_level_comment,UgyPdoA3L6McgenoarN4AaABAg,UgyPdoA3L6McgenoarN4AaABAg,lWY3O9pFexo,KOS SARA HIDUP | PM Umum Butiran Penghargaan Untuk Rakyat Esok (BU),Buletin TV3,https://www.youtube.com/watch?v=lWY3O9pFexo,2025-07-22T12:11:44Z,cost_of_living_public_policy,Semoga Pmx perihatin membantu kehidupan kos saraan hidup raayat yg meningkat❤ Amin,db91fc24886884229f15,2025-07-23T01:24:20Z,2025-07-23T01:24:20Z,0,0,True,True,none,,2026-06-17T15:11:38.330122+00:00,raw,
YT_UgxYMnygNOjjyqxL1vp4AaABAg,YouTube,top_level_comment,UgxYMnygNOjjyqxL1vp4AaABAg,UgxYMnygNOjjyqxL1vp4AaABAg,lWY3O9pFexo,KOS SARA HIDUP | PM Umum Butiran Penghargaan Untuk Rakyat Esok (BU),Buletin TV3,https://www.youtube.com/watch?v=lWY3O9pFexo,2025-07-22T12:11:44Z,cost_of_living_public_policy,Manfaat untuk pendatang asing haram dan Rohingya sahaja ambil kesempatan subsidi rakyat Malaysia,c9b640b02a105606cdfa,2025-07-23T01:19:43Z,2025-07-23T01:19:43Z,0,0,True,True,none,,2026-06-17T15:11:38.330134+00:00,raw,
YT_UgxKs5k7fo6NrEM6Ofx4AaABAg,YouTube,top_level_comment,UgxKs5k7fo6NrEM6Ofx4AaABAg,UgxKs5k7fo6NrEM6Ofx4AaABAg,lWY3O9pFexo,KOS SARA HIDUP | PM Umum Butiran Penghargaan Untuk Rakyat Esok (BU),Buletin TV3,https://www.youtube.com/watch?v=lWY3O9pFexo,2025-07-22T12:11:44Z,cost_of_living_public_policy,Bg la kwsp bg org kaya je,2010aed90822c59c6587,2025-07-23T01:09:31Z,2025-07-23T01:09:31Z,0,0,True,True,none,,2026-06-17T15:11:38.330145+00:00,raw,
YT_UgxNC37g3w0-FRXSQnV4AaABAg,YouTube,top_level_comment,UgxNC37g3w0-FRXSQnV4AaABAg,UgxNC37g3w0-FRXSQnV4AaABAg,lWY3O9pFexo,KOS SARA HIDUP | PM Umum Butiran Penghargaan Untuk Rakyat Esok (BU),Buletin TV3,https://www.youtube.com/watch?v=lWY3O9pFexo,2025-07-22T12:11:44Z,cost_of_living_public_policy,😊 minyak semakin NAIK 😂,b860d1a7557be00d6251,2025-07-23T01:04:51Z,2025-07-23T01:04:51Z,0,0,True,True,none,,2026-06-17T15:11:38.330157+00:00,raw,
YT_UgwcUWFDWH6uEKduGz54AaABAg,YouTube,top_level_comment,UgwcUWFDWH6uEKduGz54AaABAg,UgwcUWFDWH6uEKduGz54AaABAg,lWY3O9pFexo,KOS SARA HIDUP | PM Umum Butiran Penghargaan Untuk Rakyat Esok (BU),Buletin TV3,https://www.youtube.com/watch?v=lWY3O9pFexo,2025-07-22T12:11:44Z,cost_of_living_public_policy,"Rumah mahal,nak menyewa seumur hidup atau akhirnya merempat,gaji 2k bersih kerja seorang anak sekolah lagi.. kereta pak mertua bagi pakai lagi.. hampeh untuk rakyat,bantuan 2ank yg rezeki sorang anak bantuan kurang.. gov je,swasta mcm mana..😂😂😂",3e3e73593512a1a274f1,2025-07-23T00:47:10Z,2025-07-23T00:47:10Z,0,0,True,True,none,,2026-06-17T15:11:38.330176+00:00,raw,
YT_UgwyxeR7GbAJXgjMp494AaABAg,YouTube,top_level_comment,UgwyxeR7GbAJXgjMp494AaABAg,UgwyxeR7GbAJXgjMp494AaABAg,lWY3O9pFexo,KOS SARA HIDUP | PM Umum Butiran Penghargaan Untuk Rakyat Esok (BU),Buletin TV3,https://www.youtube.com/watch?v=lWY3O9pFexo,2025-07-22T12:11:44Z,cost_of_living_public_policy,"Cakap je lah nak ambil hati rakyat yang dah tawar ni, geli lah 😂 , kecuali segerombolan walanon yg nuar ckp rumput kaler biru pun diorang caya, padahal rumput depan mata kaler hijau",4e93f4e6e8f546d51fb8,2025-07-23T00:39:35Z,2025-07-23T00:39:35Z,0,0,True,True,none,,2026-06-17T15:11:38.330193+00:00,raw,
YT_UgywmI-4699pIloTlNF4AaABAg,YouTube,top_level_comment,UgywmI-4699pIloTlNF4AaABAg,UgywmI-4699pIloTlNF4AaABAg,lWY3O9pFexo,KOS SARA HIDUP | PM Umum Butiran Penghargaan Untuk Rakyat Esok (BU),Buletin TV3,https://www.youtube.com/watch?v=lWY3O9pFexo,2025-07-22T12:11:44Z,cost_of_living_public_policy,Saya sedia menunggu untuk dibasahkan kepala. 🔥🔥🔥,8f811f19fb481402c452,2025-07-23T00:27:05Z,2025-07-23T00:27:05Z,0,0,True,True,none,,2026-06-17T15:11:38.330205+00:00,raw,
YT_UgzmTEQIplhmxl1kUNN4AaABAg,YouTube,top_level_comment,UgzmTEQIplhmxl1kUNN4AaABAg,UgzmTEQIplhmxl1kUNN4AaABAg,lWY3O9pFexo,KOS SARA HIDUP | PM Umum Butiran Penghargaan Untuk Rakyat Esok (BU),Buletin TV3,https://www.youtube.com/watch?v=lWY3O9pFexo,2025-07-22T12:11:44Z,cost_of_living_public_policy,Penghargaan luar biasa sedagha😂😂😂😂,5e7668515eebb1469fc4,2025-07-23T00:09:45Z,2025-07-23T00:09:45Z,0,0,True,True,none,,2026-06-17T15:11:38.330217+00:00,raw,
YT_UgxiSz6Fip1-rpjwnLB4AaABAg,YouTube,top_level_comment,UgxiSz6Fip1-rpjwnLB4AaABAg,UgxiSz6Fip1-rpjwnLB4AaABAg,lWY3O9pFexo,KOS SARA HIDUP | PM Umum Butiran Penghargaan Untuk Rakyat Esok (BU),Buletin TV3,https://www.youtube.com/watch?v=lWY3O9pFexo,2025-07-22T12:11:44Z,cost_of_living_public_policy,"Sampai sekarang kerajaan tak pandai jaga rakyat,mmg low class,yg kerja swasta tu dinaikan gaji yg mmg gaji tetap wajib ada duit tiap bulan,,di bagi duit raya tambahan ribu2,habis rakyat yang kerja sendiri gaji hari buat rumah ,cm mane nk maju klau kerajaan swmpit akal,xde",eb0f180ec5eb59e05d8c,2025-07-23T00:09:36Z,2025-07-23T00:09:36Z,0,0,True,True,none,,2026-06-17T15:11:38.330234+00:00,raw,
YT_UgypfWn7QXL41_0Gjal4AaABAg,YouTube,top_level_comment,UgypfWn7QXL41_0Gjal4AaABAg,UgypfWn7QXL41_0Gjal4AaABAg,lWY3O9pFexo,KOS SARA HIDUP | PM Umum Butiran Penghargaan Untuk Rakyat Esok (BU),Buletin TV3,https://www.youtube.com/watch?v=lWY3O9pFexo,2025-07-22T12:11:44Z,cost_of_living_public_policy,23.7.2025 (8.08 minit pagi) ..... Lagi 2jam menunggu pengumuman,5c18a7e963c940492946,2025-07-23T00:08:45Z,2025-07-23T00:08:45Z,0,0,True,True,none,,2026-06-17T15:11:38.330247+00:00,raw,
YT_UgynKSVlMnnlSazXcFd4AaABAg,YouTube,top_level_comment,UgynKSVlMnnlSazXcFd4AaABAg,UgynKSVlMnnlSazXcFd4AaABAg,lWY3O9pFexo,KOS SARA HIDUP | PM Umum Butiran Penghargaan Untuk Rakyat Esok (BU),Buletin TV3,https://www.youtube.com/watch?v=lWY3O9pFexo,2025-07-22T12:11:44Z,cost_of_living_public_policy,Dah naikkan barang2...nak pujuk baliklah....,d2d1c932a9cb74ee70c3,2025-07-23T00:04:55Z,2025-07-23T00:04:55Z,0,0,True,True,none,,2026-06-17T15:11:38.330258+00:00,raw,
YT_Ugw2cxFDJvjujAgzcvJ4AaABAg,YouTube,top_level_comment,Ugw2cxFDJvjujAgzcvJ4AaABAg,Ugw2cxFDJvjujAgzcvJ4AaABAg,lWY3O9pFexo,KOS SARA HIDUP | PM Umum Butiran Penghargaan Untuk Rakyat Esok (BU),Buletin TV3,https://www.youtube.com/watch?v=lWY3O9pFexo,2025-07-22T12:11:44Z,cost_of_living_public_policy,Org nak berhimpum secara aman tak boleh bila puak nuar berhimpum secara Haram boleh pulak be ape kes nuar dah bagi rasuah semua mana tak nye,13a64ec058f1524cf0da,2025-07-22T23:57:48Z,2025-07-22T23:57:48Z,0,0,True,True,none,,2026-06-17T15:11:38.330286+00:00,raw,
YT_Ugzy7pTLd1vKJO785J54AaABAg,YouTube,top_level_comment,Ugzy7pTLd1vKJO785J54AaABAg,Ugzy7pTLd1vKJO785J54AaABAg,lWY3O9pFexo,KOS SARA HIDUP | PM Umum Butiran Penghargaan Untuk Rakyat Esok (BU),Buletin TV3,https://www.youtube.com/watch?v=lWY3O9pFexo,2025-07-22T12:11:44Z,cost_of_living_public_policy,Wat modal turun anuaek....26 hb,687e4aa78b309c404250,2025-07-22T23:57:05Z,2025-07-22T23:57:05Z,1,0,True,True,none,,2026-06-17T15:11:38.330298+00:00,raw,
YT_Ugw9htbpMZksRBQkWlN4AaABAg,YouTube,top_level_comment,Ugw9htbpMZksRBQkWlN4AaABAg,Ugw9htbpMZksRBQkWlN4AaABAg,lWY3O9pFexo,KOS SARA HIDUP | PM Umum Butiran Penghargaan Untuk Rakyat Esok (BU),Buletin TV3,https://www.youtube.com/watch?v=lWY3O9pFexo,2025-07-22T12:11:44Z,cost_of_living_public_policy,Gula gula😂😂😂,721f55945dd01edb13ea,2025-07-22T23:53:55Z,2025-07-22T23:53:55Z,1,0,True,True,none,,2026-06-17T15:11:38.330310+00:00,raw,
YT_Ugy-EQOYm6kz3OI_85R4AaABAg,YouTube,top_level_comment,Ugy-EQOYm6kz3OI_85R4AaABAg,Ugy-EQOYm6kz3OI_85R4AaABAg,lWY3O9pFexo,KOS SARA HIDUP | PM Umum Butiran Penghargaan Untuk Rakyat Esok (BU),Buletin TV3,https://www.youtube.com/watch?v=lWY3O9pFexo,2025-07-22T12:11:44Z,cost_of_living_public_policy,🤣🤣🤣🤣 apoolahh,76231a001c5ac4afc4d0,2025-07-22T23:52:11Z,2025-07-22T23:52:11Z,0,0,True,True,none,,2026-06-17T15:11:38.330320+00:00,raw,
YT_Ugx1gznh-zQ3AM-0Icx4AaABAg,YouTube,top_level_comment,Ugx1gznh-zQ3AM-0Icx4AaABAg,Ugx1gznh-zQ3AM-0Icx4AaABAg,lWY3O9pFexo,KOS SARA HIDUP | PM Umum Butiran Penghargaan Untuk Rakyat Esok (BU),Buletin TV3,https://www.youtube.com/watch?v=lWY3O9pFexo,2025-07-22T12:11:44Z,cost_of_living_public_policy,Hype je lebih...,471a35460d90cfae3198,2025-07-22T23:30:41Z,2025-07-22T23:30:41Z,0,0,True,True,none,,2026-06-17T15:11:38.330332+00:00,raw,
YT_Ugz-FLImwUXKovF02HJ4AaABAg,YouTube,top_level_comment,Ugz-FLImwUXKovF02HJ4AaABAg,Ugz-FLImwUXKovF02HJ4AaABAg,lWY3O9pFexo,KOS SARA HIDUP | PM Umum Butiran Penghargaan Untuk Rakyat Esok (BU),Buletin TV3,https://www.youtube.com/watch?v=lWY3O9pFexo,2025-07-22T12:11:44Z,cost_of_living_public_policy,"Pada saya lah ,bagi banyak mana sekalipun bantuan ia tak kan mencukupi untuk semua,kalau nilai sesuatu barang melambung tinggi.,kalau boleh subsidi untuk barang terutama barang keperluan ditambah baik.barulah kuasa pembeli meningkat.",568648877afaaa073749,2025-07-22T23:29:12Z,2025-07-22T23:29:12Z,1,0,True,True,none,,2026-06-17T15:11:38.330349+00:00,raw,
YT_UgzqKAiQJ55PL50XEFh4AaABAg,YouTube,top_level_comment,UgzqKAiQJ55PL50XEFh4AaABAg,UgzqKAiQJ55PL50XEFh4AaABAg,lWY3O9pFexo,KOS SARA HIDUP | PM Umum Butiran Penghargaan Untuk Rakyat Esok (BU),Buletin TV3,https://www.youtube.com/watch?v=lWY3O9pFexo,2025-07-22T12:11:44Z,cost_of_living_public_policy,Terbaik pmx semoga Allah permudahkan segala urusan aamiin yra,c059be39b2d3050ddc58,2025-07-22T23:28:12Z,2025-07-22T23:28:12Z,0,0,True,True,none,,2026-06-17T15:11:38.330361+00:00,raw,
YT_UgyWH0KcHd3iAgPOCAN4AaABAg,YouTube,top_level_comment,UgyWH0KcHd3iAgPOCAN4AaABAg,UgyWH0KcHd3iAgPOCAN4AaABAg,lWY3O9pFexo,KOS SARA HIDUP | PM Umum Butiran Penghargaan Untuk Rakyat Esok (BU),Buletin TV3,https://www.youtube.com/watch?v=lWY3O9pFexo,2025-07-22T12:11:44Z,cost_of_living_public_policy,hari ni menang esok minyak turun.. kah kah kah..,8b33f8fe82bac236caff,2025-07-22T23:22:46Z,2025-07-22T23:22:46Z,0,0,True,True,none,,2026-06-17T15:11:38.330372+00:00,raw,
YT_UgxQ8V6TJma0fqOb70R4AaABAg,YouTube,top_level_comment,UgxQ8V6TJma0fqOb70R4AaABAg,UgxQ8V6TJma0fqOb70R4AaABAg,lWY3O9pFexo,KOS SARA HIDUP | PM Umum Butiran Penghargaan Untuk Rakyat Esok (BU),Buletin TV3,https://www.youtube.com/watch?v=lWY3O9pFexo,2025-07-22T12:11:44Z,cost_of_living_public_policy,Tau dah.. dia nak letak jawatan..,35cde24dfe9c64829ee3,2025-07-22T23:20:21Z,2025-07-22T23:20:21Z,1,0,True,True,none,,2026-06-17T15:11:38.330383+00:00,raw,
YT_Ugz9_uYv2DZX-3gkBw54AaABAg,YouTube,top_level_comment,Ugz9_uYv2DZX-3gkBw54AaABAg,Ugz9_uYv2DZX-3gkBw54AaABAg,lWY3O9pFexo,KOS SARA HIDUP | PM Umum Butiran Penghargaan Untuk Rakyat Esok (BU),Buletin TV3,https://www.youtube.com/watch?v=lWY3O9pFexo,2025-07-22T12:11:44Z,cost_of_living_public_policy,Pengemumuman keciwakan rakyat tu kita tgok ja nti😂,8feb0e6e2c21381956cf,2025-07-22T23:04:16Z,2025-07-22T23:04:16Z,0,0,True,True,none,,2026-06-17T15:11:38.330396+00:00,raw,
YT_UgxcjVw4AEcsflFHo6J4AaABAg,YouTube,top_level_comment,UgxcjVw4AEcsflFHo6J4AaABAg,UgxcjVw4AEcsflFHo6J4AaABAg,lWY3O9pFexo,KOS SARA HIDUP | PM Umum Butiran Penghargaan Untuk Rakyat Esok (BU),Buletin TV3,https://www.youtube.com/watch?v=lWY3O9pFexo,2025-07-22T12:11:44Z,cost_of_living_public_policy,"Kepada yang Suka pengumum banduan anuar ibrahim ini yang tabur airliur jilat kat wartawan dan Berita media sebelum pengumum sebagai mantra pukau untuk menawan dan memancing undian melalui pengumum cukai kayangan madani untuk bayar pampasan banduan anuar ibrahim nak keluar penjara perasuah melalui pejabat PKR@pembunuh keadilan rakyat yang anda sanjungi selama ini, pastikan anda check berapa jumlah duit rakyat di sakau dan hutang negara diberi kat korang ya supaya keluar akta undang-undang kerajaan buat pampasan cagaran aset pelupusan harta dan tanah korang ya macam kat kampung sungai buloh tu akta pampasan cagaran berkuasa memaksa penduduk keluar dari aset cagaran tu..... Tahniah jadi penyumbang terbesar memundurkan bangsa dan kerajaan sendiri.....😂😂😂😂😂😂😂😂😂😂😂😂😂😂😂",83b23426b150f96295f4,2025-07-22T23:02:08Z,2025-07-22T23:02:08Z,0,0,True,True,none,,2026-06-17T15:11:38.330432+00:00,raw,
YT_UgymEulT0JU5DkScOyN4AaABAg,YouTube,top_level_comment,UgymEulT0JU5DkScOyN4AaABAg,UgymEulT0JU5DkScOyN4AaABAg,lWY3O9pFexo,KOS SARA HIDUP | PM Umum Butiran Penghargaan Untuk Rakyat Esok (BU),Buletin TV3,https://www.youtube.com/watch?v=lWY3O9pFexo,2025-07-22T12:11:44Z,cost_of_living_public_policy,"ALHAMDULILLAH ANUGERAH ALLAH... APA XNYA KUN MAKA JADILAH DSAI PM 10 DAN KERAJAAN PERPADUAN DEMI UTK SEJAHTERAKAN RAKYAT MARHAEN MENGHAPUSKAN PERASUAH PENYAKAU N PENGKIANAT MUSOH2 MANUSIA SAKIT JIWA, MELUAP2 RASA BENCI N MARAH LANGASAI KAN HUTANG YG MENGGUNONG RM 1.5 TRILION",9bb8c4090c9d02847276,2025-07-22T22:54:03Z,2025-07-22T22:54:03Z,2,0,True,True,none,,2026-06-17T15:11:38.330451+00:00,raw,
YT_Ugw31zZrm1MYz1s69B14AaABAg,YouTube,top_level_comment,Ugw31zZrm1MYz1s69B14AaABAg,Ugw31zZrm1MYz1s69B14AaABAg,lWY3O9pFexo,KOS SARA HIDUP | PM Umum Butiran Penghargaan Untuk Rakyat Esok (BU),Buletin TV3,https://www.youtube.com/watch?v=lWY3O9pFexo,2025-07-22T12:11:44Z,cost_of_living_public_policy,Harap ada bantuan wang one-off UTK B.40 dan miskin.,ea9219b80d4343db72e7,2025-07-22T22:52:54Z,2025-07-22T22:52:54Z,0,0,True,True,none,,2026-06-17T15:11:38.330462+00:00,raw,
YT_Ugz9j7RebBVblnzWudJ4AaABAg,YouTube,top_level_comment,Ugz9j7RebBVblnzWudJ4AaABAg,Ugz9j7RebBVblnzWudJ4AaABAg,lWY3O9pFexo,KOS SARA HIDUP | PM Umum Butiran Penghargaan Untuk Rakyat Esok (BU),Buletin TV3,https://www.youtube.com/watch?v=lWY3O9pFexo,2025-07-22T12:11:44Z,cost_of_living_public_policy,HEHE... TERBALIK...,2c26cd8cc48cb59da27e,2025-07-22T22:43:11Z,2025-07-22T22:43:11Z,0,0,True,True,none,,2026-06-17T15:11:38.330473+00:00,raw,
YT_UgyRn0zVROlqOZQgSHB4AaABAg,YouTube,top_level_comment,UgyRn0zVROlqOZQgSHB4AaABAg,UgyRn0zVROlqOZQgSHB4AaABAg,lWY3O9pFexo,KOS SARA HIDUP | PM Umum Butiran Penghargaan Untuk Rakyat Esok (BU),Buletin TV3,https://www.youtube.com/watch?v=lWY3O9pFexo,2025-07-22T12:11:44Z,cost_of_living_public_policy,PM... Jng lupa pjwat awm... Kmi pjwat yg d bwa ne terkesan jg... Kmi jg mghrapkn....,23ff5d4d78e1f760416c,2025-07-22T22:34:14Z,2025-07-22T22:34:14Z,0,0,True,True,none,,2026-06-17T15:11:38.330486+00:00,raw,
YT_UgyWA0L3sBvtmgWkEfV4AaABAg,YouTube,top_level_comment,UgyWA0L3sBvtmgWkEfV4AaABAg,UgyWA0L3sBvtmgWkEfV4AaABAg,lWY3O9pFexo,KOS SARA HIDUP | PM Umum Butiran Penghargaan Untuk Rakyat Esok (BU),Buletin TV3,https://www.youtube.com/watch?v=lWY3O9pFexo,2025-07-22T12:11:44Z,cost_of_living_public_policy,Manusia mmg tidak ada berpuashati..lepas ni nk lg..lg..lg😂,8a660230f44b9d2577af,2025-07-22T22:17:55Z,2025-07-22T22:17:55Z,0,0,True,True,none,,2026-06-17T15:11:38.330498+00:00,raw,
YT_UgyTxrtbmASlS5L6dzJ4AaABAg,YouTube,top_level_comment,UgyTxrtbmASlS5L6dzJ4AaABAg,UgyTxrtbmASlS5L6dzJ4AaABAg,lWY3O9pFexo,KOS SARA HIDUP | PM Umum Butiran Penghargaan Untuk Rakyat Esok (BU),Buletin TV3,https://www.youtube.com/watch?v=lWY3O9pFexo,2025-07-22T12:11:44Z,cost_of_living_public_policy,😂😂😂jadi pembangkang cakap berdegar-degar...dah jadi piyem tau tekan dan hisap darah rakyat je pandai😂😂😂semoga Allah melaknat Nuar aljuburi dan bangsa aljuburi cucu cicit Firaun aminn😂😂,c5643a380cc77ed08f45,2025-07-22T22:10:09Z,2025-07-22T22:10:09Z,0,0,True,True,none,,2026-06-17T15:11:38.330514+00:00,raw,
YT_UgwqAXZOkRe78RaF1714AaABAg,YouTube,top_level_comment,UgwqAXZOkRe78RaF1714AaABAg,UgwqAXZOkRe78RaF1714AaABAg,lWY3O9pFexo,KOS SARA HIDUP | PM Umum Butiran Penghargaan Untuk Rakyat Esok (BU),Buletin TV3,https://www.youtube.com/watch?v=lWY3O9pFexo,2025-07-22T12:11:44Z,cost_of_living_public_policy,anuar ibrahim banduan yang terlepas dari penjara perasuah melalui pejabat PKR @pembunuh keadilan rakyat yang umumkan cukai kayangan@cukai sakau duit rakyat bayar pampasan untuk keluar penjara .😂😂😂😂😂😂😂😂😂😂😂😂😂😂😂😂😂😂 😂😂😂😂😂😂,83b23426b150f96295f4,2025-07-22T22:05:06Z,2025-07-22T22:05:06Z,0,0,True,True,none,,2026-06-17T15:11:38.330531+00:00,raw,
YT_Ugxf0aoLeOn562l1_eR4AaABAg,YouTube,top_level_comment,Ugxf0aoLeOn562l1_eR4AaABAg,Ugxf0aoLeOn562l1_eR4AaABAg,lWY3O9pFexo,KOS SARA HIDUP | PM Umum Butiran Penghargaan Untuk Rakyat Esok (BU),Buletin TV3,https://www.youtube.com/watch?v=lWY3O9pFexo,2025-07-22T12:11:44Z,cost_of_living_public_policy,Berita terbalik pembohongan besar bang non😂🤣,46cb0218852cc6240f34,2025-07-22T21:53:51Z,2025-07-22T21:53:51Z,1,0,True,True,none,,2026-06-17T15:11:38.330543+00:00,raw,
YT_UgyD_PW6OutRuQckWEF4AaABAg,YouTube,top_level_comment,UgyD_PW6OutRuQckWEF4AaABAg,UgyD_PW6OutRuQckWEF4AaABAg,lWY3O9pFexo,KOS SARA HIDUP | PM Umum Butiran Penghargaan Untuk Rakyat Esok (BU),Buletin TV3,https://www.youtube.com/watch?v=lWY3O9pFexo,2025-07-22T12:11:44Z,cost_of_living_public_policy,Inilah contoh mlayu pmalas.hrapkn kbhagian yg sekejap mrana ank cucu..waknon sakau duit rkyat dlm diam,b83a720af698af98a36e,2025-07-22T21:03:06Z,2025-07-22T21:03:06Z,0,0,True,True,none,,2026-06-17T15:11:38.330556+00:00,raw,
YT_UgxUBHp_ijqE5oQ1d-B4AaABAg,YouTube,top_level_comment,UgxUBHp_ijqE5oQ1d-B4AaABAg,UgxUBHp_ijqE5oQ1d-B4AaABAg,lWY3O9pFexo,KOS SARA HIDUP | PM Umum Butiran Penghargaan Untuk Rakyat Esok (BU),Buletin TV3,https://www.youtube.com/watch?v=lWY3O9pFexo,2025-07-22T12:11:44Z,cost_of_living_public_policy,Sama ada rakyat maki bertan tan sampai 7 keturunan atau tetap minta AI turun...,7dba6b68fb8b08449a91,2025-07-22T20:48:51Z,2025-07-22T20:48:51Z,0,0,True,True,none,,2026-06-17T15:11:38.330569+00:00,raw,
YT_Ugy42ABFiuvtV-Mmj054AaABAg,YouTube,top_level_comment,Ugy42ABFiuvtV-Mmj054AaABAg,Ugy42ABFiuvtV-Mmj054AaABAg,lWY3O9pFexo,KOS SARA HIDUP | PM Umum Butiran Penghargaan Untuk Rakyat Esok (BU),Buletin TV3,https://www.youtube.com/watch?v=lWY3O9pFexo,2025-07-22T12:11:44Z,cost_of_living_public_policy,Dah nak tumbang sempat lagi ketimbang,ff4ddedee9dfd7b60575,2025-07-22T20:45:28Z,2025-07-22T20:45:28Z,13,0,True,True,none,,2026-06-17T15:11:38.330580+00:00,raw,
YT_UgwPoQpIZZrFYeNzHut4AaABAg,YouTube,top_level_comment,UgwPoQpIZZrFYeNzHut4AaABAg,UgwPoQpIZZrFYeNzHut4AaABAg,lWY3O9pFexo,KOS SARA HIDUP | PM Umum Butiran Penghargaan Untuk Rakyat Esok (BU),Buletin TV3,https://www.youtube.com/watch?v=lWY3O9pFexo,2025-07-22T12:11:44Z,cost_of_living_public_policy,Ja33....,4d6b79a27e750c7bc94c,2025-07-22T20:43:24Z,2025-07-22T20:43:24Z,0,0,True,True,none,,2026-06-17T15:11:38.330591+00:00,raw,
YT_Ugysi_mCOp5GCdQrUlF4AaABAg,YouTube,top_level_comment,Ugysi_mCOp5GCdQrUlF4AaABAg,Ugysi_mCOp5GCdQrUlF4AaABAg,lWY3O9pFexo,KOS SARA HIDUP | PM Umum Butiran Penghargaan Untuk Rakyat Esok (BU),Buletin TV3,https://www.youtube.com/watch?v=lWY3O9pFexo,2025-07-22T12:11:44Z,cost_of_living_public_policy,"Kerajaan kena bagi rakyat duit.sebulan rm.2000. Baru berbaloi,rakyat akan sentiasa sokong🎉🎉",81b72848b81c46d68ef0,2025-07-22T20:33:37Z,2025-07-22T20:33:37Z,16,3,True,True,none,,2026-06-17T15:11:38.330604+00:00,raw,
YT_Ugy4BBvSsZW5G1nWgrp4AaABAg,YouTube,top_level_comment,Ugy4BBvSsZW5G1nWgrp4AaABAg,Ugy4BBvSsZW5G1nWgrp4AaABAg,lWY3O9pFexo,KOS SARA HIDUP | PM Umum Butiran Penghargaan Untuk Rakyat Esok (BU),Buletin TV3,https://www.youtube.com/watch?v=lWY3O9pFexo,2025-07-22T12:11:44Z,cost_of_living_public_policy,Sapa yg kutuk2 tu kalau dpt duit jgn ambil berdosa kalau terima serah balik ke gov.. Melainkan org x kata apa2kt sesiapa. Termasuk arwah nik Aziz alim ulamak,99a461f75d58286a9a86,2025-07-22T19:04:43Z,2025-07-22T19:04:43Z,2,3,True,True,none,,2026-06-17T15:11:38.330619+00:00,raw,
YT_UgyQpJ7_7twyR8Co9pB4AaABAg,YouTube,top_level_comment,UgyQpJ7_7twyR8Co9pB4AaABAg,UgyQpJ7_7twyR8Co9pB4AaABAg,lWY3O9pFexo,KOS SARA HIDUP | PM Umum Butiran Penghargaan Untuk Rakyat Esok (BU),Buletin TV3,https://www.youtube.com/watch?v=lWY3O9pFexo,2025-07-22T12:11:44Z,cost_of_living_public_policy,"Apa yg ko nk bg itu semua memang hak rakyat puun. Yg rakyat bimbang skg, hutang negara semakin tinggi yg kononnya ko nk bagi penghargaan kpd rakyat. Lain la klw ko nk bagi penghargaan guna duit ko sendiri. Bodo punya anwar.",ab08a76dae8166d3c6e4,2025-07-22T18:49:52Z,2025-07-22T18:49:52Z,2,0,True,True,none,,2026-06-17T15:11:38.330636+00:00,raw,
YT_UgxTVx9yKonJgbjXHnx4AaABAg,YouTube,top_level_comment,UgxTVx9yKonJgbjXHnx4AaABAg,UgxTVx9yKonJgbjXHnx4AaABAg,lWY3O9pFexo,KOS SARA HIDUP | PM Umum Butiran Penghargaan Untuk Rakyat Esok (BU),Buletin TV3,https://www.youtube.com/watch?v=lWY3O9pFexo,2025-07-22T12:11:44Z,cost_of_living_public_policy,Sedih pengering baju mesin naik harga,ff7a568a14292b1b80e9,2025-07-22T18:41:37Z,2025-07-22T18:41:37Z,0,0,True,True,none,,2026-06-17T15:11:38.330647+00:00,raw,
YT_UgzNG7cUN3G99p5TEvp4AaABAg,YouTube,top_level_comment,UgzNG7cUN3G99p5TEvp4AaABAg,UgzNG7cUN3G99p5TEvp4AaABAg,lWY3O9pFexo,KOS SARA HIDUP | PM Umum Butiran Penghargaan Untuk Rakyat Esok (BU),Buletin TV3,https://www.youtube.com/watch?v=lWY3O9pFexo,2025-07-22T12:11:44Z,cost_of_living_public_policy,Minyak planta percuma minyak petrol 20 sen seliter,a451ed989b3f274e343e,2025-07-22T18:30:56Z,2025-07-22T18:30:56Z,0,0,True,True,none,,2026-06-17T15:11:38.330658+00:00,raw,
YT_UgyQW_QqsWM-BKfJ0eJ4AaABAg,YouTube,top_level_comment,UgyQW_QqsWM-BKfJ0eJ4AaABAg,UgyQW_QqsWM-BKfJ0eJ4AaABAg,lWY3O9pFexo,KOS SARA HIDUP | PM Umum Butiran Penghargaan Untuk Rakyat Esok (BU),Buletin TV3,https://www.youtube.com/watch?v=lWY3O9pFexo,2025-07-22T12:11:44Z,cost_of_living_public_policy,Minyak turun esok,d6c25d87678a3c35d1d4,2025-07-22T18:14:12Z,2025-07-22T18:14:12Z,0,0,True,True,none,,2026-06-17T15:11:38.330670+00:00,raw,
YT_Ugxe0WR7BpfNBKiHeS94AaABAg,YouTube,top_level_comment,Ugxe0WR7BpfNBKiHeS94AaABAg,Ugxe0WR7BpfNBKiHeS94AaABAg,lWY3O9pFexo,KOS SARA HIDUP | PM Umum Butiran Penghargaan Untuk Rakyat Esok (BU),Buletin TV3,https://www.youtube.com/watch?v=lWY3O9pFexo,2025-07-22T12:11:44Z,cost_of_living_public_policy,Bagi je epf duit kami,ff82a04f710e3a505620,2025-07-22T17:46:18Z,2025-07-22T17:46:18Z,0,0,True,True,none,,2026-06-17T15:11:38.330681+00:00,raw,
YT_UgzZ10h9ggidE02hArB4AaABAg,YouTube,top_level_comment,UgzZ10h9ggidE02hArB4AaABAg,UgzZ10h9ggidE02hArB4AaABAg,lWY3O9pFexo,KOS SARA HIDUP | PM Umum Butiran Penghargaan Untuk Rakyat Esok (BU),Buletin TV3,https://www.youtube.com/watch?v=lWY3O9pFexo,2025-07-22T12:11:44Z,cost_of_living_public_policy,Jgn bagi rm100,ff82a04f710e3a505620,2025-07-22T17:45:23Z,2025-07-22T17:45:23Z,0,0,True,True,none,,2026-06-17T15:11:38.330691+00:00,raw,
YT_UgwR6p_iEpxCOBFvfY94AaABAg,YouTube,top_level_comment,UgwR6p_iEpxCOBFvfY94AaABAg,UgwR6p_iEpxCOBFvfY94AaABAg,lWY3O9pFexo,KOS SARA HIDUP | PM Umum Butiran Penghargaan Untuk Rakyat Esok (BU),Buletin TV3,https://www.youtube.com/watch?v=lWY3O9pFexo,2025-07-22T12:11:44Z,cost_of_living_public_policy,Wang tunai atau EPF LULUS lain tak nak,ff82a04f710e3a505620,2025-07-22T17:44:48Z,2025-07-22T17:44:48Z,0,0,True,True,none,,2026-06-17T15:11:38.330702+00:00,raw,
YT_Ugw9OHAiQn6fRPFllZ54AaABAg,YouTube,top_level_comment,Ugw9OHAiQn6fRPFllZ54AaABAg,Ugw9OHAiQn6fRPFllZ54AaABAg,lWY3O9pFexo,KOS SARA HIDUP | PM Umum Butiran Penghargaan Untuk Rakyat Esok (BU),Buletin TV3,https://www.youtube.com/watch?v=lWY3O9pFexo,2025-07-22T12:11:44Z,cost_of_living_public_policy,"Kwsp tu bgi kluar tu duit kitaorg xpyh simpan2.. Tau pulak ko ada masalah ek?? Sst naik, harga brg naik, ekonomi sendu, pelabur luar pun xnk masuk..",8cf9b86780245bff8924,2025-07-22T17:36:49Z,2025-07-22T17:36:49Z,0,0,True,True,none,,2026-06-17T15:11:38.330716+00:00,raw,
YT_Ugwq9aM4QvpXWUfxJh94AaABAg,YouTube,top_level_comment,Ugwq9aM4QvpXWUfxJh94AaABAg,Ugwq9aM4QvpXWUfxJh94AaABAg,lWY3O9pFexo,KOS SARA HIDUP | PM Umum Butiran Penghargaan Untuk Rakyat Esok (BU),Buletin TV3,https://www.youtube.com/watch?v=lWY3O9pFexo,2025-07-22T12:11:44Z,cost_of_living_public_policy,Turun anuar,c6060f3b945641184139,2025-07-22T17:30:34Z,2025-07-22T17:30:34Z,0,0,True,True,none,,2026-06-17T15:11:38.330727+00:00,raw,
YT_UgzAC_v0wzVQDTjVI9V4AaABAg,YouTube,top_level_comment,UgzAC_v0wzVQDTjVI9V4AaABAg,UgzAC_v0wzVQDTjVI9V4AaABAg,lWY3O9pFexo,KOS SARA HIDUP | PM Umum Butiran Penghargaan Untuk Rakyat Esok (BU),Buletin TV3,https://www.youtube.com/watch?v=lWY3O9pFexo,2025-07-22T12:11:44Z,cost_of_living_public_policy,Kwsp 1 off abg Non,fd9f89f2df5336f7e938,2025-07-22T17:25:22Z,2025-07-22T17:25:22Z,0,0,True,True,none,,2026-06-17T15:11:38.330737+00:00,raw,
YT_UgwjeB-VLL63iITp4Rd4AaABAg,YouTube,top_level_comment,UgwjeB-VLL63iITp4Rd4AaABAg,UgwjeB-VLL63iITp4Rd4AaABAg,lWY3O9pFexo,KOS SARA HIDUP | PM Umum Butiran Penghargaan Untuk Rakyat Esok (BU),Buletin TV3,https://www.youtube.com/watch?v=lWY3O9pFexo,2025-07-22T12:11:44Z,cost_of_living_public_policy,Jum vote naik gaji untuk penjawat awam....,4b1219bdbf7caeba001f,2025-07-22T16:58:23Z,2025-07-22T16:58:23Z,0,0,True,True,none,,2026-06-17T15:11:38.330749+00:00,raw,
YT_Ugylxbfjzml1VRNxkkV4AaABAg,YouTube,top_level_comment,Ugylxbfjzml1VRNxkkV4AaABAg,Ugylxbfjzml1VRNxkkV4AaABAg,lWY3O9pFexo,KOS SARA HIDUP | PM Umum Butiran Penghargaan Untuk Rakyat Esok (BU),Buletin TV3,https://www.youtube.com/watch?v=lWY3O9pFexo,2025-07-22T12:11:44Z,cost_of_living_public_policy,Dah nak tumbang mCm2 dia umumkan kemanisan...sudah lh ko anwar dlu lagi perkataan saya ULANG 😂😂😂 sampai sekarang ULANG tu terjadi kembali JILAT leher 😅,40fed9c49522a76fa6bc,2025-07-22T16:55:03Z,2025-07-22T16:55:03Z,0,0,True,True,none,,2026-06-17T15:11:38.330765+00:00,raw,
YT_UgwAyojlxnSjAxpPpXJ4AaABAg,YouTube,top_level_comment,UgwAyojlxnSjAxpPpXJ4AaABAg,UgwAyojlxnSjAxpPpXJ4AaABAg,lWY3O9pFexo,KOS SARA HIDUP | PM Umum Butiran Penghargaan Untuk Rakyat Esok (BU),Buletin TV3,https://www.youtube.com/watch?v=lWY3O9pFexo,2025-07-22T12:11:44Z,cost_of_living_public_policy,Takut betul non dengan 26hb ni..rakyat kena buat himpunan tiap2 bulan lh,5bdb75e1ce48719f470e,2025-07-22T16:42:20Z,2025-07-22T16:42:20Z,7,3,True,True,none,,2026-06-17T15:11:38.330777+00:00,raw,
YT_UgzuRrs0dERyP9-VkFB4AaABAg,YouTube,top_level_comment,UgzuRrs0dERyP9-VkFB4AaABAg,UgzuRrs0dERyP9-VkFB4AaABAg,lWY3O9pFexo,KOS SARA HIDUP | PM Umum Butiran Penghargaan Untuk Rakyat Esok (BU),Buletin TV3,https://www.youtube.com/watch?v=lWY3O9pFexo,2025-07-22T12:11:44Z,cost_of_living_public_policy,"Nie la Kita org melayu... Ingat la .. bangsa Kita da mcm menumpang d negara org da .. jgn la mudah d Beli... Dgn janji2 sementara ... Kita ubah... Cari la pemimpin.. yg ikhlas pikirkan n bantu rakyat .. kerna Allah... Cukup2 la ,.... Lepaskan la jawatan tu ... Klu x mampu nak galas .. semoga Allah swt .. membantu kami hambaNya.... Allah Maha berkuasa... Moga bertukar la pemimpin .....",7f30fdce4553aaf6b593,2025-07-22T16:40:26Z,2025-07-22T16:40:26Z,4,0,True,True,none,,2026-06-17T15:11:38.330798+00:00,raw,
YT_UgyBAHNAOcb0vn7EK2p4AaABAg,YouTube,top_level_comment,UgyBAHNAOcb0vn7EK2p4AaABAg,UgyBAHNAOcb0vn7EK2p4AaABAg,lWY3O9pFexo,KOS SARA HIDUP | PM Umum Butiran Penghargaan Untuk Rakyat Esok (BU),Buletin TV3,https://www.youtube.com/watch?v=lWY3O9pFexo,2025-07-22T12:11:44Z,cost_of_living_public_policy,"Lulus je kwsp tu,nk kasi mantap ape lagi,nk kasi mantap ilmu spin ke tu pmx oi😂😂",569d2cb2716d8ce9f689,2025-07-22T16:39:58Z,2025-07-22T16:39:58Z,2,0,True,True,none,,2026-06-17T15:11:38.330811+00:00,raw,
YT_UgwDtkja1U77JeJwzqV4AaABAg,YouTube,top_level_comment,UgwDtkja1U77JeJwzqV4AaABAg,UgwDtkja1U77JeJwzqV4AaABAg,lWY3O9pFexo,KOS SARA HIDUP | PM Umum Butiran Penghargaan Untuk Rakyat Esok (BU),Buletin TV3,https://www.youtube.com/watch?v=lWY3O9pFexo,2025-07-22T12:11:44Z,cost_of_living_public_policy,Tambah str 1000 sorang ke? Macam gempak je,53100fefac744bcafbd7,2025-07-22T16:39:01Z,2025-07-22T16:39:01Z,0,0,True,True,none,,2026-06-17T15:11:38.330822+00:00,raw,
YT_UgzrpwoDJivndmadTxZ4AaABAg,YouTube,top_level_comment,UgzrpwoDJivndmadTxZ4AaABAg,UgzrpwoDJivndmadTxZ4AaABAg,lWY3O9pFexo,KOS SARA HIDUP | PM Umum Butiran Penghargaan Untuk Rakyat Esok (BU),Buletin TV3,https://www.youtube.com/watch?v=lWY3O9pFexo,2025-07-22T12:11:44Z,cost_of_living_public_policy,"sembang ja, harga barang naik juga walaupun madanon bg duit gula gula 🤣",747f8d6320a7fad95448,2025-07-22T16:38:19Z,2025-07-22T16:38:19Z,5,3,True,True,none,,2026-06-17T15:11:38.330835+00:00,raw,
YT_Ugwk37jYbELm11Vt6YR4AaABAg,YouTube,top_level_comment,Ugwk37jYbELm11Vt6YR4AaABAg,Ugwk37jYbELm11Vt6YR4AaABAg,lWY3O9pFexo,KOS SARA HIDUP | PM Umum Butiran Penghargaan Untuk Rakyat Esok (BU),Buletin TV3,https://www.youtube.com/watch?v=lWY3O9pFexo,2025-07-22T12:11:44Z,cost_of_living_public_policy,X payah la.... Da terlambat. ... Rakyat da kecewa....,7f30fdce4553aaf6b593,2025-07-22T16:35:32Z,2025-07-22T16:35:32Z,11,0,True,True,none,,2026-06-17T15:11:38.330847+00:00,raw,
YT_UgybSHvPP3Vm7AKACD94AaABAg,YouTube,top_level_comment,UgybSHvPP3Vm7AKACD94AaABAg,UgybSHvPP3Vm7AKACD94AaABAg,lWY3O9pFexo,KOS SARA HIDUP | PM Umum Butiran Penghargaan Untuk Rakyat Esok (BU),Buletin TV3,https://www.youtube.com/watch?v=lWY3O9pFexo,2025-07-22T12:11:44Z,cost_of_living_public_policy,Awal nak umum.. Umum sabtu pagi ni lah,4e0d5934ead60a899436,2025-07-22T16:30:26Z,2025-07-22T16:30:26Z,1,0,True,True,none,,2026-06-17T15:11:38.330858+00:00,raw,
YT_UgxKlT0nafd8y-wzXSd4AaABAg,YouTube,top_level_comment,UgxKlT0nafd8y-wzXSd4AaABAg,UgxKlT0nafd8y-wzXSd4AaABAg,lWY3O9pFexo,KOS SARA HIDUP | PM Umum Butiran Penghargaan Untuk Rakyat Esok (BU),Buletin TV3,https://www.youtube.com/watch?v=lWY3O9pFexo,2025-07-22T12:11:44Z,cost_of_living_public_policy,Kah kah kah🤣🤣🤣🤣apa yang diumumkan tu labu?,a48e1cb4654c490f9c4f,2025-07-22T16:26:57Z,2025-07-22T16:26:57Z,0,0,True,True,none,,2026-06-17T15:11:38.330870+00:00,raw,
YT_Ugw__a72Wnd7SKCTH_l4AaABAg,YouTube,top_level_comment,Ugw__a72Wnd7SKCTH_l4AaABAg,Ugw__a72Wnd7SKCTH_l4AaABAg,lWY3O9pFexo,KOS SARA HIDUP | PM Umum Butiran Penghargaan Untuk Rakyat Esok (BU),Buletin TV3,https://www.youtube.com/watch?v=lWY3O9pFexo,2025-07-22T12:11:44Z,cost_of_living_public_policy,Jgn kau percaya cakap manusia yg kuat bohong nya sejak 1998,e88f39f2866c96179fb9,2025-07-22T16:21:17Z,2025-07-22T16:21:17Z,0,0,True,True,none,,2026-06-17T15:11:38.330882+00:00,raw,
YT_UgyksBBik7Sp5S6IYqh4AaABAg,YouTube,top_level_comment,UgyksBBik7Sp5S6IYqh4AaABAg,UgyksBBik7Sp5S6IYqh4AaABAg,lWY3O9pFexo,KOS SARA HIDUP | PM Umum Butiran Penghargaan Untuk Rakyat Esok (BU),Buletin TV3,https://www.youtube.com/watch?v=lWY3O9pFexo,2025-07-22T12:11:44Z,cost_of_living_public_policy,Tak payah nk nyedap rakyat la.. tgk muka pun dah resah glisah takkeruan.. gooo yah le tu.. Rakyat dsaran jgn skali minum cing beli yaww.. kan jd mcm walau Nonn WalaCu kaii..dah minum auto jd bo doh be nakk klubiyy.. 4hari lg haa.. Tgk beli yaww..btapa go yahh nyaa.hermn ksiann.. Dua puluh enam aibu lan ni kita gaaa sak kasi tuuu runn beliyaww.. pasti tuu runnn,26fe568297638cebcecb,2025-07-22T16:20:08Z,2025-07-22T16:20:08Z,2,1,True,True,none,,2026-06-17T15:11:38.330903+00:00,raw,
YT_UgztGa3tZrxzOeNwXdB4AaABAg,YouTube,top_level_comment,UgztGa3tZrxzOeNwXdB4AaABAg,UgztGa3tZrxzOeNwXdB4AaABAg,lWY3O9pFexo,KOS SARA HIDUP | PM Umum Butiran Penghargaan Untuk Rakyat Esok (BU),Buletin TV3,https://www.youtube.com/watch?v=lWY3O9pFexo,2025-07-22T12:11:44Z,cost_of_living_public_policy,Sembang gempak mmg champion sudagha ketimbang ni,7c65ac6351c0a87630ea,2025-07-22T16:10:23Z,2025-07-22T16:10:23Z,9,0,True,True,none,,2026-06-17T15:11:38.330914+00:00,raw,
YT_UgwDCYl0XcO-ljelRCx4AaABAg,YouTube,top_level_comment,UgwDCYl0XcO-ljelRCx4AaABAg,UgwDCYl0XcO-ljelRCx4AaABAg,lWY3O9pFexo,KOS SARA HIDUP | PM Umum Butiran Penghargaan Untuk Rakyat Esok (BU),Buletin TV3,https://www.youtube.com/watch?v=lWY3O9pFexo,2025-07-22T12:11:44Z,cost_of_living_public_policy,"😊.*""*"";;.",eff60fbfdd65d218a0fb,2025-07-22T16:09:57Z,2025-07-22T16:09:57Z,1,0,True,True,none,,2026-06-17T15:11:38.330924+00:00,raw,
YT_Ugx5bvVbbuynAhTWp-h4AaABAg,YouTube,top_level_comment,Ugx5bvVbbuynAhTWp-h4AaABAg,Ugx5bvVbbuynAhTWp-h4AaABAg,lWY3O9pFexo,KOS SARA HIDUP | PM Umum Butiran Penghargaan Untuk Rakyat Esok (BU),Buletin TV3,https://www.youtube.com/watch?v=lWY3O9pFexo,2025-07-22T12:11:44Z,cost_of_living_public_policy,Buang masa aku ja tengok,724ef8c95637631bd228,2025-07-22T16:02:56Z,2025-07-22T16:02:56Z,6,0,True,True,none,,2026-06-17T15:11:38.330935+00:00,raw,
YT_UgxcSil2LEzWmG_Kgb14AaABAg,YouTube,top_level_comment,UgxcSil2LEzWmG_Kgb14AaABAg,UgxcSil2LEzWmG_Kgb14AaABAg,lWY3O9pFexo,KOS SARA HIDUP | PM Umum Butiran Penghargaan Untuk Rakyat Esok (BU),Buletin TV3,https://www.youtube.com/watch?v=lWY3O9pFexo,2025-07-22T12:11:44Z,cost_of_living_public_policy,Xdpt duit pun,724ef8c95637631bd228,2025-07-22T16:02:44Z,2025-07-22T16:02:44Z,0,0,True,True,none,,2026-06-17T15:11:38.330946+00:00,raw,
YT_UgxUPWUXqr_pd_0zSth4AaABAg,YouTube,top_level_comment,UgxUPWUXqr_pd_0zSth4AaABAg,UgxUPWUXqr_pd_0zSth4AaABAg,lWY3O9pFexo,KOS SARA HIDUP | PM Umum Butiran Penghargaan Untuk Rakyat Esok (BU),Buletin TV3,https://www.youtube.com/watch?v=lWY3O9pFexo,2025-07-22T12:11:44Z,cost_of_living_public_policy,Akan datang....akhir Disember ini....,8917b6c53240ab6c1052,2025-07-22T15:55:53Z,2025-07-22T15:55:53Z,1,0,True,True,none,,2026-06-17T15:11:38.330958+00:00,raw,
YT_Ugysok81Hab7upzTliF4AaABAg,YouTube,top_level_comment,Ugysok81Hab7upzTliF4AaABAg,Ugysok81Hab7upzTliF4AaABAg,lWY3O9pFexo,KOS SARA HIDUP | PM Umum Butiran Penghargaan Untuk Rakyat Esok (BU),Buletin TV3,https://www.youtube.com/watch?v=lWY3O9pFexo,2025-07-22T12:11:44Z,cost_of_living_public_policy,Hidup PMX !!!! 💪🏽💪🏽,8917b6c53240ab6c1052,2025-07-22T15:54:08Z,2025-07-22T15:54:08Z,0,0,True,True,none,,2026-06-17T15:11:38.330970+00:00,raw,
YT_UgzqUkfzxX3LgOndnfl4AaABAg,YouTube,top_level_comment,UgzqUkfzxX3LgOndnfl4AaABAg,UgzqUkfzxX3LgOndnfl4AaABAg,lWY3O9pFexo,KOS SARA HIDUP | PM Umum Butiran Penghargaan Untuk Rakyat Esok (BU),Buletin TV3,https://www.youtube.com/watch?v=lWY3O9pFexo,2025-07-22T12:11:44Z,cost_of_living_public_policy,Bagi rasuah kepada rakyat supaya rakyat tak turun berdemo pada 26 July,13c5526e6cd715d766fc,2025-07-22T15:52:59Z,2025-07-22T15:52:59Z,10,5,True,True,none,,2026-06-17T15:11:38.330982+00:00,raw,
YT_UgyvltE_yC3KFkd04DJ4AaABAg,YouTube,top_level_comment,UgyvltE_yC3KFkd04DJ4AaABAg,UgyvltE_yC3KFkd04DJ4AaABAg,lWY3O9pFexo,KOS SARA HIDUP | PM Umum Butiran Penghargaan Untuk Rakyat Esok (BU),Buletin TV3,https://www.youtube.com/watch?v=lWY3O9pFexo,2025-07-22T12:11:44Z,cost_of_living_public_policy,Jika penghargaan buat rakyat.sepatut nya di Beri kepada rakyat yang menyokong kerajaan ph saja.jgn bagi kepada yang menentang kerajaan 😂,13c5526e6cd715d766fc,2025-07-22T15:51:38Z,2025-07-22T15:51:38Z,0,0,True,True,none,,2026-06-17T15:11:38.330996+00:00,raw,
YT_UgzGc-NlU7jpBr270oh4AaABAg,YouTube,top_level_comment,UgzGc-NlU7jpBr270oh4AaABAg,UgzGc-NlU7jpBr270oh4AaABAg,lWY3O9pFexo,KOS SARA HIDUP | PM Umum Butiran Penghargaan Untuk Rakyat Esok (BU),Buletin TV3,https://www.youtube.com/watch?v=lWY3O9pFexo,2025-07-22T12:11:44Z,cost_of_living_public_policy,PM X tlg Lulus kwsp fleksibel ACC 1 Tu rakyat Malaysia,0f3c36b3338952ca1dfe,2025-07-22T15:48:41Z,2025-07-22T15:48:41Z,2,0,True,True,none,,2026-06-17T15:11:38.331010+00:00,raw,
YT_UgxXT8918AvUld0VNdV4AaABAg,YouTube,top_level_comment,UgxXT8918AvUld0VNdV4AaABAg,UgxXT8918AvUld0VNdV4AaABAg,lWY3O9pFexo,KOS SARA HIDUP | PM Umum Butiran Penghargaan Untuk Rakyat Esok (BU),Buletin TV3,https://www.youtube.com/watch?v=lWY3O9pFexo,2025-07-22T12:11:44Z,cost_of_living_public_policy,Klu dia umum esok tahun depan diluluskan apakah?,11c0c100fd4c3a13846f,2025-07-22T15:47:16Z,2025-07-22T15:47:16Z,8,0,True,True,none,,2026-06-17T15:11:38.331021+00:00,raw,
YT_UgxkLVCkcxQTM06Oh5Z4AaABAg,YouTube,top_level_comment,UgxkLVCkcxQTM06Oh5Z4AaABAg,UgxkLVCkcxQTM06Oh5Z4AaABAg,lWY3O9pFexo,KOS SARA HIDUP | PM Umum Butiran Penghargaan Untuk Rakyat Esok (BU),Buletin TV3,https://www.youtube.com/watch?v=lWY3O9pFexo,2025-07-22T12:11:44Z,cost_of_living_public_policy,naikkan jumlah bantuan tuh je rakyat mintak...mcm xlogik masa zaman najib bossku bantuan lg tinggi padahal time tuh harga brg lg murah...nie brg mcm gila terok mahal tp jumlah bantuan lg sikit...,24c28f3f0c1cd06d8bda,2025-07-22T15:46:36Z,2025-07-22T15:46:36Z,6,5,True,True,none,,2026-06-17T15:11:38.331036+00:00,raw,
YT_Ugw4f6Hxd1pjjNJiWt54AaABAg,YouTube,top_level_comment,Ugw4f6Hxd1pjjNJiWt54AaABAg,Ugw4f6Hxd1pjjNJiWt54AaABAg,lWY3O9pFexo,KOS SARA HIDUP | PM Umum Butiran Penghargaan Untuk Rakyat Esok (BU),Buletin TV3,https://www.youtube.com/watch?v=lWY3O9pFexo,2025-07-22T12:11:44Z,cost_of_living_public_policy,Ada kabar angin rakyat diberi emas satu karung setiap bulan purnama,1364498f4b4667eae4b1,2025-07-22T15:35:53Z,2025-07-22T15:35:53Z,0,0,True,True,none,,2026-06-17T15:11:38.331048+00:00,raw,
YT_UgxJYdXxUzfBQQg5oAV4AaABAg,YouTube,top_level_comment,UgxJYdXxUzfBQQg5oAV4AaABAg,UgxJYdXxUzfBQQg5oAV4AaABAg,lWY3O9pFexo,KOS SARA HIDUP | PM Umum Butiran Penghargaan Untuk Rakyat Esok (BU),Buletin TV3,https://www.youtube.com/watch?v=lWY3O9pFexo,2025-07-22T12:11:44Z,cost_of_living_public_policy,Santan turun harga kot... 😂😂😂,97773ea0b7d4480d4079,2025-07-22T15:33:42Z,2025-07-22T15:33:42Z,0,0,True,True,none,,2026-06-17T15:11:38.331059+00:00,raw,
YT_Ugx1XZCXX_TJd1UasPd4AaABAg,YouTube,top_level_comment,Ugx1XZCXX_TJd1UasPd4AaABAg,Ugx1XZCXX_TJd1UasPd4AaABAg,lWY3O9pFexo,KOS SARA HIDUP | PM Umum Butiran Penghargaan Untuk Rakyat Esok (BU),Buletin TV3,https://www.youtube.com/watch?v=lWY3O9pFexo,2025-07-22T12:11:44Z,cost_of_living_public_policy,Klu setakat nk bagi duit....tak akan bawa perubahan pun...😂😂,3ff6d60e60bdf3cb5cc1,2025-07-22T15:23:00Z,2025-07-22T15:23:00Z,1,0,True,True,none,,2026-06-17T15:11:38.331073+00:00,raw,
YT_UgyfOlnahoTYn8bg9YN4AaABAg,YouTube,top_level_comment,UgyfOlnahoTYn8bg9YN4AaABAg,UgyfOlnahoTYn8bg9YN4AaABAg,lWY3O9pFexo,KOS SARA HIDUP | PM Umum Butiran Penghargaan Untuk Rakyat Esok (BU),Buletin TV3,https://www.youtube.com/watch?v=lWY3O9pFexo,2025-07-22T12:11:44Z,cost_of_living_public_policy,😂😂😂e dia sudah tak bisa tidur enak,3cfb173cbb00c3bea5dc,2025-07-22T15:14:29Z,2025-07-22T15:14:29Z,1,0,True,True,none,,2026-06-17T15:11:38.331084+00:00,raw,
YT_Ugxboqsvq5hKVJtdV0B4AaABAg,YouTube,top_level_comment,Ugxboqsvq5hKVJtdV0B4AaABAg,Ugxboqsvq5hKVJtdV0B4AaABAg,lWY3O9pFexo,KOS SARA HIDUP | PM Umum Butiran Penghargaan Untuk Rakyat Esok (BU),Buletin TV3,https://www.youtube.com/watch?v=lWY3O9pFexo,2025-07-22T12:11:44Z,cost_of_living_public_policy,Apa yang kamu nampak tentang kos sara hidup.. Dari budak2 lagi pasal kos sara hidup ni.. Pergi Jumpa pakar mata kalau nampak,b89734c3df0a460de37e,2025-07-22T15:11:34Z,2025-07-22T15:11:34Z,0,0,True,True,none,,2026-06-17T15:11:38.331098+00:00,raw,
YT_UgzI_PkePsCns_JgHdJ4AaABAg,YouTube,top_level_comment,UgzI_PkePsCns_JgHdJ4AaABAg,UgzI_PkePsCns_JgHdJ4AaABAg,lWY3O9pFexo,KOS SARA HIDUP | PM Umum Butiran Penghargaan Untuk Rakyat Esok (BU),Buletin TV3,https://www.youtube.com/watch?v=lWY3O9pFexo,2025-07-22T12:11:44Z,cost_of_living_public_policy,"Ko pusing sana sini,,Rakyat nak ko letak jawatan.",0f7693cb18a45ae61b4f,2025-07-22T15:11:22Z,2025-07-22T15:11:22Z,5,5,True,True,none,,2026-06-17T15:11:38.331109+00:00,raw,
YT_UgwBCPnavBPBxYChiRF4AaABAg,YouTube,top_level_comment,UgwBCPnavBPBxYChiRF4AaABAg,UgwBCPnavBPBxYChiRF4AaABAg,lWY3O9pFexo,KOS SARA HIDUP | PM Umum Butiran Penghargaan Untuk Rakyat Esok (BU),Buletin TV3,https://www.youtube.com/watch?v=lWY3O9pFexo,2025-07-22T12:11:44Z,cost_of_living_public_policy,Luar biasa? haha mgkin apa yg dijanji kan dolu di'KOTA'kan? 👏,a5b953f7890c395db93a,2025-07-22T15:10:41Z,2025-07-22T15:10:41Z,0,0,True,True,none,,2026-06-17T15:11:38.331121+00:00,raw,
YT_UgwWGV3dj5ZBohP_H-94AaABAg,YouTube,top_level_comment,UgwWGV3dj5ZBohP_H-94AaABAg,UgwWGV3dj5ZBohP_H-94AaABAg,lWY3O9pFexo,KOS SARA HIDUP | PM Umum Butiran Penghargaan Untuk Rakyat Esok (BU),Buletin TV3,https://www.youtube.com/watch?v=lWY3O9pFexo,2025-07-22T12:11:44Z,cost_of_living_public_policy,"Kesian PMX,rata rata yang menghina dia bangsanya sendiri(Melayu).Saya tidak sanggup menghina bangsa saya sendiri,kerana menghina bangsa sendiri umpama menghina diri sendiri.",22731fd38e9d97590f4b,2025-07-22T15:09:29Z,2025-07-22T15:09:29Z,6,3,True,True,none,,2026-06-17T15:11:38.331135+00:00,raw,
YT_UgzRZgoRSu_C9KC5g3J4AaABAg,YouTube,top_level_comment,UgzRZgoRSu_C9KC5g3J4AaABAg,UgzRZgoRSu_C9KC5g3J4AaABAg,lWY3O9pFexo,KOS SARA HIDUP | PM Umum Butiran Penghargaan Untuk Rakyat Esok (BU),Buletin TV3,https://www.youtube.com/watch?v=lWY3O9pFexo,2025-07-22T12:11:44Z,cost_of_living_public_policy,Dia beri..aku ambik jer.. dah memang duit rakyat.,0e0bec68d3722633bc89,2025-07-22T15:08:18Z,2025-07-22T15:08:18Z,20,5,True,True,none,,2026-06-17T15:11:38.331147+00:00,raw,
YT_UgxYx6p_vHGufqOAZAR4AaABAg,YouTube,top_level_comment,UgxYx6p_vHGufqOAZAR4AaABAg,UgxYx6p_vHGufqOAZAR4AaABAg,lWY3O9pFexo,KOS SARA HIDUP | PM Umum Butiran Penghargaan Untuk Rakyat Esok (BU),Buletin TV3,https://www.youtube.com/watch?v=lWY3O9pFexo,2025-07-22T12:11:44Z,cost_of_living_public_policy,Jgn terlalu berharap 😂takut nanti tertiarap,11a268b2715f2d8779c1,2025-07-22T15:05:36Z,2025-07-22T15:05:36Z,6,2,True,True,none,,2026-06-17T15:11:38.331158+00:00,raw,
YT_UgyoWVFSA_cDu0aQb_l4AaABAg,YouTube,top_level_comment,UgyoWVFSA_cDu0aQb_l4AaABAg,UgyoWVFSA_cDu0aQb_l4AaABAg,lWY3O9pFexo,KOS SARA HIDUP | PM Umum Butiran Penghargaan Untuk Rakyat Esok (BU),Buletin TV3,https://www.youtube.com/watch?v=lWY3O9pFexo,2025-07-22T12:11:44Z,cost_of_living_public_policy,E wallet 50 keluarga madanon,92c4fe495092770d54a7,2025-07-22T14:58:22Z,2025-07-22T14:58:22Z,1,0,True,True,none,,2026-06-17T15:11:38.666906+00:00,raw,
YT_UgxasMYlGv3hoFcvMbN4AaABAg,YouTube,top_level_comment,UgxasMYlGv3hoFcvMbN4AaABAg,UgxasMYlGv3hoFcvMbN4AaABAg,lWY3O9pFexo,KOS SARA HIDUP | PM Umum Butiran Penghargaan Untuk Rakyat Esok (BU),Buletin TV3,https://www.youtube.com/watch?v=lWY3O9pFexo,2025-07-22T12:11:44Z,cost_of_living_public_policy,Harap2 ada pengeluaran kwsp akaun 1.ini yg rakyatt mahuuu...,3b4bf358812b2f618708,2025-07-22T14:56:10Z,2025-07-22T14:56:10Z,4,0,True,True,none,,2026-06-17T15:11:38.666933+00:00,raw,
YT_UgyLBK6t98tii426SKp4AaABAg,YouTube,top_level_comment,UgyLBK6t98tii426SKp4AaABAg,UgyLBK6t98tii426SKp4AaABAg,lWY3O9pFexo,KOS SARA HIDUP | PM Umum Butiran Penghargaan Untuk Rakyat Esok (BU),Buletin TV3,https://www.youtube.com/watch?v=lWY3O9pFexo,2025-07-22T12:11:44Z,cost_of_living_public_policy,Buat la apa pun...rakyat dah muak dah...lawan tetap lawan...turun tetap turun...😂,4f8aed7bac79ebc97afc,2025-07-22T14:56:04Z,2025-07-22T14:56:04Z,3,2,True,True,none,,2026-06-17T15:11:38.666950+00:00,raw,
YT_UgwLbx8Pmf7fwE1zA4t4AaABAg,YouTube,top_level_comment,UgwLbx8Pmf7fwE1zA4t4AaABAg,UgwLbx8Pmf7fwE1zA4t4AaABAg,lWY3O9pFexo,KOS SARA HIDUP | PM Umum Butiran Penghargaan Untuk Rakyat Esok (BU),Buletin TV3,https://www.youtube.com/watch?v=lWY3O9pFexo,2025-07-22T12:11:44Z,cost_of_living_public_policy,dajal datang membawa segunung roti,f5885ba8e21188644b4f,2025-07-22T14:54:52Z,2025-07-22T14:54:52Z,0,0,True,True,none,,2026-06-17T15:11:38.666963+00:00,raw,
YT_Ugw7hKoFUiLEoWA-qmx4AaABAg,YouTube,top_level_comment,Ugw7hKoFUiLEoWA-qmx4AaABAg,Ugw7hKoFUiLEoWA-qmx4AaABAg,lWY3O9pFexo,KOS SARA HIDUP | PM Umum Butiran Penghargaan Untuk Rakyat Esok (BU),Buletin TV3,https://www.youtube.com/watch?v=lWY3O9pFexo,2025-07-22T12:11:44Z,cost_of_living_public_policy,Pm anwar bohong gula gula.,e94c12df5d4b9b0f5a03,2025-07-22T14:48:31Z,2025-07-22T14:48:31Z,1,0,True,True,none,,2026-06-17T15:11:38.666975+00:00,raw,
YT_UgxaLh_QPSOGGifMWhJ4AaABAg,YouTube,top_level_comment,UgxaLh_QPSOGGifMWhJ4AaABAg,UgxaLh_QPSOGGifMWhJ4AaABAg,lWY3O9pFexo,KOS SARA HIDUP | PM Umum Butiran Penghargaan Untuk Rakyat Esok (BU),Buletin TV3,https://www.youtube.com/watch?v=lWY3O9pFexo,2025-07-22T12:11:44Z,cost_of_living_public_policy,Berita baik apanya str ekasih my sara tak lulus,00bceae9296ca977db33,2025-07-22T14:48:07Z,2025-07-22T14:48:07Z,0,0,True,True,none,,2026-06-17T15:11:38.666988+00:00,raw,
YT_UgyAhcytb3K2YXzQ7AR4AaABAg,YouTube,top_level_comment,UgyAhcytb3K2YXzQ7AR4AaABAg,UgyAhcytb3K2YXzQ7AR4AaABAg,lWY3O9pFexo,KOS SARA HIDUP | PM Umum Butiran Penghargaan Untuk Rakyat Esok (BU),Buletin TV3,https://www.youtube.com/watch?v=lWY3O9pFexo,2025-07-22T12:11:44Z,cost_of_living_public_policy,dgn madey pun gelabah😅😅...nk bagi berita baik konon...yg berkotak kotak tu mane😅,68cc08a63cae62b9e914,2025-07-22T14:41:26Z,2025-07-22T14:41:26Z,0,0,True,True,none,,2026-06-17T15:11:38.667002+00:00,raw,
YT_UgxboFwlrUBsfpTHbtx4AaABAg,YouTube,top_level_comment,UgxboFwlrUBsfpTHbtx4AaABAg,UgxboFwlrUBsfpTHbtx4AaABAg,lWY3O9pFexo,KOS SARA HIDUP | PM Umum Butiran Penghargaan Untuk Rakyat Esok (BU),Buletin TV3,https://www.youtube.com/watch?v=lWY3O9pFexo,2025-07-22T12:11:44Z,cost_of_living_public_policy,Kejutan ape tu xsabo nk dengar ..tido awal mlm ni,13135510fafb4fa817dd,2025-07-22T14:40:45Z,2025-07-22T14:40:45Z,0,0,True,True,none,,2026-06-17T15:11:38.667014+00:00,raw,
YT_UgxenIwthbATUgx4AZ14AaABAg,YouTube,top_level_comment,UgxenIwthbATUgx4AZ14AaABAg,UgxenIwthbATUgx4AZ14AaABAg,lWY3O9pFexo,KOS SARA HIDUP | PM Umum Butiran Penghargaan Untuk Rakyat Esok (BU),Buletin TV3,https://www.youtube.com/watch?v=lWY3O9pFexo,2025-07-22T12:11:44Z,cost_of_living_public_policy,"""kalau x hr isnin....selasa""",3c9c3be9959bb6714f29,2025-07-22T14:34:10Z,2025-07-22T14:34:10Z,0,0,True,True,none,,2026-06-17T15:11:38.667025+00:00,raw,
YT_UgzeRBjdlIik3Qd1LRF4AaABAg,YouTube,top_level_comment,UgzeRBjdlIik3Qd1LRF4AaABAg,UgzeRBjdlIik3Qd1LRF4AaABAg,lWY3O9pFexo,KOS SARA HIDUP | PM Umum Butiran Penghargaan Untuk Rakyat Esok (BU),Buletin TV3,https://www.youtube.com/watch?v=lWY3O9pFexo,2025-07-22T12:11:44Z,cost_of_living_public_policy,Umum Letak jawatan itu berita paling baik.,3085ba2befd120df653a,2025-07-22T14:33:43Z,2025-07-22T14:34:07Z,69,17,True,True,none,,2026-06-17T15:11:38.667038+00:00,raw,
YT_UgxUv-vfEiMesGjL7Qt4AaABAg,YouTube,top_level_comment,UgxUv-vfEiMesGjL7Qt4AaABAg,UgxUv-vfEiMesGjL7Qt4AaABAg,lWY3O9pFexo,KOS SARA HIDUP | PM Umum Butiran Penghargaan Untuk Rakyat Esok (BU),Buletin TV3,https://www.youtube.com/watch?v=lWY3O9pFexo,2025-07-22T12:11:44Z,cost_of_living_public_policy,Rakyat menunggu PM letak jawatan,0c8e3c454c9a670f20cc,2025-07-22T14:31:20Z,2025-07-22T14:31:20Z,5,1,True,True,none,,2026-06-17T15:11:38.667049+00:00,raw,
YT_Ugz5aaZCpyTmyTXMhUl4AaABAg,YouTube,top_level_comment,Ugz5aaZCpyTmyTXMhUl4AaABAg,Ugz5aaZCpyTmyTXMhUl4AaABAg,lWY3O9pFexo,KOS SARA HIDUP | PM Umum Butiran Penghargaan Untuk Rakyat Esok (BU),Buletin TV3,https://www.youtube.com/watch?v=lWY3O9pFexo,2025-07-22T12:11:44Z,cost_of_living_public_policy,Harap2 adalah pengumuman pengeluaran khas kwsp itu pun sudah cukup menggembirakan bg golongan pencarum yang sangat memerlukan pd waktu ini..,fefb8c84825b9a7ef472,2025-07-22T14:15:42Z,2025-07-22T14:15:42Z,15,4,True,True,none,,2026-06-17T15:11:38.667064+00:00,raw,
YT_UgzwM9c0gPvsk5oRHu14AaABAg,YouTube,top_level_comment,UgzwM9c0gPvsk5oRHu14AaABAg,UgzwM9c0gPvsk5oRHu14AaABAg,lWY3O9pFexo,KOS SARA HIDUP | PM Umum Butiran Penghargaan Untuk Rakyat Esok (BU),Buletin TV3,https://www.youtube.com/watch?v=lWY3O9pFexo,2025-07-22T12:11:44Z,cost_of_living_public_policy,Okayyyyy....hari ini saya jadi pm.....esok cuti iiiiiiiiii............terkejut aku...,2615391c85b3b835507c,2025-07-22T14:15:16Z,2025-07-22T14:16:48Z,2,0,True,True,none,,2026-06-17T15:11:38.667076+00:00,raw,
YT_Ugy9PPvyC-NICMuXor54AaABAg,YouTube,top_level_comment,Ugy9PPvyC-NICMuXor54AaABAg,Ugy9PPvyC-NICMuXor54AaABAg,lWY3O9pFexo,KOS SARA HIDUP | PM Umum Butiran Penghargaan Untuk Rakyat Esok (BU),Buletin TV3,https://www.youtube.com/watch?v=lWY3O9pFexo,2025-07-22T12:11:44Z,cost_of_living_public_policy,Alhamdulillah telur turun 3 sen.RoN 95 turun 4 sen.,b2e1a84a69db5e006156,2025-07-22T14:13:02Z,2025-07-22T14:13:02Z,1,0,True,True,none,,2026-06-17T15:11:38.667089+00:00,raw,
YT_UgwA3UZvDZMs2pde5Wx4AaABAg,YouTube,top_level_comment,UgwA3UZvDZMs2pde5Wx4AaABAg,UgwA3UZvDZMs2pde5Wx4AaABAg,lWY3O9pFexo,KOS SARA HIDUP | PM Umum Butiran Penghargaan Untuk Rakyat Esok (BU),Buletin TV3,https://www.youtube.com/watch?v=lWY3O9pFexo,2025-07-22T12:11:44Z,cost_of_living_public_policy,APA to yer,db28868aee3c7dd07d95,2025-07-22T14:07:49Z,2025-07-22T14:07:49Z,0,0,True,True,none,,2026-06-17T15:11:38.667099+00:00,raw,
YT_Ugw8yoV5TbIVc7-lS7t4AaABAg,YouTube,top_level_comment,Ugw8yoV5TbIVc7-lS7t4AaABAg,Ugw8yoV5TbIVc7-lS7t4AaABAg,lWY3O9pFexo,KOS SARA HIDUP | PM Umum Butiran Penghargaan Untuk Rakyat Esok (BU),Buletin TV3,https://www.youtube.com/watch?v=lWY3O9pFexo,2025-07-22T12:11:44Z,cost_of_living_public_policy,Harap veteran tidak berpencen pun dapat manafaat,a57ec29177e473608d4b,2025-07-22T14:01:57Z,2025-07-22T14:01:57Z,0,0,True,True,none,,2026-06-17T15:11:38.667112+00:00,raw,
YT_UgyDeaIDjbGBSYejEn94AaABAg,YouTube,top_level_comment,UgyDeaIDjbGBSYejEn94AaABAg,UgyDeaIDjbGBSYejEn94AaABAg,lWY3O9pFexo,KOS SARA HIDUP | PM Umum Butiran Penghargaan Untuk Rakyat Esok (BU),Buletin TV3,https://www.youtube.com/watch?v=lWY3O9pFexo,2025-07-22T12:11:44Z,cost_of_living_public_policy,Janji 26 julai berhimpum..,f714e2b8645576c1054c,2025-07-22T13:28:46Z,2025-07-22T13:28:46Z,19,6,True,True,none,,2026-06-17T15:11:38.667123+00:00,raw,
YT_Ugzd2u3dVz8rCZ9aoyp4AaABAg,YouTube,top_level_comment,Ugzd2u3dVz8rCZ9aoyp4AaABAg,Ugzd2u3dVz8rCZ9aoyp4AaABAg,lWY3O9pFexo,KOS SARA HIDUP | PM Umum Butiran Penghargaan Untuk Rakyat Esok (BU),Buletin TV3,https://www.youtube.com/watch?v=lWY3O9pFexo,2025-07-22T12:11:44Z,cost_of_living_public_policy,"BERGGANTI PERDANA MENTERI, MELAYU TETAP MISKIN DI BUMI SENDIRI.. GULA-GULANYA BAGAI SEMUA RAKYAT RASA MANIS... TAPI YANG BERTIMBUN DUIT DALAM RUMAH MUKA-MUKA MACAM KAMU SEMUA NILAH.. MULUT TU JANGAN SEPERTI BOSSKU..KERANA PERDANA MENTERI YANG MESKIN BOLEH DAPAT DERMA BILION JUTA.. RAKYAT MISKIN DAPAT APA ?.....Berita benar.",2777054e7b9e31bdf05b,2025-07-22T13:21:54Z,2025-07-22T13:21:54Z,0,0,True,True,none,,2026-06-17T15:11:38.667145+00:00,raw,
YT_UgzBbDRnRCnE6Ys5H5p4AaABAg,YouTube,top_level_comment,UgzBbDRnRCnE6Ys5H5p4AaABAg,UgzBbDRnRCnE6Ys5H5p4AaABAg,lWY3O9pFexo,KOS SARA HIDUP | PM Umum Butiran Penghargaan Untuk Rakyat Esok (BU),Buletin TV3,https://www.youtube.com/watch?v=lWY3O9pFexo,2025-07-22T12:11:44Z,cost_of_living_public_policy,"Basic 2,000 jadi lah 🌚👍",89b7858f4f81c59863f3,2025-07-22T13:16:24Z,2025-07-22T13:16:24Z,4,1,True,True,none,,2026-06-17T15:11:38.667157+00:00,raw,
YT_UgxmgHsaANWdQKrOaXN4AaABAg,YouTube,top_level_comment,UgxmgHsaANWdQKrOaXN4AaABAg,UgxmgHsaANWdQKrOaXN4AaABAg,lWY3O9pFexo,KOS SARA HIDUP | PM Umum Butiran Penghargaan Untuk Rakyat Esok (BU),Buletin TV3,https://www.youtube.com/watch?v=lWY3O9pFexo,2025-07-22T12:11:44Z,cost_of_living_public_policy,Rakyat Malaysia harap Dapat la buka Mata .. suldority 26hb nie UTK kepentingan rakyat atau pulak..pulak dia Orang nie dah tak boleh sakau duit rakyat.,d65e9f206d0a2c07d367,2025-07-22T13:13:25Z,2025-07-22T13:13:25Z,2,1,True,True,none,,2026-06-17T15:11:38.667172+00:00,raw,
YT_UgwmXmVpW9QQKm7zsPJ4AaABAg,YouTube,top_level_comment,UgwmXmVpW9QQKm7zsPJ4AaABAg,UgwmXmVpW9QQKm7zsPJ4AaABAg,mVmYibok-7A,[TERKINI] MOF sekat MyKad individu salah guna subsidi BUDI95,Astro AWANI,https://www.youtube.com/watch?v=mVmYibok-7A,2026-03-23T23:22:33Z,cost_of_living_public_policy,"Apa salahnys isi dalam tong,klo tiba² kerita ada ko bocoran pd tangki ada minyak utk stand by.Bengong betullah.Hahahaxhax.😆",d3cc2341b6146056b117,2026-04-22T11:09:55Z,2026-04-22T11:09:55Z,0,0,True,True,none,,2026-06-17T15:11:39.036849+00:00,raw,
YT_UgzIgDLS4xJOBxMAwGd4AaABAg,YouTube,top_level_comment,UgzIgDLS4xJOBxMAwGd4AaABAg,UgzIgDLS4xJOBxMAwGd4AaABAg,mVmYibok-7A,[TERKINI] MOF sekat MyKad individu salah guna subsidi BUDI95,Astro AWANI,https://www.youtube.com/watch?v=mVmYibok-7A,2026-03-23T23:22:33Z,cost_of_living_public_policy,Ramai juga rakyat malaysia malas pakai otak Dan budak muda plak dalam neh X bersyukur Salahkan kerajaan dan peraturan,ca28fb150f20d8d42a7d,2026-03-26T00:16:07Z,2026-03-26T00:16:07Z,0,0,True,True,none,,2026-06-17T15:11:39.036878+00:00,raw,
YT_UgxLrKCMVfcDACTr4Kd4AaABAg,YouTube,top_level_comment,UgxLrKCMVfcDACTr4Kd4AaABAg,UgxLrKCMVfcDACTr4Kd4AaABAg,mVmYibok-7A,[TERKINI] MOF sekat MyKad individu salah guna subsidi BUDI95,Astro AWANI,https://www.youtube.com/watch?v=mVmYibok-7A,2026-03-23T23:22:33Z,cost_of_living_public_policy,"Apa saja tindakan yg rosakkan imej dan kesungguhan kerajaan madani patut diambil tindakan termasuk menteri yg bias, tak buat kerja dan MP kerajaan yg sokong pencabulan undang².",9f11373c3166cde5f58a,2026-03-25T15:52:41Z,2026-03-25T15:52:41Z,0,0,True,True,none,,2026-06-17T15:11:39.036897+00:00,raw,
YT_UgxPYZ-QBilwmlSSVoJ4AaABAg,YouTube,top_level_comment,UgxPYZ-QBilwmlSSVoJ4AaABAg,UgxPYZ-QBilwmlSSVoJ4AaABAg,mVmYibok-7A,[TERKINI] MOF sekat MyKad individu salah guna subsidi BUDI95,Astro AWANI,https://www.youtube.com/watch?v=mVmYibok-7A,2026-03-23T23:22:33Z,cost_of_living_public_policy,kena faham betul2 krjn beri maksima 300 ltr klu x sampai guna secukup shj lah jgn ambil kesempatan yg lebih pergi jual.jd lah rakyat beramanah sikit.aku sokong tindakan mof ambil tindakan.beri betis nak peha,f0ce64291be1050695db,2026-03-25T15:48:37Z,2026-03-25T15:48:37Z,0,0,True,True,none,,2026-06-17T15:11:39.036915+00:00,raw,
YT_UgzRdsF_EPafBHHPmcl4AaABAg,YouTube,top_level_comment,UgzRdsF_EPafBHHPmcl4AaABAg,UgzRdsF_EPafBHHPmcl4AaABAg,mVmYibok-7A,[TERKINI] MOF sekat MyKad individu salah guna subsidi BUDI95,Astro AWANI,https://www.youtube.com/watch?v=mVmYibok-7A,2026-03-23T23:22:33Z,cost_of_living_public_policy,Aku tiap2 bulan abiskan kontol isi tong pastu jual kat bagla wakakakaa sekat lah mari2 marilaaaaaaaaaaaaaaaaaaa biakakakaakaka😂😂😂😂😂😂😂😂😂😂😂😂😂😂,7fb91645a75adeefc46d,2026-03-25T14:59:27Z,2026-03-25T14:59:27Z,0,0,True,True,none,,2026-06-17T15:11:39.036931+00:00,raw,
YT_UgxCa7WneXcN2ErCgSB4AaABAg,YouTube,top_level_comment,UgxCa7WneXcN2ErCgSB4AaABAg,UgxCa7WneXcN2ErCgSB4AaABAg,mVmYibok-7A,[TERKINI] MOF sekat MyKad individu salah guna subsidi BUDI95,Astro AWANI,https://www.youtube.com/watch?v=mVmYibok-7A,2026-03-23T23:22:33Z,cost_of_living_public_policy,"Sebenarnya boleh je beli ron95 dlm tong tp dgn 2 syara'.1) Dlm satu masa isian tdk boleh lebih 20liter. 2)Pam yg diguna mesti pam ron95 yg non subsidi..Kalau nk isi dlm tong masa buat bayaran kat kaunter,jgn guna IC.Buat bayaran yg non subsidi punya harga.Jgn guna IC budi95..yg tu dilarang..Bayar harga tanpa subsidi.",0eb7607181e6eaedaa9a,2026-03-25T10:43:17Z,2026-03-25T10:43:17Z,0,0,True,True,none,,2026-06-17T15:11:39.036951+00:00,raw,
YT_UgwkEMLJC1VonbdGKcx4AaABAg,YouTube,top_level_comment,UgwkEMLJC1VonbdGKcx4AaABAg,UgwkEMLJC1VonbdGKcx4AaABAg,mVmYibok-7A,[TERKINI] MOF sekat MyKad individu salah guna subsidi BUDI95,Astro AWANI,https://www.youtube.com/watch?v=mVmYibok-7A,2026-03-23T23:22:33Z,cost_of_living_public_policy,Mana hak orang yang diberi Peruntukan sebulan yang pasti dia tidak melebihi had koata haknya.😊,eb28956fda9f8b8b7154,2026-03-25T03:11:35Z,2026-03-25T03:11:35Z,0,0,True,True,none,,2026-06-17T15:11:39.036966+00:00,raw,
YT_Ugxh7qLxjA9ZgaMeHyR4AaABAg,YouTube,top_level_comment,Ugxh7qLxjA9ZgaMeHyR4AaABAg,Ugxh7qLxjA9ZgaMeHyR4AaABAg,mVmYibok-7A,[TERKINI] MOF sekat MyKad individu salah guna subsidi BUDI95,Astro AWANI,https://www.youtube.com/watch?v=mVmYibok-7A,2026-03-23T23:22:33Z,cost_of_living_public_policy,Kera jaan ni nak bantu rakyat pun mcm berkira..dah bagi tuu..dah lahh.. patut yang sekat menteri2 orang yg duduk dalam sarkes tuu..mana xbuat keja sekat gaji..,fc74e2c6632fd6ab2cc0,2026-03-25T02:23:41Z,2026-03-25T02:23:41Z,1,0,True,True,none,,2026-06-17T15:11:39.036981+00:00,raw,
YT_Ugy1b6TEXkjghMo67SZ4AaABAg,YouTube,top_level_comment,Ugy1b6TEXkjghMo67SZ4AaABAg,Ugy1b6TEXkjghMo67SZ4AaABAg,mVmYibok-7A,[TERKINI] MOF sekat MyKad individu salah guna subsidi BUDI95,Astro AWANI,https://www.youtube.com/watch?v=mVmYibok-7A,2026-03-23T23:22:33Z,cost_of_living_public_policy,What if a car runs out of fuel in the middle of the road and the guy needs to fill it up with a petrol tank. Is that not allowed too?,fb9a7d0a815c055d828e,2026-03-25T02:04:41Z,2026-03-25T02:04:41Z,1,0,True,True,none,,2026-06-17T15:11:39.036996+00:00,raw,
YT_UgzUcSH4RVo8omTvmmJ4AaABAg,YouTube,top_level_comment,UgzUcSH4RVo8omTvmmJ4AaABAg,UgzUcSH4RVo8omTvmmJ4AaABAg,mVmYibok-7A,[TERKINI] MOF sekat MyKad individu salah guna subsidi BUDI95,Astro AWANI,https://www.youtube.com/watch?v=mVmYibok-7A,2026-03-23T23:22:33Z,cost_of_living_public_policy,"Dulu x ada pun isi dlm tong, sekarang baru timbul d sebab krisis selat Hormuz.jgn 2 bln,1minggu licin minyak kat stesen pakat bawa tong,alasan nk isi bot DLL.",a3ecf3654c6800d96e7f,2026-03-25T01:56:08Z,2026-03-25T01:56:08Z,0,0,True,True,none,,2026-06-17T15:11:39.037037+00:00,raw,
YT_UgwHo19b2nVfew8Rlqx4AaABAg,YouTube,top_level_comment,UgwHo19b2nVfew8Rlqx4AaABAg,UgwHo19b2nVfew8Rlqx4AaABAg,mVmYibok-7A,[TERKINI] MOF sekat MyKad individu salah guna subsidi BUDI95,Astro AWANI,https://www.youtube.com/watch?v=mVmYibok-7A,2026-03-23T23:22:33Z,cost_of_living_public_policy,Klu nak isi minyak mesin rumput mcmana ye..sedut dari keta k?,153470947e3312fdfdd7,2026-03-25T01:40:42Z,2026-03-25T01:40:42Z,1,0,True,True,none,,2026-06-17T15:11:39.037088+00:00,raw,
YT_Ugz3fdvGjXwLt8GtLpB4AaABAg,YouTube,top_level_comment,Ugz3fdvGjXwLt8GtLpB4AaABAg,Ugz3fdvGjXwLt8GtLpB4AaABAg,mVmYibok-7A,[TERKINI] MOF sekat MyKad individu salah guna subsidi BUDI95,Astro AWANI,https://www.youtube.com/watch?v=mVmYibok-7A,2026-03-23T23:22:33Z,cost_of_living_public_policy,nasib baik saya guna mesin rumput double AA Li Po Mah 10000w (Ultra senyap potong rumput..awa apa tau..created barang sendiri pon tak reti.),2db81f5f6c19a8226d2d,2026-03-24T23:39:14Z,2026-03-24T23:39:14Z,0,0,True,True,none,,2026-06-17T15:11:39.037108+00:00,raw,
YT_UgwjlWkOgi_KfHKgrmB4AaABAg,YouTube,top_level_comment,UgwjlWkOgi_KfHKgrmB4AaABAg,UgwjlWkOgi_KfHKgrmB4AaABAg,mVmYibok-7A,[TERKINI] MOF sekat MyKad individu salah guna subsidi BUDI95,Astro AWANI,https://www.youtube.com/watch?v=mVmYibok-7A,2026-03-23T23:22:33Z,cost_of_living_public_policy,"Biar jela dia isi sampai limit 300l nanti dia kena bayar jugak ikut harga market. Masing2 Kan Ada limit sendiri. Guna lebih, bayar lebih.",cda480a13f85a222f8e6,2026-03-24T23:21:46Z,2026-03-24T23:21:46Z,0,0,True,True,none,,2026-06-17T15:11:39.037124+00:00,raw,
YT_UgyWDi8R156Ma8LOuU94AaABAg,YouTube,top_level_comment,UgyWDi8R156Ma8LOuU94AaABAg,UgyWDi8R156Ma8LOuU94AaABAg,mVmYibok-7A,[TERKINI] MOF sekat MyKad individu salah guna subsidi BUDI95,Astro AWANI,https://www.youtube.com/watch?v=mVmYibok-7A,2026-03-23T23:22:33Z,cost_of_living_public_policy,"Isi dlm tong apa mslh nya..? Ada org guna generator utk niaga setiap hari di pasar mlm. Generator tu tangki dia kecik je, tak logik bila nak isi kena gi petrol pam..! Ada org guna mesin pam air utk kebun dia. Logik ke nak kena bawak mesin pam gi petrol pam dulu tiap kali nak guna...? Ada org kerja mesin rumput , merumput setiap hari. Minyak kena isi dlm tong, baru lps tu ditransfer balik ke dlm mesin rumput ..! Ada nelayan guna minyak utk pergi ke laut. Myk di isi dlm tong.. *yg otak bingai tu ingat bot boleh dibawa ke petrol pam ke?",f4ad22605a9017a897fc,2026-03-24T23:07:55Z,2026-03-24T23:07:55Z,1,0,True,True,none,,2026-06-17T15:11:39.037161+00:00,raw,
YT_UgyacMuzqldQjC-H0qB4AaABAg,YouTube,top_level_comment,UgyacMuzqldQjC-H0qB4AaABAg,UgyacMuzqldQjC-H0qB4AaABAg,mVmYibok-7A,[TERKINI] MOF sekat MyKad individu salah guna subsidi BUDI95,Astro AWANI,https://www.youtube.com/watch?v=mVmYibok-7A,2026-03-23T23:22:33Z,cost_of_living_public_policy,"Kita gaduh2 pasal bubuh dlm tong aphal...? Kan masing2 dah diberi quota guna ic masing2..? Apa nak gaduh bila org ambil myk menurut had quota masing2 dah diberi. Dia nak buat apa, itu dah hak dia yg 'kera jaan' dah bagi pun sebelum ini, pada aku x jd mslh dah... Cukup je quota, habis la hak dia. Pastu dia kena byr harga tanpa subsidi la plak...!!",f4ad22605a9017a897fc,2026-03-24T22:57:19Z,2026-03-24T22:57:19Z,0,0,True,True,none,,2026-06-17T15:11:39.037184+00:00,raw,
YT_UgxlhqxwckDbKrqmER14AaABAg,YouTube,top_level_comment,UgxlhqxwckDbKrqmER14AaABAg,UgxlhqxwckDbKrqmER14AaABAg,mVmYibok-7A,[TERKINI] MOF sekat MyKad individu salah guna subsidi BUDI95,Astro AWANI,https://www.youtube.com/watch?v=mVmYibok-7A,2026-03-23T23:22:33Z,cost_of_living_public_policy,dasyat betul kerajaan sampai tahap lagu tu..sebab tu fitnah dlm ketegori dosa besar.. bermakna setiap tingkah laku dan perbuatan dianggap menyalahi undang undang. sapa sapa habis minyak tepi jln CALL 999,a6db14b024cce7eaa5bf,2026-03-24T17:05:52Z,2026-03-24T17:15:44Z,1,0,True,True,none,,2026-06-17T15:11:39.037202+00:00,raw,
YT_UgzHqO_4gAASiIEKAKF4AaABAg,YouTube,top_level_comment,UgzHqO_4gAASiIEKAKF4AaABAg,UgzHqO_4gAASiIEKAKF4AaABAg,mVmYibok-7A,[TERKINI] MOF sekat MyKad individu salah guna subsidi BUDI95,Astro AWANI,https://www.youtube.com/watch?v=mVmYibok-7A,2026-03-23T23:22:33Z,cost_of_living_public_policy,Abis kalau minyak habis kat tengah jalan nk beli pakai ape bebal..pkai plastik? Cam gitu...,457f84a5c2cfdffd3240,2026-03-24T16:07:58Z,2026-03-24T16:07:58Z,1,0,True,True,none,,2026-06-17T15:11:39.037215+00:00,raw,
YT_Ugzmt_uQrTjtH6SZIzJ4AaABAg,YouTube,top_level_comment,Ugzmt_uQrTjtH6SZIzJ4AaABAg,Ugzmt_uQrTjtH6SZIzJ4AaABAg,mVmYibok-7A,[TERKINI] MOF sekat MyKad individu salah guna subsidi BUDI95,Astro AWANI,https://www.youtube.com/watch?v=mVmYibok-7A,2026-03-23T23:22:33Z,cost_of_living_public_policy,Di sebabkan budi Madani... Harga petrol Ron 95 naik harga...,9496f4a7fc1ee81acfba,2026-03-24T15:49:46Z,2026-03-24T15:49:46Z,3,0,True,True,none,,2026-06-17T15:11:39.037227+00:00,raw,
YT_UgxLezbFLc9I-quUkrB4AaABAg,YouTube,top_level_comment,UgxLezbFLc9I-quUkrB4AaABAg,UgxLezbFLc9I-quUkrB4AaABAg,mVmYibok-7A,[TERKINI] MOF sekat MyKad individu salah guna subsidi BUDI95,Astro AWANI,https://www.youtube.com/watch?v=mVmYibok-7A,2026-03-23T23:22:33Z,cost_of_living_public_policy,Terima kasih mof,bbd9d8bc289744a20d5b,2026-03-24T15:23:06Z,2026-03-24T15:23:06Z,0,0,True,True,none,,2026-06-17T15:11:39.037237+00:00,raw,
YT_UgyvGl12P_v4nq7Wxvd4AaABAg,YouTube,top_level_comment,UgyvGl12P_v4nq7Wxvd4AaABAg,UgyvGl12P_v4nq7Wxvd4AaABAg,mVmYibok-7A,[TERKINI] MOF sekat MyKad individu salah guna subsidi BUDI95,Astro AWANI,https://www.youtube.com/watch?v=mVmYibok-7A,2026-03-23T23:22:33Z,cost_of_living_public_policy,"Kerja mesin rumput kena guna tong, kereta minyak habis kena guna tong, generator kedai kecil2 waktu malam kena guna tong, orang yang duduk rumah jauh dari stesen minyak guna tong, sikit2 nak rakam lepastu mula la ada manusia hati busuk cakap nak seludup, kalau guna tong sebesar dalam video tu seludup apanya 20 liter pun tak sampai, maksimum 300 liter, kalau kau nampak orang yang sama isi dalam tong setiap hari 2 kali selama sebulan memang yang itu mungkin la nak seludup, memang dunia nak kiamat, zina berleluasa, perang berleluasa, fitnah berleluasa, sedekah/berbuat baik wajib sekarang rakam, dulu aku diajar sedekah kalau boleh jangan bagi tahu sesiapa takut rasa riak muncul tanpa sedar,buka aib orang satu perkara biasa, pelik2",dec53c980946193d843a,2026-03-24T14:26:31Z,2026-03-24T14:32:56Z,1,0,True,True,none,,2026-06-17T15:11:39.037269+00:00,raw,
YT_UgxzqemzF-jXRlmbmyd4AaABAg,YouTube,top_level_comment,UgxzqemzF-jXRlmbmyd4AaABAg,UgxzqemzF-jXRlmbmyd4AaABAg,mVmYibok-7A,[TERKINI] MOF sekat MyKad individu salah guna subsidi BUDI95,Astro AWANI,https://www.youtube.com/watch?v=mVmYibok-7A,2026-03-23T23:22:33Z,cost_of_living_public_policy,Perangai mcm beruk...org mcm nie la yg buat org lain Jadi susah...jaga la baik2 mnyak sunsidi..mesti nk jual dkat warga asing,2c7e70956cd1d472cfc3,2026-03-24T14:13:58Z,2026-03-24T14:13:58Z,0,0,True,True,none,,2026-06-17T15:11:39.037283+00:00,raw,
YT_Ugx6vUK811EeXRFcRTB4AaABAg,YouTube,top_level_comment,Ugx6vUK811EeXRFcRTB4AaABAg,Ugx6vUK811EeXRFcRTB4AaABAg,mVmYibok-7A,[TERKINI] MOF sekat MyKad individu salah guna subsidi BUDI95,Astro AWANI,https://www.youtube.com/watch?v=mVmYibok-7A,2026-03-23T23:22:33Z,cost_of_living_public_policy,Nk isi kt Genset utk berniaga pasal malam x blh ke isi dlm tong?,06dc337c46cfef271869,2026-03-24T14:02:32Z,2026-03-24T14:02:32Z,1,0,True,True,none,,2026-06-17T15:11:39.037296+00:00,raw,
YT_Ugy1_otxnNzpMNdp0F54AaABAg,YouTube,top_level_comment,Ugy1_otxnNzpMNdp0F54AaABAg,Ugy1_otxnNzpMNdp0F54AaABAg,mVmYibok-7A,[TERKINI] MOF sekat MyKad individu salah guna subsidi BUDI95,Astro AWANI,https://www.youtube.com/watch?v=mVmYibok-7A,2026-03-23T23:22:33Z,cost_of_living_public_policy,Kita bernasib baik ada sumber minyak yg banyak di Sabah dan Sarawak. (Walaupun rakyat disana masih miskin).,088a3e828545e5899ee6,2026-03-24T13:48:07Z,2026-03-24T13:48:07Z,0,0,True,True,none,,2026-06-17T15:11:39.037309+00:00,raw,
YT_UgxeRs_u4kN64l8cDBd4AaABAg,YouTube,top_level_comment,UgxeRs_u4kN64l8cDBd4AaABAg,UgxeRs_u4kN64l8cDBd4AaABAg,mVmYibok-7A,[TERKINI] MOF sekat MyKad individu salah guna subsidi BUDI95,Astro AWANI,https://www.youtube.com/watch?v=mVmYibok-7A,2026-03-23T23:22:33Z,cost_of_living_public_policy,Yang kerajaan seleweng harga bahan api tak pula dihebohkan,1bac4d29cd66f0b713eb,2026-03-24T13:40:27Z,2026-03-24T13:40:27Z,2,0,True,True,none,,2026-06-17T15:11:39.037321+00:00,raw,
YT_Ugw2J8r8lTWOEPcwvth4AaABAg,YouTube,top_level_comment,Ugw2J8r8lTWOEPcwvth4AaABAg,Ugw2J8r8lTWOEPcwvth4AaABAg,mVmYibok-7A,[TERKINI] MOF sekat MyKad individu salah guna subsidi BUDI95,Astro AWANI,https://www.youtube.com/watch?v=mVmYibok-7A,2026-03-23T23:22:33Z,cost_of_living_public_policy,😂😂 tu makan dia.. udah dibantu jual minyak subsidi takdak koje lain dah nak buat rugi negara aja,b2856c3b862055657f4a,2026-03-24T13:37:41Z,2026-03-24T13:37:41Z,0,0,True,True,none,,2026-06-17T15:11:39.037337+00:00,raw,
YT_UgwfqsXK8z6Km5TnSut4AaABAg,YouTube,top_level_comment,UgwfqsXK8z6Km5TnSut4AaABAg,UgwfqsXK8z6Km5TnSut4AaABAg,mVmYibok-7A,[TERKINI] MOF sekat MyKad individu salah guna subsidi BUDI95,Astro AWANI,https://www.youtube.com/watch?v=mVmYibok-7A,2026-03-23T23:22:33Z,cost_of_living_public_policy,apa slhnya isi tong.ingt smua tempat ade stesen minyak ke bahalol.ko nk sruh org kmpung hri2 kluar bndar berpuluh kilo untuk isi minyak motor ke,6842e319606b18a5f0a8,2026-03-24T13:37:21Z,2026-03-24T13:38:45Z,0,0,True,True,none,,2026-06-17T15:11:39.037352+00:00,raw,
YT_UgzqnGLN1GN4B-Rmkm54AaABAg,YouTube,top_level_comment,UgzqnGLN1GN4B-Rmkm54AaABAg,UgzqnGLN1GN4B-Rmkm54AaABAg,mVmYibok-7A,[TERKINI] MOF sekat MyKad individu salah guna subsidi BUDI95,Astro AWANI,https://www.youtube.com/watch?v=mVmYibok-7A,2026-03-23T23:22:33Z,cost_of_living_public_policy,Biar la.. itu kuota dia.. nak block pasal apa..,7a000b42fb5c2e6393a5,2026-03-24T12:22:19Z,2026-03-24T12:22:19Z,0,0,True,True,none,,2026-06-17T15:11:39.037364+00:00,raw,
YT_UgykL2Stfc1c6Jj63A54AaABAg,YouTube,top_level_comment,UgykL2Stfc1c6Jj63A54AaABAg,UgykL2Stfc1c6Jj63A54AaABAg,mVmYibok-7A,[TERKINI] MOF sekat MyKad individu salah guna subsidi BUDI95,Astro AWANI,https://www.youtube.com/watch?v=mVmYibok-7A,2026-03-23T23:22:33Z,cost_of_living_public_policy,Limit nya 300 liter.....kan..dimana salahnya...,56243d885a588aa0844f,2026-03-24T11:47:12Z,2026-03-24T11:47:12Z,0,0,True,True,none,,2026-06-17T15:11:39.037375+00:00,raw,
YT_UgxD3b5d-loEH08bdd94AaABAg,YouTube,top_level_comment,UgxD3b5d-loEH08bdd94AaABAg,UgxD3b5d-loEH08bdd94AaABAg,mVmYibok-7A,[TERKINI] MOF sekat MyKad individu salah guna subsidi BUDI95,Astro AWANI,https://www.youtube.com/watch?v=mVmYibok-7A,2026-03-23T23:22:33Z,cost_of_living_public_policy,"Yang viral tu Otak kat punggung kot!…apa salahnya cuma pakai subsidi sendiri?,…pakai max pun salah ke? Tak reti langsung….",e7ad23e5d4104641edaa,2026-03-24T11:32:31Z,2026-03-24T11:32:31Z,0,0,True,True,none,,2026-06-17T15:11:39.037391+00:00,raw,
YT_UgzggeBItswBJ1VGws14AaABAg,YouTube,top_level_comment,UgzggeBItswBJ1VGws14AaABAg,UgzggeBItswBJ1VGws14AaABAg,mVmYibok-7A,[TERKINI] MOF sekat MyKad individu salah guna subsidi BUDI95,Astro AWANI,https://www.youtube.com/watch?v=mVmYibok-7A,2026-03-23T23:22:33Z,cost_of_living_public_policy,makan semut agaknya,0cc18df49cc24863b877,2026-03-24T11:21:29Z,2026-03-24T11:21:29Z,0,0,True,True,none,,2026-06-17T15:11:39.037402+00:00,raw,
YT_Ugw1AAoDfrjFCCqbrP54AaABAg,YouTube,top_level_comment,Ugw1AAoDfrjFCCqbrP54AaABAg,Ugw1AAoDfrjFCCqbrP54AaABAg,mVmYibok-7A,[TERKINI] MOF sekat MyKad individu salah guna subsidi BUDI95,Astro AWANI,https://www.youtube.com/watch?v=mVmYibok-7A,2026-03-23T23:22:33Z,cost_of_living_public_policy,"Hargai kemudahan yg kerajaan sediakan, belajar bersyukur, masalah kita rakyat Malaysia ni sikap tidak bersyukur, riak, perasaan dengki memang sebati dari dulu 😢",d341f73275e5d6003a93,2026-03-24T11:09:20Z,2026-03-24T11:09:20Z,0,0,True,True,none,,2026-06-17T15:11:39.037419+00:00,raw,
YT_UgxAv_ezEfzV2XFFh6J4AaABAg,YouTube,top_level_comment,UgxAv_ezEfzV2XFFh6J4AaABAg,UgxAv_ezEfzV2XFFh6J4AaABAg,mVmYibok-7A,[TERKINI] MOF sekat MyKad individu salah guna subsidi BUDI95,Astro AWANI,https://www.youtube.com/watch?v=mVmYibok-7A,2026-03-23T23:22:33Z,cost_of_living_public_policy,"kena bawa mesin rumput,gergaji rantai,generator pergi stesen minyak la mcm ni 🤡🤡🤡🤡",052315ee7df1142ecb88,2026-03-24T10:36:32Z,2026-03-24T10:37:02Z,0,0,True,True,none,,2026-06-17T15:11:39.037432+00:00,raw,
YT_Ugx7SxLSYYr3xXVGmiN4AaABAg,YouTube,top_level_comment,Ugx7SxLSYYr3xXVGmiN4AaABAg,Ugx7SxLSYYr3xXVGmiN4AaABAg,mVmYibok-7A,[TERKINI] MOF sekat MyKad individu salah guna subsidi BUDI95,Astro AWANI,https://www.youtube.com/watch?v=mVmYibok-7A,2026-03-23T23:22:33Z,cost_of_living_public_policy,yang bagi sewa pakai IC kat pendatang Asing tu pun kena check balik😂😂,3c1294010233184ad6b6,2026-03-24T10:21:58Z,2026-03-24T10:21:58Z,1,0,True,True,none,,2026-06-17T15:11:39.037445+00:00,raw,
YT_UgyY6_n4CoS23eATJyR4AaABAg,YouTube,top_level_comment,UgyY6_n4CoS23eATJyR4AaABAg,UgyY6_n4CoS23eATJyR4AaABAg,mVmYibok-7A,[TERKINI] MOF sekat MyKad individu salah guna subsidi BUDI95,Astro AWANI,https://www.youtube.com/watch?v=mVmYibok-7A,2026-03-23T23:22:33Z,cost_of_living_public_policy,"Banyak sebab orang isi dalam tong. 1. Duduk pedalaman. Stesen paling dekat pun 25-30 km. 2. Guna untuk ladang dan kebun. Mesin rumput, mesin potong pokok. 3. Generator 4. Bot terutamanya kat sungai. Nak pancing udang. 5. Duduk pulau. Mana ada stesen minyak setengah pulau. Tapi kereta, motor ada. Macam pulau Tioman, pulau besar Mersing",04f123433f027639647c,2026-03-24T10:13:20Z,2026-03-24T10:13:20Z,2,1,True,True,none,,2026-06-17T15:11:39.037467+00:00,raw,
YT_UgweEPcuBQcG5MGVIhp4AaABAg,YouTube,top_level_comment,UgweEPcuBQcG5MGVIhp4AaABAg,UgweEPcuBQcG5MGVIhp4AaABAg,mVmYibok-7A,[TERKINI] MOF sekat MyKad individu salah guna subsidi BUDI95,Astro AWANI,https://www.youtube.com/watch?v=mVmYibok-7A,2026-03-23T23:22:33Z,cost_of_living_public_policy,"Bagaimana pula dengan rakyat Sarawak yang tinggal jauh di pedalaman, adakah mereka juga akan disekat kad pengenalannya, sebab kebanyakan mereka ke bandar adalah jauh dan tidak mendapat subsidi minyak di kawasan pedalaman. YB.. apa cite? Jawaplah.",bf49570117b7fc00d951,2026-03-24T10:08:43Z,2026-03-24T10:08:43Z,0,0,True,True,none,,2026-06-17T15:11:39.037484+00:00,raw,
YT_UgxSMO1eKhqUzEfgMAV4AaABAg,YouTube,top_level_comment,UgxSMO1eKhqUzEfgMAV4AaABAg,UgxSMO1eKhqUzEfgMAV4AaABAg,mVmYibok-7A,[TERKINI] MOF sekat MyKad individu salah guna subsidi BUDI95,Astro AWANI,https://www.youtube.com/watch?v=mVmYibok-7A,2026-03-23T23:22:33Z,cost_of_living_public_policy,kerajaan menyusahkan rakyat.,60fb33b4d61a8657732e,2026-03-24T09:53:24Z,2026-03-24T09:53:24Z,1,0,True,True,none,,2026-06-17T15:11:39.037495+00:00,raw,
YT_UgzAoKZG-UNdZgeKI854AaABAg,YouTube,top_level_comment,UgzAoKZG-UNdZgeKI854AaABAg,UgzAoKZG-UNdZgeKI854AaABAg,mVmYibok-7A,[TERKINI] MOF sekat MyKad individu salah guna subsidi BUDI95,Astro AWANI,https://www.youtube.com/watch?v=mVmYibok-7A,2026-03-23T23:22:33Z,cost_of_living_public_policy,Itu hak dia nak isi berapa banyak pon..nak isi dekat mane sekalipon..nak mandi pakaia minyak sekali pon..selagi within dia punya entittlement xde issue..minah ni boleh ambik legal action lah kot kan?,a8c1da46eaf4f09c11da,2026-03-24T09:44:53Z,2026-03-24T09:44:53Z,0,0,True,True,none,,2026-06-17T15:11:39.037511+00:00,raw,
YT_UgwA81vmMwt5UmCiOpZ4AaABAg,YouTube,top_level_comment,UgwA81vmMwt5UmCiOpZ4AaABAg,UgwA81vmMwt5UmCiOpZ4AaABAg,mVmYibok-7A,[TERKINI] MOF sekat MyKad individu salah guna subsidi BUDI95,Astro AWANI,https://www.youtube.com/watch?v=mVmYibok-7A,2026-03-23T23:22:33Z,cost_of_living_public_policy,Idea senang lepaskan tanggungjawab dari kerajaan korap otak beku nak lepaskan kesusahan rakyat..mcmana nak beli petrol bawa naik ke kebun untuk operasi Machines selanggara kebun.,165bd6c6c1be8135d46a,2026-03-24T09:10:23Z,2026-03-24T09:10:23Z,0,0,True,True,none,,2026-06-17T15:11:39.037526+00:00,raw,
YT_UgyoAZoQeC4p45jR1Kp4AaABAg,YouTube,top_level_comment,UgyoAZoQeC4p45jR1Kp4AaABAg,UgyoAZoQeC4p45jR1Kp4AaABAg,mVmYibok-7A,[TERKINI] MOF sekat MyKad individu salah guna subsidi BUDI95,Astro AWANI,https://www.youtube.com/watch?v=mVmYibok-7A,2026-03-23T23:22:33Z,cost_of_living_public_policy,Why cepat habis eh minyak Ron 95 isi pun tak full tank 50 dah full tank dulu sekarang setengah je dapat pakai subsidi,228f1da0e373af72edff,2026-03-24T08:58:40Z,2026-03-24T08:58:40Z,0,0,True,True,none,,2026-06-17T15:11:39.037542+00:00,raw,
YT_UgwOu_ZQZg9B2o8ITQF4AaABAg,YouTube,top_level_comment,UgwOu_ZQZg9B2o8ITQF4AaABAg,UgwOu_ZQZg9B2o8ITQF4AaABAg,mVmYibok-7A,[TERKINI] MOF sekat MyKad individu salah guna subsidi BUDI95,Astro AWANI,https://www.youtube.com/watch?v=mVmYibok-7A,2026-03-23T23:22:33Z,cost_of_living_public_policy,Dah siasat betul2 ke kenapa dia perlu beli minyak pakai tong.. ermmm...,2d088106d6aedf752660,2026-03-24T08:50:42Z,2026-03-24T08:50:42Z,1,0,True,True,none,,2026-06-17T15:11:39.037555+00:00,raw,
YT_UgwZmUBhETILx_dRm_d4AaABAg,YouTube,top_level_comment,UgwZmUBhETILx_dRm_d4AaABAg,UgwZmUBhETILx_dRm_d4AaABAg,mVmYibok-7A,[TERKINI] MOF sekat MyKad individu salah guna subsidi BUDI95,Astro AWANI,https://www.youtube.com/watch?v=mVmYibok-7A,2026-03-23T23:22:33Z,cost_of_living_public_policy,"Aku beli guna tong utk motor2 kat rumah dan mesin blower. Biasanya beli stakat rm20 / rm30... .. Salah ke? Mungkin lepas ni kena isi penuh, smpai rumah, pam keluar masuk dlm tong.",11bec0a183aa3874e640,2026-03-24T08:43:12Z,2026-03-24T08:43:12Z,2,0,True,True,none,,2026-06-17T15:11:39.037570+00:00,raw,
YT_Ugzu4lJ_fR3q4U_NOll4AaABAg,YouTube,top_level_comment,Ugzu4lJ_fR3q4U_NOll4AaABAg,Ugzu4lJ_fR3q4U_NOll4AaABAg,mVmYibok-7A,[TERKINI] MOF sekat MyKad individu salah guna subsidi BUDI95,Astro AWANI,https://www.youtube.com/watch?v=mVmYibok-7A,2026-03-23T23:22:33Z,cost_of_living_public_policy,"Panic buying ni.. takut mati sebab Thailand banyak pam minyak yang dah tutup takde minyak, harga pun dah sampai Rm100 seliter sana 🤣",c83571a01c14ecea4912,2026-03-24T08:41:08Z,2026-03-24T08:41:08Z,0,0,True,True,none,,2026-06-17T15:11:39.037585+00:00,raw,
YT_UgzokKSZ-DyJglr7RL54AaABAg,YouTube,top_level_comment,UgzokKSZ-DyJglr7RL54AaABAg,UgzokKSZ-DyJglr7RL54AaABAg,mVmYibok-7A,[TERKINI] MOF sekat MyKad individu salah guna subsidi BUDI95,Astro AWANI,https://www.youtube.com/watch?v=mVmYibok-7A,2026-03-23T23:22:33Z,cost_of_living_public_policy,"Pekebun kecil mcm aku beli minyak tong nk mesin rumput,mesin racun,pam air mcmne tu???",2f5ac7cb2327f38c68a9,2026-03-24T08:30:44Z,2026-03-24T08:30:44Z,2,0,True,True,none,,2026-06-17T15:11:39.037598+00:00,raw,
YT_Ugx6Wlp7HpRi-j8GXu14AaABAg,YouTube,top_level_comment,Ugx6Wlp7HpRi-j8GXu14AaABAg,Ugx6Wlp7HpRi-j8GXu14AaABAg,mVmYibok-7A,[TERKINI] MOF sekat MyKad individu salah guna subsidi BUDI95,Astro AWANI,https://www.youtube.com/watch?v=mVmYibok-7A,2026-03-23T23:22:33Z,cost_of_living_public_policy,Banned terus.... apa bantuan pun untuk mykad tuh.... Bio dia rasa apa erti bersyukur lepas tuh...,33fc8df223fc7f2948b8,2026-03-24T08:24:12Z,2026-03-24T08:24:12Z,0,0,True,True,none,,2026-06-17T15:11:39.037611+00:00,raw,
YT_UgwIFz5RL3RQqAH4L4x4AaABAg,YouTube,top_level_comment,UgwIFz5RL3RQqAH4L4x4AaABAg,UgwIFz5RL3RQqAH4L4x4AaABAg,mVmYibok-7A,[TERKINI] MOF sekat MyKad individu salah guna subsidi BUDI95,Astro AWANI,https://www.youtube.com/watch?v=mVmYibok-7A,2026-03-23T23:22:33Z,cost_of_living_public_policy,Kalau kereta minyak habis tepi jalan macam mana.jangan kerana 2 atau 3 orang yang lain pun kena getah.,90b5aee855118b672ca0,2026-03-24T08:21:45Z,2026-03-24T08:21:45Z,1,0,True,True,none,,2026-06-17T15:11:39.037625+00:00,raw,
YT_UgzyYRBB-FFVa-ap4rN4AaABAg,YouTube,top_level_comment,UgzyYRBB-FFVa-ap4rN4AaABAg,UgzyYRBB-FFVa-ap4rN4AaABAg,mVmYibok-7A,[TERKINI] MOF sekat MyKad individu salah guna subsidi BUDI95,Astro AWANI,https://www.youtube.com/watch?v=mVmYibok-7A,2026-03-23T23:22:33Z,cost_of_living_public_policy,"Oh ok, tdk boleh isi dlm tong pula....",54dff7ca6217d5a84d81,2026-03-24T08:12:09Z,2026-03-24T08:12:09Z,0,0,True,True,none,,2026-06-17T15:11:39.037637+00:00,raw,
YT_UgxUmcO-NvNy0of0gy14AaABAg,YouTube,top_level_comment,UgxUmcO-NvNy0of0gy14AaABAg,UgxUmcO-NvNy0of0gy14AaABAg,mVmYibok-7A,[TERKINI] MOF sekat MyKad individu salah guna subsidi BUDI95,Astro AWANI,https://www.youtube.com/watch?v=mVmYibok-7A,2026-03-23T23:22:33Z,cost_of_living_public_policy,Byk kes masuk minyak subsidi dlm tong utk jual semula,bcb404830be214167b07,2026-03-24T07:51:46Z,2026-03-24T07:51:46Z,0,0,True,True,none,,2026-06-17T15:11:39.037648+00:00,raw,
YT_UgzL8963XUgdTJQmlOV4AaABAg,YouTube,top_level_comment,UgzL8963XUgdTJQmlOV4AaABAg,UgzL8963XUgdTJQmlOV4AaABAg,mVmYibok-7A,[TERKINI] MOF sekat MyKad individu salah guna subsidi BUDI95,Astro AWANI,https://www.youtube.com/watch?v=mVmYibok-7A,2026-03-23T23:22:33Z,cost_of_living_public_policy,KEBANYAKAN YG ISI DALAM TONG LEPAS ITU ISI DLM BOTOL UTK DIJUAL😅,2e58ed0793ff01f2691c,2026-03-24T07:38:06Z,2026-03-24T07:38:06Z,0,0,True,True,none,,2026-06-17T15:11:39.037662+00:00,raw,
YT_Ugwlx48ReUmf3U1y_xx4AaABAg,YouTube,top_level_comment,Ugwlx48ReUmf3U1y_xx4AaABAg,Ugwlx48ReUmf3U1y_xx4AaABAg,mVmYibok-7A,[TERKINI] MOF sekat MyKad individu salah guna subsidi BUDI95,Astro AWANI,https://www.youtube.com/watch?v=mVmYibok-7A,2026-03-23T23:22:33Z,cost_of_living_public_policy,pandaila kerajaan cari pesalah.,ff3ce8e55897b6e45427,2026-03-24T07:35:52Z,2026-03-24T07:35:52Z,0,0,True,True,none,,2026-06-17T15:11:39.037672+00:00,raw,
YT_UgwoT95k3ghM2e6zEx54AaABAg,YouTube,top_level_comment,UgwoT95k3ghM2e6zEx54AaABAg,UgwoT95k3ghM2e6zEx54AaABAg,mVmYibok-7A,[TERKINI] MOF sekat MyKad individu salah guna subsidi BUDI95,Astro AWANI,https://www.youtube.com/watch?v=mVmYibok-7A,2026-03-23T23:22:33Z,cost_of_living_public_policy,Xblh berfikir gune otak dh ke..atau dh x waras..lapas ni kne la bwk pam racun..mesin rumput..pam air..bwk bot.. g pam minyak...ape lah..btl2 menyusahkn rakyat..,8e0f70288700d1349504,2026-03-24T07:34:52Z,2026-03-24T07:34:52Z,3,0,True,True,none,,2026-06-17T15:11:39.037687+00:00,raw,
YT_UgwihIYVqgRlqb9RxHZ4AaABAg,YouTube,top_level_comment,UgwihIYVqgRlqb9RxHZ4AaABAg,UgwihIYVqgRlqb9RxHZ4AaABAg,mVmYibok-7A,[TERKINI] MOF sekat MyKad individu salah guna subsidi BUDI95,Astro AWANI,https://www.youtube.com/watch?v=mVmYibok-7A,2026-03-23T23:22:33Z,cost_of_living_public_policy,buat la pakai ic di sabah sarawak pakai Diesel,b5730e4db83cbc4b36a6,2026-03-24T07:32:21Z,2026-03-24T07:32:21Z,0,0,True,True,none,,2026-06-17T15:11:39.037699+00:00,raw,
YT_Ugw67x7dxWu14CzSa8Z4AaABAg,YouTube,top_level_comment,Ugw67x7dxWu14CzSa8Z4AaABAg,Ugw67x7dxWu14CzSa8Z4AaABAg,mVmYibok-7A,[TERKINI] MOF sekat MyKad individu salah guna subsidi BUDI95,Astro AWANI,https://www.youtube.com/watch?v=mVmYibok-7A,2026-03-23T23:22:33Z,cost_of_living_public_policy,😂 apa lah ..segali dia bayar okey lah ... Bukan dia warga asing yang guna Ic pun...semua Liter yang diperuntukkan tu memang dah sah2 utk kegunaan yg dah ditetapkan...jadi apa masalahnya...dia nak isi terus 300L pun biarlah janji dia bayar,c0bcf17bb2660f3f9653,2026-03-24T07:27:13Z,2026-03-24T07:27:13Z,0,0,True,True,none,,2026-06-17T15:11:39.037718+00:00,raw,
YT_Ugz2S7vYP1IMFgHFM7d4AaABAg,YouTube,top_level_comment,Ugz2S7vYP1IMFgHFM7d4AaABAg,Ugz2S7vYP1IMFgHFM7d4AaABAg,mVmYibok-7A,[TERKINI] MOF sekat MyKad individu salah guna subsidi BUDI95,Astro AWANI,https://www.youtube.com/watch?v=mVmYibok-7A,2026-03-23T23:22:33Z,cost_of_living_public_policy,Takda2 nak naikkan harga.. tangkaplah yg buat tu dan siasat adakah dia jual minyak.hanya 0000000000000000.1 peratus yg buat,a8d66c88b644719a3848,2026-03-24T07:21:04Z,2026-03-24T07:21:04Z,1,0,True,True,none,,2026-06-17T15:11:39.037732+00:00,raw,
YT_UgyTBk64PT1tn1g0sYF4AaABAg,YouTube,top_level_comment,UgyTBk64PT1tn1g0sYF4AaABAg,UgyTBk64PT1tn1g0sYF4AaABAg,mVmYibok-7A,[TERKINI] MOF sekat MyKad individu salah guna subsidi BUDI95,Astro AWANI,https://www.youtube.com/watch?v=mVmYibok-7A,2026-03-23T23:22:33Z,cost_of_living_public_policy,"lokasi di Johor, tindakan ni boleh menimbulkan panik kalau semua org buat benda sama beli simpan petrol di stor rumah",604c79c25f902435ec9d,2026-03-24T07:11:21Z,2026-03-24T07:11:21Z,0,1,True,True,none,,2026-06-17T15:11:39.037745+00:00,raw,
YT_Ugxrn6XrK4CtGYCf8N54AaABAg,YouTube,top_level_comment,Ugxrn6XrK4CtGYCf8N54AaABAg,Ugxrn6XrK4CtGYCf8N54AaABAg,mVmYibok-7A,[TERKINI] MOF sekat MyKad individu salah guna subsidi BUDI95,Astro AWANI,https://www.youtube.com/watch?v=mVmYibok-7A,2026-03-23T23:22:33Z,cost_of_living_public_policy,Bagus. Padan muka.,abbc50463f30a306575e,2026-03-24T07:10:51Z,2026-03-24T07:10:51Z,0,0,True,True,none,,2026-06-17T15:11:39.037756+00:00,raw,
YT_UgxMUaCLhlgYm8yUbDR4AaABAg,YouTube,top_level_comment,UgxMUaCLhlgYm8yUbDR4AaABAg,UgxMUaCLhlgYm8yUbDR4AaABAg,mVmYibok-7A,[TERKINI] MOF sekat MyKad individu salah guna subsidi BUDI95,Astro AWANI,https://www.youtube.com/watch?v=mVmYibok-7A,2026-03-23T23:22:33Z,cost_of_living_public_policy,Xde kerja menekankan rakyat,793636be3c102bf4c983,2026-03-24T07:09:51Z,2026-03-24T07:09:51Z,0,0,True,True,none,,2026-06-17T15:11:39.037767+00:00,raw,
YT_Ugwzoe7hK7vauk04mYZ4AaABAg,YouTube,top_level_comment,Ugwzoe7hK7vauk04mYZ4AaABAg,Ugwzoe7hK7vauk04mYZ4AaABAg,mVmYibok-7A,[TERKINI] MOF sekat MyKad individu salah guna subsidi BUDI95,Astro AWANI,https://www.youtube.com/watch?v=mVmYibok-7A,2026-03-23T23:22:33Z,cost_of_living_public_policy,Tong boat & tong minyak mesin rumput no problem kan ?,dab0cc631ce17ea8a2a2,2026-03-24T07:07:14Z,2026-03-24T07:07:14Z,0,0,True,True,none,,2026-06-17T15:11:39.037779+00:00,raw,
YT_UgyP3NeCdLShoi0kOgh4AaABAg,YouTube,top_level_comment,UgyP3NeCdLShoi0kOgh4AaABAg,UgyP3NeCdLShoi0kOgh4AaABAg,mVmYibok-7A,[TERKINI] MOF sekat MyKad individu salah guna subsidi BUDI95,Astro AWANI,https://www.youtube.com/watch?v=mVmYibok-7A,2026-03-23T23:22:33Z,cost_of_living_public_policy,"Terbaik MOF, please closely monitoring Mycard holders dekat sempadan THailand yang pakai Ron95 Subsidised Petrol secara Maxima sedangkan cuma memiliki satu dua kenderaan atau motorsikal dan juga e-hailing drivers milleages vs petrol consumption tally or x tally ? Semua Towns sebelah Thailand guna subsidised petrol dari Malaysia samaada masuk ke Malaysia utk pam minyak atau seludup minyak melalui Mycard holders.☹",6d08dfe44f6781b9a044,2026-03-24T07:07:07Z,2026-03-24T07:07:07Z,1,0,True,True,none,,2026-06-17T15:11:39.037804+00:00,raw,
YT_UgxqSKHUdfavGJN4F854AaABAg,YouTube,top_level_comment,UgxqSKHUdfavGJN4F854AaABAg,UgxqSKHUdfavGJN4F854AaABAg,mVmYibok-7A,[TERKINI] MOF sekat MyKad individu salah guna subsidi BUDI95,Astro AWANI,https://www.youtube.com/watch?v=mVmYibok-7A,2026-03-23T23:22:33Z,cost_of_living_public_policy,LEPAS NI NAK MESIN RUMPUT KENA BAWAK MESIN RUMPUT TU PERGI STESEN MINYAK OK...,d0002abbd04618ce5d53,2026-03-24T07:07:06Z,2026-03-24T07:07:06Z,1,0,True,True,none,,2026-06-17T15:11:39.037816+00:00,raw,
YT_UgykRq0fELDLiMkcRGR4AaABAg,YouTube,top_level_comment,UgykRq0fELDLiMkcRGR4AaABAg,UgykRq0fELDLiMkcRGR4AaABAg,mVmYibok-7A,[TERKINI] MOF sekat MyKad individu salah guna subsidi BUDI95,Astro AWANI,https://www.youtube.com/watch?v=mVmYibok-7A,2026-03-23T23:22:33Z,cost_of_living_public_policy,Padan muka..,d5a61a13deafbddb8947,2026-03-24T07:01:55Z,2026-03-24T07:01:55Z,0,0,True,True,none,,2026-06-17T15:11:39.037826+00:00,raw,
YT_UgySEACK_1cgSpza7LB4AaABAg,YouTube,top_level_comment,UgySEACK_1cgSpza7LB4AaABAg,UgySEACK_1cgSpza7LB4AaABAg,mVmYibok-7A,[TERKINI] MOF sekat MyKad individu salah guna subsidi BUDI95,Astro AWANI,https://www.youtube.com/watch?v=mVmYibok-7A,2026-03-23T23:22:33Z,cost_of_living_public_policy,"Bengong la kerajaan skrg ni, byr gaji mahal2 pun tak tahu nak urus negara....Berapa byk sgtlah org ramai boleh jual minyak petrol tu.... klu org nak beli utk mesin rumput atau minyak motor abis ke mcmana?",6c5747bfaf491aa1c0a8,2026-03-24T06:47:02Z,2026-03-24T06:47:02Z,1,0,True,True,none,,2026-06-17T15:11:39.037842+00:00,raw,
YT_UgxoF35Zlqh55v9tVCZ4AaABAg,YouTube,top_level_comment,UgxoF35Zlqh55v9tVCZ4AaABAg,UgxoF35Zlqh55v9tVCZ4AaABAg,mVmYibok-7A,[TERKINI] MOF sekat MyKad individu salah guna subsidi BUDI95,Astro AWANI,https://www.youtube.com/watch?v=mVmYibok-7A,2026-03-23T23:22:33Z,cost_of_living_public_policy,"Kami yg buat bendang musim2 kemarau ni, dok pam air masuk bendang jenuh la nak beli petrol seliter dua. Kalau camni buat bendang sekali je la dlm setahun",cdda4f9f6a0996f3bc5b,2026-03-24T06:44:40Z,2026-03-24T06:44:40Z,2,0,True,True,none,,2026-06-17T15:11:39.037856+00:00,raw,
YT_Ugxt4m0KBPC7Lb2NpbR4AaABAg,YouTube,top_level_comment,Ugxt4m0KBPC7Lb2NpbR4AaABAg,Ugxt4m0KBPC7Lb2NpbR4AaABAg,mVmYibok-7A,[TERKINI] MOF sekat MyKad individu salah guna subsidi BUDI95,Astro AWANI,https://www.youtube.com/watch?v=mVmYibok-7A,2026-03-23T23:22:33Z,cost_of_living_public_policy,"Guna had diberi UTK individu,xsallah .rase nye..UTK motor g kebun..mesin rumput dan lain2 LG..bukan UTK dijual..aku penyokong kerajaan skrg ni jgk..Klau Dh melampau sgt .aku naik angin..",a5920add40007ada0bb9,2026-03-24T06:41:26Z,2026-03-24T06:41:26Z,3,0,True,True,none,,2026-06-17T15:11:39.037873+00:00,raw,
YT_UgyfIM6qYUIHjQoExA94AaABAg,YouTube,top_level_comment,UgyfIM6qYUIHjQoExA94AaABAg,UgyfIM6qYUIHjQoExA94AaABAg,mVmYibok-7A,[TERKINI] MOF sekat MyKad individu salah guna subsidi BUDI95,Astro AWANI,https://www.youtube.com/watch?v=mVmYibok-7A,2026-03-23T23:22:33Z,cost_of_living_public_policy,"Inilah pengkhianat negara. Kita nak bantu dia, dia pulak khianat kat kita.",500391d27637f75aa161,2026-03-24T06:32:28Z,2026-03-24T06:32:28Z,0,0,True,True,none,,2026-06-17T15:11:39.037886+00:00,raw,
YT_Ugx_8doazDefTz_BkOF4AaABAg,YouTube,top_level_comment,Ugx_8doazDefTz_BkOF4AaABAg,Ugx_8doazDefTz_BkOF4AaABAg,mVmYibok-7A,[TERKINI] MOF sekat MyKad individu salah guna subsidi BUDI95,Astro AWANI,https://www.youtube.com/watch?v=mVmYibok-7A,2026-03-23T23:22:33Z,cost_of_living_public_policy,Ada org nk spare minyak di rumah utk motor lain lgi yg ada kt rumah...itu pon nk berkira sangat ka..agak2 la,94d3c4708c70e8452a20,2026-03-24T06:17:54Z,2026-03-24T06:17:54Z,2,0,True,True,none,,2026-06-17T15:11:39.037900+00:00,raw,
YT_UgxSYzBcgugeAvT5qH14AaABAg,YouTube,top_level_comment,UgxSYzBcgugeAvT5qH14AaABAg,UgxSYzBcgugeAvT5qH14AaABAg,mVmYibok-7A,[TERKINI] MOF sekat MyKad individu salah guna subsidi BUDI95,Astro AWANI,https://www.youtube.com/watch?v=mVmYibok-7A,2026-03-23T23:22:33Z,cost_of_living_public_policy,😂😂😂,04c7a91e8fbed370693b,2026-03-24T06:15:22Z,2026-03-24T06:15:22Z,0,0,True,True,none,,2026-06-17T15:11:39.037911+00:00,raw,
YT_UgxDjR35JH61dNRW34Z4AaABAg,YouTube,top_level_comment,UgxDjR35JH61dNRW34Z4AaABAg,UgxDjR35JH61dNRW34Z4AaABAg,mVmYibok-7A,[TERKINI] MOF sekat MyKad individu salah guna subsidi BUDI95,Astro AWANI,https://www.youtube.com/watch?v=mVmYibok-7A,2026-03-23T23:22:33Z,cost_of_living_public_policy,Ya la dia nk isi minyak bot.. takan nk heret bot p station minyak kot. Akai ada ka. Yg viral pun bengong.,a71647a94d324c59d35d,2026-03-24T06:10:32Z,2026-03-24T06:10:52Z,30,3,True,True,none,,2026-06-17T15:11:39.037925+00:00,raw,
YT_UgwajngPZpPq2lC9d2Z4AaABAg,YouTube,top_level_comment,UgwajngPZpPq2lC9d2Z4AaABAg,UgwajngPZpPq2lC9d2Z4AaABAg,mVmYibok-7A,[TERKINI] MOF sekat MyKad individu salah guna subsidi BUDI95,Astro AWANI,https://www.youtube.com/watch?v=mVmYibok-7A,2026-03-23T23:22:33Z,cost_of_living_public_policy,Stesyen Petronas juga kenakan di ambil tindakan. Kena adil.,0afdb93a49281c01c5aa,2026-03-24T06:05:42Z,2026-03-24T06:05:42Z,1,0,True,True,none,,2026-06-17T15:11:39.037937+00:00,raw,
YT_UgxfBBPp1c0Zu71BZQJ4AaABAg,YouTube,top_level_comment,UgxfBBPp1c0Zu71BZQJ4AaABAg,UgxfBBPp1c0Zu71BZQJ4AaABAg,mVmYibok-7A,[TERKINI] MOF sekat MyKad individu salah guna subsidi BUDI95,Astro AWANI,https://www.youtube.com/watch?v=mVmYibok-7A,2026-03-23T23:22:33Z,cost_of_living_public_policy,Kan dah ada hat 300liter sebulan apa masalahnya,a78d5821ccb4befd4d01,2026-03-24T05:59:45Z,2026-03-24T05:59:45Z,3,1,True,True,none,,2026-06-17T15:11:39.037948+00:00,raw,
YT_Ugx6daRZDv39EFCWHg54AaABAg,YouTube,top_level_comment,Ugx6daRZDv39EFCWHg54AaABAg,Ugx6daRZDv39EFCWHg54AaABAg,mVmYibok-7A,[TERKINI] MOF sekat MyKad individu salah guna subsidi BUDI95,Astro AWANI,https://www.youtube.com/watch?v=mVmYibok-7A,2026-03-23T23:22:33Z,cost_of_living_public_policy,20L maksimum kalau nak isi tong,1fb729599e635d63950b,2026-03-24T05:59:25Z,2026-03-24T05:59:25Z,10,0,True,True,none,,2026-06-17T15:11:39.037959+00:00,raw,
YT_UgxSnkSl__fBYKziShp4AaABAg,YouTube,top_level_comment,UgxSnkSl__fBYKziShp4AaABAg,UgxSnkSl__fBYKziShp4AaABAg,mVmYibok-7A,[TERKINI] MOF sekat MyKad individu salah guna subsidi BUDI95,Astro AWANI,https://www.youtube.com/watch?v=mVmYibok-7A,2026-03-23T23:22:33Z,cost_of_living_public_policy,😂😂😂😂.. Alasan nak naik harga minyak pula.. Hbis kalau misen rumput Kena bawa misen rumput p petrol pum ke,8b0f6e47559f15175e29,2026-03-24T05:55:39Z,2026-03-24T05:55:39Z,1,0,True,True,none,,2026-06-17T15:11:39.037973+00:00,raw,
YT_Ugyu1tA0IMZqJusv_Nh4AaABAg,YouTube,top_level_comment,Ugyu1tA0IMZqJusv_Nh4AaABAg,Ugyu1tA0IMZqJusv_Nh4AaABAg,mVmYibok-7A,[TERKINI] MOF sekat MyKad individu salah guna subsidi BUDI95,Astro AWANI,https://www.youtube.com/watch?v=mVmYibok-7A,2026-03-23T23:22:33Z,cost_of_living_public_policy,"*🎉🎉🎉Kerajaan pun kerja mak megelupoq tak tentu pasal dan keluar arahan bukan2 nak tujukan buat kerja kononnya, bukan nak siasat dahulu dan hantar KPDNKK ke siasatan atau mana-mana enjensi dahulu, kerja pengarah megelupoq, masa tak VAIRAL bukan nak buat kerja, dah VAIRALkan nak elak kena maki dgn menteri, buat keputusan singkat yg bodohnya tu*",3d5c47a5bee04e9abaaf,2026-03-24T05:55:22Z,2026-03-24T05:55:22Z,0,0,True,True,none,,2026-06-17T15:11:39.037996+00:00,raw,
YT_UgwMDGfuk01H809P2g94AaABAg,YouTube,top_level_comment,UgwMDGfuk01H809P2g94AaABAg,UgwMDGfuk01H809P2g94AaABAg,mVmYibok-7A,[TERKINI] MOF sekat MyKad individu salah guna subsidi BUDI95,Astro AWANI,https://www.youtube.com/watch?v=mVmYibok-7A,2026-03-23T23:22:33Z,cost_of_living_public_policy,Nie lah buat aturan takut dengan aturan sendiri.....,66b6f4ec537cb49633f8,2026-03-24T05:55:16Z,2026-03-24T05:55:16Z,14,2,True,True,none,,2026-06-17T15:11:39.038008+00:00,raw,
YT_UgyUcMPhMjRQKC56cmN4AaABAg,YouTube,top_level_comment,UgyUcMPhMjRQKC56cmN4AaABAg,UgyUcMPhMjRQKC56cmN4AaABAg,mVmYibok-7A,[TERKINI] MOF sekat MyKad individu salah guna subsidi BUDI95,Astro AWANI,https://www.youtube.com/watch?v=mVmYibok-7A,2026-03-23T23:22:33Z,cost_of_living_public_policy,"*🎉🎉🎉JIKA NALAYAN NAK KENA PAKAI TONG, TAK KAN NAK ANGKUH ENJIN BOAT PI PETROL STATION, NATIZEN KERJA NAK VAIRAL JE 😂😂😂*",3d5c47a5bee04e9abaaf,2026-03-24T05:51:24Z,2026-03-24T05:51:24Z,1,0,True,True,none,,2026-06-17T15:11:39.038023+00:00,raw,
YT_UgxTQgV6dM0JCR4F1N54AaABAg,YouTube,top_level_comment,UgxTQgV6dM0JCR4F1N54AaABAg,UgxTQgV6dM0JCR4F1N54AaABAg,mVmYibok-7A,[TERKINI] MOF sekat MyKad individu salah guna subsidi BUDI95,Astro AWANI,https://www.youtube.com/watch?v=mVmYibok-7A,2026-03-23T23:22:33Z,cost_of_living_public_policy,Bengong aku isi tong mineral nak isi minyak motor kat rumah la.takkan nk tolak motor bawak pi stesen,9dd11c0c75b1b11e30c4,2026-03-24T05:46:26Z,2026-03-24T05:46:26Z,1,0,True,True,none,,2026-06-17T15:11:39.038036+00:00,raw,
YT_Ugz16XchDVwINyIvDlF4AaABAg,YouTube,top_level_comment,Ugz16XchDVwINyIvDlF4AaABAg,Ugz16XchDVwINyIvDlF4AaABAg,mVmYibok-7A,[TERKINI] MOF sekat MyKad individu salah guna subsidi BUDI95,Astro AWANI,https://www.youtube.com/watch?v=mVmYibok-7A,2026-03-23T23:22:33Z,cost_of_living_public_policy,Bagusss...ituu saja pengajaran kepada yg takk tahu berterima kasih...,2fdf0c09d96ce86b9c9f,2026-03-24T05:42:23Z,2026-03-24T05:42:23Z,0,0,True,True,none,,2026-06-17T15:11:39.038048+00:00,raw,
YT_Ugw-cl-RHvoVEwLjr1F4AaABAg,YouTube,top_level_comment,Ugw-cl-RHvoVEwLjr1F4AaABAg,Ugw-cl-RHvoVEwLjr1F4AaABAg,mVmYibok-7A,[TERKINI] MOF sekat MyKad individu salah guna subsidi BUDI95,Astro AWANI,https://www.youtube.com/watch?v=mVmYibok-7A,2026-03-23T23:22:33Z,cost_of_living_public_policy,Alasan utk tamatkan budi ..habis Kalau Kami nk isi myak mesin rumput.chainsaw.dn mesin2 lain yg menggunakan petrol gasoline..Kami kena angkat mesin bwak ke petrol pump Ker...myb mereka isi..utk mesin.depa tapau dlu SBB takut minyak akn Naik..viral pekara yg xcukup RASIONAL,fa283df16b3ac9c0c76a,2026-03-24T05:39:15Z,2026-03-24T05:39:15Z,1,0,True,True,none,,2026-06-17T15:11:39.038066+00:00,raw,
YT_Ugxi8ILjy9XTcFaW5b14AaABAg,YouTube,top_level_comment,Ugxi8ILjy9XTcFaW5b14AaABAg,Ugxi8ILjy9XTcFaW5b14AaABAg,mVmYibok-7A,[TERKINI] MOF sekat MyKad individu salah guna subsidi BUDI95,Astro AWANI,https://www.youtube.com/watch?v=mVmYibok-7A,2026-03-23T23:22:33Z,cost_of_living_public_policy,INCIDEN kepala hotak engkau! Nyawa dah melayang sebab INCIDEN kepala hotak kaw,a5904bddf11245037a58,2026-03-24T05:35:08Z,2026-03-24T05:35:08Z,0,0,True,True,none,,2026-06-17T15:11:39.038078+00:00,raw,
YT_UgzJcnu8XsqwCUwXGel4AaABAg,YouTube,top_level_comment,UgzJcnu8XsqwCUwXGel4AaABAg,UgzJcnu8XsqwCUwXGel4AaABAg,mVmYibok-7A,[TERKINI] MOF sekat MyKad individu salah guna subsidi BUDI95,Astro AWANI,https://www.youtube.com/watch?v=mVmYibok-7A,2026-03-23T23:22:33Z,cost_of_living_public_policy,Bagus..tegas..,e6f842dbde090b9dd77f,2026-03-24T05:32:44Z,2026-03-24T05:32:44Z,0,0,True,True,none,,2026-06-17T15:11:39.038088+00:00,raw,
YT_UgxOUTxrIhzA3BZ9gZp4AaABAg,YouTube,top_level_comment,UgxOUTxrIhzA3BZ9gZp4AaABAg,UgxOUTxrIhzA3BZ9gZp4AaABAg,mVmYibok-7A,[TERKINI] MOF sekat MyKad individu salah guna subsidi BUDI95,Astro AWANI,https://www.youtube.com/watch?v=mVmYibok-7A,2026-03-23T23:22:33Z,cost_of_living_public_policy,aje bajang kome duduk flat tak pa la org kg nk mesin rumput seminggu sekali nayer ler chorrrrrr qoper ini,a263bafb2d7fa6ec2281,2026-03-24T05:28:15Z,2026-03-24T05:28:15Z,0,0,True,True,none,,2026-06-17T15:11:39.038101+00:00,raw,
YT_UgwfPjr-otK8-9FhhSZ4AaABAg,YouTube,top_level_comment,UgwfPjr-otK8-9FhhSZ4AaABAg,UgwfPjr-otK8-9FhhSZ4AaABAg,mVmYibok-7A,[TERKINI] MOF sekat MyKad individu salah guna subsidi BUDI95,Astro AWANI,https://www.youtube.com/watch?v=mVmYibok-7A,2026-03-23T23:22:33Z,cost_of_living_public_policy,"Pantau lebih kawasan sempadan,pasti dapat kesan transaksi yg mencurigakan",64733782b7de7e04b043,2026-03-24T05:25:01Z,2026-03-24T05:25:01Z,3,0,True,True,none,,2026-06-17T15:11:39.038113+00:00,raw,
YT_UgyMcXPsgHxMxjFmeTd4AaABAg,YouTube,top_level_comment,UgyMcXPsgHxMxjFmeTd4AaABAg,UgyMcXPsgHxMxjFmeTd4AaABAg,mVmYibok-7A,[TERKINI] MOF sekat MyKad individu salah guna subsidi BUDI95,Astro AWANI,https://www.youtube.com/watch?v=mVmYibok-7A,2026-03-23T23:22:33Z,cost_of_living_public_policy,Inilah dia...ada orang orang kita yang sungguh tak matang...viral video cm ni memang peluang untuk orang kita di hentam oleh mediasos dan yang berkuasa...satu lagi memang ramai orang kita yang isi minyak tambahan di tong plastik dari dulu lagi untuk kerja ketja rumah ..potongbrumput dan sebagai nya...kerajaan.pun kena faham lah benda ni...kenapa lah begini kerajaan oi,7fd4323064f231ec444b,2026-03-24T05:24:52Z,2026-03-24T05:24:52Z,1,0,True,True,none,,2026-06-17T15:11:39.038133+00:00,raw,
YT_UgxTDgjoKf9sli0Mk8R4AaABAg,YouTube,top_level_comment,UgxTDgjoKf9sli0Mk8R4AaABAg,UgxTDgjoKf9sli0Mk8R4AaABAg,mVmYibok-7A,[TERKINI] MOF sekat MyKad individu salah guna subsidi BUDI95,Astro AWANI,https://www.youtube.com/watch?v=mVmYibok-7A,2026-03-23T23:22:33Z,cost_of_living_public_policy,Patut bagi subsidi 10 liter je,92ec2b181fd4bd7167e1,2026-03-24T05:23:15Z,2026-03-24T05:23:15Z,0,0,True,True,none,,2026-06-17T15:11:39.038144+00:00,raw,
YT_Ugz6G0N8sYMKT-rbM4B4AaABAg,YouTube,top_level_comment,Ugz6G0N8sYMKT-rbM4B4AaABAg,Ugz6G0N8sYMKT-rbM4B4AaABAg,mVmYibok-7A,[TERKINI] MOF sekat MyKad individu salah guna subsidi BUDI95,Astro AWANI,https://www.youtube.com/watch?v=mVmYibok-7A,2026-03-23T23:22:33Z,cost_of_living_public_policy,Tular dulu wargasing isi ron 95 tak pernah di tindak apa2 pun .. Penat nitezen dok viral diorg isi bertong2..utk mesein rumput utk aktiviti berniaga tnpa permit diorg..tak dengar pun ada tindakn? Warga spore masuk. Johor beli ron 95 dlu sebelum ada budi knp dibiarkan. Ini ka nmanya kerajaan keadilan??,6bda1f74eef6d54b6142,2026-03-24T05:20:14Z,2026-03-24T05:20:14Z,0,0,True,True,none,,2026-06-17T15:11:39.038164+00:00,raw,
YT_UgzerTFsaHcZTJFgy_54AaABAg,YouTube,top_level_comment,UgzerTFsaHcZTJFgy_54AaABAg,UgzerTFsaHcZTJFgy_54AaABAg,mVmYibok-7A,[TERKINI] MOF sekat MyKad individu salah guna subsidi BUDI95,Astro AWANI,https://www.youtube.com/watch?v=mVmYibok-7A,2026-03-23T23:22:33Z,cost_of_living_public_policy,"Bayangkan ahli keluarga ka member habis minyak...pikir 2,3,4 kali jgk nak tolong ka x tu..😂😂😂..mampoih lew..nak susah kan rakyat senang ja kan.... Nak sekat pon tolong tgok tong besar mana..bukan main sekat ja😂😂😂",468bdafbda5f4e57e03a,2026-03-24T05:13:18Z,2026-03-24T05:13:18Z,0,0,True,True,none,,2026-06-17T15:11:39.038183+00:00,raw,
YT_UgyfakBQWGJa5aJzwQV4AaABAg,YouTube,top_level_comment,UgyfakBQWGJa5aJzwQV4AaABAg,UgyfakBQWGJa5aJzwQV4AaABAg,mVmYibok-7A,[TERKINI] MOF sekat MyKad individu salah guna subsidi BUDI95,Astro AWANI,https://www.youtube.com/watch?v=mVmYibok-7A,2026-03-23T23:22:33Z,cost_of_living_public_policy,Dh dapat minyak murah salah guna pula..negara lain ada yg kena catu dh..manusia2 nanti Allah tarik nikmat tu mula meroyan maki hamun kerajaan..donia2..,abb4f641ef5a1148d918,2026-03-24T05:12:41Z,2026-03-24T05:12:41Z,0,0,True,True,none,,2026-06-17T15:11:39.038196+00:00,raw,
YT_UgyehZaAXwsvHcel8Dl4AaABAg,YouTube,top_level_comment,UgyehZaAXwsvHcel8Dl4AaABAg,UgyehZaAXwsvHcel8Dl4AaABAg,mVmYibok-7A,[TERKINI] MOF sekat MyKad individu salah guna subsidi BUDI95,Astro AWANI,https://www.youtube.com/watch?v=mVmYibok-7A,2026-03-23T23:22:33Z,cost_of_living_public_policy,Tapi betul lah umur 15 tahun kepada bwah takyh lah ada subsidi kt ic 😅😅 buat merempit habis minyak je,5db7fe2ff4d2ff8dbf81,2026-03-24T05:10:18Z,2026-03-24T05:10:18Z,1,0,True,True,none,,2026-06-17T15:11:39.038211+00:00,raw,
YT_Ugz5G-rlZrJjxQOAf6V4AaABAg,YouTube,top_level_comment,Ugz5G-rlZrJjxQOAf6V4AaABAg,Ugz5G-rlZrJjxQOAf6V4AaABAg,mVmYibok-7A,[TERKINI] MOF sekat MyKad individu salah guna subsidi BUDI95,Astro AWANI,https://www.youtube.com/watch?v=mVmYibok-7A,2026-03-23T23:22:33Z,cost_of_living_public_policy,Carik kedai runcit.,a0cf6de483df55c612f9,2026-03-24T05:04:07Z,2026-03-24T05:04:07Z,0,0,True,True,none,,2026-06-17T15:11:39.038221+00:00,raw,
YT_UgzjA9dKFxnJRNYknhh4AaABAg,YouTube,top_level_comment,UgzjA9dKFxnJRNYknhh4AaABAg,UgzjA9dKFxnJRNYknhh4AaABAg,mVmYibok-7A,[TERKINI] MOF sekat MyKad individu salah guna subsidi BUDI95,Astro AWANI,https://www.youtube.com/watch?v=mVmYibok-7A,2026-03-23T23:22:33Z,cost_of_living_public_policy,"Saya nak tanya mof, apakah sekadar tong 4 liter atau 18 liter dah menjadi satu kesalahan?. Di kampung saya mereka perlukan petrol untuk motorsikal, pam air, mesin rumput ataupun pam racun. Mereka beli dari petrol pump hanya menggunakan motorsikal, mereka tidak menggunakan pickup atau lori.Perkara ini tidak begitu kerap hanya sekali sekala. Janganlah kerana nila setitik nak rosakkan susu sekawah. Apa yg anda nampak mereka lakukan adalah sebahagian dari penjenayah subsidi. Janganlah mempersendakan orang-orang kampung. Warga asing rompak minyak masak bersubsidi kamu diam. Fikir-fikirkan lah.",d46dc25c99439f312043,2026-03-24T04:52:09Z,2026-03-24T04:52:09Z,10,0,True,True,none,,2026-06-17T15:11:39.038249+00:00,raw,
YT_UgxqptkG-Bq5g5vNXTZ4AaABAg,YouTube,top_level_comment,UgxqptkG-Bq5g5vNXTZ4AaABAg,UgxqptkG-Bq5g5vNXTZ4AaABAg,mVmYibok-7A,[TERKINI] MOF sekat MyKad individu salah guna subsidi BUDI95,Astro AWANI,https://www.youtube.com/watch?v=mVmYibok-7A,2026-03-23T23:22:33Z,cost_of_living_public_policy,Nak isi dalam tong 10 liter untuk isi minyak motor dekat rumah tak boleh jugak ke?,a4316b6e223b056c18b3,2026-03-24T04:48:58Z,2026-03-24T04:48:58Z,17,7,True,True,none,,2026-06-17T15:11:39.038261+00:00,raw,
YT_UgyEi8qRtFfzmQVVQHt4AaABAg,YouTube,top_level_comment,UgyEi8qRtFfzmQVVQHt4AaABAg,UgyEi8qRtFfzmQVVQHt4AaABAg,mVmYibok-7A,[TERKINI] MOF sekat MyKad individu salah guna subsidi BUDI95,Astro AWANI,https://www.youtube.com/watch?v=mVmYibok-7A,2026-03-23T23:22:33Z,cost_of_living_public_policy,"Sikap mementingkan diri..kurangkan subsidi minyak sat lg baru ada akai, genapkan jer la 2.00 seliter kne tgk keadaan semasa jg . ( pasal aku pengguna fasiliti pengangkutan awam , lg jimat peduli apa aku minyak naik harga 😅🤣😂🤣😅)",2b6eef59294506c35fa4,2026-03-24T04:42:54Z,2026-03-24T04:42:54Z,1,0,True,True,none,,2026-06-17T15:11:39.038281+00:00,raw,
YT_UgxoNaOuDip_CmzR74V4AaABAg,YouTube,top_level_comment,UgxoNaOuDip_CmzR74V4AaABAg,UgxoNaOuDip_CmzR74V4AaABAg,mVmYibok-7A,[TERKINI] MOF sekat MyKad individu salah guna subsidi BUDI95,Astro AWANI,https://www.youtube.com/watch?v=mVmYibok-7A,2026-03-23T23:22:33Z,cost_of_living_public_policy,Awani jubo regim zionist..,9e0e8f14f3b60238bcfd,2026-03-24T04:36:38Z,2026-03-24T04:36:38Z,0,0,True,True,none,,2026-06-17T15:11:39.038292+00:00,raw,
YT_Ugzfmdh-3ywZ1_Jf4VV4AaABAg,YouTube,top_level_comment,Ugzfmdh-3ywZ1_Jf4VV4AaABAg,Ugzfmdh-3ywZ1_Jf4VV4AaABAg,mVmYibok-7A,[TERKINI] MOF sekat MyKad individu salah guna subsidi BUDI95,Astro AWANI,https://www.youtube.com/watch?v=mVmYibok-7A,2026-03-23T23:22:33Z,cost_of_living_public_policy,PENYAMUN TIDAK BERBUDI 😅,c73176938985d33f60f5,2026-03-24T04:27:24Z,2026-03-24T04:27:24Z,0,0,True,True,none,,2026-06-17T15:11:39.038304+00:00,raw,
YT_UgwOK4_hrZIDtdWKRyF4AaABAg,YouTube,top_level_comment,UgwOK4_hrZIDtdWKRyF4AaABAg,UgwOK4_hrZIDtdWKRyF4AaABAg,mVmYibok-7A,[TERKINI] MOF sekat MyKad individu salah guna subsidi BUDI95,Astro AWANI,https://www.youtube.com/watch?v=mVmYibok-7A,2026-03-23T23:22:33Z,cost_of_living_public_policy,"Rakyat juga yg menanggung beban,,",0b2a09856778f95eae46,2026-03-24T04:27:02Z,2026-03-24T04:27:02Z,1,1,True,True,none,,2026-06-17T15:11:39.038315+00:00,raw,
YT_UgyAHd3vmvgJZvnv70R4AaABAg,YouTube,top_level_comment,UgyAHd3vmvgJZvnv70R4AaABAg,UgyAHd3vmvgJZvnv70R4AaABAg,mVmYibok-7A,[TERKINI] MOF sekat MyKad individu salah guna subsidi BUDI95,Astro AWANI,https://www.youtube.com/watch?v=mVmYibok-7A,2026-03-23T23:22:33Z,cost_of_living_public_policy,Orang isi dalam tong ...malas nk keluar isi ..buat Spears... bukan nk jual...,f813eee96d7fb34e4e37,2026-03-24T04:26:08Z,2026-03-24T04:26:08Z,4,3,True,True,none,,2026-06-17T15:11:39.038326+00:00,raw,
YT_Ugx8RUlzVcwkSjAijUV4AaABAg,YouTube,top_level_comment,Ugx8RUlzVcwkSjAijUV4AaABAg,Ugx8RUlzVcwkSjAijUV4AaABAg,mVmYibok-7A,[TERKINI] MOF sekat MyKad individu salah guna subsidi BUDI95,Astro AWANI,https://www.youtube.com/watch?v=mVmYibok-7A,2026-03-23T23:22:33Z,cost_of_living_public_policy,Tak clean,f00fc46fca6518a595a0,2026-03-24T04:22:45Z,2026-03-24T04:22:45Z,0,0,True,True,none,,2026-06-17T15:11:39.038337+00:00,raw,
YT_Ugy1UooqZUj97SS2cVp4AaABAg,YouTube,top_level_comment,Ugy1UooqZUj97SS2cVp4AaABAg,Ugy1UooqZUj97SS2cVp4AaABAg,mVmYibok-7A,[TERKINI] MOF sekat MyKad individu salah guna subsidi BUDI95,Astro AWANI,https://www.youtube.com/watch?v=mVmYibok-7A,2026-03-23T23:22:33Z,cost_of_living_public_policy,Sangat memalukan ni boleh dipanggil pengkhianat negara boleh di salah guna pemberian subsidi ni naik motor biasa tapi guna subsidi penuh rasanya ada sesuatu tak kena pada kebiasaannya.,ee32c92ac14e02194411,2026-03-24T04:19:38Z,2026-03-24T04:19:38Z,0,0,True,True,none,,2026-06-17T15:11:39.038352+00:00,raw,
YT_UgxbhuXnLOYbEWH-RNJ4AaABAg,YouTube,top_level_comment,UgxbhuXnLOYbEWH-RNJ4AaABAg,UgxbhuXnLOYbEWH-RNJ4AaABAg,mVmYibok-7A,[TERKINI] MOF sekat MyKad individu salah guna subsidi BUDI95,Astro AWANI,https://www.youtube.com/watch?v=mVmYibok-7A,2026-03-23T23:22:33Z,cost_of_living_public_policy,HANYA DI JOHOR,03f6faa9c92052c57e88,2026-03-24T04:19:27Z,2026-03-24T04:19:27Z,0,0,True,True,none,,2026-06-17T15:11:39.038362+00:00,raw,
YT_UgzD_2tl3dNdQyNF6zl4AaABAg,YouTube,top_level_comment,UgzD_2tl3dNdQyNF6zl4AaABAg,UgzD_2tl3dNdQyNF6zl4AaABAg,mVmYibok-7A,[TERKINI] MOF sekat MyKad individu salah guna subsidi BUDI95,Astro AWANI,https://www.youtube.com/watch?v=mVmYibok-7A,2026-03-23T23:22:33Z,cost_of_living_public_policy,Number dont lies Data transaksi dah ado 🥶 Penggunaan mcurigakn kne block huhu😂,e9cedd6bfbc9bf79b614,2026-03-24T04:15:57Z,2026-03-24T04:15:57Z,2,0,True,True,none,,2026-06-17T15:11:39.038376+00:00,raw,
YT_UgwU4AcxHob40SlnBBV4AaABAg,YouTube,top_level_comment,UgwU4AcxHob40SlnBBV4AaABAg,UgwU4AcxHob40SlnBBV4AaABAg,mVmYibok-7A,[TERKINI] MOF sekat MyKad individu salah guna subsidi BUDI95,Astro AWANI,https://www.youtube.com/watch?v=mVmYibok-7A,2026-03-23T23:22:33Z,cost_of_living_public_policy,"Yg ambil video juga kena siasat,pegang telpon kawasan petrol pum satu kesalahan besar silap haribulan boleh membawa kebakaran",3cce8311506b34de8476,2026-03-24T04:14:32Z,2026-03-24T04:14:32Z,8,2,True,True,none,,2026-06-17T15:11:39.038389+00:00,raw,
YT_UgyBhIJMGwSFZzsLY2p4AaABAg,YouTube,top_level_comment,UgyBhIJMGwSFZzsLY2p4AaABAg,UgyBhIJMGwSFZzsLY2p4AaABAg,mVmYibok-7A,[TERKINI] MOF sekat MyKad individu salah guna subsidi BUDI95,Astro AWANI,https://www.youtube.com/watch?v=mVmYibok-7A,2026-03-23T23:22:33Z,cost_of_living_public_policy,Bawa perahu naik darat isi mnyk,f44cc25614f4adf6d00f,2026-03-24T04:08:17Z,2026-03-24T04:08:17Z,4,1,True,True,none,,2026-06-17T15:11:39.404440+00:00,raw,
YT_UgysHRY5XLVpcvmpyXp4AaABAg,YouTube,top_level_comment,UgysHRY5XLVpcvmpyXp4AaABAg,UgysHRY5XLVpcvmpyXp4AaABAg,mVmYibok-7A,[TERKINI] MOF sekat MyKad individu salah guna subsidi BUDI95,Astro AWANI,https://www.youtube.com/watch?v=mVmYibok-7A,2026-03-23T23:22:33Z,cost_of_living_public_policy,"Dah pernah nampak kat Johor, Bangsa tu isi bertong tong dalam estima bila tegur baru nak stop lari terus, bagi bangsa Singapore lah tu 🤭",086fa866818de4491094,2026-03-24T04:06:12Z,2026-03-24T04:06:12Z,0,0,True,True,none,,2026-06-17T15:11:39.404473+00:00,raw,
YT_Ugx02-ApetLbvK31CUZ4AaABAg,YouTube,top_level_comment,Ugx02-ApetLbvK31CUZ4AaABAg,Ugx02-ApetLbvK31CUZ4AaABAg,mVmYibok-7A,[TERKINI] MOF sekat MyKad individu salah guna subsidi BUDI95,Astro AWANI,https://www.youtube.com/watch?v=mVmYibok-7A,2026-03-23T23:22:33Z,cost_of_living_public_policy,Hahaha tak lama dah tu nak tarik semua nye,b4571f45554bc88a0d4d,2026-03-24T04:05:40Z,2026-03-24T04:05:40Z,6,1,True,True,none,,2026-06-17T15:11:39.404487+00:00,raw,
YT_Ugw6Auw6Rno30rdxPo94AaABAg,YouTube,top_level_comment,Ugw6Auw6Rno30rdxPo94AaABAg,Ugw6Auw6Rno30rdxPo94AaABAg,mVmYibok-7A,[TERKINI] MOF sekat MyKad individu salah guna subsidi BUDI95,Astro AWANI,https://www.youtube.com/watch?v=mVmYibok-7A,2026-03-23T23:22:33Z,cost_of_living_public_policy,PMX PM TERBAIK SEPANJANG SEJARAH MALAYSIA 🇲🇾❤😊,fcbc41953d4a73f3423f,2026-03-24T03:41:55Z,2026-03-24T03:41:55Z,0,0,True,True,none,,2026-06-17T15:11:39.404505+00:00,raw,
YT_UgwvRvXNZO0wKpLjXQh4AaABAg,YouTube,top_level_comment,UgwvRvXNZO0wKpLjXQh4AaABAg,UgwvRvXNZO0wKpLjXQh4AaABAg,mVmYibok-7A,[TERKINI] MOF sekat MyKad individu salah guna subsidi BUDI95,Astro AWANI,https://www.youtube.com/watch?v=mVmYibok-7A,2026-03-23T23:22:33Z,cost_of_living_public_policy,IC kita..Jual pulak minyak tu kewarga asing...tu yg perlu kita bendung..kalau 15 hari dah habis subsidi tu..kita untung juga pasal kerajaan tlg ringankan duit minyak tu..syukur selalu.,9b3faa17bc2c56726e1e,2026-03-24T03:41:30Z,2026-03-24T03:41:30Z,2,0,True,True,none,,2026-06-17T15:11:39.404557+00:00,raw,
YT_UgzkQFC7LIKrw3pyU_14AaABAg,YouTube,top_level_comment,UgzkQFC7LIKrw3pyU_14AaABAg,UgzkQFC7LIKrw3pyU_14AaABAg,mVmYibok-7A,[TERKINI] MOF sekat MyKad individu salah guna subsidi BUDI95,Astro AWANI,https://www.youtube.com/watch?v=mVmYibok-7A,2026-03-23T23:22:33Z,cost_of_living_public_policy,"Gang geng Geng PAS Bersatu kata kahwin 4 bini, dapat untung banyak dari subsidi kerajaan",83bb220b0804ab54536d,2026-03-24T03:36:19Z,2026-03-24T03:36:19Z,1,0,True,True,none,,2026-06-17T15:11:39.404572+00:00,raw,
YT_Ugw5eoDVn4cXK1O3Tw54AaABAg,YouTube,top_level_comment,Ugw5eoDVn4cXK1O3Tw54AaABAg,Ugw5eoDVn4cXK1O3Tw54AaABAg,mVmYibok-7A,[TERKINI] MOF sekat MyKad individu salah guna subsidi BUDI95,Astro AWANI,https://www.youtube.com/watch?v=mVmYibok-7A,2026-03-23T23:22:33Z,cost_of_living_public_policy,"Sini ok je pun isi di gelen, tapi tidak boleh lebih 20 liter. Untuk motor, mesin rumput, chainsaw. Mungkin dia jual balik.",63d60d2d7477d41dc924,2026-03-24T03:35:48Z,2026-03-24T03:35:48Z,0,0,True,True,none,,2026-06-17T15:11:39.404586+00:00,raw,
YT_Ugyi-OmqMJWR4Ul7lhR4AaABAg,YouTube,top_level_comment,Ugyi-OmqMJWR4Ul7lhR4AaABAg,Ugyi-OmqMJWR4Ul7lhR4AaABAg,mVmYibok-7A,[TERKINI] MOF sekat MyKad individu salah guna subsidi BUDI95,Astro AWANI,https://www.youtube.com/watch?v=mVmYibok-7A,2026-03-23T23:22:33Z,cost_of_living_public_policy,"Nak guna utk mesin rumput, chainsaws pun tak blh ka??",4624536adf8ceb8b124b,2026-03-24T03:32:17Z,2026-03-24T03:32:17Z,1,0,True,True,none,,2026-06-17T15:11:39.404598+00:00,raw,
YT_UgwRGVEyVfKKrJAtNyp4AaABAg,YouTube,top_level_comment,UgwRGVEyVfKKrJAtNyp4AaABAg,UgwRGVEyVfKKrJAtNyp4AaABAg,mVmYibok-7A,[TERKINI] MOF sekat MyKad individu salah guna subsidi BUDI95,Astro AWANI,https://www.youtube.com/watch?v=mVmYibok-7A,2026-03-23T23:22:33Z,cost_of_living_public_policy,"Kg aku takde stn myk. Yg plg dkat pun 25 kilo.. kami adala isi 1 tong 25liter, buat isi moto kebun ngn mesin rumput. Klo moto biasa pun lerih la nk pg jauh² nk isi myk.",3cc9da4efc6b15008155,2026-03-24T03:32:11Z,2026-03-24T03:32:11Z,17,3,True,True,none,,2026-06-17T15:11:39.404616+00:00,raw,
YT_UgzN1QeMZePKf3ytMbB4AaABAg,YouTube,top_level_comment,UgzN1QeMZePKf3ytMbB4AaABAg,UgzN1QeMZePKf3ytMbB4AaABAg,mVmYibok-7A,[TERKINI] MOF sekat MyKad individu salah guna subsidi BUDI95,Astro AWANI,https://www.youtube.com/watch?v=mVmYibok-7A,2026-03-23T23:22:33Z,cost_of_living_public_policy,Bunyik macam bakal² di hapuskan ni😂😂😂😂,a0cf5173fe301c05e8d3,2026-03-24T03:29:11Z,2026-03-24T03:29:11Z,0,0,True,True,none,,2026-06-17T15:11:39.404628+00:00,raw,
YT_UgxpPmfWfHeu1bG0VSV4AaABAg,YouTube,top_level_comment,UgxpPmfWfHeu1bG0VSV4AaABAg,UgxpPmfWfHeu1bG0VSV4AaABAg,mVmYibok-7A,[TERKINI] MOF sekat MyKad individu salah guna subsidi BUDI95,Astro AWANI,https://www.youtube.com/watch?v=mVmYibok-7A,2026-03-23T23:22:33Z,cost_of_living_public_policy,HidupDAP,88d655833cdcb6efb802,2026-03-24T03:27:20Z,2026-03-24T03:27:20Z,1,0,True,True,none,,2026-06-17T15:11:39.404638+00:00,raw,
YT_UgzAcS7Jwm7dmCaT36p4AaABAg,YouTube,top_level_comment,UgzAcS7Jwm7dmCaT36p4AaABAg,UgzAcS7Jwm7dmCaT36p4AaABAg,mVmYibok-7A,[TERKINI] MOF sekat MyKad individu salah guna subsidi BUDI95,Astro AWANI,https://www.youtube.com/watch?v=mVmYibok-7A,2026-03-23T23:22:33Z,cost_of_living_public_policy,"Guna untuk isi kenderaan sahaja.. Klaw isi tempat lain tolong rakam ya.. Isi motor RM 10..penuh rm7 balance rm3 isi dalam tong kecik pon ok kan? Aq kerap minyak motor kene curi bawah blok, kene standby minyak spare",f49b437ca38e676be2c6,2026-03-24T03:24:53Z,2026-03-24T03:24:53Z,0,0,True,True,none,,2026-06-17T15:11:39.404654+00:00,raw,
YT_UgxpLYwjYYNd_yzoXUx4AaABAg,YouTube,top_level_comment,UgxpLYwjYYNd_yzoXUx4AaABAg,UgxpLYwjYYNd_yzoXUx4AaABAg,mVmYibok-7A,[TERKINI] MOF sekat MyKad individu salah guna subsidi BUDI95,Astro AWANI,https://www.youtube.com/watch?v=mVmYibok-7A,2026-03-23T23:22:33Z,cost_of_living_public_policy,Pusing2 rakyat bwh jugak yg kena adjust urusan perkakas utk hidup..yg di atas rasa ke tak kepayahan di lapangan? Lahanatttt,327869e9e8abdba42f4c,2026-03-24T03:21:04Z,2026-03-24T03:21:04Z,9,3,True,True,none,,2026-06-17T15:11:39.404668+00:00,raw,
YT_UgyboKjg3zUBo7u5QiR4AaABAg,YouTube,top_level_comment,UgyboKjg3zUBo7u5QiR4AaABAg,UgyboKjg3zUBo7u5QiR4AaABAg,mVmYibok-7A,[TERKINI] MOF sekat MyKad individu salah guna subsidi BUDI95,Astro AWANI,https://www.youtube.com/watch?v=mVmYibok-7A,2026-03-23T23:22:33Z,cost_of_living_public_policy,Buang subsidy je… negara akan hancur jika kasi subsidy berterusan,420b156bc137e0de3d21,2026-03-24T03:19:12Z,2026-03-24T03:19:12Z,1,1,True,True,none,,2026-06-17T15:11:39.404682+00:00,raw,
YT_Ugx3pLMPDCtx3fphGHJ4AaABAg,YouTube,top_level_comment,Ugx3pLMPDCtx3fphGHJ4AaABAg,Ugx3pLMPDCtx3fphGHJ4AaABAg,mVmYibok-7A,[TERKINI] MOF sekat MyKad individu salah guna subsidi BUDI95,Astro AWANI,https://www.youtube.com/watch?v=mVmYibok-7A,2026-03-23T23:22:33Z,cost_of_living_public_policy,Terbaik,3749b7c320fbb91bcdc1,2026-03-24T03:18:02Z,2026-03-24T03:18:02Z,0,0,True,True,none,,2026-06-17T15:11:39.404692+00:00,raw,
YT_UgxQJ23OXFIOJgDGNjZ4AaABAg,YouTube,top_level_comment,UgxQJ23OXFIOJgDGNjZ4AaABAg,UgxQJ23OXFIOJgDGNjZ4AaABAg,mVmYibok-7A,[TERKINI] MOF sekat MyKad individu salah guna subsidi BUDI95,Astro AWANI,https://www.youtube.com/watch?v=mVmYibok-7A,2026-03-23T23:22:33Z,cost_of_living_public_policy,Beli simen pun dh kena hulur my kad..,327869e9e8abdba42f4c,2026-03-24T03:18:00Z,2026-03-24T03:18:00Z,0,0,True,True,none,,2026-06-17T15:11:39.404703+00:00,raw,
YT_Ugyf3toGvRM65anfgkp4AaABAg,YouTube,top_level_comment,Ugyf3toGvRM65anfgkp4AaABAg,Ugyf3toGvRM65anfgkp4AaABAg,mVmYibok-7A,[TERKINI] MOF sekat MyKad individu salah guna subsidi BUDI95,Astro AWANI,https://www.youtube.com/watch?v=mVmYibok-7A,2026-03-23T23:22:33Z,cost_of_living_public_policy,Aihh mata aku dahlah kabur di Kasi kabur lagi gambar tu...,301407e28cb18f0815ba,2026-03-24T03:13:43Z,2026-03-24T03:13:43Z,1,0,True,True,none,,2026-06-17T15:11:39.404715+00:00,raw,
YT_Ugy7Z1PwDbT0O4rYsEN4AaABAg,YouTube,top_level_comment,Ugy7Z1PwDbT0O4rYsEN4AaABAg,Ugy7Z1PwDbT0O4rYsEN4AaABAg,mVmYibok-7A,[TERKINI] MOF sekat MyKad individu salah guna subsidi BUDI95,Astro AWANI,https://www.youtube.com/watch?v=mVmYibok-7A,2026-03-23T23:22:33Z,cost_of_living_public_policy,"mesin rumput 1liter tak habis. bayar aje fullprice. isi dlm tong 20liter , ko guna 20 mesin rumput? lagi baik cegah dari jadi norma . loophole ini boleh cecah berbilion ringgit, mmg dicari jika benarkan isi tong lagi2 pump dekat sempadan sempadan",768b54fba185e310487d,2026-03-24T03:11:05Z,2026-03-24T03:12:04Z,1,2,True,True,none,,2026-06-17T15:11:39.404732+00:00,raw,
YT_UgwmXl5Bbuo86RPwO-J4AaABAg,YouTube,top_level_comment,UgwmXl5Bbuo86RPwO-J4AaABAg,UgwmXl5Bbuo86RPwO-J4AaABAg,mVmYibok-7A,[TERKINI] MOF sekat MyKad individu salah guna subsidi BUDI95,Astro AWANI,https://www.youtube.com/watch?v=mVmYibok-7A,2026-03-23T23:22:33Z,cost_of_living_public_policy,TENGOK SIAPA KAH MEREKA....MEMALUKAN,89266b91359c72d8953e,2026-03-24T02:59:02Z,2026-03-24T02:59:02Z,6,0,True,True,none,,2026-06-17T15:11:39.404743+00:00,raw,
YT_UgyQenCmdmEHLkIUQtt4AaABAg,YouTube,top_level_comment,UgyQenCmdmEHLkIUQtt4AaABAg,UgyQenCmdmEHLkIUQtt4AaABAg,mVmYibok-7A,[TERKINI] MOF sekat MyKad individu salah guna subsidi BUDI95,Astro AWANI,https://www.youtube.com/watch?v=mVmYibok-7A,2026-03-23T23:22:33Z,cost_of_living_public_policy,"teruk jugak nk galas water pump turun bukit p isi minyak kt stesen...😂😂 org bandar tgk citer superheroes byk sgt ni, x besa idup susah",4a1719a0e8070eb0681d,2026-03-24T02:58:19Z,2026-03-24T02:58:19Z,18,6,True,True,none,,2026-06-17T15:11:39.404759+00:00,raw,
YT_UgweRTlO75MEDJSARyB4AaABAg,YouTube,top_level_comment,UgweRTlO75MEDJSARyB4AaABAg,UgweRTlO75MEDJSARyB4AaABAg,zCSY4bGWUXc,"Suara Rakyat: Nilai semula subsidi petrol golongan kaya, apa kata orang miskin?",Astro AWANI,https://www.youtube.com/watch?v=zCSY4bGWUXc,2026-05-11T12:14:22Z,cost_of_living_public_policy,"Golongan kaye, berarti di malaydesh ada golongan tak mampu,itu kata pakcik malaydesh,jadi jangan sombong ya desh,tak semua orang malaydesh kaye,itu rakyat malaydesh sendiri yang cakep",59d2202ebb734f5bc3db,2026-05-15T09:12:02Z,2026-05-15T09:12:02Z,0,0,True,True,none,,2026-06-17T15:11:37.969841+00:00,raw,
YT_Ugw_8YTRYpY7JWJB2514AaABAg,YouTube,top_level_comment,Ugw_8YTRYpY7JWJB2514AaABAg,Ugw_8YTRYpY7JWJB2514AaABAg,zCSY4bGWUXc,"Suara Rakyat: Nilai semula subsidi petrol golongan kaya, apa kata orang miskin?",Astro AWANI,https://www.youtube.com/watch?v=zCSY4bGWUXc,2026-05-11T12:14:22Z,cost_of_living_public_policy,Sampai pegawai SPBU nya orang Bangladesh 😂,9e0ff26b4b2fa1cb38db,2026-05-15T08:36:40Z,2026-05-15T08:37:46Z,0,0,True,True,none,,2026-06-17T15:11:37.969912+00:00,raw,
YT_UgzHp_krD4qKQ5Z4trp4AaABAg,YouTube,top_level_comment,UgzHp_krD4qKQ5Z4trp4AaABAg,UgzHp_krD4qKQ5Z4trp4AaABAg,zCSY4bGWUXc,"Suara Rakyat: Nilai semula subsidi petrol golongan kaya, apa kata orang miskin?",Astro AWANI,https://www.youtube.com/watch?v=zCSY4bGWUXc,2026-05-11T12:14:22Z,cost_of_living_public_policy,Bukannya semua rakyat Malaydesh kaya? Kaya utang rumah tangga😂,502fd940a80ae0218462,2026-05-14T14:29:31Z,2026-05-14T14:29:31Z,0,1,True,True,none,,2026-06-17T15:11:37.969933+00:00,raw,
YT_UgxKkLpmoDOUzSjSQM54AaABAg,YouTube,top_level_comment,UgxKkLpmoDOUzSjSQM54AaABAg,UgxKkLpmoDOUzSjSQM54AaABAg,zCSY4bGWUXc,"Suara Rakyat: Nilai semula subsidi petrol golongan kaya, apa kata orang miskin?",Astro AWANI,https://www.youtube.com/watch?v=zCSY4bGWUXc,2026-05-11T12:14:22Z,cost_of_living_public_policy,"Malaydesh ohhh malaydesh namamu kan aku kenang sampai aku tua dan sampai kiamat tiba 😂😂😂 malaydesh negara gagal , malaydesh setres mikirin bahasa rojak 😂 .",05681a92ad9dabd2cfe1,2026-05-14T13:13:13Z,2026-05-14T13:14:16Z,0,0,True,True,none,,2026-06-17T15:11:37.969954+00:00,raw,
YT_UgxFE52dz-K5klSFbVp4AaABAg,YouTube,top_level_comment,UgxFE52dz-K5klSFbVp4AaABAg,UgxFE52dz-K5klSFbVp4AaABAg,zCSY4bGWUXc,"Suara Rakyat: Nilai semula subsidi petrol golongan kaya, apa kata orang miskin?",Astro AWANI,https://www.youtube.com/watch?v=zCSY4bGWUXc,2026-05-11T12:14:22Z,cost_of_living_public_policy,Ngakunya....orang kaya kok.... Minyak naik kok terpekik pekik.... wkwkwk,fe2c22496d5ffa52fb25,2026-05-14T08:26:00Z,2026-05-14T08:26:00Z,0,1,True,True,none,,2026-06-17T15:11:37.969968+00:00,raw,
YT_UgzAuR7Bd31mNPWvyU54AaABAg,YouTube,top_level_comment,UgzAuR7Bd31mNPWvyU54AaABAg,UgzAuR7Bd31mNPWvyU54AaABAg,zCSY4bGWUXc,"Suara Rakyat: Nilai semula subsidi petrol golongan kaya, apa kata orang miskin?",Astro AWANI,https://www.youtube.com/watch?v=zCSY4bGWUXc,2026-05-11T12:14:22Z,cost_of_living_public_policy,keren malaysia dari.yg tua.sampai yang muda berbahasa inggris...,c443a87011dcfb0d09a2,2026-05-14T06:55:11Z,2026-05-14T06:55:11Z,0,0,True,True,none,,2026-06-17T15:11:37.969982+00:00,raw,
YT_Ugw5ITNOWI-W3BH-SuR4AaABAg,YouTube,top_level_comment,Ugw5ITNOWI-W3BH-SuR4AaABAg,Ugw5ITNOWI-W3BH-SuR4AaABAg,zCSY4bGWUXc,"Suara Rakyat: Nilai semula subsidi petrol golongan kaya, apa kata orang miskin?",Astro AWANI,https://www.youtube.com/watch?v=zCSY4bGWUXc,2026-05-11T12:14:22Z,cost_of_living_public_policy,Memang messy system…ketelusan boleh dipersoalkan…,ca4ac8fb087de8698d02,2026-05-14T02:56:13Z,2026-05-14T02:56:13Z,0,0,True,True,none,,2026-06-17T15:11:37.969995+00:00,raw,
YT_UgxSaURRrRjDpk8ZZIB4AaABAg,YouTube,top_level_comment,UgxSaURRrRjDpk8ZZIB4AaABAg,UgxSaURRrRjDpk8ZZIB4AaABAg,zCSY4bGWUXc,"Suara Rakyat: Nilai semula subsidi petrol golongan kaya, apa kata orang miskin?",Astro AWANI,https://www.youtube.com/watch?v=zCSY4bGWUXc,2026-05-11T12:14:22Z,cost_of_living_public_policy,"Di Malaysia tak ade orang miskin, negara kaya, tengok tu Konoha rakyatnya menjerit.",8bb275c0a31c61d82a42,2026-05-14T02:36:18Z,2026-05-14T02:36:18Z,0,0,True,True,none,,2026-06-17T15:11:37.970009+00:00,raw,
YT_Ugwy1UswEtVoqLzQ1CZ4AaABAg,YouTube,top_level_comment,Ugwy1UswEtVoqLzQ1CZ4AaABAg,Ugwy1UswEtVoqLzQ1CZ4AaABAg,zCSY4bGWUXc,"Suara Rakyat: Nilai semula subsidi petrol golongan kaya, apa kata orang miskin?",Astro AWANI,https://www.youtube.com/watch?v=zCSY4bGWUXc,2026-05-11T12:14:22Z,cost_of_living_public_policy,"Pasal Budi.. banyak betul Budi Budi bapak Pmx .. tentang Budi Budi kena jelas lagi bagi warga negara..ada satu lagi tak masuk Budi yaitu SKDS.. kalau ada lagi Budi dan tak masuk Budi yg belum di jelaskan, kerajaan kena jelaskan,kecoh Sangat kerajaan tak duit ke.. bagi subsidi kpd rakyat",d0ab443ff7d3c21f0b76,2026-05-14T02:18:28Z,2026-05-14T02:18:28Z,1,0,True,True,none,,2026-06-17T15:11:37.970030+00:00,raw,
YT_Ugz2U7KwqJ2vtJm8aG14AaABAg,YouTube,top_level_comment,Ugz2U7KwqJ2vtJm8aG14AaABAg,Ugz2U7KwqJ2vtJm8aG14AaABAg,zCSY4bGWUXc,"Suara Rakyat: Nilai semula subsidi petrol golongan kaya, apa kata orang miskin?",Astro AWANI,https://www.youtube.com/watch?v=zCSY4bGWUXc,2026-05-11T12:14:22Z,cost_of_living_public_policy,Sedapnya kopi di pagi ni..👍👍👍,bb89b0b061664dcd1318,2026-05-14T02:04:05Z,2026-05-14T02:04:05Z,0,0,True,True,none,,2026-06-17T15:11:37.970042+00:00,raw,
YT_Ugxlsl0eb3W8vbnQ9xF4AaABAg,YouTube,top_level_comment,Ugxlsl0eb3W8vbnQ9xF4AaABAg,Ugxlsl0eb3W8vbnQ9xF4AaABAg,zCSY4bGWUXc,"Suara Rakyat: Nilai semula subsidi petrol golongan kaya, apa kata orang miskin?",Astro AWANI,https://www.youtube.com/watch?v=zCSY4bGWUXc,2026-05-11T12:14:22Z,cost_of_living_public_policy,Rakyat KERA -jaan malaydesh menderita.. 😂😂😂,1477c5d40247418431fe,2026-05-14T01:43:08Z,2026-05-14T01:43:08Z,0,0,True,True,none,,2026-06-17T15:11:37.970054+00:00,raw,
YT_UgylGRbJ3dqQQR9GuKx4AaABAg,YouTube,top_level_comment,UgylGRbJ3dqQQR9GuKx4AaABAg,UgylGRbJ3dqQQR9GuKx4AaABAg,zCSY4bGWUXc,"Suara Rakyat: Nilai semula subsidi petrol golongan kaya, apa kata orang miskin?",Astro AWANI,https://www.youtube.com/watch?v=zCSY4bGWUXc,2026-05-11T12:14:22Z,cost_of_living_public_policy,Malaydesh panik 🤣🤣,3244dff838a6f6ead2a2,2026-05-14T01:22:17Z,2026-05-14T01:22:17Z,0,0,True,True,none,,2026-06-17T15:11:37.970066+00:00,raw,
YT_UgxESmsGnRHqr3Esi5F4AaABAg,YouTube,top_level_comment,UgxESmsGnRHqr3Esi5F4AaABAg,UgxESmsGnRHqr3Esi5F4AaABAg,zCSY4bGWUXc,"Suara Rakyat: Nilai semula subsidi petrol golongan kaya, apa kata orang miskin?",Astro AWANI,https://www.youtube.com/watch?v=zCSY4bGWUXc,2026-05-11T12:14:22Z,cost_of_living_public_policy,Antara fakta dan argumentasi orang Malaysia berbanding terbalik😂,769de25653a947251ba2,2026-05-14T00:59:15Z,2026-05-14T00:59:15Z,0,0,True,True,none,,2026-06-17T15:11:37.970078+00:00,raw,
YT_UgxPEc3vEEm-8d-I3gx4AaABAg,YouTube,top_level_comment,UgxPEc3vEEm-8d-I3gx4AaABAg,UgxPEc3vEEm-8d-I3gx4AaABAg,zCSY4bGWUXc,"Suara Rakyat: Nilai semula subsidi petrol golongan kaya, apa kata orang miskin?",Astro AWANI,https://www.youtube.com/watch?v=zCSY4bGWUXc,2026-05-11T12:14:22Z,cost_of_living_public_policy,Cakap negara kaya.. kaya hutang and pinjam 😂😂😂,7e09c4ab34a510f2c83d,2026-05-13T23:30:31Z,2026-05-13T23:30:31Z,0,0,True,True,none,,2026-06-17T15:11:37.970091+00:00,raw,
YT_Ugwx2m8CCT5QoJi7d6N4AaABAg,YouTube,top_level_comment,Ugwx2m8CCT5QoJi7d6N4AaABAg,Ugwx2m8CCT5QoJi7d6N4AaABAg,zCSY4bGWUXc,"Suara Rakyat: Nilai semula subsidi petrol golongan kaya, apa kata orang miskin?",Astro AWANI,https://www.youtube.com/watch?v=zCSY4bGWUXc,2026-05-11T12:14:22Z,cost_of_living_public_policy,Selalu nak tiru Indonesia pasal apa.. tak ada inisiatif sendiri ke..,7e09c4ab34a510f2c83d,2026-05-13T23:29:15Z,2026-05-13T23:29:15Z,0,0,True,True,none,,2026-06-17T15:11:37.970103+00:00,raw,
YT_UgzdQ5hEosqKjkD12zF4AaABAg,YouTube,top_level_comment,UgzdQ5hEosqKjkD12zF4AaABAg,UgzdQ5hEosqKjkD12zF4AaABAg,zCSY4bGWUXc,"Suara Rakyat: Nilai semula subsidi petrol golongan kaya, apa kata orang miskin?",Astro AWANI,https://www.youtube.com/watch?v=zCSY4bGWUXc,2026-05-11T12:14:22Z,cost_of_living_public_policy,Kasihan tipeM sdh mulai magrib,da62f95a7e7611f0c8df,2026-05-13T23:18:10Z,2026-05-13T23:18:10Z,0,0,True,True,none,,2026-06-17T15:11:37.970115+00:00,raw,
YT_Ugxj4avDoykoZ3L4Zl14AaABAg,YouTube,top_level_comment,Ugxj4avDoykoZ3L4Zl14AaABAg,Ugxj4avDoykoZ3L4Zl14AaABAg,zCSY4bGWUXc,"Suara Rakyat: Nilai semula subsidi petrol golongan kaya, apa kata orang miskin?",Astro AWANI,https://www.youtube.com/watch?v=zCSY4bGWUXc,2026-05-11T12:14:22Z,cost_of_living_public_policy,Mau di negara manapun orang miskin seperti kita yang selalu jadi korban orang serakah demi kekayaan,33d42dd94b37233ad53d,2026-05-13T23:12:59Z,2026-05-13T23:12:59Z,0,0,True,True,none,,2026-06-17T15:11:37.970128+00:00,raw,
YT_Ugx1WD5lGELjnMN88cd4AaABAg,YouTube,top_level_comment,Ugx1WD5lGELjnMN88cd4AaABAg,Ugx1WD5lGELjnMN88cd4AaABAg,zCSY4bGWUXc,"Suara Rakyat: Nilai semula subsidi petrol golongan kaya, apa kata orang miskin?",Astro AWANI,https://www.youtube.com/watch?v=zCSY4bGWUXc,2026-05-11T12:14:22Z,cost_of_living_public_policy,"Kalau Boleh Tahu PETROL Di Malaysia Ada Berapa Macam Dan Jenis Pakcik 🤔🤔🤔 DI INDONESIA Ada 4 Macam: 1. RON 90 ( PERTALITE ) = PETROL SUBSIDI Rp 10.000/Liter ( RM 2,22 ) 2. RON 92 ( PERTAMAX ) = NON SUBSIDI Rp 12.300/Liter ( RM 2,73 ) 3. RON 95 ( PERTAMAX GREEN ) = NON SUBSIDI Rp 12.900/Liter ( RM 2,87 ) 4. RON 98 ( PERTAMAX TURBO ) = NON SUBSIDI Rp 20.000/Liter ( RM 4,44 )",4539b7e58e8f7d7c8948,2026-05-13T22:25:40Z,2026-05-13T22:25:40Z,0,0,True,True,none,,2026-06-17T15:11:37.970160+00:00,raw,
YT_UgxlNtffCmXYqcxrcuh4AaABAg,YouTube,top_level_comment,UgxlNtffCmXYqcxrcuh4AaABAg,UgxlNtffCmXYqcxrcuh4AaABAg,zCSY4bGWUXc,"Suara Rakyat: Nilai semula subsidi petrol golongan kaya, apa kata orang miskin?",Astro AWANI,https://www.youtube.com/watch?v=zCSY4bGWUXc,2026-05-11T12:14:22Z,cost_of_living_public_policy,Yang penting ringgit berjaye...,fb34ddf0a0e5ba306d4d,2026-05-13T21:43:14Z,2026-05-13T21:43:14Z,0,0,True,True,none,,2026-06-17T15:11:37.970170+00:00,raw,
YT_Ugz70h26hYLb6q5hYEF4AaABAg,YouTube,top_level_comment,Ugz70h26hYLb6q5hYEF4AaABAg,Ugz70h26hYLb6q5hYEF4AaABAg,zCSY4bGWUXc,"Suara Rakyat: Nilai semula subsidi petrol golongan kaya, apa kata orang miskin?",Astro AWANI,https://www.youtube.com/watch?v=zCSY4bGWUXc,2026-05-11T12:14:22Z,cost_of_living_public_policy,"MALAYDESH menyalak keserata mengaku sebagai donia Negara KAYA... Bahan Api naik harga, rakyat nya pada berteriak gelisah semua... 😂",ea1c1e3b31d75b4bb1c2,2026-05-13T21:27:33Z,2026-05-13T21:27:33Z,0,0,True,True,none,,2026-06-17T15:11:37.970186+00:00,raw,
YT_UgwZ5CqQld0TPEeOHAh4AaABAg,YouTube,top_level_comment,UgwZ5CqQld0TPEeOHAh4AaABAg,UgwZ5CqQld0TPEeOHAh4AaABAg,zCSY4bGWUXc,"Suara Rakyat: Nilai semula subsidi petrol golongan kaya, apa kata orang miskin?",Astro AWANI,https://www.youtube.com/watch?v=zCSY4bGWUXc,2026-05-11T12:14:22Z,cost_of_living_public_policy,"MALAYDESH KAN NEGARA KAYA KOK NGELUH SIH MINYAK NAIK, AMBOOOOOOI😂😂😂😂",66885bb8ff8264b787b1,2026-05-13T20:52:10Z,2026-05-13T20:52:10Z,0,0,True,True,none,,2026-06-17T15:11:37.970199+00:00,raw,
YT_UgzDmPQsuFSeTJc0KZ14AaABAg,YouTube,top_level_comment,UgzDmPQsuFSeTJc0KZ14AaABAg,UgzDmPQsuFSeTJc0KZ14AaABAg,zCSY4bGWUXc,"Suara Rakyat: Nilai semula subsidi petrol golongan kaya, apa kata orang miskin?",Astro AWANI,https://www.youtube.com/watch?v=zCSY4bGWUXc,2026-05-11T12:14:22Z,cost_of_living_public_policy,"Nak suruh rakyat tak pakai minyak, Bas antara bandar pon takde, kalau ada pon lalu jalan besar, xde byk pon masuk kawasan perumahan 😢",c2ff3f321d8e2d1ba60c,2026-05-13T19:31:05Z,2026-05-13T19:31:05Z,0,0,True,True,none,,2026-06-17T15:11:37.970214+00:00,raw,
YT_UgyyiAI8mXKkIzB2FwR4AaABAg,YouTube,top_level_comment,UgyyiAI8mXKkIzB2FwR4AaABAg,UgyyiAI8mXKkIzB2FwR4AaABAg,zCSY4bGWUXc,"Suara Rakyat: Nilai semula subsidi petrol golongan kaya, apa kata orang miskin?",Astro AWANI,https://www.youtube.com/watch?v=zCSY4bGWUXc,2026-05-11T12:14:22Z,cost_of_living_public_policy,"Kalo sudah klaim negara maju tahun 2025, kenapa masih repot urusan petrol..? Lawak..",ccd8bdc21151e31152d6,2026-05-13T19:29:46Z,2026-05-13T19:29:46Z,2,1,True,True,none,,2026-06-17T15:11:37.970227+00:00,raw,
YT_Ugw1esM1AWsvMT5Pxlh4AaABAg,YouTube,top_level_comment,Ugw1esM1AWsvMT5Pxlh4AaABAg,Ugw1esM1AWsvMT5Pxlh4AaABAg,zCSY4bGWUXc,"Suara Rakyat: Nilai semula subsidi petrol golongan kaya, apa kata orang miskin?",Astro AWANI,https://www.youtube.com/watch?v=zCSY4bGWUXc,2026-05-11T12:14:22Z,cost_of_living_public_policy,"Kite harus bangge Ringgit kite berjaye... Kalau beras mahal, kite boleh makan ubi kayu. Kalau bahan api mahal, kite boleh naik bysikal. Tengok Konoha rupiah teruk sangat walaupun warga Konoha kenyang makan nasi, beras murah dan kebutuhan murah, walaupun warga Konoha bahan api tak naik seperti kite. Kita tetap bangge ringgit berjaye dan naik walaupun warga mengeluh dan hidup sulit kite tetap takboleh marah karena kite patik2 raje. Walaupun raje kite takde guna. Kita tetap bangga Ringgit kite berjaye..",99ff67ebea1a6274abbf,2026-05-13T10:11:29Z,2026-05-13T10:11:29Z,4,2,True,True,none,,2026-06-17T15:11:37.970254+00:00,raw,
YT_UgzuxeIWA5piEBjIK4x4AaABAg,YouTube,top_level_comment,UgzuxeIWA5piEBjIK4x4AaABAg,UgzuxeIWA5piEBjIK4x4AaABAg,zCSY4bGWUXc,"Suara Rakyat: Nilai semula subsidi petrol golongan kaya, apa kata orang miskin?",Astro AWANI,https://www.youtube.com/watch?v=zCSY4bGWUXc,2026-05-11T12:14:22Z,cost_of_living_public_policy,Lucu juga kalau petrol untuk Mercedez Benz atau BMW dikasih discount. Mampu beli merek mahal tapi petrol mau yang murah...🤣🤣🤣,d0441002c4fd123cd5f2,2026-05-13T09:34:02Z,2026-05-13T09:34:02Z,2,1,True,True,none,,2026-06-17T15:11:37.970269+00:00,raw,
YT_UgzGmbILKvHLvmR9RTV4AaABAg,YouTube,top_level_comment,UgzGmbILKvHLvmR9RTV4AaABAg,UgzGmbILKvHLvmR9RTV4AaABAg,zCSY4bGWUXc,"Suara Rakyat: Nilai semula subsidi petrol golongan kaya, apa kata orang miskin?",Astro AWANI,https://www.youtube.com/watch?v=zCSY4bGWUXc,2026-05-11T12:14:22Z,cost_of_living_public_policy,"Patut yg pakai Honda,Toyota, Proton yg Mahal2 ni xpayah subsidi n krete2 mahal2, klu kenderaan lama2 dah buruk berjenama yg di sbut td blh lah subsidi yg penting umur kenderaan tu 20thn keatas",da41a082c96060deec82,2026-05-13T07:14:06Z,2026-05-13T07:15:26Z,1,0,True,True,none,,2026-06-17T15:11:37.970288+00:00,raw,
YT_UgxjN-0UkQol5X_QCU94AaABAg,YouTube,top_level_comment,UgxjN-0UkQol5X_QCU94AaABAg,UgxjN-0UkQol5X_QCU94AaABAg,zCSY4bGWUXc,"Suara Rakyat: Nilai semula subsidi petrol golongan kaya, apa kata orang miskin?",Astro AWANI,https://www.youtube.com/watch?v=zCSY4bGWUXc,2026-05-11T12:14:22Z,cost_of_living_public_policy,Malaydesh🇲🇾❤🇧🇩,43797c1f1d0fe45053c8,2026-05-13T06:37:04Z,2026-05-13T06:37:04Z,3,0,True,True,none,,2026-06-17T15:11:37.970298+00:00,raw,
YT_UgxA_Z7TJ4lfZayyB2N4AaABAg,YouTube,top_level_comment,UgxA_Z7TJ4lfZayyB2N4AaABAg,UgxA_Z7TJ4lfZayyB2N4AaABAg,zCSY4bGWUXc,"Suara Rakyat: Nilai semula subsidi petrol golongan kaya, apa kata orang miskin?",Astro AWANI,https://www.youtube.com/watch?v=zCSY4bGWUXc,2026-05-11T12:14:22Z,cost_of_living_public_policy,Saya tak halalkan my tax,e73a75f3c335a91aec4f,2026-05-13T05:29:23Z,2026-05-13T05:29:23Z,0,0,True,True,none,,2026-06-17T15:11:37.970309+00:00,raw,
YT_Ugy2spzadF5TqIQnnF14AaABAg,YouTube,top_level_comment,Ugy2spzadF5TqIQnnF14AaABAg,Ugy2spzadF5TqIQnnF14AaABAg,zCSY4bGWUXc,"Suara Rakyat: Nilai semula subsidi petrol golongan kaya, apa kata orang miskin?",Astro AWANI,https://www.youtube.com/watch?v=zCSY4bGWUXc,2026-05-11T12:14:22Z,cost_of_living_public_policy,"Seluruh dunia berhati Malaysia, iku kata Anwar🤣🤣🤣🤣",20c939930b47b6f46a35,2026-05-13T05:05:02Z,2026-05-13T05:05:02Z,1,0,True,True,none,,2026-06-17T15:11:37.970321+00:00,raw,
YT_UgyHujkS6v2rJ1GkeQd4AaABAg,YouTube,top_level_comment,UgyHujkS6v2rJ1GkeQd4AaABAg,UgyHujkS6v2rJ1GkeQd4AaABAg,zCSY4bGWUXc,"Suara Rakyat: Nilai semula subsidi petrol golongan kaya, apa kata orang miskin?",Astro AWANI,https://www.youtube.com/watch?v=zCSY4bGWUXc,2026-05-11T12:14:22Z,cost_of_living_public_policy,Pencen itu yg perlu dimansuhkan,d98302d8f35557d3249e,2026-05-13T04:43:57Z,2026-05-13T04:43:57Z,0,0,True,True,none,,2026-06-17T15:11:37.970332+00:00,raw,
YT_UgxnEcv2m4ybT67P22t4AaABAg,YouTube,top_level_comment,UgxnEcv2m4ybT67P22t4AaABAg,UgxnEcv2m4ybT67P22t4AaABAg,zCSY4bGWUXc,"Suara Rakyat: Nilai semula subsidi petrol golongan kaya, apa kata orang miskin?",Astro AWANI,https://www.youtube.com/watch?v=zCSY4bGWUXc,2026-05-11T12:14:22Z,cost_of_living_public_policy,"senang je, org miskin guna minyak gratis dr subsidi utk berlumba2 dn terlibat dlm kemalangan",08485fcc9ee0ee426918,2026-05-13T04:31:33Z,2026-05-13T04:31:33Z,0,0,True,True,none,,2026-06-17T15:11:37.970345+00:00,raw,
YT_UgyFpimie80YfhQ8Rih4AaABAg,YouTube,top_level_comment,UgyFpimie80YfhQ8Rih4AaABAg,UgyFpimie80YfhQ8Rih4AaABAg,zCSY4bGWUXc,"Suara Rakyat: Nilai semula subsidi petrol golongan kaya, apa kata orang miskin?",Astro AWANI,https://www.youtube.com/watch?v=zCSY4bGWUXc,2026-05-11T12:14:22Z,cost_of_living_public_policy,"Single income jadi m40.tapi bila sudah kahwin .tambah gaji isteri,Akan jadi t20.t20 sepatutnya tolak kos anak.jika seorang anak tolak 2000,jika 3 anak sudah 6000 Kalau gaji suami isteri Ada 12000-6000 Dari 3 anak.sepatutnya cuma Ada disposable income ⁶⁰⁰⁰ sahaja. Kerajaan tidal pentingkan golongan Yang sudah berumah tangga.cuma pentingkan gaji sahaja.yang sengsara Salah is rumah Yang sudah berumah tangga.",3de5b8a9085fbbbd6d06,2026-05-13T04:21:46Z,2026-05-13T04:21:46Z,0,0,True,True,none,,2026-06-17T15:11:37.970371+00:00,raw,
YT_Ugyp8T1B_iJs9UeLzct4AaABAg,YouTube,top_level_comment,Ugyp8T1B_iJs9UeLzct4AaABAg,Ugyp8T1B_iJs9UeLzct4AaABAg,zCSY4bGWUXc,"Suara Rakyat: Nilai semula subsidi petrol golongan kaya, apa kata orang miskin?",Astro AWANI,https://www.youtube.com/watch?v=zCSY4bGWUXc,2026-05-11T12:14:22Z,cost_of_living_public_policy,Minyak subsidi ni untuk rakyat Malaysia. Tak kira la dia kaya ke tak ke. Ini semua untuk rakyat Malaysia. Pastu hutang kerajaan pinjam melebihi dari zaman pasca. Ekonomi lumpuh. Dia pinjam. Bangunan tinggi pun xde buat. Nak kata banjir selesai pun tidak. Malah semua dia nak naikkan. Dia tambah hutang negara. Kita suruh ke? Tak jugak,45cd7595aeb49068f575,2026-05-13T04:06:37Z,2026-05-13T04:09:41Z,0,0,True,True,none,,2026-06-17T15:11:37.970391+00:00,raw,
YT_UgxhqKzdN0tNghEnrJJ4AaABAg,YouTube,top_level_comment,UgxhqKzdN0tNghEnrJJ4AaABAg,UgxhqKzdN0tNghEnrJJ4AaABAg,zCSY4bGWUXc,"Suara Rakyat: Nilai semula subsidi petrol golongan kaya, apa kata orang miskin?",Astro AWANI,https://www.youtube.com/watch?v=zCSY4bGWUXc,2026-05-11T12:14:22Z,cost_of_living_public_policy,"😂lah katanya Nagara kaya ,semua takde miskin nikmati je lah harga naik kan bnyk duit wrga Malaydesh",9d843c9f8dde5bc1cfd3,2026-05-13T03:32:35Z,2026-05-13T03:32:35Z,3,1,True,True,none,,2026-06-17T15:11:37.970405+00:00,raw,
YT_UgzH4TOv1gfnehkHEvZ4AaABAg,YouTube,top_level_comment,UgzH4TOv1gfnehkHEvZ4AaABAg,UgzH4TOv1gfnehkHEvZ4AaABAg,zCSY4bGWUXc,"Suara Rakyat: Nilai semula subsidi petrol golongan kaya, apa kata orang miskin?",Astro AWANI,https://www.youtube.com/watch?v=zCSY4bGWUXc,2026-05-11T12:14:22Z,cost_of_living_public_policy,"😂 MANSUHKAN semua subsidi😂. Tak mampu beli petrol harga asli, sila naik BASIKAL JE tak payah menyombongkan diri😂",f405859220eed929ec0f,2026-05-13T03:29:31Z,2026-05-13T03:29:31Z,1,0,True,True,none,,2026-06-17T15:11:37.970420+00:00,raw,
YT_Ugywz7ws9ouwzxMf46Z4AaABAg,YouTube,top_level_comment,Ugywz7ws9ouwzxMf46Z4AaABAg,Ugywz7ws9ouwzxMf46Z4AaABAg,zCSY4bGWUXc,"Suara Rakyat: Nilai semula subsidi petrol golongan kaya, apa kata orang miskin?",Astro AWANI,https://www.youtube.com/watch?v=zCSY4bGWUXc,2026-05-11T12:14:22Z,cost_of_living_public_policy,"x kire la B40, M40, T15, T20 atau T10. Masalahnya org Malaysia ni lbh nak bergaya drp survive. Rata² jenis x reti nak ukur baju dkt bdn sendiri. 😏",1439d071442193702cb4,2026-05-13T03:25:15Z,2026-05-13T03:25:15Z,0,0,True,True,none,,2026-06-17T15:11:37.970437+00:00,raw,
YT_UgxQyxRQ4fEPAAPLMYF4AaABAg,YouTube,top_level_comment,UgxQyxRQ4fEPAAPLMYF4AaABAg,UgxQyxRQ4fEPAAPLMYF4AaABAg,zCSY4bGWUXc,"Suara Rakyat: Nilai semula subsidi petrol golongan kaya, apa kata orang miskin?",Astro AWANI,https://www.youtube.com/watch?v=zCSY4bGWUXc,2026-05-11T12:14:22Z,cost_of_living_public_policy,bagus2 laki bini keje dah lama baru nak hidup senang sikit tetiba dasar baru dtg....jeng jeng....lepas laki bini tersebut resign dan jd gelandangan sepenuh masa dan tadah tangan kat manusia bukan tuhan sbb manusia cepat sikit bg duit....jeng jeng,ceefc0a625607e76e0ae,2026-05-13T03:06:05Z,2026-05-13T03:06:28Z,0,0,True,True,none,,2026-06-17T15:11:37.970454+00:00,raw,
YT_UgwphDi5hdQxWk9kKfF4AaABAg,YouTube,top_level_comment,UgwphDi5hdQxWk9kKfF4AaABAg,UgwphDi5hdQxWk9kKfF4AaABAg,zCSY4bGWUXc,"Suara Rakyat: Nilai semula subsidi petrol golongan kaya, apa kata orang miskin?",Astro AWANI,https://www.youtube.com/watch?v=zCSY4bGWUXc,2026-05-11T12:14:22Z,cost_of_living_public_policy,"Buat apa bg kt yg kaya, income tax pun mrk leh bayar..stakat isi minyak...apa lah sgt",39d5a977d9254f34e7a8,2026-05-13T02:53:26Z,2026-05-13T02:53:26Z,0,0,True,True,none,,2026-06-17T15:11:37.970467+00:00,raw,
YT_UgxKmiJ73-UJLJZA_oB4AaABAg,YouTube,top_level_comment,UgxKmiJ73-UJLJZA_oB4AaABAg,UgxKmiJ73-UJLJZA_oB4AaABAg,zCSY4bGWUXc,"Suara Rakyat: Nilai semula subsidi petrol golongan kaya, apa kata orang miskin?",Astro AWANI,https://www.youtube.com/watch?v=zCSY4bGWUXc,2026-05-11T12:14:22Z,cost_of_living_public_policy,"Aisar tu kate, susah nak cari org miskin kat malasia ni. Ini berita tak betul, mane ade rakyat miskin dinegara kaye raye yg rakyatnya hanya 30 juta sahaje. Tak betul ni 😂",f4cdba27276488e31378,2026-05-13T02:52:40Z,2026-05-13T02:55:58Z,3,3,True,True,none,,2026-06-17T15:11:37.970483+00:00,raw,
YT_UgwSbBmtqUZsqjJVz8h4AaABAg,YouTube,top_level_comment,UgwSbBmtqUZsqjJVz8h4AaABAg,UgwSbBmtqUZsqjJVz8h4AaABAg,zCSY4bGWUXc,"Suara Rakyat: Nilai semula subsidi petrol golongan kaya, apa kata orang miskin?",Astro AWANI,https://www.youtube.com/watch?v=zCSY4bGWUXc,2026-05-11T12:14:22Z,cost_of_living_public_policy,Kenapa minyak juga,49771bb4cda5946601f5,2026-05-13T02:05:18Z,2026-05-13T02:05:18Z,0,0,True,True,none,,2026-06-17T15:11:37.970494+00:00,raw,
YT_UgzqcVWlBhRD-VgmUzl4AaABAg,YouTube,top_level_comment,UgzqcVWlBhRD-VgmUzl4AaABAg,UgzqcVWlBhRD-VgmUzl4AaABAg,zCSY4bGWUXc,"Suara Rakyat: Nilai semula subsidi petrol golongan kaya, apa kata orang miskin?",Astro AWANI,https://www.youtube.com/watch?v=zCSY4bGWUXc,2026-05-11T12:14:22Z,cost_of_living_public_policy,Guru2 banyak dah lepas income T20 tambah lagi husband and wife kerja.,b5f3e4393d2e3f739616,2026-05-13T01:39:11Z,2026-05-13T01:39:11Z,0,0,True,True,none,,2026-06-17T15:11:37.970506+00:00,raw,
YT_UgwrqLItI_VExxwUkcJ4AaABAg,YouTube,top_level_comment,UgwrqLItI_VExxwUkcJ4AaABAg,UgwrqLItI_VExxwUkcJ4AaABAg,zCSY4bGWUXc,"Suara Rakyat: Nilai semula subsidi petrol golongan kaya, apa kata orang miskin?",Astro AWANI,https://www.youtube.com/watch?v=zCSY4bGWUXc,2026-05-11T12:14:22Z,cost_of_living_public_policy,"Teryata rakyat maleydesh al malengsia al malaysia bin israel teryata rakyatnya dari yg kaya hingga miskin selama ini bergantung pada subsidi kerajaan(negara).. Pantas saja si maleydesh al malengsia al malaysia bin israel nawar beras premium(bagus) Indonesia di harga 9.800 rupiah..Beras biasa saja orang2 Indonesia di jual dengan harga 10 ribu rupiah trus beras premium itu harga ya 15 ribu rupiah ke atas...Ngaku negara kaya,mata uang ya kuat si ringgit teryata rakyat cuma menggantungkan subsidi..Banyak drama si MALAYDESH al MALENGSIA al MALAYSIA bin ISRAEL dari MAHAWANGSA MALAYA al ANGAN-ANGAN (si tukang mimpi)...kasian kasian kasian kasian😂😂😂",5880a1fc540817cba794,2026-05-13T00:47:46Z,2026-05-13T00:48:33Z,0,0,True,True,none,,2026-06-17T15:11:37.970541+00:00,raw,
YT_Ugwt4IucXDuFd9UF6Zh4AaABAg,YouTube,top_level_comment,Ugwt4IucXDuFd9UF6Zh4AaABAg,Ugwt4IucXDuFd9UF6Zh4AaABAg,zCSY4bGWUXc,"Suara Rakyat: Nilai semula subsidi petrol golongan kaya, apa kata orang miskin?",Astro AWANI,https://www.youtube.com/watch?v=zCSY4bGWUXc,2026-05-11T12:14:22Z,cost_of_living_public_policy,"Acah2 B40.. Tapi bisnes kiri kanan.. Pendapatan xdak declare, cukai x kena.. Alih2 apply bantuan kerajaan, ada yg dapat buat rumah mesra rakyat, Lps tu bagi sewa, Nk minyak subsidi dan salahkan T20 dapat subsidi minyak. T20 pun rakyat Malaysia, dia bayar cukai jgk. Penat belajar rajin2 nk improve kehidupan, last2 nk dinafikan hak sbgai rakyat. Yg konon B40 nim dr muda smpai ketua harap bantuan je hidup xdak perubahan lansung sama macam biawak je la..kerja mls, belajar mls, nk semua benda org suap je",374eedbc2e8d89792652,2026-05-13T00:25:46Z,2026-05-13T00:25:46Z,1,0,True,True,none,,2026-06-17T15:11:37.970566+00:00,raw,
YT_UgxK_V0zT9wEkOBgqjp4AaABAg,YouTube,top_level_comment,UgxK_V0zT9wEkOBgqjp4AaABAg,UgxK_V0zT9wEkOBgqjp4AaABAg,zCSY4bGWUXc,"Suara Rakyat: Nilai semula subsidi petrol golongan kaya, apa kata orang miskin?",Astro AWANI,https://www.youtube.com/watch?v=zCSY4bGWUXc,2026-05-11T12:14:22Z,cost_of_living_public_policy,Kesian rakyat malaydesh missqueen kene prank banduan liwat yg dlantik jd PM... 🇲🇾 ❤ 🇧🇩🤣🤣🤣,9d213ea4cff1a728db33,2026-05-12T23:57:23Z,2026-05-12T23:57:23Z,3,2,True,True,none,,2026-06-17T15:11:37.970580+00:00,raw,
YT_UgxgeQ8-K_YD-4wn9yR4AaABAg,YouTube,top_level_comment,UgxgeQ8-K_YD-4wn9yR4AaABAg,UgxgeQ8-K_YD-4wn9yR4AaABAg,zCSY4bGWUXc,"Suara Rakyat: Nilai semula subsidi petrol golongan kaya, apa kata orang miskin?",Astro AWANI,https://www.youtube.com/watch?v=zCSY4bGWUXc,2026-05-11T12:14:22Z,cost_of_living_public_policy,"Potong la, harga barang naik jugk. Yg sakit semua. Saya tanya, harga barang bolh turun ke klw Subsudi xde? Tak jugk kn. Korg kene Ingt, die berkuasa sekejab je. Pencen die selama2nya, sampai die mati. Yg bayar pencen die kita semua jugk. Dah pencen mahal.",dfa8baf1a2b5c364aeec,2026-05-12T19:37:26Z,2026-05-12T19:37:26Z,0,0,True,True,none,,2026-06-17T15:11:37.970599+00:00,raw,
YT_UgxhoFpYpQ3vVA1xL7J4AaABAg,YouTube,top_level_comment,UgxhoFpYpQ3vVA1xL7J4AaABAg,UgxhoFpYpQ3vVA1xL7J4AaABAg,zCSY4bGWUXc,"Suara Rakyat: Nilai semula subsidi petrol golongan kaya, apa kata orang miskin?",Astro AWANI,https://www.youtube.com/watch?v=zCSY4bGWUXc,2026-05-11T12:14:22Z,cost_of_living_public_policy,Terbaik PMX😅😅,6cb024a20ffd7d60c0d6,2026-05-12T18:06:15Z,2026-05-12T18:06:15Z,0,0,True,True,none,,2026-06-17T15:11:37.970610+00:00,raw,
YT_UgwOUknn4O7HI__ZKBB4AaABAg,YouTube,top_level_comment,UgwOUknn4O7HI__ZKBB4AaABAg,UgwOUknn4O7HI__ZKBB4AaABAg,zCSY4bGWUXc,"Suara Rakyat: Nilai semula subsidi petrol golongan kaya, apa kata orang miskin?",Astro AWANI,https://www.youtube.com/watch?v=zCSY4bGWUXc,2026-05-11T12:14:22Z,cost_of_living_public_policy,"Tinggal malaysia untung jadi b40. Zakat, jkm, str, sara, ppr dan mcm2 lagi. Keje hari2 maki kerajaan kat kedai kopi.",eeef704d3c6a37418717,2026-05-12T17:21:41Z,2026-05-12T17:21:41Z,1,0,True,True,none,,2026-06-17T15:11:37.970624+00:00,raw,
YT_UgyDYi18aK-_WAxjii54AaABAg,YouTube,top_level_comment,UgyDYi18aK-_WAxjii54AaABAg,UgyDYi18aK-_WAxjii54AaABAg,zCSY4bGWUXc,"Suara Rakyat: Nilai semula subsidi petrol golongan kaya, apa kata orang miskin?",Astro AWANI,https://www.youtube.com/watch?v=zCSY4bGWUXc,2026-05-11T12:14:22Z,cost_of_living_public_policy,Batalkan subsidi untuk semua termasuk B40. Yang layak hanya kategori miskin.,f102f1b486d7001c26d0,2026-05-12T17:06:42Z,2026-05-12T17:12:06Z,0,0,True,True,none,,2026-06-17T15:11:37.970636+00:00,raw,
YT_UgxcVXxLRjs9o91Mhah4AaABAg,YouTube,top_level_comment,UgxcVXxLRjs9o91Mhah4AaABAg,UgxcVXxLRjs9o91Mhah4AaABAg,zCSY4bGWUXc,"Suara Rakyat: Nilai semula subsidi petrol golongan kaya, apa kata orang miskin?",Astro AWANI,https://www.youtube.com/watch?v=zCSY4bGWUXc,2026-05-11T12:14:22Z,cost_of_living_public_policy,Kerajaan nakkan kandang 8481 dibuat besar besaran dekat Selangor boleh eksport luar negara tampung subsidi..😂,3cff3f8abed130cb55ec,2026-05-12T17:00:35Z,2026-05-12T17:00:35Z,0,0,True,True,none,,2026-06-17T15:11:37.970650+00:00,raw,
YT_UgyBo8dMDSsLTwJU3Lt4AaABAg,YouTube,top_level_comment,UgyBo8dMDSsLTwJU3Lt4AaABAg,UgyBo8dMDSsLTwJU3Lt4AaABAg,zCSY4bGWUXc,"Suara Rakyat: Nilai semula subsidi petrol golongan kaya, apa kata orang miskin?",Astro AWANI,https://www.youtube.com/watch?v=zCSY4bGWUXc,2026-05-11T12:14:22Z,cost_of_living_public_policy,T20’s pay taxes but get discriminated for being subsidised 👏🏻 didn’t know Malaysian T20’s are treated as foreigners…in Malaysia,2db9b98274d5f3e02732,2026-05-12T16:23:16Z,2026-05-12T16:24:02Z,10,1,True,True,none,,2026-06-17T15:11:37.970666+00:00,raw,
YT_UgxZK6l7UUywmp8GvWd4AaABAg,YouTube,top_level_comment,UgxZK6l7UUywmp8GvWd4AaABAg,UgxZK6l7UUywmp8GvWd4AaABAg,zCSY4bGWUXc,"Suara Rakyat: Nilai semula subsidi petrol golongan kaya, apa kata orang miskin?",Astro AWANI,https://www.youtube.com/watch?v=zCSY4bGWUXc,2026-05-11T12:14:22Z,cost_of_living_public_policy,Kalau kata org kaya bayar cukai patut depa DPT subsid... Mcm mna pula org yang bayar cukai tapi xde lesen dia tak layak?apa beza nya... Tetap kena byar cukai...,d66f7a1bf8ed896b77a6,2026-05-12T14:06:05Z,2026-05-12T14:06:05Z,0,0,True,True,none,,2026-06-17T15:11:37.970681+00:00,raw,
YT_UgxT7OIiboDuEdDD-nB4AaABAg,YouTube,top_level_comment,UgxT7OIiboDuEdDD-nB4AaABAg,UgxT7OIiboDuEdDD-nB4AaABAg,zCSY4bGWUXc,"Suara Rakyat: Nilai semula subsidi petrol golongan kaya, apa kata orang miskin?",Astro AWANI,https://www.youtube.com/watch?v=zCSY4bGWUXc,2026-05-11T12:14:22Z,cost_of_living_public_policy,"Bila negara dan ekonomi TGH payah, org kaya mula bersuara politik nak subsidi nak itu, nak ini, nak sama rata. Masa negara megah before covid, tiada pulak bersuara. Kalau tak silap aku dulu subsidi untuk rakyat Malaysia yg berkelayakan. Kalau tak silap la. Sebab kalau u know about history then u know about it",fb2c6aedd3751e2fed96,2026-05-12T09:11:00Z,2026-05-12T09:11:00Z,0,0,True,True,none,,2026-06-17T15:11:37.970701+00:00,raw,
YT_UgwpP4uTFOiPZGxkXf54AaABAg,YouTube,top_level_comment,UgwpP4uTFOiPZGxkXf54AaABAg,UgwpP4uTFOiPZGxkXf54AaABAg,zCSY4bGWUXc,"Suara Rakyat: Nilai semula subsidi petrol golongan kaya, apa kata orang miskin?",Astro AWANI,https://www.youtube.com/watch?v=zCSY4bGWUXc,2026-05-11T12:14:22Z,cost_of_living_public_policy,Tai,19a65a1b94603e29dfd4,2026-05-12T05:56:09Z,2026-05-12T05:56:09Z,1,0,True,True,none,,2026-06-17T15:11:37.970712+00:00,raw,
YT_UgyGS-LHNdkZPd0ToDl4AaABAg,YouTube,top_level_comment,UgyGS-LHNdkZPd0ToDl4AaABAg,UgyGS-LHNdkZPd0ToDl4AaABAg,zCSY4bGWUXc,"Suara Rakyat: Nilai semula subsidi petrol golongan kaya, apa kata orang miskin?",Astro AWANI,https://www.youtube.com/watch?v=zCSY4bGWUXc,2026-05-11T12:14:22Z,cost_of_living_public_policy,Kurang CUKAI utk M40 lahh,5c5f3cf0ff3d46c8ed59,2026-05-12T05:54:57Z,2026-05-12T05:54:57Z,0,0,True,True,none,,2026-06-17T15:11:37.970723+00:00,raw,
YT_Ugw27CIbeIbzIzX5b914AaABAg,YouTube,top_level_comment,Ugw27CIbeIbzIzX5b914AaABAg,Ugw27CIbeIbzIzX5b914AaABAg,zCSY4bGWUXc,"Suara Rakyat: Nilai semula subsidi petrol golongan kaya, apa kata orang miskin?",Astro AWANI,https://www.youtube.com/watch?v=zCSY4bGWUXc,2026-05-11T12:14:22Z,cost_of_living_public_policy,"ahhhh ternyata subsidi pon berlaku untuk orang kaya, orang miskin tak terurus.",0c3a504eb0fcbd115a53,2026-05-12T05:35:27Z,2026-05-12T05:35:27Z,4,3,True,True,none,,2026-06-17T15:11:37.970736+00:00,raw,
YT_Ugxz9JNTBRIRw6AOlNp4AaABAg,YouTube,top_level_comment,Ugxz9JNTBRIRw6AOlNp4AaABAg,Ugxz9JNTBRIRw6AOlNp4AaABAg,zCSY4bGWUXc,"Suara Rakyat: Nilai semula subsidi petrol golongan kaya, apa kata orang miskin?",Astro AWANI,https://www.youtube.com/watch?v=zCSY4bGWUXc,2026-05-11T12:14:22Z,cost_of_living_public_policy,Rasa sy cara had berapa liter subsidi dah baik. Org kaya mahupun org miskin tetap kena kurangkan penggunaan petrol. Cara hidup yg kena baiki. Kerajaan kena cari jalan utk dptkan alternatif utk kurangkan penggunaan petrol. Contohnya kuatkan insentif dan permudahkan pemasangan solar di bumbung rumah. Ini win-win utk semua.,38b1d8bfc26421f0a138,2026-05-12T04:38:33Z,2026-05-12T04:38:33Z,0,0,True,True,none,,2026-06-17T15:11:37.970755+00:00,raw,
YT_UgzMTUoJ4pm-zboHE354AaABAg,YouTube,top_level_comment,UgzMTUoJ4pm-zboHE354AaABAg,UgzMTUoJ4pm-zboHE354AaABAg,zCSY4bGWUXc,"Suara Rakyat: Nilai semula subsidi petrol golongan kaya, apa kata orang miskin?",Astro AWANI,https://www.youtube.com/watch?v=zCSY4bGWUXc,2026-05-11T12:14:22Z,cost_of_living_public_policy,Hari ini saya jd PM besok minyak turun,afb7149f097dd877a62e,2026-05-12T03:15:39Z,2026-05-12T03:15:39Z,8,2,True,True,none,,2026-06-17T15:11:37.970767+00:00,raw,
YT_Ugxr-YSjPpMh-C48uWB4AaABAg,YouTube,top_level_comment,Ugxr-YSjPpMh-C48uWB4AaABAg,Ugxr-YSjPpMh-C48uWB4AaABAg,zCSY4bGWUXc,"Suara Rakyat: Nilai semula subsidi petrol golongan kaya, apa kata orang miskin?",Astro AWANI,https://www.youtube.com/watch?v=zCSY4bGWUXc,2026-05-11T12:14:22Z,cost_of_living_public_policy,Kerajaan patut dah ada statistik berapa banyak subsidi yang telah di gunakan oleh T20 dan yang lain dari jumlah subsidi negara semenjak sistem baru di laksanakan.,042aed380721d2767a39,2026-05-12T01:09:55Z,2026-05-12T01:09:55Z,0,0,True,True,none,,2026-06-17T15:11:37.970783+00:00,raw,
YT_Ugz703-PGcQQWQZNyhF4AaABAg,YouTube,top_level_comment,Ugz703-PGcQQWQZNyhF4AaABAg,Ugz703-PGcQQWQZNyhF4AaABAg,zCSY4bGWUXc,"Suara Rakyat: Nilai semula subsidi petrol golongan kaya, apa kata orang miskin?",Astro AWANI,https://www.youtube.com/watch?v=zCSY4bGWUXc,2026-05-11T12:14:22Z,cost_of_living_public_policy,"Pendapat aku org2 kaya atau sesiapa bergaji besar tu tak perlulah SUBSiDI MINYAK BUDI95 sbb mereka berkemampuan.Mereka boleh support bantu org2 yg terbeban sedangkan org yg tak punya lesen tak semua nyar kaya2 tapi terpaksa tampung SUBSiDI juga.Para2 menteri,YB,tan Sri tu sedarlah anda bukan org yg terbeban dan susah pun.Projek juta2,bilion2 takkan nak tumpang guna SUBSIDI juga. 🖕 KERAjaan Madanon Kunyit",2133eb9cb0e780e3b8ad,2026-05-12T00:49:48Z,2026-05-12T00:49:48Z,0,0,True,True,none,,2026-06-17T15:11:37.970810+00:00,raw,
YT_Ugxru4fswXSzGthF7C14AaABAg,YouTube,top_level_comment,Ugxru4fswXSzGthF7C14AaABAg,Ugxru4fswXSzGthF7C14AaABAg,zCSY4bGWUXc,"Suara Rakyat: Nilai semula subsidi petrol golongan kaya, apa kata orang miskin?",Astro AWANI,https://www.youtube.com/watch?v=zCSY4bGWUXc,2026-05-11T12:14:22Z,cost_of_living_public_policy,Orang kaya pun bayar cukai ler 😂 adoi,7de25bb7a5f361c4e41f,2026-05-11T23:38:03Z,2026-05-11T23:38:03Z,0,0,True,True,none,,2026-06-17T15:11:37.970822+00:00,raw,
YT_Ugx5GvymeG7M2UiRhCB4AaABAg,YouTube,top_level_comment,Ugx5GvymeG7M2UiRhCB4AaABAg,Ugx5GvymeG7M2UiRhCB4AaABAg,zCSY4bGWUXc,"Suara Rakyat: Nilai semula subsidi petrol golongan kaya, apa kata orang miskin?",Astro AWANI,https://www.youtube.com/watch?v=zCSY4bGWUXc,2026-05-11T12:14:22Z,cost_of_living_public_policy,Last last GST vs SST😂,c43c6be71d1668251751,2026-05-11T23:21:07Z,2026-05-11T23:21:07Z,4,0,True,True,none,,2026-06-17T15:11:37.970833+00:00,raw,
YT_UgwlDydkm8VKmtXovvR4AaABAg,YouTube,top_level_comment,UgwlDydkm8VKmtXovvR4AaABAg,UgwlDydkm8VKmtXovvR4AaABAg,zCSY4bGWUXc,"Suara Rakyat: Nilai semula subsidi petrol golongan kaya, apa kata orang miskin?",Astro AWANI,https://www.youtube.com/watch?v=zCSY4bGWUXc,2026-05-11T12:14:22Z,cost_of_living_public_policy,Madani menghisap darah,b2f35d55a4374fcd2d56,2026-05-11T23:01:32Z,2026-05-11T23:01:32Z,0,0,True,True,none,,2026-06-17T15:11:37.970843+00:00,raw,
YT_UgwoTryK9ijd9H4YE2t4AaABAg,YouTube,top_level_comment,UgwoTryK9ijd9H4YE2t4AaABAg,UgwoTryK9ijd9H4YE2t4AaABAg,zCSY4bGWUXc,"Suara Rakyat: Nilai semula subsidi petrol golongan kaya, apa kata orang miskin?",Astro AWANI,https://www.youtube.com/watch?v=zCSY4bGWUXc,2026-05-11T12:14:22Z,cost_of_living_public_policy,"Naik lah harga ron 95 ke rm2.50 ,semua sama ,tak berat sebelah. Org bayar cukai sebulan beribu sebulan tapi di tekan kerajaan😮😮😮",9a9ebf628219f9414cea,2026-05-11T22:32:22Z,2026-05-11T22:32:22Z,0,0,True,True,none,,2026-06-17T15:11:37.970858+00:00,raw,
YT_UgwLqtQDQrCtGexINQd4AaABAg,YouTube,top_level_comment,UgwLqtQDQrCtGexINQd4AaABAg,UgwLqtQDQrCtGexINQd4AaABAg,zCSY4bGWUXc,"Suara Rakyat: Nilai semula subsidi petrol golongan kaya, apa kata orang miskin?",Astro AWANI,https://www.youtube.com/watch?v=zCSY4bGWUXc,2026-05-11T12:14:22Z,cost_of_living_public_policy,AKU DUDUK CANTIK SAMBIL MINUM KOPI TERGELAK2 TENGOK SEMUA INI 😂😂 BANYAK JUGA WARGA MALAYSIA YANG MISKIN GOLONGAN MAMPU PUN MISKIN MINTA SUBSIDI TERGELAK2 AKU😂,670ec82c3454ba96c78b,2026-05-11T18:09:36Z,2026-05-11T18:10:59Z,4,5,True,True,none,,2026-06-17T15:11:37.970874+00:00,raw,
YT_UgxgFRXKkyB_IcvPPa54AaABAg,YouTube,top_level_comment,UgxgFRXKkyB_IcvPPa54AaABAg,UgxgFRXKkyB_IcvPPa54AaABAg,zCSY4bGWUXc,"Suara Rakyat: Nilai semula subsidi petrol golongan kaya, apa kata orang miskin?",Astro AWANI,https://www.youtube.com/watch?v=zCSY4bGWUXc,2026-05-11T12:14:22Z,cost_of_living_public_policy,"Batalkan semua subsidi kepada semua rakyat termasuk B40, senang cerita",4e85d1f804b48dbfd2c0,2026-05-11T17:08:28Z,2026-05-11T17:08:28Z,5,0,True,True,none,,2026-06-17T15:11:37.970886+00:00,raw,
YT_UgxTHSp3RLh6jEruDft4AaABAg,YouTube,top_level_comment,UgxTHSp3RLh6jEruDft4AaABAg,UgxTHSp3RLh6jEruDft4AaABAg,zCSY4bGWUXc,"Suara Rakyat: Nilai semula subsidi petrol golongan kaya, apa kata orang miskin?",Astro AWANI,https://www.youtube.com/watch?v=zCSY4bGWUXc,2026-05-11T12:14:22Z,cost_of_living_public_policy,Kena tetapkan pendapatan T20 mengikut alamat kediaman kerana lain kawasan lain kos sara hidup...,f1c218d08183bf0d9aa2,2026-05-11T17:00:59Z,2026-05-11T17:00:59Z,0,0,True,True,none,,2026-06-17T15:11:37.970899+00:00,raw,
YT_UgzMthA1B40m4UMhUhF4AaABAg,YouTube,top_level_comment,UgzMthA1B40m4UMhUhF4AaABAg,UgzMthA1B40m4UMhUhF4AaABAg,zCSY4bGWUXc,"Suara Rakyat: Nilai semula subsidi petrol golongan kaya, apa kata orang miskin?",Astro AWANI,https://www.youtube.com/watch?v=zCSY4bGWUXc,2026-05-11T12:14:22Z,cost_of_living_public_policy,Sebelum tu kaji balik yg geng2 Bangla berkerja di stesen minyak rasanya bkn sektor 3d pon sbb rakyat tempatan bole BT isikan minyak org ni boleh kata geng2 ni kuasai stesen minyak,cd3770a40a0494b39c4d,2026-05-11T16:57:27Z,2026-05-11T16:57:27Z,1,0,True,True,none,,2026-06-17T15:11:37.970915+00:00,raw,
YT_Ugwo_L1rYuGK7Btmf4F4AaABAg,YouTube,top_level_comment,Ugwo_L1rYuGK7Btmf4F4AaABAg,Ugwo_L1rYuGK7Btmf4F4AaABAg,zCSY4bGWUXc,"Suara Rakyat: Nilai semula subsidi petrol golongan kaya, apa kata orang miskin?",Astro AWANI,https://www.youtube.com/watch?v=zCSY4bGWUXc,2026-05-11T12:14:22Z,cost_of_living_public_policy,"T20 ke, M40 ke, B40 ke, semua rakyat juga. Sebelum nak cekik rakyat lagi, baik mansuhkan pencen MP ADUN, kurangkan elaun2 dorang, jangan guna polis iringan dan wajibkan wakil rakyat guna pengangkutan awam sekurang-kurangnya sekali seminggu",8c7fdf5b3eb61df74592,2026-05-11T16:18:38Z,2026-05-11T16:18:38Z,7,0,True,True,none,,2026-06-17T15:11:37.970933+00:00,raw,
YT_UgyRqFuRFJXgIySYYmh4AaABAg,YouTube,top_level_comment,UgyRqFuRFJXgIySYYmh4AaABAg,UgyRqFuRFJXgIySYYmh4AaABAg,zCSY4bGWUXc,"Suara Rakyat: Nilai semula subsidi petrol golongan kaya, apa kata orang miskin?",Astro AWANI,https://www.youtube.com/watch?v=zCSY4bGWUXc,2026-05-11T12:14:22Z,cost_of_living_public_policy,"Salah soalan yang ditanya, Tanya macamtu memanglah semua rakyat Malaysia berhak dapat, Tanya macam subsidi tu unlimited, Lenkali tanyalah siapa yang patut kerajaan bagi subsidi kalau kerajaan bajet tak cukup, Itu barulah menggambarkan realiti semasa,🤦🏻‍♂️",98c6a782961ffbd335b5,2026-05-11T15:59:12Z,2026-05-11T15:59:12Z,1,0,True,True,none,,2026-06-17T15:11:37.970953+00:00,raw,
YT_UgxIdhHRpUHSrHp4bLB4AaABAg,YouTube,top_level_comment,UgxIdhHRpUHSrHp4bLB4AaABAg,UgxIdhHRpUHSrHp4bLB4AaABAg,zCSY4bGWUXc,"Suara Rakyat: Nilai semula subsidi petrol golongan kaya, apa kata orang miskin?",Astro AWANI,https://www.youtube.com/watch?v=zCSY4bGWUXc,2026-05-11T12:14:22Z,cost_of_living_public_policy,Siapa penyumbang banyak bagi lah balik,086fa866818de4491094,2026-05-11T15:43:55Z,2026-05-11T15:43:55Z,3,0,True,True,none,,2026-06-17T15:11:37.970965+00:00,raw,
YT_UgyFSw4Lk7c17rf8TwV4AaABAg,YouTube,top_level_comment,UgyFSw4Lk7c17rf8TwV4AaABAg,UgyFSw4Lk7c17rf8TwV4AaABAg,zCSY4bGWUXc,"Suara Rakyat: Nilai semula subsidi petrol golongan kaya, apa kata orang miskin?",Astro AWANI,https://www.youtube.com/watch?v=zCSY4bGWUXc,2026-05-11T12:14:22Z,cost_of_living_public_policy,"ingat kawan2, tahun ni subsidi t20 ditarik, tahun depan subsidi m40 ditarik, last2 b40 je yg blh subsidi",ddc1af3c5545d2bc3efe,2026-05-11T15:21:42Z,2026-05-11T15:21:42Z,6,2,True,True,none,,2026-06-17T15:11:37.970978+00:00,raw,
YT_UgxD7H-lhdfhM7DPdSB4AaABAg,YouTube,top_level_comment,UgxD7H-lhdfhM7DPdSB4AaABAg,UgxD7H-lhdfhM7DPdSB4AaABAg,zCSY4bGWUXc,"Suara Rakyat: Nilai semula subsidi petrol golongan kaya, apa kata orang miskin?",Astro AWANI,https://www.youtube.com/watch?v=zCSY4bGWUXc,2026-05-11T12:14:22Z,cost_of_living_public_policy,Kasi kurangkan subsidy je utk semua org to 100 liter je,420b156bc137e0de3d21,2026-05-11T15:10:12Z,2026-05-11T15:10:12Z,0,0,True,True,none,,2026-06-17T15:11:37.970990+00:00,raw,
YT_Ugwbvul-eSQFErSz34V4AaABAg,YouTube,top_level_comment,Ugwbvul-eSQFErSz34V4AaABAg,Ugwbvul-eSQFErSz34V4AaABAg,zCSY4bGWUXc,"Suara Rakyat: Nilai semula subsidi petrol golongan kaya, apa kata orang miskin?",Astro AWANI,https://www.youtube.com/watch?v=zCSY4bGWUXc,2026-05-11T12:14:22Z,cost_of_living_public_policy,Tiada keperluan utk tarik subsidi petrol utk golongan kaya. Sistem subsidi sedia ada sudah cukup bagus. Kerajaan perlu fokus utk tambah-baik kawal-selia dan kurangkan ketirisan petrol & diesel.,68fcd08ce0b1dda72ef5,2026-05-11T15:08:15Z,2026-05-11T15:08:15Z,0,1,True,True,none,,2026-06-17T15:11:37.971005+00:00,raw,
YT_UgyZdexA-TYhClyFfGJ4AaABAg,YouTube,top_level_comment,UgyZdexA-TYhClyFfGJ4AaABAg,UgyZdexA-TYhClyFfGJ4AaABAg,zCSY4bGWUXc,"Suara Rakyat: Nilai semula subsidi petrol golongan kaya, apa kata orang miskin?",Astro AWANI,https://www.youtube.com/watch?v=zCSY4bGWUXc,2026-05-11T12:14:22Z,cost_of_living_public_policy,T20 bkn rakyat? T20 penyokong kuat PH.,b1a3c938ba6c4f19e91e,2026-05-11T15:03:49Z,2026-05-11T15:05:03Z,0,0,True,True,none,,2026-06-17T15:11:37.971016+00:00,raw,
YT_UgztkTMDyjiluGnviQp4AaABAg,YouTube,top_level_comment,UgztkTMDyjiluGnviQp4AaABAg,UgztkTMDyjiluGnviQp4AaABAg,zCSY4bGWUXc,"Suara Rakyat: Nilai semula subsidi petrol golongan kaya, apa kata orang miskin?",Astro AWANI,https://www.youtube.com/watch?v=zCSY4bGWUXc,2026-05-11T12:14:22Z,cost_of_living_public_policy,"Org miskin asyik minta sedekah, org kaya bayar cukai yg tinggi. Jgn malas, kerja kuat, ramai org miskin bila kerja kuat dah jadi kaya.",58bd5276d82c0cb6a945,2026-05-11T14:35:44Z,2026-05-11T14:35:44Z,2,1,True,True,none,,2026-06-17T15:11:37.971032+00:00,raw,
YT_UgzWO8CD2XpuUTK2dNd4AaABAg,YouTube,top_level_comment,UgzWO8CD2XpuUTK2dNd4AaABAg,UgzWO8CD2XpuUTK2dNd4AaABAg,zCSY4bGWUXc,"Suara Rakyat: Nilai semula subsidi petrol golongan kaya, apa kata orang miskin?",Astro AWANI,https://www.youtube.com/watch?v=zCSY4bGWUXc,2026-05-11T12:14:22Z,cost_of_living_public_policy,"Dulu gaj saya Rm400. Sudah 40 tahun saya kerja. Sekarang Gaji saya hampir Rm6000. Bersama keluarga, household hampir Rm10k. Tapi kita perlu bayar Insurance, Rumah Installment, Kanak2, Yuran, Bil Electric, Air, EPF, Perkeso dan paling byk adalah Cukai. .Mengapa saya kerja hampir seumur hidup dan sekarang pun bukan senang Sangat. Tapi Kerajaan mau rompak saya? Bila masa Gaji saya Rm400, Kerajaan tak pernah bagi saya satu Sen Pun. Sekarang Kerajaan mau guna duit Saya bagi B40? Boleh. Tapi mengapa kerajaan mau tolak org yg jujur dan kerja seumur hidup macam saya pergi MATI!!!!!!!! Sekarang Keluarga saya macam M40. Semua pun mahal. Kalau Kerajaan betul2 mau saya bayar Rm4-5 seliter petrol. GE16 saya akan undi semua parti selain PH,UMNO, PN. Saya undi PH ingat boleh ada kehidupan yg senang. TAPI kehidupan saya makin susah.",74d82584ca4001b8a5eb,2026-05-11T14:31:41Z,2026-05-11T14:36:24Z,12,6,True,True,none,,2026-06-17T15:11:37.971065+00:00,raw,
YT_UgyTLR9bcLfRK9Xl-nN4AaABAg,YouTube,top_level_comment,UgyTLR9bcLfRK9Xl-nN4AaABAg,UgyTLR9bcLfRK9Xl-nN4AaABAg,zCSY4bGWUXc,"Suara Rakyat: Nilai semula subsidi petrol golongan kaya, apa kata orang miskin?",Astro AWANI,https://www.youtube.com/watch?v=zCSY4bGWUXc,2026-05-11T12:14:22Z,cost_of_living_public_policy,"ada miskin kaya yg disebabkan usaha, ada juga yg disebabkan takdir, sebab Allah Maha Adil.. kamu tak layak hukum mana2 ikut kepala kamu sendiri.. nak beri subsidi, berilah kepada semua, nak tarik subsidi tarik la semua, nak kutip cukai kutiplah drpd semua, sapa makan banyak dia baya lah banyak, sapa makan sikit dia baya sikit.. kalo dia kaya tp makan sikit baya la sikit, kalo dia miskin tp makan banyak baya la banyak.. begitu sebaliknya.. kenapa nak hukum yg kaya shj? kenapa nak buang hukum utk yg miskin shj?",8b33f8fe82bac236caff,2026-05-11T14:01:50Z,2026-05-11T14:01:50Z,3,3,True,True,none,,2026-06-17T15:11:37.971091+00:00,raw,
YT_UgyfFW6dNqpP6udL_Hp4AaABAg,YouTube,top_level_comment,UgyfFW6dNqpP6udL_Hp4AaABAg,UgyfFW6dNqpP6udL_Hp4AaABAg,zCSY4bGWUXc,"Suara Rakyat: Nilai semula subsidi petrol golongan kaya, apa kata orang miskin?",Astro AWANI,https://www.youtube.com/watch?v=zCSY4bGWUXc,2026-05-11T12:14:22Z,cost_of_living_public_policy,Jawapan untie spt org pentingkan diri sendiri...uncle you're give good answer,908f0071f825c4f8e7a8,2026-05-11T13:55:28Z,2026-05-11T13:56:27Z,0,0,True,True,none,,2026-06-17T15:11:37.971105+00:00,raw,
YT_UgyzrkGpob4FHuAq0Qt4AaABAg,YouTube,top_level_comment,UgyzrkGpob4FHuAq0Qt4AaABAg,UgyzrkGpob4FHuAq0Qt4AaABAg,zCSY4bGWUXc,"Suara Rakyat: Nilai semula subsidi petrol golongan kaya, apa kata orang miskin?",Astro AWANI,https://www.youtube.com/watch?v=zCSY4bGWUXc,2026-05-11T12:14:22Z,cost_of_living_public_policy,Nilai semula hak istmewa.,e83cf372446df6ea8508,2026-05-11T13:44:14Z,2026-05-11T13:44:14Z,2,0,True,True,none,,2026-06-17T15:11:37.971116+00:00,raw,
YT_UgxGcQpgXV6o767qN4Z4AaABAg,YouTube,top_level_comment,UgxGcQpgXV6o767qN4Z4AaABAg,UgxGcQpgXV6o767qN4Z4AaABAg,zCSY4bGWUXc,"Suara Rakyat: Nilai semula subsidi petrol golongan kaya, apa kata orang miskin?",Astro AWANI,https://www.youtube.com/watch?v=zCSY4bGWUXc,2026-05-11T12:14:22Z,cost_of_living_public_policy,"Pendapatan T20 x jauh beza dgn M40.. Husband wife professional jadi T20 la tp klu dh semua subsidi x layak, baik yg wife resign, boleh tumpu ank2 dan rumahtangga.. Lain la klu T10 baru la betul2 kaya..",8cba26578827c36a145e,2026-05-11T13:16:26Z,2026-05-11T13:16:26Z,4,0,True,True,none,,2026-06-17T15:11:37.971132+00:00,raw,
YT_Ugz8IJf7uZdDSfOcV-t4AaABAg,YouTube,top_level_comment,Ugz8IJf7uZdDSfOcV-t4AaABAg,Ugz8IJf7uZdDSfOcV-t4AaABAg,zCSY4bGWUXc,"Suara Rakyat: Nilai semula subsidi petrol golongan kaya, apa kata orang miskin?",Astro AWANI,https://www.youtube.com/watch?v=zCSY4bGWUXc,2026-05-11T12:14:22Z,cost_of_living_public_policy,"Terima kasih ASTRO AWANI. Semua rakyat ada hak yang sama. Semua patut dapat subsidi. Asal ada lesen yang masih sah. Tiada beza kaya miskin dan tua muda. Semua rakyat, kaya miskin dan tua muda bayar cukai. Semakan ChatGPT (bertaip dan infografik), semua rakyat kena bayar cukai, bayi (lampin, susu, dokumen...) sampai meninggal (urusan si mati, dokumen...). Setiap saat, cukai sentiasa aktif. Maaf, pendapat peribadi saya sahaja. Betulkan jika saya silap. Mohon mencadangkan. 11/5/26",02b56019cfd332e54343,2026-05-11T13:15:52Z,2026-05-11T13:15:52Z,4,1,True,True,none,,2026-06-17T15:11:37.971157+00:00,raw,
YT_UgySyztCGWvvA7ES8Nt4AaABAg,YouTube,top_level_comment,UgySyztCGWvvA7ES8Nt4AaABAg,UgySyztCGWvvA7ES8Nt4AaABAg,zCSY4bGWUXc,"Suara Rakyat: Nilai semula subsidi petrol golongan kaya, apa kata orang miskin?",Astro AWANI,https://www.youtube.com/watch?v=zCSY4bGWUXc,2026-05-11T12:14:22Z,cost_of_living_public_policy,Takpe kami golongan kaya boleh boleh isi minyak RON 97,28e50af5500a0d1bf2c1,2026-05-11T12:31:19Z,2026-05-11T12:31:19Z,0,0,True,True,none,,2026-06-17T15:11:37.971169+00:00,raw,
YT_Ugykx5AhI9-t80Y27aN4AaABAg,YouTube,top_level_comment,Ugykx5AhI9-t80Y27aN4AaABAg,Ugykx5AhI9-t80Y27aN4AaABAg,zCSY4bGWUXc,"Suara Rakyat: Nilai semula subsidi petrol golongan kaya, apa kata orang miskin?",Astro AWANI,https://www.youtube.com/watch?v=zCSY4bGWUXc,2026-05-11T12:14:22Z,cost_of_living_public_policy,Rafizi dah cakap dari tahun lalu lagi...tapi tak nak dengar.,deceaccbc584e88c9294,2026-05-11T12:28:21Z,2026-05-11T12:28:21Z,3,0,True,True,none,,2026-06-17T15:11:37.971181+00:00,raw,
YT_UgyuVuy4CejIwd0WErZ4AaABAg,YouTube,top_level_comment,UgyuVuy4CejIwd0WErZ4AaABAg,UgyuVuy4CejIwd0WErZ4AaABAg,zCSY4bGWUXc,"Suara Rakyat: Nilai semula subsidi petrol golongan kaya, apa kata orang miskin?",Astro AWANI,https://www.youtube.com/watch?v=zCSY4bGWUXc,2026-05-11T12:14:22Z,cost_of_living_public_policy,subsidi dari cukai judi jadi tak payah risau dan bising sangat.,d047620303b18dd92631,2026-05-11T12:21:29Z,2026-05-11T12:21:29Z,1,1,True,True,none,,2026-06-17T15:11:37.971193+00:00,raw,
YT_UgyWhSkkIVRUfNkYOSB4AaABAg,YouTube,top_level_comment,UgyWhSkkIVRUfNkYOSB4AaABAg,UgyWhSkkIVRUfNkYOSB4AaABAg,3Pk956RGn7o,10 MENU SCAM PALING PELIK DI BAZAR RAMADAN,Faktaw Channel,https://www.youtube.com/watch?v=3Pk956RGn7o,2025-03-22T08:00:02Z,festivals_national_events,sya pernah pergisitu,e9a22b818afba8438dd9,2026-06-07T08:27:04Z,2026-06-07T08:27:04Z,0,0,True,True,none,,2026-06-17T15:11:43.540881+00:00,raw,
YT_Ugwr7UKwLGjW_Z0zN0N4AaABAg,YouTube,top_level_comment,Ugwr7UKwLGjW_Z0zN0N4AaABAg,Ugwr7UKwLGjW_Z0zN0N4AaABAg,3Pk956RGn7o,10 MENU SCAM PALING PELIK DI BAZAR RAMADAN,Faktaw Channel,https://www.youtube.com/watch?v=3Pk956RGn7o,2025-03-22T08:00:02Z,festivals_national_events,Faktaw cirita 10 coklat scam dekat Kedai,5ec983d0baa64bb6546b,2026-06-05T14:16:45Z,2026-06-05T14:16:45Z,0,0,True,True,none,,2026-06-17T15:11:43.540896+00:00,raw,
YT_Ugw2JkWOrIyh7vqqttJ4AaABAg,YouTube,top_level_comment,Ugw2JkWOrIyh7vqqttJ4AaABAg,Ugw2JkWOrIyh7vqqttJ4AaABAg,3Pk956RGn7o,10 MENU SCAM PALING PELIK DI BAZAR RAMADAN,Faktaw Channel,https://www.youtube.com/watch?v=3Pk956RGn7o,2025-03-22T08:00:02Z,festivals_national_events,😂😂😂😂😂😂😂😂😂😂😂😂😂😂,b2d89b3e5565ad8e277e,2026-05-29T04:21:16Z,2026-05-29T04:21:16Z,0,0,True,True,none,,2026-06-17T15:11:43.540908+00:00,raw,
YT_UgzR6KO7oH_ECmqAuzd4AaABAg,YouTube,top_level_comment,UgzR6KO7oH_ECmqAuzd4AaABAg,UgzR6KO7oH_ECmqAuzd4AaABAg,3Pk956RGn7o,10 MENU SCAM PALING PELIK DI BAZAR RAMADAN,Faktaw Channel,https://www.youtube.com/watch?v=3Pk956RGn7o,2025-03-22T08:00:02Z,festivals_national_events,😂😂😂😂😂😂😂😂😂😂😂😂😂😂😂😂😂😂😂😂,b2d89b3e5565ad8e277e,2026-05-29T04:21:08Z,2026-05-29T04:21:08Z,0,0,True,True,none,,2026-06-17T15:11:43.540920+00:00,raw,
YT_Ugy6ps9yyq4Kr4ZGzYB4AaABAg,YouTube,top_level_comment,Ugy6ps9yyq4Kr4ZGzYB4AaABAg,Ugy6ps9yyq4Kr4ZGzYB4AaABAg,3Pk956RGn7o,10 MENU SCAM PALING PELIK DI BAZAR RAMADAN,Faktaw Channel,https://www.youtube.com/watch?v=3Pk956RGn7o,2025-03-22T08:00:02Z,festivals_national_events,10 makanan terpelik di dunia,df2d12b2b0d40c240574,2026-05-28T06:23:32Z,2026-05-28T06:23:32Z,0,0,True,True,none,,2026-06-17T15:11:43.540932+00:00,raw,
YT_UgyN5p1GyWWg2aGMzHh4AaABAg,YouTube,top_level_comment,UgyN5p1GyWWg2aGMzHh4AaABAg,UgyN5p1GyWWg2aGMzHh4AaABAg,3Pk956RGn7o,10 MENU SCAM PALING PELIK DI BAZAR RAMADAN,Faktaw Channel,https://www.youtube.com/watch?v=3Pk956RGn7o,2025-03-22T08:00:02Z,festivals_national_events,"Waktu Ramadhan beli roti John kat bazar waktu dah bukak puasa niat nak makan lepas bukak nak makan tengok inti... Haih inti dia sangat lah sikit lepas tu sos pun takda bangun dari kerusi ambik lah sos sendiri pakai sos sendiri, ending nya tak jadi nak makan beli ke main mahal inti takda sos takda haduuuh Yai.",ffb2ae146230f1cea40c,2026-05-26T03:31:50Z,2026-05-26T03:31:50Z,0,0,True,True,none,,2026-06-17T15:11:43.540954+00:00,raw,
YT_UgyD_Gjn_z4uToyOkL94AaABAg,YouTube,top_level_comment,UgyD_Gjn_z4uToyOkL94AaABAg,UgyD_Gjn_z4uToyOkL94AaABAg,3Pk956RGn7o,10 MENU SCAM PALING PELIK DI BAZAR RAMADAN,Faktaw Channel,https://www.youtube.com/watch?v=3Pk956RGn7o,2025-03-22T08:00:02Z,festivals_national_events,"Tapi bang,kalau nak bukak ayam depan KEDAI tu nanti orang cakap kita tak puasa pulak😂😂😂",974a039f706a1574644e,2026-05-17T09:25:36Z,2026-05-17T09:25:36Z,0,0,True,True,none,,2026-06-17T15:11:43.540969+00:00,raw,
YT_UgxEniLvnmqloY8I2OF4AaABAg,YouTube,top_level_comment,UgxEniLvnmqloY8I2OF4AaABAg,UgxEniLvnmqloY8I2OF4AaABAg,3Pk956RGn7o,10 MENU SCAM PALING PELIK DI BAZAR RAMADAN,Faktaw Channel,https://www.youtube.com/watch?v=3Pk956RGn7o,2025-03-22T08:00:02Z,festivals_national_events,Saya pernah makan veiatnam TU tapi saya tak suka tak tahu kenapa,2d9e9e4e90ee41b450be,2026-05-03T08:25:00Z,2026-05-03T08:25:00Z,0,0,True,True,none,,2026-06-17T15:11:43.540982+00:00,raw,
YT_UgwNIC8tALWqqkCrsap4AaABAg,YouTube,top_level_comment,UgwNIC8tALWqqkCrsap4AaABAg,UgwNIC8tALWqqkCrsap4AaABAg,3Pk956RGn7o,10 MENU SCAM PALING PELIK DI BAZAR RAMADAN,Faktaw Channel,https://www.youtube.com/watch?v=3Pk956RGn7o,2025-03-22T08:00:02Z,festivals_national_events,hahahahahahaha 😂😂 faktaw ni lawak dari meme,b16ef67a4bd30729c81a,2026-05-01T10:37:14Z,2026-05-01T10:37:14Z,0,0,True,True,none,,2026-06-17T15:11:43.540995+00:00,raw,
YT_UgySvRXdaFZCCVdiwcN4AaABAg,YouTube,top_level_comment,UgySvRXdaFZCCVdiwcN4AaABAg,UgySvRXdaFZCCVdiwcN4AaABAg,3Pk956RGn7o,10 MENU SCAM PALING PELIK DI BAZAR RAMADAN,Faktaw Channel,https://www.youtube.com/watch?v=3Pk956RGn7o,2025-03-22T08:00:02Z,festivals_national_events,Pernah beli roti John kat bazaar inti sos je,f01fa01219e08a117e4f,2026-04-13T10:28:02Z,2026-04-13T10:28:02Z,0,0,True,True,none,,2026-06-17T15:11:43.541007+00:00,raw,
YT_UgzpuUCrjQ4P2EBreiV4AaABAg,YouTube,top_level_comment,UgzpuUCrjQ4P2EBreiV4AaABAg,UgzpuUCrjQ4P2EBreiV4AaABAg,3Pk956RGn7o,10 MENU SCAM PALING PELIK DI BAZAR RAMADAN,Faktaw Channel,https://www.youtube.com/watch?v=3Pk956RGn7o,2025-03-22T08:00:02Z,festivals_national_events,Bang pergi ke Selangor masa petang & tengah hari ada bazar malam tapi ada roti John,920cb2708bd8bf20171d,2026-03-28T02:35:21Z,2026-03-28T02:35:21Z,0,0,True,True,none,,2026-06-17T15:11:43.541021+00:00,raw,
YT_UgxTTW-blQBQ322zc2t4AaABAg,YouTube,top_level_comment,UgxTTW-blQBQ322zc2t4AaABAg,UgxTTW-blQBQ322zc2t4AaABAg,3Pk956RGn7o,10 MENU SCAM PALING PELIK DI BAZAR RAMADAN,Faktaw Channel,https://www.youtube.com/watch?v=3Pk956RGn7o,2025-03-22T08:00:02Z,festivals_national_events,tepung gumdam kenapa pulak,2ecec33f7416995ad9bc,2026-03-22T11:00:38Z,2026-03-22T11:00:38Z,0,0,True,True,none,,2026-06-17T15:11:43.541047+00:00,raw,
YT_UgxLI2FRa8lXobK8m254AaABAg,YouTube,top_level_comment,UgxLI2FRa8lXobK8m254AaABAg,UgxLI2FRa8lXobK8m254AaABAg,3Pk956RGn7o,10 MENU SCAM PALING PELIK DI BAZAR RAMADAN,Faktaw Channel,https://www.youtube.com/watch?v=3Pk956RGn7o,2025-03-22T08:00:02Z,festivals_national_events,Ni laa peniaga setahun sekali.. nk menipu & mmbohong je .. x takut ke kau jual tu makanan yg jadi darah daging.. pembeli jgk mngunakan modal .. AGAK2 LAA NK MENIPU & MEMBOHONG TUU ..,78d9a1cf13aae558f657,2026-03-15T04:11:39Z,2026-03-15T04:11:39Z,0,0,True,True,none,,2026-06-17T15:11:43.541064+00:00,raw,
YT_UgwQX8oess_8NmXv6eF4AaABAg,YouTube,top_level_comment,UgwQX8oess_8NmXv6eF4AaABAg,UgwQX8oess_8NmXv6eF4AaABAg,3Pk956RGn7o,10 MENU SCAM PALING PELIK DI BAZAR RAMADAN,Faktaw Channel,https://www.youtube.com/watch?v=3Pk956RGn7o,2025-03-22T08:00:02Z,festivals_national_events,"Tahun ini, aku hanya sekali pergi pusat penjaja beli makanan berbuka. Tak jejak kaki ke bazar ramadhan.",88879c19cb7b68352b79,2026-03-13T09:55:42Z,2026-03-13T09:55:42Z,0,0,True,True,none,,2026-06-17T15:11:43.541078+00:00,raw,
YT_UgyQN93h1nwPFD9bweV4AaABAg,YouTube,top_level_comment,UgyQN93h1nwPFD9bweV4AaABAg,UgyQN93h1nwPFD9bweV4AaABAg,3Pk956RGn7o,10 MENU SCAM PALING PELIK DI BAZAR RAMADAN,Faktaw Channel,https://www.youtube.com/watch?v=3Pk956RGn7o,2025-03-22T08:00:02Z,festivals_national_events,Pegi bazaar kat peniaga yang korang percaya je. Maybe boleh try 1- 2 kedai baru tiap tahun.,92553b176b58696a7fad,2026-03-11T17:27:33Z,2026-03-11T17:27:33Z,0,0,True,True,none,,2026-06-17T15:11:43.541091+00:00,raw,
YT_Ugwl64TxZtcwewbyGa54AaABAg,YouTube,top_level_comment,Ugwl64TxZtcwewbyGa54AaABAg,Ugwl64TxZtcwewbyGa54AaABAg,3Pk956RGn7o,10 MENU SCAM PALING PELIK DI BAZAR RAMADAN,Faktaw Channel,https://www.youtube.com/watch?v=3Pk956RGn7o,2025-03-22T08:00:02Z,festivals_national_events,10:40 anwar ibrahim darkweb 😂😂😂,58b22d8947bcf026cbdb,2026-03-11T09:29:50Z,2026-03-11T09:29:50Z,0,0,True,True,none,,2026-06-17T15:11:43.541103+00:00,raw,
YT_UgwZKNJKjdfQNhBjkFx4AaABAg,YouTube,top_level_comment,UgwZKNJKjdfQNhBjkFx4AaABAg,UgwZKNJKjdfQNhBjkFx4AaABAg,3Pk956RGn7o,10 MENU SCAM PALING PELIK DI BAZAR RAMADAN,Faktaw Channel,https://www.youtube.com/watch?v=3Pk956RGn7o,2025-03-22T08:00:02Z,festivals_national_events,Satu Malaysia,55361b91e1a2d6626a2d,2026-03-09T12:36:41Z,2026-03-09T12:36:41Z,0,0,True,True,none,,2026-06-17T15:11:43.541114+00:00,raw,
YT_UgxaaO9sTasIWs9G4X54AaABAg,YouTube,top_level_comment,UgxaaO9sTasIWs9G4X54AaABAg,UgxaaO9sTasIWs9G4X54AaABAg,3Pk956RGn7o,10 MENU SCAM PALING PELIK DI BAZAR RAMADAN,Faktaw Channel,https://www.youtube.com/watch?v=3Pk956RGn7o,2025-03-22T08:00:02Z,festivals_national_events,cuba buat video medy renaldy,6b4853ba6fa0c1b937c6,2026-03-08T08:06:30Z,2026-03-08T08:06:30Z,0,0,True,True,none,,2026-06-17T15:11:43.541125+00:00,raw,
YT_Ugzmw4lfUmoMzAyA0-J4AaABAg,YouTube,top_level_comment,Ugzmw4lfUmoMzAyA0-J4AaABAg,Ugzmw4lfUmoMzAyA0-J4AaABAg,3Pk956RGn7o,10 MENU SCAM PALING PELIK DI BAZAR RAMADAN,Faktaw Channel,https://www.youtube.com/watch?v=3Pk956RGn7o,2025-03-22T08:00:02Z,festivals_national_events,"0:03 Walaupun ia untuk segmen ""kartun terkenal yang tidak sepatutnya ditonton"" tetapi dia terbawa-bawa dengan gaya pertuturannya.",970be6f1efcb93b938aa,2026-03-07T10:35:43Z,2026-03-07T10:35:43Z,0,0,True,True,none,,2026-06-17T15:11:43.541139+00:00,raw,
YT_UgxeLpHYmGXegy-plxB4AaABAg,YouTube,top_level_comment,UgxeLpHYmGXegy-plxB4AaABAg,UgxeLpHYmGXegy-plxB4AaABAg,3Pk956RGn7o,10 MENU SCAM PALING PELIK DI BAZAR RAMADAN,Faktaw Channel,https://www.youtube.com/watch?v=3Pk956RGn7o,2025-03-22T08:00:02Z,festivals_national_events,Nama abang pek dolah,d9ff6ea30f098de06ae4,2026-03-06T09:24:50Z,2026-03-06T09:24:50Z,0,0,True,True,none,,2026-06-17T15:11:43.541150+00:00,raw,
YT_UgxcrBK--7jXEANMsSZ4AaABAg,YouTube,top_level_comment,UgxcrBK--7jXEANMsSZ4AaABAg,UgxcrBK--7jXEANMsSZ4AaABAg,3Pk956RGn7o,10 MENU SCAM PALING PELIK DI BAZAR RAMADAN,Faktaw Channel,https://www.youtube.com/watch?v=3Pk956RGn7o,2025-03-22T08:00:02Z,festivals_national_events,Peliknya kesian orang beli nak makan buka puasa tak takut ke rezeki tu haram jadinya,dde899915faca92b8202,2026-03-05T16:58:06Z,2026-03-05T16:58:06Z,0,0,True,True,none,,2026-06-17T15:11:43.541164+00:00,raw,
YT_Ugx1h7xgyJw6DKzOR0J4AaABAg,YouTube,top_level_comment,Ugx1h7xgyJw6DKzOR0J4AaABAg,Ugx1h7xgyJw6DKzOR0J4AaABAg,3Pk956RGn7o,10 MENU SCAM PALING PELIK DI BAZAR RAMADAN,Faktaw Channel,https://www.youtube.com/watch?v=3Pk956RGn7o,2025-03-22T08:00:02Z,festivals_national_events,"Aku terkena harga😂😂😂 menu dgn tanda harga x tulis letak ujung meja kecik ja tulis...roti jgon the king...nk try ambik dging Adik daging satu Bisa ke abg Ya biasa Okk Rm18 abg Hah😮😮😮 terkejut aku, Special 25 abg el Erkkk..ambik bayar belah teruis",979dadc326090e1a06e1,2026-03-05T05:46:15Z,2026-03-05T05:46:15Z,0,0,True,True,none,,2026-06-17T15:11:43.541188+00:00,raw,
YT_Ugx303Nd_KbNqEP9cd94AaABAg,YouTube,top_level_comment,Ugx303Nd_KbNqEP9cd94AaABAg,Ugx303Nd_KbNqEP9cd94AaABAg,3Pk956RGn7o,10 MENU SCAM PALING PELIK DI BAZAR RAMADAN,Faktaw Channel,https://www.youtube.com/watch?v=3Pk956RGn7o,2025-03-22T08:00:02Z,festivals_national_events,dh kne bru² ni mertabak xde isi daging lngsung bwang yg bnyk dgn telur x brbaloi dgn hrga yg mahal,3c96edec4cd8c54b2b45,2026-03-04T14:39:21Z,2026-03-04T14:39:21Z,0,0,True,True,none,,2026-06-17T15:11:43.541203+00:00,raw,
YT_Ugwutmx3_iICSlU9PNN4AaABAg,YouTube,top_level_comment,Ugwutmx3_iICSlU9PNN4AaABAg,Ugwutmx3_iICSlU9PNN4AaABAg,3Pk956RGn7o,10 MENU SCAM PALING PELIK DI BAZAR RAMADAN,Faktaw Channel,https://www.youtube.com/watch?v=3Pk956RGn7o,2025-03-22T08:00:02Z,festivals_national_events,10 biodata tentang faktaw.😂,255224abac38fe9ceefa,2026-03-03T09:54:31Z,2026-03-03T09:54:31Z,0,0,True,True,none,,2026-06-17T15:11:43.541215+00:00,raw,
YT_UgzU_LVmwJ4A4VJxWEl4AaABAg,YouTube,top_level_comment,UgzU_LVmwJ4A4VJxWEl4AaABAg,UgzU_LVmwJ4A4VJxWEl4AaABAg,3Pk956RGn7o,10 MENU SCAM PALING PELIK DI BAZAR RAMADAN,Faktaw Channel,https://www.youtube.com/watch?v=3Pk956RGn7o,2025-03-22T08:00:02Z,festivals_national_events,Saya makan roti john ayam tapi rasa macam sabun,949b34fd4779d7e532a7,2026-03-02T10:44:49Z,2026-03-02T10:44:49Z,0,0,True,True,none,,2026-06-17T15:11:43.541227+00:00,raw,
YT_UgxtvQKDBpSQT70BycR4AaABAg,YouTube,top_level_comment,UgxtvQKDBpSQT70BycR4AaABAg,UgxtvQKDBpSQT70BycR4AaABAg,3Pk956RGn7o,10 MENU SCAM PALING PELIK DI BAZAR RAMADAN,Faktaw Channel,https://www.youtube.com/watch?v=3Pk956RGn7o,2025-03-22T08:00:02Z,festivals_national_events,11:48 roti burger dengan roh ayam?,e468ff3b5a53a950ad33,2026-03-01T14:36:44Z,2026-03-01T14:36:44Z,0,0,True,True,none,,2026-06-17T15:11:43.541238+00:00,raw,
YT_UgwGSZld0Moy_w2j7pt4AaABAg,YouTube,top_level_comment,UgwGSZld0Moy_w2j7pt4AaABAg,UgwGSZld0Moy_w2j7pt4AaABAg,3Pk956RGn7o,10 MENU SCAM PALING PELIK DI BAZAR RAMADAN,Faktaw Channel,https://www.youtube.com/watch?v=3Pk956RGn7o,2025-03-22T08:00:02Z,festivals_national_events,6:14 saya pun suka nasi ayam,e468ff3b5a53a950ad33,2026-03-01T14:29:01Z,2026-03-01T14:29:01Z,0,0,True,True,none,,2026-06-17T15:11:43.541250+00:00,raw,
YT_UgzMQTJRj-sYTB-4IpF4AaABAg,YouTube,top_level_comment,UgzMQTJRj-sYTB-4IpF4AaABAg,UgzMQTJRj-sYTB-4IpF4AaABAg,3Pk956RGn7o,10 MENU SCAM PALING PELIK DI BAZAR RAMADAN,Faktaw Channel,https://www.youtube.com/watch?v=3Pk956RGn7o,2025-03-22T08:00:02Z,festivals_national_events,Aiii masa beli ayam panggang tu tak kan tak tengok ayam tu rentung'Lg stu ayam rentung tu satu badan gelap serius la.😊,2220804d2a98f42a05e1,2026-03-01T05:11:58Z,2026-03-01T05:11:58Z,0,0,True,True,none,,2026-06-17T15:11:43.541266+00:00,raw,
YT_UgwrNoK1X4VK_1MSp7V4AaABAg,YouTube,top_level_comment,UgwrNoK1X4VK_1MSp7V4AaABAg,UgwrNoK1X4VK_1MSp7V4AaABAg,3Pk956RGn7o,10 MENU SCAM PALING PELIK DI BAZAR RAMADAN,Faktaw Channel,https://www.youtube.com/watch?v=3Pk956RGn7o,2025-03-22T08:00:02Z,festivals_national_events,Part 2 please 😂😂😂😂😂,f66d0555ae8d10ae86ff,2026-02-26T15:49:53Z,2026-02-26T15:49:53Z,0,0,True,True,none,,2026-06-17T15:11:43.541277+00:00,raw,
YT_UgyCQLYhUN7kNfi1F4B4AaABAg,YouTube,top_level_comment,UgyCQLYhUN7kNfi1F4B4AaABAg,UgyCQLYhUN7kNfi1F4B4AaABAg,3Pk956RGn7o,10 MENU SCAM PALING PELIK DI BAZAR RAMADAN,Faktaw Channel,https://www.youtube.com/watch?v=3Pk956RGn7o,2025-03-22T08:00:02Z,festivals_national_events,Aku beli kek batik tpi rasa mcm rokok,674642f0adc3e0c75573,2026-02-26T11:18:16Z,2026-02-26T11:18:26Z,0,0,True,True,none,,2026-06-17T15:11:43.541289+00:00,raw,
YT_UgxbK7QPekMetx0BKW54AaABAg,YouTube,top_level_comment,UgxbK7QPekMetx0BKW54AaABAg,UgxbK7QPekMetx0BKW54AaABAg,3Pk956RGn7o,10 MENU SCAM PALING PELIK DI BAZAR RAMADAN,Faktaw Channel,https://www.youtube.com/watch?v=3Pk956RGn7o,2025-03-22T08:00:02Z,festivals_national_events,"Assalamualaikum, jom geng kita zikir bersama, Subhanallah Alhamdulilah Allahuakbar ☝️ Free 🇵🇸 SAVE Gaza SAVE 🇱🇧☪️ Allahumma Solli'ala Saiyyidina Muhammad Wa'ala Ali Saiyyidina Muhammad 💕",863440a012d5109da840,2026-02-26T06:47:27Z,2026-02-26T06:47:27Z,0,0,True,True,none,,2026-06-17T15:11:43.541307+00:00,raw,
YT_UgwdKoBEvmiMJwT4juB4AaABAg,YouTube,top_level_comment,UgwdKoBEvmiMJwT4juB4AaABAg,UgwdKoBEvmiMJwT4juB4AaABAg,3Pk956RGn7o,10 MENU SCAM PALING PELIK DI BAZAR RAMADAN,Faktaw Channel,https://www.youtube.com/watch?v=3Pk956RGn7o,2025-03-22T08:00:02Z,festivals_national_events,yg jual scam biasa yg luar biasa yg beli tu scam penjual...naye beb mampus modal,39f0ac13b7c06713888c,2026-02-25T09:47:28Z,2026-02-25T09:47:28Z,0,0,True,True,none,,2026-06-17T15:11:43.541320+00:00,raw,
YT_UgwXINec0ZfxRBpDBMJ4AaABAg,YouTube,top_level_comment,UgwXINec0ZfxRBpDBMJ4AaABAg,UgwXINec0ZfxRBpDBMJ4AaABAg,3Pk956RGn7o,10 MENU SCAM PALING PELIK DI BAZAR RAMADAN,Faktaw Channel,https://www.youtube.com/watch?v=3Pk956RGn7o,2025-03-22T08:00:02Z,festivals_national_events,kesian roti john tu tebal macam banyak isi bile tengok kosong,3ae0e01555e2e6bf2970,2026-02-24T12:45:39Z,2026-02-24T12:45:39Z,0,0,True,True,none,,2026-06-17T15:11:43.541332+00:00,raw,
YT_UgxStsq7zCfZAET__lN4AaABAg,YouTube,top_level_comment,UgxStsq7zCfZAET__lN4AaABAg,UgxStsq7zCfZAET__lN4AaABAg,3Pk956RGn7o,10 MENU SCAM PALING PELIK DI BAZAR RAMADAN,Faktaw Channel,https://www.youtube.com/watch?v=3Pk956RGn7o,2025-03-22T08:00:02Z,festivals_national_events,Maaf ye..buat para peniaga yang tidak ikhlas berniaga demi mengaut keuntungan di mana² bazaar ramadhan pada bulan puasa tiap² tahun yang merugikan orang ramai di datangkan kifarah dari Allah SWT..AMIN (AMINkan beramai²..),ea058f5369e55f7c397e,2026-02-24T08:51:28Z,2026-02-24T08:51:28Z,2,0,True,True,none,,2026-06-17T15:11:43.541352+00:00,raw,
YT_UgzdAwqPd2nQGWK15jF4AaABAg,YouTube,top_level_comment,UgzdAwqPd2nQGWK15jF4AaABAg,UgzdAwqPd2nQGWK15jF4AaABAg,3Pk956RGn7o,10 MENU SCAM PALING PELIK DI BAZAR RAMADAN,Faktaw Channel,https://www.youtube.com/watch?v=3Pk956RGn7o,2025-03-22T08:00:02Z,festivals_national_events,Teliur pulak tengok vide ni pada bulan puasa 2026 #Faktawchannel,6470897de7655e940f20,2026-02-22T10:28:47Z,2026-02-22T10:28:47Z,0,0,True,True,none,,2026-06-17T15:11:43.541364+00:00,raw,
YT_UgxS2_xgBpRAWN7m_s14AaABAg,YouTube,top_level_comment,UgxS2_xgBpRAWN7m_s14AaABAg,UgxS2_xgBpRAWN7m_s14AaABAg,3Pk956RGn7o,10 MENU SCAM PALING PELIK DI BAZAR RAMADAN,Faktaw Channel,https://www.youtube.com/watch?v=3Pk956RGn7o,2025-03-22T08:00:02Z,festivals_national_events,betul ke ni,9ff5ba4a362a53019a78,2026-02-16T02:25:05Z,2026-02-16T02:25:05Z,0,0,True,True,none,,2026-06-17T15:11:43.541375+00:00,raw,
YT_UgzLwKGroZFDXf8w_9h4AaABAg,YouTube,top_level_comment,UgzLwKGroZFDXf8w_9h4AaABAg,UgzLwKGroZFDXf8w_9h4AaABAg,3Pk956RGn7o,10 MENU SCAM PALING PELIK DI BAZAR RAMADAN,Faktaw Channel,https://www.youtube.com/watch?v=3Pk956RGn7o,2025-03-22T08:00:02Z,festivals_national_events,Werh jangan malukan terengganu la😂😂,0ec408b258916050096b,2026-02-12T09:36:42Z,2026-02-12T09:36:42Z,0,0,True,True,none,,2026-06-17T15:11:43.541388+00:00,raw,
YT_UgxOSPeQ973-fmHuQRV4AaABAg,YouTube,top_level_comment,UgxOSPeQ973-fmHuQRV4AaABAg,UgxOSPeQ973-fmHuQRV4AaABAg,3Pk956RGn7o,10 MENU SCAM PALING PELIK DI BAZAR RAMADAN,Faktaw Channel,https://www.youtube.com/watch?v=3Pk956RGn7o,2025-03-22T08:00:02Z,festivals_national_events,Halo aku dari indo,e492c4bce2fd72a8e0d7,2026-02-08T13:52:26Z,2026-02-08T13:52:26Z,1,0,True,True,none,,2026-06-17T15:11:43.541399+00:00,raw,
YT_UgxSrp_OBz165a6MIfV4AaABAg,YouTube,top_level_comment,UgxSrp_OBz165a6MIfV4AaABAg,UgxSrp_OBz165a6MIfV4AaABAg,3Pk956RGn7o,10 MENU SCAM PALING PELIK DI BAZAR RAMADAN,Faktaw Channel,https://www.youtube.com/watch?v=3Pk956RGn7o,2025-03-22T08:00:02Z,festivals_national_events,Assalamualaikum faktaw kelakar betul video ni,5be51a2a21ceb09c97de,2026-02-08T02:49:18Z,2026-02-08T02:49:55Z,0,0,True,True,none,,2026-06-17T15:11:43.541411+00:00,raw,
YT_UgwBll551x28n6dyPut4AaABAg,YouTube,top_level_comment,UgwBll551x28n6dyPut4AaABAg,UgwBll551x28n6dyPut4AaABAg,3Pk956RGn7o,10 MENU SCAM PALING PELIK DI BAZAR RAMADAN,Faktaw Channel,https://www.youtube.com/watch?v=3Pk956RGn7o,2025-03-22T08:00:02Z,festivals_national_events,Faktaw channel 😢😢😢 3:16 😢😂😂😂😂😂 Malaysia 2025 Malaysia 2023,bc137c78acc7df435e7b,2026-01-29T06:21:08Z,2026-01-29T06:21:08Z,0,0,True,True,none,,2026-06-17T15:11:43.541425+00:00,raw,
YT_Ugw9O9LDhJYGFLPG4794AaABAg,YouTube,top_level_comment,Ugw9O9LDhJYGFLPG4794AaABAg,Ugw9O9LDhJYGFLPG4794AaABAg,3Pk956RGn7o,10 MENU SCAM PALING PELIK DI BAZAR RAMADAN,Faktaw Channel,https://www.youtube.com/watch?v=3Pk956RGn7o,2025-03-22T08:00:02Z,festivals_national_events,Beli kuih yg ada nyok hampa jaga2. Nyok basi tokey dia ckp..'bulan posa tk boleh rasa dn org yg tumpang htr kuih2 tu..' Beli nasi yg siap dibungkus hampa bau bila dh beli kot2 basi atau mentah.,bb5bcc8e52d2c46b2383,2026-01-19T05:17:40Z,2026-01-19T05:17:40Z,0,0,True,True,none,,2026-06-17T15:11:43.541442+00:00,raw,
YT_UgzZmB1tYu0Z_-3fOTl4AaABAg,YouTube,top_level_comment,UgzZmB1tYu0Z_-3fOTl4AaABAg,UgzZmB1tYu0Z_-3fOTl4AaABAg,3Pk956RGn7o,10 MENU SCAM PALING PELIK DI BAZAR RAMADAN,Faktaw Channel,https://www.youtube.com/watch?v=3Pk956RGn7o,2025-03-22T08:00:02Z,festivals_national_events,Hahahaha 😂,156c36ead50830b19271,2026-01-12T13:47:08Z,2026-01-12T13:47:08Z,0,0,True,True,none,,2026-06-17T15:11:43.541453+00:00,raw,
YT_UgzZBdbRHMMSYmwwv2t4AaABAg,YouTube,top_level_comment,UgzZBdbRHMMSYmwwv2t4AaABAg,UgzZBdbRHMMSYmwwv2t4AaABAg,3Pk956RGn7o,10 MENU SCAM PALING PELIK DI BAZAR RAMADAN,Faktaw Channel,https://www.youtube.com/watch?v=3Pk956RGn7o,2025-03-22T08:00:02Z,festivals_national_events,"Saya menonton videonya,Saya dari Daerah Sarawak_Negara Malaysia.",a6d3991d6cb902ecbb14,2026-01-09T13:29:30Z,2026-01-09T13:29:30Z,0,1,True,True,none,,2026-06-17T15:11:43.541464+00:00,raw,
YT_UgwSxcgFkWsxrGTnZId4AaABAg,YouTube,top_level_comment,UgwSxcgFkWsxrGTnZId4AaABAg,UgwSxcgFkWsxrGTnZId4AaABAg,3Pk956RGn7o,10 MENU SCAM PALING PELIK DI BAZAR RAMADAN,Faktaw Channel,https://www.youtube.com/watch?v=3Pk956RGn7o,2025-03-22T08:00:02Z,festivals_national_events,Hello abang faktaw says sangat2 fans dengan abang lagi pun says pun kena scam juga tau says beli shawarma eh bila sampai tak sedap langsung😂,97e105d42d7e469ea86a,2026-01-07T12:33:44Z,2026-01-07T12:33:44Z,0,0,True,True,none,,2026-06-17T15:11:43.541481+00:00,raw,
YT_UgxbUEZWOqj_IibtI7J4AaABAg,YouTube,top_level_comment,UgxbUEZWOqj_IibtI7J4AaABAg,UgxbUEZWOqj_IibtI7J4AaABAg,3Pk956RGn7o,10 MENU SCAM PALING PELIK DI BAZAR RAMADAN,Faktaw Channel,https://www.youtube.com/watch?v=3Pk956RGn7o,2025-03-22T08:00:02Z,festivals_national_events,Sebab tu says a lama boikot pasar Ramadan no...maaf and a take diperlukan dalam bulan amadhan,defa5fca4e4683e8a161,2025-12-30T16:24:57Z,2025-12-30T16:24:57Z,0,0,True,True,none,,2026-06-17T15:11:43.541496+00:00,raw,
YT_UgzVxFrZV1shfCKJz2F4AaABAg,YouTube,top_level_comment,UgzVxFrZV1shfCKJz2F4AaABAg,UgzVxFrZV1shfCKJz2F4AaABAg,3Pk956RGn7o,10 MENU SCAM PALING PELIK DI BAZAR RAMADAN,Faktaw Channel,https://www.youtube.com/watch?v=3Pk956RGn7o,2025-03-22T08:00:02Z,festivals_national_events,We need this as annual reminder for Malaysian,d922329ea3813966a70f,2025-12-30T11:44:18Z,2025-12-30T11:44:18Z,0,0,True,True,none,,2026-06-17T15:11:43.541508+00:00,raw,
YT_UgyBMPjEZFgPSGoCmxB4AaABAg,YouTube,top_level_comment,UgyBMPjEZFgPSGoCmxB4AaABAg,UgyBMPjEZFgPSGoCmxB4AaABAg,3Pk956RGn7o,10 MENU SCAM PALING PELIK DI BAZAR RAMADAN,Faktaw Channel,https://www.youtube.com/watch?v=3Pk956RGn7o,2025-03-22T08:00:02Z,festivals_national_events,Lawakkklaaaa ahahahaha,370911e67a090f009de8,2025-12-29T15:17:20Z,2025-12-29T15:17:20Z,0,0,True,True,none,,2026-06-17T15:11:43.541519+00:00,raw,
YT_UgzZgMrXtHYvpOur9Zd4AaABAg,YouTube,top_level_comment,UgzZgMrXtHYvpOur9Zd4AaABAg,UgzZgMrXtHYvpOur9Zd4AaABAg,3Pk956RGn7o,10 MENU SCAM PALING PELIK DI BAZAR RAMADAN,Faktaw Channel,https://www.youtube.com/watch?v=3Pk956RGn7o,2025-03-22T08:00:02Z,festivals_national_events,Saya pernah beli shawarma tapi Yang pelik tak de inti😢,49e820c38a5d4a570204,2025-12-22T03:39:25Z,2025-12-22T03:39:25Z,0,0,True,True,none,,2026-06-17T15:11:43.541531+00:00,raw,
YT_UgyDSTNLZVMByw3hKt54AaABAg,YouTube,top_level_comment,UgyDSTNLZVMByw3hKt54AaABAg,UgyDSTNLZVMByw3hKt54AaABAg,3Pk956RGn7o,10 MENU SCAM PALING PELIK DI BAZAR RAMADAN,Faktaw Channel,https://www.youtube.com/watch?v=3Pk956RGn7o,2025-03-22T08:00:02Z,festivals_national_events,Sepuluh youtube,f45829bfc332b15ef9ba,2025-12-14T08:26:26Z,2025-12-14T08:26:26Z,0,0,True,True,none,,2026-06-17T15:11:43.541542+00:00,raw,
YT_UgxixK7zjUza7LR3LvF4AaABAg,YouTube,top_level_comment,UgxixK7zjUza7LR3LvF4AaABAg,UgxixK7zjUza7LR3LvF4AaABAg,3Pk956RGn7o,10 MENU SCAM PALING PELIK DI BAZAR RAMADAN,Faktaw Channel,https://www.youtube.com/watch?v=3Pk956RGn7o,2025-03-22T08:00:02Z,festivals_national_events,Tepung Gundam???,e996a371ca5f37a5613c,2025-12-13T06:26:37Z,2025-12-13T06:26:37Z,0,0,True,True,none,,2026-06-17T15:11:43.541553+00:00,raw,
YT_Ugy8mZOMFpfvxUzFTmh4AaABAg,YouTube,top_level_comment,Ugy8mZOMFpfvxUzFTmh4AaABAg,Ugy8mZOMFpfvxUzFTmh4AaABAg,3Pk956RGn7o,10 MENU SCAM PALING PELIK DI BAZAR RAMADAN,Faktaw Channel,https://www.youtube.com/watch?v=3Pk956RGn7o,2025-03-22T08:00:02Z,festivals_national_events,sakame pejuwa semaka sesa,ebf541f2132ab5fa784e,2025-12-10T16:28:01Z,2025-12-10T16:28:01Z,0,0,True,True,none,,2026-06-17T15:11:43.541564+00:00,raw,
YT_UgzXgKO1lAP5zSI6HxB4AaABAg,YouTube,top_level_comment,UgzXgKO1lAP5zSI6HxB4AaABAg,UgzXgKO1lAP5zSI6HxB4AaABAg,3Pk956RGn7o,10 MENU SCAM PALING PELIK DI BAZAR RAMADAN,Faktaw Channel,https://www.youtube.com/watch?v=3Pk956RGn7o,2025-03-22T08:00:02Z,festivals_national_events,saya beli karipa cube rupene koso,ebf541f2132ab5fa784e,2025-12-10T16:18:36Z,2025-12-10T16:18:36Z,0,0,True,True,none,,2026-06-17T15:11:43.541575+00:00,raw,
YT_UgzkdNp2901s1LhwS8Z4AaABAg,YouTube,top_level_comment,UgzkdNp2901s1LhwS8Z4AaABAg,UgzkdNp2901s1LhwS8Z4AaABAg,3Pk956RGn7o,10 MENU SCAM PALING PELIK DI BAZAR RAMADAN,Faktaw Channel,https://www.youtube.com/watch?v=3Pk956RGn7o,2025-03-22T08:00:02Z,festivals_national_events,7:04 99 juta lemon views 😂,9e019c140e7aa697e18d,2025-12-03T12:06:05Z,2025-12-03T12:06:05Z,0,0,True,True,none,,2026-06-17T15:11:43.541587+00:00,raw,
YT_UgzvOQpngtB_7Nu7id14AaABAg,YouTube,top_level_comment,UgzvOQpngtB_7Nu7id14AaABAg,UgzvOQpngtB_7Nu7id14AaABAg,3Pk956RGn7o,10 MENU SCAM PALING PELIK DI BAZAR RAMADAN,Faktaw Channel,https://www.youtube.com/watch?v=3Pk956RGn7o,2025-03-22T08:00:02Z,festivals_national_events,Tepung gandum ke tepung gundam😂😂😂😂,05dbeb2ab013080b314d,2025-11-30T11:03:02Z,2025-11-30T11:03:02Z,0,0,True,True,none,,2026-06-17T15:11:43.541599+00:00,raw,
YT_UgzTdo8iBqsvE9bN8MZ4AaABAg,YouTube,top_level_comment,UgzTdo8iBqsvE9bN8MZ4AaABAg,UgzTdo8iBqsvE9bN8MZ4AaABAg,3Pk956RGn7o,10 MENU SCAM PALING PELIK DI BAZAR RAMADAN,Faktaw Channel,https://www.youtube.com/watch?v=3Pk956RGn7o,2025-03-22T08:00:02Z,festivals_national_events,4:12 hahah tepung transformer 😂😂,313d5b4440e1a304eaf2,2025-11-27T11:19:47Z,2025-11-27T11:19:47Z,1,0,True,True,none,,2026-06-17T15:11:43.541611+00:00,raw,
YT_UgyH7TdLccZjlkhxRXF4AaABAg,YouTube,top_level_comment,UgyH7TdLccZjlkhxRXF4AaABAg,UgyH7TdLccZjlkhxRXF4AaABAg,3Pk956RGn7o,10 MENU SCAM PALING PELIK DI BAZAR RAMADAN,Faktaw Channel,https://www.youtube.com/watch?v=3Pk956RGn7o,2025-03-22T08:00:02Z,festivals_national_events,Makanan timurr tengah,b24aa4d678815c4ece00,2025-11-26T08:02:01Z,2025-11-26T08:02:01Z,0,0,True,True,none,,2026-06-17T15:11:43.541622+00:00,raw,
YT_Ugx60C7Wh2BTSEjgJf94AaABAg,YouTube,top_level_comment,Ugx60C7Wh2BTSEjgJf94AaABAg,Ugx60C7Wh2BTSEjgJf94AaABAg,3Pk956RGn7o,10 MENU SCAM PALING PELIK DI BAZAR RAMADAN,Faktaw Channel,https://www.youtube.com/watch?v=3Pk956RGn7o,2025-03-22T08:00:02Z,festivals_national_events,Berniaga memang senang cari pahala...tetapi senang jugak dpt dosa...,9b3faa17bc2c56726e1e,2025-11-23T14:27:31Z,2025-11-23T14:27:31Z,0,0,True,True,none,,2026-06-17T15:11:43.541634+00:00,raw,
YT_UgwkBhT2_W4LCc6HjSV4AaABAg,YouTube,top_level_comment,UgwkBhT2_W4LCc6HjSV4AaABAg,UgwkBhT2_W4LCc6HjSV4AaABAg,3Pk956RGn7o,10 MENU SCAM PALING PELIK DI BAZAR RAMADAN,Faktaw Channel,https://www.youtube.com/watch?v=3Pk956RGn7o,2025-03-22T08:00:02Z,festivals_national_events,saya suka makan kulit karipap 😅😂 tak suka inti dia pelik tapi benar 😂,238a2582086e261ec2fc,2025-11-23T13:40:09Z,2025-11-23T13:40:09Z,0,0,True,True,none,,2026-06-17T15:11:43.541648+00:00,raw,
YT_UgyDHP0mTWZOemoBYkh4AaABAg,YouTube,top_level_comment,UgyDHP0mTWZOemoBYkh4AaABAg,UgyDHP0mTWZOemoBYkh4AaABAg,3Pk956RGn7o,10 MENU SCAM PALING PELIK DI BAZAR RAMADAN,Faktaw Channel,https://www.youtube.com/watch?v=3Pk956RGn7o,2025-03-22T08:00:02Z,festivals_national_events,Ke abang nak makan,9e703dd535b81a7f09b7,2025-11-23T09:41:05Z,2025-11-23T09:41:05Z,0,0,True,True,none,,2026-06-17T15:11:43.541659+00:00,raw,
YT_UgwahnYkPWr7iVP6w4d4AaABAg,YouTube,top_level_comment,UgwahnYkPWr7iVP6w4d4AaABAg,UgwahnYkPWr7iVP6w4d4AaABAg,3Pk956RGn7o,10 MENU SCAM PALING PELIK DI BAZAR RAMADAN,Faktaw Channel,https://www.youtube.com/watch?v=3Pk956RGn7o,2025-03-22T08:00:02Z,festivals_national_events,kuat lah orang scam ni.,5b1f0c496fe0d3edd069,2025-11-23T08:00:24Z,2025-11-23T08:00:24Z,0,0,True,True,none,,2026-06-17T15:11:43.541670+00:00,raw,
YT_Ugxd0zbBzj1ZiIlGHtV4AaABAg,YouTube,top_level_comment,Ugxd0zbBzj1ZiIlGHtV4AaABAg,Ugxd0zbBzj1ZiIlGHtV4AaABAg,3Pk956RGn7o,10 MENU SCAM PALING PELIK DI BAZAR RAMADAN,Faktaw Channel,https://www.youtube.com/watch?v=3Pk956RGn7o,2025-03-22T08:00:02Z,festivals_national_events,air sirap rasa air putih?,6240063ca75393d0d8c7,2025-11-22T16:21:14Z,2025-11-22T16:21:14Z,0,0,True,True,none,,2026-06-17T15:11:43.541683+00:00,raw,
YT_Ugw-75DzhCX76KCRmU14AaABAg,YouTube,top_level_comment,Ugw-75DzhCX76KCRmU14AaABAg,Ugw-75DzhCX76KCRmU14AaABAg,3Pk956RGn7o,10 MENU SCAM PALING PELIK DI BAZAR RAMADAN,Faktaw Channel,https://www.youtube.com/watch?v=3Pk956RGn7o,2025-03-22T08:00:02Z,festivals_national_events,Klau korang perasan lpas COVID mgkin ramai org2 baru meniaga...,56480a7a003c848a2fb5,2025-11-20T16:27:06Z,2025-11-20T16:27:06Z,0,0,True,True,none,,2026-06-17T15:11:43.541695+00:00,raw,
YT_UgwuzRed13QGdPsrnI14AaABAg,YouTube,top_level_comment,UgwuzRed13QGdPsrnI14AaABAg,UgwuzRed13QGdPsrnI14AaABAg,3Pk956RGn7o,10 MENU SCAM PALING PELIK DI BAZAR RAMADAN,Faktaw Channel,https://www.youtube.com/watch?v=3Pk956RGn7o,2025-03-22T08:00:02Z,festivals_national_events,Perniaga yg menipu.... Rezeki yg dia dapat adalah HARAM dan tak BERKAT,4f8d3ca61c502d83c977,2025-11-19T20:51:00Z,2025-11-19T20:51:00Z,0,0,True,True,none,,2026-06-17T15:11:43.541707+00:00,raw,
YT_UgzPJY9ZSB4YuWkGEFl4AaABAg,YouTube,top_level_comment,UgzPJY9ZSB4YuWkGEFl4AaABAg,UgzPJY9ZSB4YuWkGEFl4AaABAg,3Pk956RGn7o,10 MENU SCAM PALING PELIK DI BAZAR RAMADAN,Faktaw Channel,https://www.youtube.com/watch?v=3Pk956RGn7o,2025-03-22T08:00:02Z,festivals_national_events,Yang donat keras tu mesti belacan😂😂,8e019b86faff21abf8f0,2025-11-18T14:15:24Z,2025-11-18T14:15:24Z,0,0,True,True,none,,2026-06-17T15:11:43.541720+00:00,raw,
YT_UgwWn3uqqHowWQ6epZZ4AaABAg,YouTube,top_level_comment,UgwWn3uqqHowWQ6epZZ4AaABAg,UgwWn3uqqHowWQ6epZZ4AaABAg,3Pk956RGn7o,10 MENU SCAM PALING PELIK DI BAZAR RAMADAN,Faktaw Channel,https://www.youtube.com/watch?v=3Pk956RGn7o,2025-03-22T08:00:02Z,festivals_national_events,Saya suka laksa dgn speggeti carbonara 😊,990a92823cc1747c065e,2025-11-18T11:49:19Z,2025-11-18T11:49:19Z,0,0,True,True,none,,2026-06-17T15:11:43.541732+00:00,raw,
YT_Ugy2j8e2FZ3r3TxrwBt4AaABAg,YouTube,top_level_comment,Ugy2j8e2FZ3r3TxrwBt4AaABAg,Ugy2j8e2FZ3r3TxrwBt4AaABAg,3Pk956RGn7o,10 MENU SCAM PALING PELIK DI BAZAR RAMADAN,Faktaw Channel,https://www.youtube.com/watch?v=3Pk956RGn7o,2025-03-22T08:00:02Z,festivals_national_events,Tepun cap gundam,94684ae179e71dfcc6cb,2025-11-16T22:48:38Z,2025-11-16T22:48:38Z,0,0,True,True,none,,2026-06-17T15:11:43.541743+00:00,raw,
YT_Ugw0xAk1zusVFCqTE6x4AaABAg,YouTube,top_level_comment,Ugw0xAk1zusVFCqTE6x4AaABAg,Ugw0xAk1zusVFCqTE6x4AaABAg,3Pk956RGn7o,10 MENU SCAM PALING PELIK DI BAZAR RAMADAN,Faktaw Channel,https://www.youtube.com/watch?v=3Pk956RGn7o,2025-03-22T08:00:02Z,festivals_national_events,Napak Ayam bejogek🤣🤣🤣🤣🤣🤣🤣🤣,5216b0f3080664aa61d4,2025-11-15T07:13:15Z,2025-11-15T07:13:15Z,0,0,True,True,none,,2026-06-17T15:11:43.541754+00:00,raw,
YT_UgzZCL1o1jYy-X7okPN4AaABAg,YouTube,top_level_comment,UgzZCL1o1jYy-X7okPN4AaABAg,UgzZCL1o1jYy-X7okPN4AaABAg,3Pk956RGn7o,10 MENU SCAM PALING PELIK DI BAZAR RAMADAN,Faktaw Channel,https://www.youtube.com/watch?v=3Pk956RGn7o,2025-03-22T08:00:02Z,festivals_national_events,🤣🤣🤣🤣🤣🤣🤣,5216b0f3080664aa61d4,2025-11-15T07:07:52Z,2025-11-15T07:07:52Z,0,0,True,True,none,,2026-06-17T15:11:43.541765+00:00,raw,
YT_UgyttEdOz7UwGqFZgOJ4AaABAg,YouTube,top_level_comment,UgyttEdOz7UwGqFZgOJ4AaABAg,UgyttEdOz7UwGqFZgOJ4AaABAg,3Pk956RGn7o,10 MENU SCAM PALING PELIK DI BAZAR RAMADAN,Faktaw Channel,https://www.youtube.com/watch?v=3Pk956RGn7o,2025-03-22T08:00:02Z,festivals_national_events,Ala. Bila. Nak tukar ni je,b400f13392ddb5d36f08,2025-11-14T12:24:01Z,2025-11-14T12:24:01Z,0,0,True,True,none,,2026-06-17T15:11:43.541778+00:00,raw,
YT_UgyFTfXgrZEJNiN-9q54AaABAg,YouTube,top_level_comment,UgyFTfXgrZEJNiN-9q54AaABAg,UgyFTfXgrZEJNiN-9q54AaABAg,3Pk956RGn7o,10 MENU SCAM PALING PELIK DI BAZAR RAMADAN,Faktaw Channel,https://www.youtube.com/watch?v=3Pk956RGn7o,2025-03-22T08:00:02Z,festivals_national_events,faktaw buat sepuluh pemain bola yang memalukan di depan pengunjung,a1adbe90a67b06c6e7c0,2025-11-10T08:52:49Z,2025-11-10T08:52:49Z,0,0,True,True,none,,2026-06-17T15:11:43.541790+00:00,raw,
YT_UgzFuTgvCTNAFsA6EXZ4AaABAg,YouTube,top_level_comment,UgzFuTgvCTNAFsA6EXZ4AaABAg,UgzFuTgvCTNAFsA6EXZ4AaABAg,3Pk956RGn7o,10 MENU SCAM PALING PELIK DI BAZAR RAMADAN,Faktaw Channel,https://www.youtube.com/watch?v=3Pk956RGn7o,2025-03-22T08:00:02Z,festivals_national_events,saya suka kabonara,1a3ec8ea9cbe27206a76,2025-11-10T03:56:50Z,2025-11-10T03:56:50Z,0,0,True,True,none,,2026-06-17T15:11:43.541801+00:00,raw,
YT_UgwsnifXskSd8MX_9wV4AaABAg,YouTube,top_level_comment,UgwsnifXskSd8MX_9wV4AaABAg,UgwsnifXskSd8MX_9wV4AaABAg,3Pk956RGn7o,10 MENU SCAM PALING PELIK DI BAZAR RAMADAN,Faktaw Channel,https://www.youtube.com/watch?v=3Pk956RGn7o,2025-03-22T08:00:02Z,festivals_national_events,Tahun ni saya pernah dapat karipap rentung dahlah inti oksigen😢😢,ecfd77ddd6e6eb3a6a18,2025-11-03T08:52:32Z,2025-11-03T08:52:32Z,2,0,True,True,none,,2026-06-17T15:11:43.541813+00:00,raw,
YT_UgyP5DibUGDyKYmtaNJ4AaABAg,YouTube,top_level_comment,UgyP5DibUGDyKYmtaNJ4AaABAg,UgyP5DibUGDyKYmtaNJ4AaABAg,3Pk956RGn7o,10 MENU SCAM PALING PELIK DI BAZAR RAMADAN,Faktaw Channel,https://www.youtube.com/watch?v=3Pk956RGn7o,2025-03-22T08:00:02Z,festivals_national_events,Nasib tak makan kalau makan habis semua gigi cabut,7a246f59d3109e1662f9,2025-11-02T09:06:18Z,2025-11-02T09:06:18Z,0,0,True,True,none,,2026-06-17T15:11:43.541825+00:00,raw,
YT_UgxbxLnjAiPFeu5Pm814AaABAg,YouTube,top_level_comment,UgxbxLnjAiPFeu5Pm814AaABAg,UgxbxLnjAiPFeu5Pm814AaABAg,3Pk956RGn7o,10 MENU SCAM PALING PELIK DI BAZAR RAMADAN,Faktaw Channel,https://www.youtube.com/watch?v=3Pk956RGn7o,2025-03-22T08:00:02Z,festivals_national_events,Keras betul macam batu 🧱,4858ccc905f52068bcd0,2025-11-01T09:49:58Z,2025-11-01T09:49:58Z,0,0,True,True,none,,2026-06-17T15:11:43.541837+00:00,raw,
YT_UgxXeUIMz9ypronlgeN4AaABAg,YouTube,top_level_comment,UgxXeUIMz9ypronlgeN4AaABAg,UgxXeUIMz9ypronlgeN4AaABAg,3Pk956RGn7o,10 MENU SCAM PALING PELIK DI BAZAR RAMADAN,Faktaw Channel,https://www.youtube.com/watch?v=3Pk956RGn7o,2025-03-22T08:00:02Z,festivals_national_events,sup perut tayar basikal....?,47f791de6a973d31f8a1,2025-10-28T07:41:12Z,2025-10-28T07:41:12Z,0,0,True,True,none,,2026-06-17T15:11:43.541848+00:00,raw,
YT_UgzTW8uP45Mc74iYsPl4AaABAg,YouTube,top_level_comment,UgzTW8uP45Mc74iYsPl4AaABAg,UgzTW8uP45Mc74iYsPl4AaABAg,3Pk956RGn7o,10 MENU SCAM PALING PELIK DI BAZAR RAMADAN,Faktaw Channel,https://www.youtube.com/watch?v=3Pk956RGn7o,2025-03-22T08:00:02Z,festivals_national_events,"Vitamese roll tu mungkin plastic nya mungkin plastic biasa kot,warna transparent",4fccbadae0e2e01cfbaf,2025-10-25T04:43:27Z,2025-10-25T04:43:27Z,0,0,True,True,none,,2026-06-17T15:11:43.541861+00:00,raw,
YT_UgwaymsTFzNBP232Vad4AaABAg,YouTube,top_level_comment,UgwaymsTFzNBP232Vad4AaABAg,UgwaymsTFzNBP232Vad4AaABAg,3Pk956RGn7o,10 MENU SCAM PALING PELIK DI BAZAR RAMADAN,Faktaw Channel,https://www.youtube.com/watch?v=3Pk956RGn7o,2025-03-22T08:00:02Z,festivals_national_events,raseyeha🎉🎉,23efd552f962c95500f5,2025-10-21T14:21:48Z,2025-10-21T14:21:48Z,0,0,True,True,none,,2026-06-17T15:11:43.541871+00:00,raw,
YT_UgyZNfJFnmd5xKoCFGh4AaABAg,YouTube,top_level_comment,UgyZNfJFnmd5xKoCFGh4AaABAg,UgyZNfJFnmd5xKoCFGh4AaABAg,3Pk956RGn7o,10 MENU SCAM PALING PELIK DI BAZAR RAMADAN,Faktaw Channel,https://www.youtube.com/watch?v=3Pk956RGn7o,2025-03-22T08:00:02Z,festivals_national_events,🎉🎉🎉,23efd552f962c95500f5,2025-10-21T14:09:48Z,2025-10-21T14:09:48Z,0,0,True,True,none,,2026-06-17T15:11:43.541881+00:00,raw,
YT_UgwssKNB9-XEh3B14wl4AaABAg,YouTube,top_level_comment,UgwssKNB9-XEh3B14wl4AaABAg,UgwssKNB9-XEh3B14wl4AaABAg,3Pk956RGn7o,10 MENU SCAM PALING PELIK DI BAZAR RAMADAN,Faktaw Channel,https://www.youtube.com/watch?v=3Pk956RGn7o,2025-03-22T08:00:02Z,festivals_national_events,Faktaw ni penuh btol dgn ads. Blm smpai 5 min da ada ads da. Unsubscribe,70fdcdadd849ef586269,2025-10-19T10:18:50Z,2025-10-19T10:18:50Z,0,0,True,True,none,,2026-06-17T15:11:43.541894+00:00,raw,
YT_UgwtNSjeL3C_aMEFbaF4AaABAg,YouTube,top_level_comment,UgwtNSjeL3C_aMEFbaF4AaABAg,UgwtNSjeL3C_aMEFbaF4AaABAg,3Pk956RGn7o,10 MENU SCAM PALING PELIK DI BAZAR RAMADAN,Faktaw Channel,https://www.youtube.com/watch?v=3Pk956RGn7o,2025-03-22T08:00:02Z,festivals_national_events,Mak saya pernah dengan adik saya kena keracunan makanan tapi nasib baik lah,82de1331520cbcb17135,2025-10-18T14:26:06Z,2025-10-18T14:26:06Z,0,0,True,True,none,,2026-06-17T15:11:43.541907+00:00,raw,
YT_UgzsVOAM43lE4pKpvEF4AaABAg,YouTube,top_level_comment,UgzsVOAM43lE4pKpvEF4AaABAg,UgzsVOAM43lE4pKpvEF4AaABAg,3Pk956RGn7o,10 MENU SCAM PALING PELIK DI BAZAR RAMADAN,Faktaw Channel,https://www.youtube.com/watch?v=3Pk956RGn7o,2025-03-22T08:00:02Z,festivals_national_events,Ee faktaw name saye sufyan😅,1944cf5060e6c827c6fe,2025-10-12T06:39:24Z,2025-10-12T06:39:24Z,0,0,True,True,none,,2026-06-17T15:11:43.541918+00:00,raw,
YT_Ugzy7fpCY8UZmIdpkn54AaABAg,YouTube,top_level_comment,Ugzy7fpCY8UZmIdpkn54AaABAg,Ugzy7fpCY8UZmIdpkn54AaABAg,3Pk956RGn7o,10 MENU SCAM PALING PELIK DI BAZAR RAMADAN,Faktaw Channel,https://www.youtube.com/watch?v=3Pk956RGn7o,2025-03-22T08:00:02Z,festivals_national_events,Itu makanan favorite Saya,0729b60d03096ceca505,2025-10-11T04:01:10Z,2025-10-11T04:01:10Z,0,0,True,True,none,,2026-06-17T15:11:43.541930+00:00,raw,
YT_Ugzt3ZnNDSyx1hYRrcd4AaABAg,YouTube,top_level_comment,Ugzt3ZnNDSyx1hYRrcd4AaABAg,Ugzt3ZnNDSyx1hYRrcd4AaABAg,3Pk956RGn7o,10 MENU SCAM PALING PELIK DI BAZAR RAMADAN,Faktaw Channel,https://www.youtube.com/watch?v=3Pk956RGn7o,2025-03-22T08:00:02Z,festivals_national_events,"Dah bulan puasa, menipu pulak tu",58b220d8729e1a9f8dda,2025-10-08T07:42:30Z,2025-10-08T07:42:30Z,0,0,True,True,none,,2026-06-17T15:11:43.541941+00:00,raw,
YT_UgxQPoYbWUAsyhQOebt4AaABAg,YouTube,top_level_comment,UgxQPoYbWUAsyhQOebt4AaABAg,UgxQPoYbWUAsyhQOebt4AaABAg,3Pk956RGn7o,10 MENU SCAM PALING PELIK DI BAZAR RAMADAN,Faktaw Channel,https://www.youtube.com/watch?v=3Pk956RGn7o,2025-03-22T08:00:02Z,festivals_national_events,sama macam papa zola dapat roti ghone hitam 🤣◾◾◾🤣,6b4b646af627100e9e04,2025-10-07T10:44:13Z,2025-10-07T10:44:13Z,0,0,True,True,none,,2026-06-17T15:11:43.541953+00:00,raw,
YT_UgyVKTpj4zWCmJPRigR4AaABAg,YouTube,top_level_comment,UgyVKTpj4zWCmJPRigR4AaABAg,UgyVKTpj4zWCmJPRigR4AaABAg,3Pk956RGn7o,10 MENU SCAM PALING PELIK DI BAZAR RAMADAN,Faktaw Channel,https://www.youtube.com/watch?v=3Pk956RGn7o,2025-03-22T08:00:02Z,festivals_national_events,Eeeeewww cicakkkkkkkkkk di nasik lemakk saya penah kana scam dengan kuih donat tu bang buat lagi vids aku sukaaa,c69a44fac32fef3da3cc,2025-10-06T14:26:55Z,2025-10-06T14:26:55Z,0,0,True,True,none,,2026-06-17T15:11:43.541967+00:00,raw,
YT_UgxEVPo3-N5oJlpI0aN4AaABAg,YouTube,top_level_comment,UgxEVPo3-N5oJlpI0aN4AaABAg,UgxEVPo3-N5oJlpI0aN4AaABAg,3Pk956RGn7o,10 MENU SCAM PALING PELIK DI BAZAR RAMADAN,Faktaw Channel,https://www.youtube.com/watch?v=3Pk956RGn7o,2025-03-22T08:00:02Z,festivals_national_events,"Pernah kena dulu,beli roti john ayam special..sekali nak berbuka dapat yg telur je,ayam tarak..sedih giler sebab roti john ni kegemaran kita bila bulan pose..😢",964fbb6899c32f325389,2025-09-29T10:42:12Z,2025-09-29T10:42:12Z,0,0,True,True,none,,2026-06-17T15:11:43.541984+00:00,raw,
YT_UgzFe2fRWhtBSrg0pRZ4AaABAg,YouTube,top_level_comment,UgzFe2fRWhtBSrg0pRZ4AaABAg,UgzFe2fRWhtBSrg0pRZ4AaABAg,3Pk956RGn7o,10 MENU SCAM PALING PELIK DI BAZAR RAMADAN,Faktaw Channel,https://www.youtube.com/watch?v=3Pk956RGn7o,2025-03-22T08:00:02Z,festivals_national_events,tepung gundam!!!!!!!!! wuish ada jual ke?,8f7f05966b2638ec1f3d,2025-09-22T09:57:54Z,2025-09-22T09:57:54Z,0,0,True,True,none,,2026-06-17T15:11:43.541996+00:00,raw,
YT_Ugym6A24BJMAZ7vdEox4AaABAg,YouTube,top_level_comment,Ugym6A24BJMAZ7vdEox4AaABAg,Ugym6A24BJMAZ7vdEox4AaABAg,3Pk956RGn7o,10 MENU SCAM PALING PELIK DI BAZAR RAMADAN,Faktaw Channel,https://www.youtube.com/watch?v=3Pk956RGn7o,2025-03-22T08:00:02Z,festivals_national_events,saya ❤,556518280ee56bb89559,2025-09-20T04:46:13Z,2025-09-20T04:46:13Z,0,0,True,True,none,,2026-06-17T15:11:43.542008+00:00,raw,
YT_UgxRb_TwqVwpM0jNIbZ4AaABAg,YouTube,top_level_comment,UgxRb_TwqVwpM0jNIbZ4AaABAg,UgxRb_TwqVwpM0jNIbZ4AaABAg,3Pk956RGn7o,10 MENU SCAM PALING PELIK DI BAZAR RAMADAN,Faktaw Channel,https://www.youtube.com/watch?v=3Pk956RGn7o,2025-03-22T08:00:02Z,festivals_national_events,"faktaw... 😢😢😢😢 waktu faktaw ceritakan nasi ayam, ayam penyek pun dah ok 🥲🥲 ape ntah lagi kalau saya makan ayam kecik 😑😑😑",5763567630b9f1b3946c,2025-09-16T09:12:34Z,2025-09-16T09:12:34Z,0,0,True,True,none,,2026-06-17T15:11:43.542025+00:00,raw,
YT_UgzQTX_C3BncEXUMhch4AaABAg,YouTube,top_level_comment,UgzQTX_C3BncEXUMhch4AaABAg,UgzQTX_C3BncEXUMhch4AaABAg,3Pk956RGn7o,10 MENU SCAM PALING PELIK DI BAZAR RAMADAN,Faktaw Channel,https://www.youtube.com/watch?v=3Pk956RGn7o,2025-03-22T08:00:02Z,festivals_national_events,"9:33 abg faktaw, ni lagu ape ye?",d9b65f2b3871c509bc23,2025-09-11T12:23:17Z,2025-09-11T12:23:17Z,1,2,True,True,none,,2026-06-17T15:11:43.542037+00:00,raw,
YT_Ugy8pU7eNCRbqgLfBFV4AaABAg,YouTube,top_level_comment,Ugy8pU7eNCRbqgLfBFV4AaABAg,Ugy8pU7eNCRbqgLfBFV4AaABAg,3Pk956RGn7o,10 MENU SCAM PALING PELIK DI BAZAR RAMADAN,Faktaw Channel,https://www.youtube.com/watch?v=3Pk956RGn7o,2025-03-22T08:00:02Z,festivals_national_events,Roti John siyes ckp wee...beli je allahu...ayam sikit sos banyak nyee kenyang roti dia je,c7affd6bca8c580a0001,2025-09-09T08:25:05Z,2025-09-09T08:25:05Z,0,0,True,True,none,,2026-06-17T15:11:43.542051+00:00,raw,
YT_UgziFgX_xJJbMRuzPc54AaABAg,YouTube,top_level_comment,UgziFgX_xJJbMRuzPc54AaABAg,UgziFgX_xJJbMRuzPc54AaABAg,3Pk956RGn7o,10 MENU SCAM PALING PELIK DI BAZAR RAMADAN,Faktaw Channel,https://www.youtube.com/watch?v=3Pk956RGn7o,2025-03-22T08:00:02Z,festivals_national_events,Faktaw saya suka kuih tepung pelita sama macam abang sebab sedap👍🏻,8bd969e8f8b327bdb0ac,2025-09-02T11:45:57Z,2025-09-02T11:45:57Z,0,0,True,True,none,,2026-06-17T15:11:43.542064+00:00,raw,
YT_UgxV7Kpy9lSl2ddFHDV4AaABAg,YouTube,top_level_comment,UgxV7Kpy9lSl2ddFHDV4AaABAg,UgxV7Kpy9lSl2ddFHDV4AaABAg,3Pk956RGn7o,10 MENU SCAM PALING PELIK DI BAZAR RAMADAN,Faktaw Channel,https://www.youtube.com/watch?v=3Pk956RGn7o,2025-03-22T08:00:02Z,festivals_national_events,😊😊😊😊😊😊😊😊😊😊,e74805b4c1daf84fe168,2025-08-19T06:50:27Z,2025-08-19T06:50:27Z,0,0,True,True,none,,2026-06-17T15:11:43.542074+00:00,raw,
YT_UgwAvr_-KLusH6V6L5V4AaABAg,YouTube,top_level_comment,UgwAvr_-KLusH6V6L5V4AaABAg,UgwAvr_-KLusH6V6L5V4AaABAg,3Pk956RGn7o,10 MENU SCAM PALING PELIK DI BAZAR RAMADAN,Faktaw Channel,https://www.youtube.com/watch?v=3Pk956RGn7o,2025-03-22T08:00:02Z,festivals_national_events,Saya pernah beli nasi lemak dekat bazar tapi.....nasi takde pun...,05ad9834973d74d656fb,2025-08-09T13:33:52Z,2025-08-09T13:33:52Z,0,0,True,True,none,,2026-06-17T15:11:43.542088+00:00,raw,
YT_UgyowmvRhsLLhVJquPJ4AaABAg,YouTube,top_level_comment,UgyowmvRhsLLhVJquPJ4AaABAg,UgyowmvRhsLLhVJquPJ4AaABAg,3Pk956RGn7o,10 MENU SCAM PALING PELIK DI BAZAR RAMADAN,Faktaw Channel,https://www.youtube.com/watch?v=3Pk956RGn7o,2025-03-22T08:00:02Z,festivals_national_events,Part 3 please 👉👈 #faktawmestisetuju,ed612a47301c4249dc75,2025-08-08T04:29:20Z,2025-08-08T04:29:20Z,0,0,True,True,none,,2026-06-17T15:11:43.542101+00:00,raw,
YT_UgxzJlI7ESb2Rl5fUyl4AaABAg,YouTube,top_level_comment,UgxzJlI7ESb2Rl5fUyl4AaABAg,UgxzJlI7ESb2Rl5fUyl4AaABAg,3Pk956RGn7o,10 MENU SCAM PALING PELIK DI BAZAR RAMADAN,Faktaw Channel,https://www.youtube.com/watch?v=3Pk956RGn7o,2025-03-22T08:00:02Z,festivals_national_events,Cakap je Allah nampak haha😂,ac405f09262772a8a818,2025-07-21T12:51:32Z,2025-07-21T12:51:32Z,0,0,True,True,none,,2026-06-17T15:11:43.542112+00:00,raw,
YT_UgzkQKr-49bR-16EmGR4AaABAg,YouTube,top_level_comment,UgzkQKr-49bR-16EmGR4AaABAg,UgzkQKr-49bR-16EmGR4AaABAg,3Pk956RGn7o,10 MENU SCAM PALING PELIK DI BAZAR RAMADAN,Faktaw Channel,https://www.youtube.com/watch?v=3Pk956RGn7o,2025-03-22T08:00:02Z,festivals_national_events,faktaw saya dah pernah kena. Bila saya potong je kuih nona tu dalam dia ada warna hijau je.Warna putih tu ada dekat atas kuih nona tu je.,0eb4dadfdf65ba5cfcdb,2025-07-19T04:57:42Z,2025-07-19T04:57:42Z,0,0,True,True,none,,2026-06-17T15:11:43.542127+00:00,raw,
YT_UgxhSJEqkOttzZFFZHh4AaABAg,YouTube,top_level_comment,UgxhSJEqkOttzZFFZHh4AaABAg,UgxhSJEqkOttzZFFZHh4AaABAg,3Pk956RGn7o,10 MENU SCAM PALING PELIK DI BAZAR RAMADAN,Faktaw Channel,https://www.youtube.com/watch?v=3Pk956RGn7o,2025-03-22T08:00:02Z,festivals_national_events,Same lah,4196ad5c2a56bb8166e1,2025-07-11T11:40:07Z,2025-07-11T11:40:07Z,0,0,True,True,none,,2026-06-17T15:11:43.542137+00:00,raw,
YT_UgyFutbHxPv--ERU7tN4AaABAg,YouTube,top_level_comment,UgyFutbHxPv--ERU7tN4AaABAg,UgyFutbHxPv--ERU7tN4AaABAg,3Pk956RGn7o,10 MENU SCAM PALING PELIK DI BAZAR RAMADAN,Faktaw Channel,https://www.youtube.com/watch?v=3Pk956RGn7o,2025-03-22T08:00:02Z,festivals_national_events,cadangan : 10 minuman soda ramai tak tahu bahaya,2cd4c901c18308a24191,2025-07-07T11:08:47Z,2025-07-07T11:10:20Z,0,1,True,True,none,,2026-06-17T15:11:43.542149+00:00,raw,
YT_UgzFZ5-VkaIEFuE6Zkd4AaABAg,YouTube,top_level_comment,UgzFZ5-VkaIEFuE6Zkd4AaABAg,UgzFZ5-VkaIEFuE6Zkd4AaABAg,3Pk956RGn7o,10 MENU SCAM PALING PELIK DI BAZAR RAMADAN,Faktaw Channel,https://www.youtube.com/watch?v=3Pk956RGn7o,2025-03-22T08:00:02Z,festivals_national_events,Rayaaaaaaaaa,cc9aede3b2679aff0b95,2025-07-07T01:24:30Z,2025-07-07T01:24:30Z,0,0,True,True,none,,2026-06-17T15:11:44.001962+00:00,raw,
YT_UgzIlF1JHNX_WP84UX94AaABAg,YouTube,top_level_comment,UgzIlF1JHNX_WP84UX94AaABAg,UgzIlF1JHNX_WP84UX94AaABAg,3Pk956RGn7o,10 MENU SCAM PALING PELIK DI BAZAR RAMADAN,Faktaw Channel,https://www.youtube.com/watch?v=3Pk956RGn7o,2025-03-22T08:00:02Z,festivals_national_events,SALAM FAKTAW NI HAROKKĶKKKKKKKKKKKK😂😂😂😂😂😂😂😂😂😂😂😂😂😂😅😅😅😅,465cc9a4da28cd228957,2025-06-18T13:08:15Z,2025-06-18T13:08:15Z,0,0,True,True,none,,2026-06-17T15:11:44.001990+00:00,raw,
YT_UgxlJje96iOJ1CmPDZF4AaABAg,YouTube,top_level_comment,UgxlJje96iOJ1CmPDZF4AaABAg,UgxlJje96iOJ1CmPDZF4AaABAg,3Pk956RGn7o,10 MENU SCAM PALING PELIK DI BAZAR RAMADAN,Faktaw Channel,https://www.youtube.com/watch?v=3Pk956RGn7o,2025-03-22T08:00:02Z,festivals_national_events,😅😅,0f1d7faebe8d8cb6e977,2025-06-12T08:30:44Z,2025-06-12T08:30:44Z,0,0,True,True,none,,2026-06-17T15:11:44.002003+00:00,raw,
YT_UgwhkasEvte9LnvpyOZ4AaABAg,YouTube,top_level_comment,UgwhkasEvte9LnvpyOZ4AaABAg,UgwhkasEvte9LnvpyOZ4AaABAg,3Pk956RGn7o,10 MENU SCAM PALING PELIK DI BAZAR RAMADAN,Faktaw Channel,https://www.youtube.com/watch?v=3Pk956RGn7o,2025-03-22T08:00:02Z,festivals_national_events,0% ayam 100% telur Ayam tak da tapi trlur ada hahahaha😂,1368e4d26aecd4ea841b,2025-06-05T13:13:59Z,2025-06-05T13:13:59Z,0,0,True,True,none,,2026-06-17T15:11:44.002018+00:00,raw,
YT_UgxHe-7BTQKUe5QxEnJ4AaABAg,YouTube,top_level_comment,UgxHe-7BTQKUe5QxEnJ4AaABAg,UgxHe-7BTQKUe5QxEnJ4AaABAg,3Pk956RGn7o,10 MENU SCAM PALING PELIK DI BAZAR RAMADAN,Faktaw Channel,https://www.youtube.com/watch?v=3Pk956RGn7o,2025-03-22T08:00:02Z,festivals_national_events,#faktawraya2025,285540d07b289c7175b9,2025-05-27T07:07:01Z,2025-05-27T07:07:01Z,0,0,True,True,none,,2026-06-17T15:11:44.002029+00:00,raw,
YT_Ugx7sxWJFu1ysthbOIV4AaABAg,YouTube,top_level_comment,Ugx7sxWJFu1ysthbOIV4AaABAg,Ugx7sxWJFu1ysthbOIV4AaABAg,3Pk956RGn7o,10 MENU SCAM PALING PELIK DI BAZAR RAMADAN,Faktaw Channel,https://www.youtube.com/watch?v=3Pk956RGn7o,2025-03-22T08:00:02Z,festivals_national_events,sayaaaaaaaa,87b8f7bf4636ab8c59eb,2025-05-25T07:52:37Z,2025-05-25T07:52:37Z,0,0,True,True,none,,2026-06-17T15:11:44.002040+00:00,raw,
YT_UgyCUK0ZMUwFA9vqOqZ4AaABAg,YouTube,top_level_comment,UgyCUK0ZMUwFA9vqOqZ4AaABAg,UgyCUK0ZMUwFA9vqOqZ4AaABAg,3Pk956RGn7o,10 MENU SCAM PALING PELIK DI BAZAR RAMADAN,Faktaw Channel,https://www.youtube.com/watch?v=3Pk956RGn7o,2025-03-22T08:00:02Z,festivals_national_events,Says tak perish kena tipu,70af5ccde51088cc6255,2025-05-24T13:33:11Z,2025-05-24T13:33:11Z,0,0,True,True,none,,2026-06-17T15:11:44.002052+00:00,raw,
YT_UgyLiXLu_IEyx1GAUrd4AaABAg,YouTube,top_level_comment,UgyLiXLu_IEyx1GAUrd4AaABAg,UgyLiXLu_IEyx1GAUrd4AaABAg,3Pk956RGn7o,10 MENU SCAM PALING PELIK DI BAZAR RAMADAN,Faktaw Channel,https://www.youtube.com/watch?v=3Pk956RGn7o,2025-03-22T08:00:02Z,festivals_national_events,Bila ayam golek dipanah petir tuuuuu.....joget ayam dulu lah (joget),f9fbc1b42d1069c6f504,2025-05-24T03:23:00Z,2025-05-24T03:23:00Z,0,0,True,True,none,,2026-06-17T15:11:44.002065+00:00,raw,
YT_UgySLu21upYCD86fZz14AaABAg,YouTube,top_level_comment,UgySLu21upYCD86fZz14AaABAg,UgySLu21upYCD86fZz14AaABAg,3Pk956RGn7o,10 MENU SCAM PALING PELIK DI BAZAR RAMADAN,Faktaw Channel,https://www.youtube.com/watch?v=3Pk956RGn7o,2025-03-22T08:00:02Z,festivals_national_events,Kawan saya beli nasi dagang macam nasi minyak lepastu ayam pehe kecil,91f67f20add6a16dbd5d,2025-05-16T14:55:52Z,2025-05-16T14:55:52Z,0,0,True,True,none,,2026-06-17T15:11:44.002077+00:00,raw,
YT_Ugy2f1S5n7wee-4iBRp4AaABAg,YouTube,top_level_comment,Ugy2f1S5n7wee-4iBRp4AaABAg,Ugy2f1S5n7wee-4iBRp4AaABAg,3Pk956RGn7o,10 MENU SCAM PALING PELIK DI BAZAR RAMADAN,Faktaw Channel,https://www.youtube.com/watch?v=3Pk956RGn7o,2025-03-22T08:00:02Z,festivals_national_events,Solat dok di trima makan hasil haram..dok jujur dan dok amanah..kerajaan natang rakyat pon natang..molek doh tu..pasal meteri lembu!,be833abfd237f9560591,2025-05-13T19:24:28Z,2025-05-13T19:24:28Z,0,0,True,True,none,,2026-06-17T15:11:44.002092+00:00,raw,
YT_Ugym3uDXaZ7BV-JSJQV4AaABAg,YouTube,top_level_comment,Ugym3uDXaZ7BV-JSJQV4AaABAg,Ugym3uDXaZ7BV-JSJQV4AaABAg,3Pk956RGn7o,10 MENU SCAM PALING PELIK DI BAZAR RAMADAN,Faktaw Channel,https://www.youtube.com/watch?v=3Pk956RGn7o,2025-03-22T08:00:02Z,festivals_national_events,Baik mu bunuh diri dari jual dok jujur….basa natang nege..jawab r mu di akhirat nanti..,be833abfd237f9560591,2025-05-13T19:23:07Z,2025-05-13T19:23:07Z,0,0,True,True,none,,2026-06-17T15:11:44.002108+00:00,raw,
YT_UgwoaEpGVm2TpneHykR4AaABAg,YouTube,top_level_comment,UgwoaEpGVm2TpneHykR4AaABAg,UgwoaEpGVm2TpneHykR4AaABAg,3Pk956RGn7o,10 MENU SCAM PALING PELIK DI BAZAR RAMADAN,Faktaw Channel,https://www.youtube.com/watch?v=3Pk956RGn7o,2025-03-22T08:00:02Z,festivals_national_events,"harga xnk kalah xsah dekat2 rm10...tp gaya bagi rm2,3",aea9a235291a99b2f7f1,2025-05-13T11:42:51Z,2025-05-13T11:42:51Z,0,0,True,True,none,,2026-06-17T15:11:44.002121+00:00,raw,
YT_UgybgYpgLTBlF0hrnQN4AaABAg,YouTube,top_level_comment,UgybgYpgLTBlF0hrnQN4AaABAg,UgybgYpgLTBlF0hrnQN4AaABAg,3Pk956RGn7o,10 MENU SCAM PALING PELIK DI BAZAR RAMADAN,Faktaw Channel,https://www.youtube.com/watch?v=3Pk956RGn7o,2025-03-22T08:00:02Z,festivals_national_events,Keluarga sy pun sama beli onde² dapat ya inti kosong je tak ada apa apa jadi sy tak makan lah,c564bd1c88197b41aaa7,2025-05-13T07:56:48Z,2025-05-13T07:56:48Z,0,0,True,True,none,,2026-06-17T15:11:44.002136+00:00,raw,
YT_UgzcYkQBjAepPWlzvKp4AaABAg,YouTube,top_level_comment,UgzcYkQBjAepPWlzvKp4AaABAg,UgzcYkQBjAepPWlzvKp4AaABAg,3Pk956RGn7o,10 MENU SCAM PALING PELIK DI BAZAR RAMADAN,Faktaw Channel,https://www.youtube.com/watch?v=3Pk956RGn7o,2025-03-22T08:00:02Z,festivals_national_events,Allaahu... Xberkat uii... Kamu tau ssh eh nak dpt duit... Pastu korang ingt kami sbgai pembeli ni senang ka habis kan duit dgn beli sampah mcm tu? Hurmmm,073dc714306f89d1bc7b,2025-05-11T04:06:52Z,2025-05-11T04:06:52Z,0,0,True,True,none,,2026-06-17T15:11:44.002153+00:00,raw,
YT_UgxrusadjR6p_up3I2F4AaABAg,YouTube,top_level_comment,UgxrusadjR6p_up3I2F4AaABAg,UgxrusadjR6p_up3I2F4AaABAg,3Pk956RGn7o,10 MENU SCAM PALING PELIK DI BAZAR RAMADAN,Faktaw Channel,https://www.youtube.com/watch?v=3Pk956RGn7o,2025-03-22T08:00:02Z,festivals_national_events,Bang saya pernah makan roti john yang roh goreng 😂😭😭😂😭😂😂😭😭,616b508ce1241b5a965d,2025-05-10T15:19:21Z,2025-05-10T15:19:21Z,0,0,True,True,none,,2026-06-17T15:11:44.002166+00:00,raw,
YT_Ugxndl6gPHcQGEVG7N54AaABAg,YouTube,top_level_comment,Ugxndl6gPHcQGEVG7N54AaABAg,Ugxndl6gPHcQGEVG7N54AaABAg,3Pk956RGn7o,10 MENU SCAM PALING PELIK DI BAZAR RAMADAN,Faktaw Channel,https://www.youtube.com/watch?v=3Pk956RGn7o,2025-03-22T08:00:02Z,festivals_national_events,Cadangan : sepuluh puting beliung yang paling bahaya di dunia,372de307e5bca57db6c4,2025-05-09T07:50:27Z,2025-05-09T07:50:27Z,0,0,True,True,none,,2026-06-17T15:11:44.002178+00:00,raw,
YT_UgxnBCzPAY_waQdDh754AaABAg,YouTube,top_level_comment,UgxnBCzPAY_waQdDh754AaABAg,UgxnBCzPAY_waQdDh754AaABAg,3Pk956RGn7o,10 MENU SCAM PALING PELIK DI BAZAR RAMADAN,Faktaw Channel,https://www.youtube.com/watch?v=3Pk956RGn7o,2025-03-22T08:00:02Z,festivals_national_events,Saya pernah beli tepung pelita tapi dalam tu ada getah patutlah rasa nya uuummmm😅😅,aeaf3fc5c2946b659ea4,2025-05-04T00:32:49Z,2025-05-04T00:32:49Z,0,0,True,True,none,,2026-06-17T15:11:44.002193+00:00,raw,
YT_UgzgrFu_AMZWuu0jiLx4AaABAg,YouTube,top_level_comment,UgzgrFu_AMZWuu0jiLx4AaABAg,UgzgrFu_AMZWuu0jiLx4AaABAg,3Pk956RGn7o,10 MENU SCAM PALING PELIK DI BAZAR RAMADAN,Faktaw Channel,https://www.youtube.com/watch?v=3Pk956RGn7o,2025-03-22T08:00:02Z,festivals_national_events,Macam aku karipap sayur tanpa kentang dan kari😅😅,484adf576c2884a018d8,2025-04-30T12:25:41Z,2025-04-30T12:25:41Z,0,0,True,True,none,,2026-06-17T15:11:44.002205+00:00,raw,
YT_UgwniVepWMcs1apQTk14AaABAg,YouTube,top_level_comment,UgwniVepWMcs1apQTk14AaABAg,UgwniVepWMcs1apQTk14AaABAg,3Pk956RGn7o,10 MENU SCAM PALING PELIK DI BAZAR RAMADAN,Faktaw Channel,https://www.youtube.com/watch?v=3Pk956RGn7o,2025-03-22T08:00:02Z,festivals_national_events,10 paranormal yang bahaya pernah orang buat,11c266fc356a640bf29b,2025-04-27T07:46:17Z,2025-04-27T07:46:17Z,0,0,True,True,none,,2026-06-17T15:11:44.002217+00:00,raw,
YT_Ugxwi07jKdydvD3PuW94AaABAg,YouTube,top_level_comment,Ugxwi07jKdydvD3PuW94AaABAg,Ugxwi07jKdydvD3PuW94AaABAg,3Pk956RGn7o,10 MENU SCAM PALING PELIK DI BAZAR RAMADAN,Faktaw Channel,https://www.youtube.com/watch?v=3Pk956RGn7o,2025-03-22T08:00:02Z,festivals_national_events,Ni parah,48ccac49eb4a9485e0a2,2025-04-26T03:44:46Z,2025-04-26T03:44:46Z,0,0,True,True,none,,2026-06-17T15:11:44.002228+00:00,raw,
YT_UgyMkHGxjq9twZm31u94AaABAg,YouTube,top_level_comment,UgyMkHGxjq9twZm31u94AaABAg,UgyMkHGxjq9twZm31u94AaABAg,3Pk956RGn7o,10 MENU SCAM PALING PELIK DI BAZAR RAMADAN,Faktaw Channel,https://www.youtube.com/watch?v=3Pk956RGn7o,2025-03-22T08:00:02Z,festivals_national_events,"✨❤‍🔥🔥 Giveaway Sempena Raya! 🔥❤‍🔥✨ Cara-cara untuk sertai 👇🏻 Korang perlu pergi ke channel @FaktawShorts, Komen pengalaman paling lawak masa puasa atau raya korang 🌙 dan jangan lupa gunakan hashtag #FaktawRaya2025 untuk video shorts sepanjang bulan puasa ini. 🎬📲 * 5 pemenang akan dipilih secara random. 🎲 * 5 lagi pemenang akan dipilih berdasarkan komen yang paling lawak atau menarik! 😍 10 orang pemenang ini berpeluang memenangi hadiah keseluruhan bernilai RM1,000! ✨🎁 Good Luck korang dan selamat menonton 📺💪🏻🔥",152fe6a92cf96740c8d1,2025-03-22T08:01:17Z,2025-03-22T08:01:17Z,140,26,True,True,none,,2026-06-17T15:11:43.540856+00:00,raw,
YT_UgwiELgPA0dIX2Fmq0V4AaABAg,YouTube,top_level_comment,UgwiELgPA0dIX2Fmq0V4AaABAg,UgwiELgPA0dIX2Fmq0V4AaABAg,Yu37CmWLvK0,SATU MALAYSIA KENA SCAM MAKANAN DI BAZAR RAMADAN‼️ LELAKI SOUND PENIAGA BAZAAR,NuR MuHD,https://www.youtube.com/watch?v=Yu37CmWLvK0,2026-02-22T17:36:49Z,festivals_national_events,hanya membeli kt orang yg sama yg punya rekod baik dr tahun2 yg lepas...,761fba22781269391093,2026-03-23T07:43:58Z,2026-03-23T07:43:58Z,0,0,True,True,none,,2026-06-17T15:11:44.741692+00:00,raw,
YT_Ugwn_GqyPatGjlMlToZ4AaABAg,YouTube,top_level_comment,Ugwn_GqyPatGjlMlToZ4AaABAg,Ugwn_GqyPatGjlMlToZ4AaABAg,Yu37CmWLvK0,SATU MALAYSIA KENA SCAM MAKANAN DI BAZAR RAMADAN‼️ LELAKI SOUND PENIAGA BAZAAR,NuR MuHD,https://www.youtube.com/watch?v=Yu37CmWLvK0,2026-02-22T17:36:49Z,festivals_national_events,"Mas@k lebih kvrang, berbunyi. Mas@k terlebih masak pun, b3rbunyi... Barang mahal, kena catu. Nak mkn s8kit, x kenyang. Zaman sekar@ng, mana ada org makan, ' cukup sekadar, menegakkan tulang belakang ' ( ini Nabi yg bersabda taw ). Ini cakap saya pulak, ' m@kanlah kenyang2 sampai x boleh b@ngvn. Bangvn x bang7n b8la n@k ke pos opis, bilik termenung daaa... 😂😂😂. Next year NO MORE BAZAR RAMADAN. PENIAGA KECIL OR WARGA ASING / PENIAGA DAH ADA JENAMA BESAR2. NO MORE... 😡😡😡🤬🤬🤬",e8e761f8d59452b053ba,2026-03-22T00:07:27Z,2026-03-22T00:09:50Z,0,0,True,True,none,,2026-06-17T15:11:44.741729+00:00,raw,
YT_Ugz2GeacU0WC_ln7m7Z4AaABAg,YouTube,top_level_comment,Ugz2GeacU0WC_ln7m7Z4AaABAg,Ugz2GeacU0WC_ln7m7Z4AaABAg,Yu37CmWLvK0,SATU MALAYSIA KENA SCAM MAKANAN DI BAZAR RAMADAN‼️ LELAKI SOUND PENIAGA BAZAAR,NuR MuHD,https://www.youtube.com/watch?v=Yu37CmWLvK0,2026-02-22T17:36:49Z,festivals_national_events,7:20 adik...adik kena tahu beza kuih koci...kuih koci inti kat dalam kulit nya kat luar...dalam malaysia mmg macam2 rupa kuih koci..ada koci labu..ada koci pulut hitam..ada koci tu koci ni..tp kuih apa yg kulit kat dalam isi kat luo...... ........kuih salah buat,1f003dbf6b8a77903090,2026-03-18T06:32:31Z,2026-03-18T06:32:31Z,0,0,True,True,none,,2026-06-17T15:11:44.741749+00:00,raw,
YT_UgxU5VmaWDvEtE3L8c94AaABAg,YouTube,top_level_comment,UgxU5VmaWDvEtE3L8c94AaABAg,UgxU5VmaWDvEtE3L8c94AaABAg,Yu37CmWLvK0,SATU MALAYSIA KENA SCAM MAKANAN DI BAZAR RAMADAN‼️ LELAKI SOUND PENIAGA BAZAAR,NuR MuHD,https://www.youtube.com/watch?v=Yu37CmWLvK0,2026-02-22T17:36:49Z,festivals_national_events,"Sbb tu sy paling tdk suka ke pasar ramadan.. Ada sekali sy kena juga.. Beli ikan kembung goreng, utk emak yg sakit di wad hospital, tp.. Ikan nya keras dan tiada rasa garam. Mcm dah berkali kali digoreng.. Cincai.. Tak pandai masak, jgn niaga.. Membazir",6c057aa55baee17284a1,2026-03-17T14:10:01Z,2026-03-17T14:10:01Z,0,0,True,True,none,,2026-06-17T15:11:44.741768+00:00,raw,
YT_UgzhzCS5_GxJJ4WArIV4AaABAg,YouTube,top_level_comment,UgzhzCS5_GxJJ4WArIV4AaABAg,UgzhzCS5_GxJJ4WArIV4AaABAg,Yu37CmWLvK0,SATU MALAYSIA KENA SCAM MAKANAN DI BAZAR RAMADAN‼️ LELAKI SOUND PENIAGA BAZAAR,NuR MuHD,https://www.youtube.com/watch?v=Yu37CmWLvK0,2026-02-22T17:36:49Z,festivals_national_events,Itulah aku x pernah lgu pgi bazar .eee lauk tak bertutup lalat hinggap dkt lauk .dah lah makanan dh keras dan basi 🥶🤢🤮,e472fc33483d57b109e9,2026-03-17T09:06:00Z,2026-03-17T09:06:00Z,0,0,True,True,none,,2026-06-17T15:11:44.741785+00:00,raw,
YT_UgywdyJK4ZKFCC64Oc54AaABAg,YouTube,top_level_comment,UgywdyJK4ZKFCC64Oc54AaABAg,UgywdyJK4ZKFCC64Oc54AaABAg,Yu37CmWLvK0,SATU MALAYSIA KENA SCAM MAKANAN DI BAZAR RAMADAN‼️ LELAKI SOUND PENIAGA BAZAAR,NuR MuHD,https://www.youtube.com/watch?v=Yu37CmWLvK0,2026-02-22T17:36:49Z,festivals_national_events,Menganiaya pembeli!,706294884895d2977e1c,2026-03-17T08:55:11Z,2026-03-17T08:55:11Z,0,0,True,True,none,,2026-06-17T15:11:44.741797+00:00,raw,
YT_UgwgcK-h7Az3zM2dl8p4AaABAg,YouTube,top_level_comment,UgwgcK-h7Az3zM2dl8p4AaABAg,UgwgcK-h7Az3zM2dl8p4AaABAg,Yu37CmWLvK0,SATU MALAYSIA KENA SCAM MAKANAN DI BAZAR RAMADAN‼️ LELAKI SOUND PENIAGA BAZAAR,NuR MuHD,https://www.youtube.com/watch?v=Yu37CmWLvK0,2026-02-22T17:36:49Z,festivals_national_events,Tolonglah para peniaga Ramadan janganlah meniaga ikut suka tekak sendiri ja org beli guna duit masak utk keluarga lain utk org lain,ecb3fba6c44c3234fa7f,2026-03-17T06:40:31Z,2026-03-17T06:40:31Z,0,0,True,True,none,,2026-06-17T15:11:44.741812+00:00,raw,
YT_UgyP5Qy4IBF-ewtP79t4AaABAg,YouTube,top_level_comment,UgyP5Qy4IBF-ewtP79t4AaABAg,UgyP5Qy4IBF-ewtP79t4AaABAg,Yu37CmWLvK0,SATU MALAYSIA KENA SCAM MAKANAN DI BAZAR RAMADAN‼️ LELAKI SOUND PENIAGA BAZAAR,NuR MuHD,https://www.youtube.com/watch?v=Yu37CmWLvK0,2026-02-22T17:36:49Z,festivals_national_events,Sebab itulah saya takut nak beli kuih dan makanan di pasar ramadhan sebab dah terkena😮,928c8102b2e5df1c6bd5,2026-03-16T07:16:39Z,2026-03-16T07:16:39Z,0,0,True,True,none,,2026-06-17T15:11:44.741827+00:00,raw,
YT_UgxWRWFYw1EmL4MutRp4AaABAg,YouTube,top_level_comment,UgxWRWFYw1EmL4MutRp4AaABAg,UgxWRWFYw1EmL4MutRp4AaABAg,Yu37CmWLvK0,SATU MALAYSIA KENA SCAM MAKANAN DI BAZAR RAMADAN‼️ LELAKI SOUND PENIAGA BAZAAR,NuR MuHD,https://www.youtube.com/watch?v=Yu37CmWLvK0,2026-02-22T17:36:49Z,festivals_national_events,"Orang yang cakap 'Bersyukur lah masih boleh makan negara lain ade yg x makan' korang tak payah nak Toxic Positivity orang yang kondem ni sebab dia x berpuas hati dengan cara service peniaga ,",89b7858f4f81c59863f3,2026-03-16T06:05:08Z,2026-03-16T06:05:08Z,0,0,True,True,none,,2026-06-17T15:11:44.741844+00:00,raw,
YT_Ugzpkv3p5o3V0Wq8X-14AaABAg,YouTube,top_level_comment,Ugzpkv3p5o3V0Wq8X-14AaABAg,Ugzpkv3p5o3V0Wq8X-14AaABAg,Yu37CmWLvK0,SATU MALAYSIA KENA SCAM MAKANAN DI BAZAR RAMADAN‼️ LELAKI SOUND PENIAGA BAZAAR,NuR MuHD,https://www.youtube.com/watch?v=Yu37CmWLvK0,2026-02-22T17:36:49Z,festivals_national_events,"Sebagai kejaya seorang chef,saya setuju..tolong lah jaga quality makanan!",d360237ff288feb37094,2026-03-15T11:27:13Z,2026-03-15T11:27:13Z,0,0,True,True,none,,2026-06-17T15:11:44.741857+00:00,raw,
YT_UgxQoPJVC9y7kj5PfQl4AaABAg,YouTube,top_level_comment,UgxQoPJVC9y7kj5PfQl4AaABAg,UgxQoPJVC9y7kj5PfQl4AaABAg,Yu37CmWLvK0,SATU MALAYSIA KENA SCAM MAKANAN DI BAZAR RAMADAN‼️ LELAKI SOUND PENIAGA BAZAAR,NuR MuHD,https://www.youtube.com/watch?v=Yu37CmWLvK0,2026-02-22T17:36:49Z,festivals_national_events,"Jadi, jika anda berhasrat untuk menjual takjil, Peniaga janganlah berbuat sambil lewa. Jangan suka membandingkan dan mendakwa makanan lain seperti Indonesia, Thai, Brunei Darussalam.",464017ac7bba37b42860,2026-03-15T05:45:59Z,2026-03-15T05:45:59Z,0,0,True,True,none,,2026-06-17T15:11:44.741873+00:00,raw,
YT_UgzKZVle-GP-dS21-H94AaABAg,YouTube,top_level_comment,UgzKZVle-GP-dS21-H94AaABAg,UgzKZVle-GP-dS21-H94AaABAg,Yu37CmWLvK0,SATU MALAYSIA KENA SCAM MAKANAN DI BAZAR RAMADAN‼️ LELAKI SOUND PENIAGA BAZAAR,NuR MuHD,https://www.youtube.com/watch?v=Yu37CmWLvK0,2026-02-22T17:36:49Z,festivals_national_events,di bulan ramadhan ka bulan2 biasa ka..aku suruh bini aku masak kt umah .puas makan..sbb dok beli makanan org masak sellu nk maki ja..,646d2f43efcfc18c4119,2026-03-15T04:56:00Z,2026-03-15T04:56:00Z,0,0,True,True,none,,2026-06-17T15:11:44.741888+00:00,raw,
YT_UgyT0X_b6fEn6AS50Ox4AaABAg,YouTube,top_level_comment,UgyT0X_b6fEn6AS50Ox4AaABAg,UgyT0X_b6fEn6AS50Ox4AaABAg,Yu37CmWLvK0,SATU MALAYSIA KENA SCAM MAKANAN DI BAZAR RAMADAN‼️ LELAKI SOUND PENIAGA BAZAAR,NuR MuHD,https://www.youtube.com/watch?v=Yu37CmWLvK0,2026-02-22T17:36:49Z,festivals_national_events,macam mana....la...hampa niaga woiii.... jheammmm...woooo...,e0771d2ae7eb8c105595,2026-03-14T12:57:19Z,2026-03-14T12:57:19Z,0,0,True,True,none,,2026-06-17T15:11:44.741901+00:00,raw,
YT_UgxeBY8SkhHcYCju2r14AaABAg,YouTube,top_level_comment,UgxeBY8SkhHcYCju2r14AaABAg,UgxeBY8SkhHcYCju2r14AaABAg,Yu37CmWLvK0,SATU MALAYSIA KENA SCAM MAKANAN DI BAZAR RAMADAN‼️ LELAKI SOUND PENIAGA BAZAAR,NuR MuHD,https://www.youtube.com/watch?v=Yu37CmWLvK0,2026-02-22T17:36:49Z,festivals_national_events,ko beli tak tengok ke jngn main beli je dek mata ada kn,890c0a45dbf05fcb8cf3,2026-03-14T10:14:49Z,2026-03-14T10:14:49Z,0,0,True,True,none,,2026-06-17T15:11:44.741913+00:00,raw,
YT_UgzOCFPYyZCbz6YsP914AaABAg,YouTube,top_level_comment,UgzOCFPYyZCbz6YsP914AaABAg,UgzOCFPYyZCbz6YsP914AaABAg,Yu37CmWLvK0,SATU MALAYSIA KENA SCAM MAKANAN DI BAZAR RAMADAN‼️ LELAKI SOUND PENIAGA BAZAAR,NuR MuHD,https://www.youtube.com/watch?v=Yu37CmWLvK0,2026-02-22T17:36:49Z,festivals_national_events,tk yh nk melalak lh dek msk je sendiri atau PON ko mkn je kat restoren,890c0a45dbf05fcb8cf3,2026-03-14T10:12:57Z,2026-03-14T10:12:57Z,0,0,True,True,none,,2026-06-17T15:11:44.741926+00:00,raw,
YT_UgxVAXEklqZiS_N7uuJ4AaABAg,YouTube,top_level_comment,UgxVAXEklqZiS_N7uuJ4AaABAg,UgxVAXEklqZiS_N7uuJ4AaABAg,Yu37CmWLvK0,SATU MALAYSIA KENA SCAM MAKANAN DI BAZAR RAMADAN‼️ LELAKI SOUND PENIAGA BAZAAR,NuR MuHD,https://www.youtube.com/watch?v=Yu37CmWLvK0,2026-02-22T17:36:49Z,festivals_national_events,Bubur nasi kosong🤭🤭,7949bf1de311b18267a0,2026-03-13T08:12:40Z,2026-03-13T08:12:40Z,0,0,True,True,none,,2026-06-17T15:11:44.741938+00:00,raw,
YT_UgwxKGlXFsMPfuUHjsR4AaABAg,YouTube,top_level_comment,UgwxKGlXFsMPfuUHjsR4AaABAg,UgwxKGlXFsMPfuUHjsR4AaABAg,Yu37CmWLvK0,SATU MALAYSIA KENA SCAM MAKANAN DI BAZAR RAMADAN‼️ LELAKI SOUND PENIAGA BAZAAR,NuR MuHD,https://www.youtube.com/watch?v=Yu37CmWLvK0,2026-02-22T17:36:49Z,festivals_national_events,Semua lebih nak duit - tempat aku tak ramai org ke Bazar Ramadan - boleh jadi inilah sebabnya - kalau nak beli kuih cuma beli kat orang yang biasa niaga dekat² rumah je.😅,cb0f8f5e4808f1255ffa,2026-03-12T04:23:27Z,2026-03-12T04:23:27Z,0,0,True,True,none,,2026-06-17T15:11:44.741956+00:00,raw,
YT_UgyxlngPWgUHOgDg-nN4AaABAg,YouTube,top_level_comment,UgyxlngPWgUHOgDg-nN4AaABAg,UgyxlngPWgUHOgDg-nN4AaABAg,Yu37CmWLvK0,SATU MALAYSIA KENA SCAM MAKANAN DI BAZAR RAMADAN‼️ LELAKI SOUND PENIAGA BAZAAR,NuR MuHD,https://www.youtube.com/watch?v=Yu37CmWLvK0,2026-02-22T17:36:49Z,festivals_national_events,Yang menjaga betul-betul yang beli orang melayu orang cina dan orang india penyakit betul-betul biar ikhlas meniaga aku minta maaf banyak-banyak 🙏🙏🙏🙏🙏🙏🙏,fa4e0937ba9c099d0b82,2026-03-11T13:11:15Z,2026-03-11T13:11:15Z,0,0,True,True,none,,2026-06-17T15:11:44.741973+00:00,raw,
YT_UgyabOxtiwcln0Vqo4V4AaABAg,YouTube,top_level_comment,UgyabOxtiwcln0Vqo4V4AaABAg,UgyabOxtiwcln0Vqo4V4AaABAg,Yu37CmWLvK0,SATU MALAYSIA KENA SCAM MAKANAN DI BAZAR RAMADAN‼️ LELAKI SOUND PENIAGA BAZAAR,NuR MuHD,https://www.youtube.com/watch?v=Yu37CmWLvK0,2026-02-22T17:36:49Z,festivals_national_events,Nak meniaga menyanyilah betul-betul orang beli 🙏🙏🙏🙏🙏🙏,fa4e0937ba9c099d0b82,2026-03-11T13:02:34Z,2026-03-11T13:02:34Z,0,0,True,True,none,,2026-06-17T15:11:44.741986+00:00,raw,
YT_UgyZoYS2LIiYXjU_vdV4AaABAg,YouTube,top_level_comment,UgyZoYS2LIiYXjU_vdV4AaABAg,UgyZoYS2LIiYXjU_vdV4AaABAg,Yu37CmWLvK0,SATU MALAYSIA KENA SCAM MAKANAN DI BAZAR RAMADAN‼️ LELAKI SOUND PENIAGA BAZAAR,NuR MuHD,https://www.youtube.com/watch?v=Yu37CmWLvK0,2026-02-22T17:36:49Z,festivals_national_events,Good thing ak x p bazar ramadhan… peniaga byk melalut,f29e6ad072ee6fca9fb8,2026-03-11T09:29:27Z,2026-03-11T09:29:27Z,0,0,True,True,none,,2026-06-17T15:11:44.742000+00:00,raw,
YT_UgwiLewX-5v38--CpSZ4AaABAg,YouTube,top_level_comment,UgwiLewX-5v38--CpSZ4AaABAg,UgwiLewX-5v38--CpSZ4AaABAg,Yu37CmWLvK0,SATU MALAYSIA KENA SCAM MAKANAN DI BAZAR RAMADAN‼️ LELAKI SOUND PENIAGA BAZAAR,NuR MuHD,https://www.youtube.com/watch?v=Yu37CmWLvK0,2026-02-22T17:36:49Z,festivals_national_events,nak beli lauk...cube beli jam 6 ptg...ada banyak lauk tak....dan pegi semula keesokkan....sama tak lauk ada beza tk,111cf10954a8330a4055,2026-03-11T06:11:30Z,2026-03-11T06:11:30Z,0,0,True,True,none,,2026-06-17T15:11:44.742015+00:00,raw,
YT_UgyOMVbHTXti0jGLjxl4AaABAg,YouTube,top_level_comment,UgyOMVbHTXti0jGLjxl4AaABAg,UgyOMVbHTXti0jGLjxl4AaABAg,Yu37CmWLvK0,SATU MALAYSIA KENA SCAM MAKANAN DI BAZAR RAMADAN‼️ LELAKI SOUND PENIAGA BAZAAR,NuR MuHD,https://www.youtube.com/watch?v=Yu37CmWLvK0,2026-02-22T17:36:49Z,festivals_national_events,"Alhamdulillah, dah 10 tahun aku tak masuk bazar ramadan. Serik kena tipu. Pesta scammer peringkat kebangsaan.",a8f9bdf679bf3d5fba5c,2026-03-11T03:40:46Z,2026-03-11T03:40:46Z,0,0,True,True,none,,2026-06-17T15:11:44.742029+00:00,raw,
YT_UgywHB1rGffDZscSkdh4AaABAg,YouTube,top_level_comment,UgywHB1rGffDZscSkdh4AaABAg,UgywHB1rGffDZscSkdh4AaABAg,Yu37CmWLvK0,SATU MALAYSIA KENA SCAM MAKANAN DI BAZAR RAMADAN‼️ LELAKI SOUND PENIAGA BAZAAR,NuR MuHD,https://www.youtube.com/watch?v=Yu37CmWLvK0,2026-02-22T17:36:49Z,festivals_national_events,"Peniaga dibaza dah mula buat perangai balik dah. Ini akibat ketidak perihatinan penganjur yang kurang mengetatkan peraturan keatas peserta pedagang mendapatkan tapak . Dah lah harga makanan sekarang terlalu mahal tak tak munasabah. Tidak memadai dengan keadaan kewangan umum, b40 kebawah. Ini semua berpunca berkaitan harga tapak bazar yang diselaraskan terlajak mahal, tanpa memikirkan akhirnya harga tersebut menimpa kepelangan yang membeli kuih muih ditempat berkenaan. Fikir fikir lah penyedia tapak ( Majlis Perbandaran / DBKL / AMDT yang meletakkan harga tapak bazar dengan harga Yahudi akhirnya peniaga nak jual berapa harga sebutir, kalau sebutir karipap yang biasa dah berharga RM1.50 ini dah bukan harganya walau pun ianya berisi daging atau ayam sekalipun kerana ini harga yahudi dah. Lain lah kalau karipap king dulu, satu berhaga RM4. Tapi berbaloi satu butir karipap king bolih makan 3 Orang, isi penuh dengan sayuran kentang dan daging atau ayam, puas hati, bukan macam karipap king sekang, nama karipap king tapi cuma besar sikit dari karipap kentang biasa 50sen tu, kembung macam penuh isi sekali potong dalam lopong setengah saja isi, harga satu RM5. Jangankan nak makan 2 oran sorang makan pun yak cukup, kufur betul peniaga peniaga makanan sekarang kalau ada yang jujur pun sikit sangat ysng kebanyakan semua yahudi yang yang tak berhati perut pentingkan perut sendiri semuga Allah melaknati seluruh peniaga makana diMalaysia yang bersifat yahudi yang kejam fan tidak ikhlas ni semua.",c3ef15aa1605fb5c10b5,2026-03-11T03:30:17Z,2026-03-11T03:30:17Z,0,0,True,True,none,,2026-06-17T15:11:44.742088+00:00,raw,
YT_UgytZ-ws8dvL9v8U6KV4AaABAg,YouTube,top_level_comment,UgytZ-ws8dvL9v8U6KV4AaABAg,UgytZ-ws8dvL9v8U6KV4AaABAg,Yu37CmWLvK0,SATU MALAYSIA KENA SCAM MAKANAN DI BAZAR RAMADAN‼️ LELAKI SOUND PENIAGA BAZAAR,NuR MuHD,https://www.youtube.com/watch?v=Yu37CmWLvK0,2026-02-22T17:36:49Z,festivals_national_events,"Tahun depan, kalau masih hidup, tengok muka peniaga yang memang biasa berniaga makanan sepanjang tahun, beli dari dia. Muka yang muncul menjual cuma bulan puasa, tak payah . Itu pun nak ajar ke.",26094b934662b183c13b,2026-03-11T02:13:08Z,2026-03-11T02:13:08Z,0,0,True,True,none,,2026-06-17T15:11:44.742105+00:00,raw,
YT_UgxkJdzedkAk70-fSFh4AaABAg,YouTube,top_level_comment,UgxkJdzedkAk70-fSFh4AaABAg,UgxkJdzedkAk70-fSFh4AaABAg,Yu37CmWLvK0,SATU MALAYSIA KENA SCAM MAKANAN DI BAZAR RAMADAN‼️ LELAKI SOUND PENIAGA BAZAAR,NuR MuHD,https://www.youtube.com/watch?v=Yu37CmWLvK0,2026-02-22T17:36:49Z,festivals_national_events,"beruntung duduk dekat kampung aku ni,dekat sini makcik²,pakcik² and peniaga yang jual kuih Dan lain² makanan,semua sedap² and murah,takde lagi aku beli kuih sebiji RM2,dekat sini rata-rata RM2 dapat 4 biji kuih 1 bekas,macam² kuih ada,semuanya sangat layak untuk di makan.dah 2 tahun aku tak pernah ke bazzar Ramadan dekat pekan,sebab dekat kampung aku dah complete hampir semua ada..",f004b5e2f50709870e12,2026-03-10T17:46:43Z,2026-03-10T17:46:43Z,0,0,True,True,none,,2026-06-17T15:11:44.742209+00:00,raw,
YT_UgzLfrQ9yUZXW2GZVMR4AaABAg,YouTube,top_level_comment,UgzLfrQ9yUZXW2GZVMR4AaABAg,UgzLfrQ9yUZXW2GZVMR4AaABAg,Yu37CmWLvK0,SATU MALAYSIA KENA SCAM MAKANAN DI BAZAR RAMADAN‼️ LELAKI SOUND PENIAGA BAZAAR,NuR MuHD,https://www.youtube.com/watch?v=Yu37CmWLvK0,2026-02-22T17:36:49Z,festivals_national_events,Naya kat peniaga lama..aku yakin ni kerja peniaga baru ilmu kurang atau org Cuba2 nk cari untung musim bulan puasa..kerana orang macam ni habis semua busuk nama peniaga laen.. Hidup ni jgan menyusah dan buat naya kat orang la..x pandai jgn memandai2 gatal nk berniaga..belajar lagi..,7d16d4c85cff65795aa9,2026-03-10T11:06:50Z,2026-03-10T11:07:41Z,0,0,True,True,none,,2026-06-17T15:11:44.742242+00:00,raw,
YT_Ugx2ERUJFV84HpP8SA54AaABAg,YouTube,top_level_comment,Ugx2ERUJFV84HpP8SA54AaABAg,Ugx2ERUJFV84HpP8SA54AaABAg,Yu37CmWLvK0,SATU MALAYSIA KENA SCAM MAKANAN DI BAZAR RAMADAN‼️ LELAKI SOUND PENIAGA BAZAAR,NuR MuHD,https://www.youtube.com/watch?v=Yu37CmWLvK0,2026-02-22T17:36:49Z,festivals_national_events,mkcik dh kne msa puase ke7 ank bli mrtabak n laksam xpy msalahnye mrtabak tu bknnye isi telur n dging pnuh dgn bwang.dging dn telur xde dn laksam plk kuahnye cair manis plk tu xsdp lngsung klau mcm ni niaga xpndai buat lbh baik jgn niaga jgn nk cari untung org pnat weh puasa skli skla nk bli jga mknan kt bazar xpy klau mcm ni lbh baik xyah niaga xtkut dosa ke pd allah tipu pelanggan dh hrga mrtabak mahal lpas ni xde dh nk bli lgi baik mkn ape yg ade kt umh lgi afdal klau bli mknan kt bzar yg tipu pelanggan wat tmbh dosa jer allahuakbar,3c96edec4cd8c54b2b45,2026-03-10T05:12:31Z,2026-03-10T05:12:31Z,0,0,True,True,none,,2026-06-17T15:11:44.742274+00:00,raw,
YT_UgzQuVcAIJQFSJ27jc94AaABAg,YouTube,top_level_comment,UgzQuVcAIJQFSJ27jc94AaABAg,UgzQuVcAIJQFSJ27jc94AaABAg,Yu37CmWLvK0,SATU MALAYSIA KENA SCAM MAKANAN DI BAZAR RAMADAN‼️ LELAKI SOUND PENIAGA BAZAAR,NuR MuHD,https://www.youtube.com/watch?v=Yu37CmWLvK0,2026-02-22T17:36:49Z,festivals_national_events,Ada mata ada otak sebelum beli tengok dulu pakai otak untuk pilihan yang terbaik sebelum membuat pembelian sesuatu 😂😅😂....,2e0224794c0c8682639f,2026-03-10T04:25:43Z,2026-03-10T04:25:43Z,1,1,True,True,none,,2026-06-17T15:11:44.742291+00:00,raw,
YT_UgwHWx-wHgrU_WG84Jp4AaABAg,YouTube,top_level_comment,UgwHWx-wHgrU_WG84Jp4AaABAg,UgwHWx-wHgrU_WG84Jp4AaABAg,Yu37CmWLvK0,SATU MALAYSIA KENA SCAM MAKANAN DI BAZAR RAMADAN‼️ LELAKI SOUND PENIAGA BAZAAR,NuR MuHD,https://www.youtube.com/watch?v=Yu37CmWLvK0,2026-02-22T17:36:49Z,festivals_national_events,"Hari tu beli kuih tepung pelita,yg hijau tu manis yg putih pun manis juga,sepatudnya putih tu lemak masin..pastu beli popiah sire tu dia goreng terlebih garing sampai jadi keras,pastu bila kita gigit tu pecah habis popiah tu...pastu kemarin beli puding karamel yg viral tu,tapi rasa macam makan agar2 keras dia...",964fbb6899c32f325389,2026-03-10T04:05:20Z,2026-03-10T04:05:20Z,0,0,True,True,none,,2026-06-17T15:11:44.742312+00:00,raw,
YT_Ugz_ZonsXqq9TzD-gH14AaABAg,YouTube,top_level_comment,Ugz_ZonsXqq9TzD-gH14AaABAg,Ugz_ZonsXqq9TzD-gH14AaABAg,Yu37CmWLvK0,SATU MALAYSIA KENA SCAM MAKANAN DI BAZAR RAMADAN‼️ LELAKI SOUND PENIAGA BAZAAR,NuR MuHD,https://www.youtube.com/watch?v=Yu37CmWLvK0,2026-02-22T17:36:49Z,festivals_national_events,Semua yang berniaga mau nikmativkeuntungan tapi kalau quality layak kectong sampahjawab nanti d akhirat,0ea1adf8e77f71224efe,2026-03-10T01:47:49Z,2026-03-10T01:47:49Z,0,0,True,True,none,,2026-06-17T15:11:44.742327+00:00,raw,
YT_UgzCS196IqvxkR24Jtx4AaABAg,YouTube,top_level_comment,UgzCS196IqvxkR24Jtx4AaABAg,UgzCS196IqvxkR24Jtx4AaABAg,Yu37CmWLvK0,SATU MALAYSIA KENA SCAM MAKANAN DI BAZAR RAMADAN‼️ LELAKI SOUND PENIAGA BAZAAR,NuR MuHD,https://www.youtube.com/watch?v=Yu37CmWLvK0,2026-02-22T17:36:49Z,festivals_national_events,Tu pasal tetiba je ribut dtg sampai terangkat terbalik canopy korang berniaga. Salah satu sebab...,731153eef62d2bfe5902,2026-03-09T12:07:46Z,2026-03-09T12:08:53Z,0,0,True,True,none,,2026-06-17T15:11:44.742341+00:00,raw,
YT_UgwGa02dpQ6HnocTMjF4AaABAg,YouTube,top_level_comment,UgwGa02dpQ6HnocTMjF4AaABAg,UgwGa02dpQ6HnocTMjF4AaABAg,Yu37CmWLvK0,SATU MALAYSIA KENA SCAM MAKANAN DI BAZAR RAMADAN‼️ LELAKI SOUND PENIAGA BAZAAR,NuR MuHD,https://www.youtube.com/watch?v=Yu37CmWLvK0,2026-02-22T17:36:49Z,festivals_national_events,Menjawab lah peniaga2 yg bermasalah ni di dpn Allah Swt nanti,276719c5e223e22554be,2026-03-09T06:37:56Z,2026-03-09T06:37:56Z,0,0,True,True,none,,2026-06-17T15:11:44.742355+00:00,raw,
YT_Ugzy6RnukbUYc-cUvR54AaABAg,YouTube,top_level_comment,Ugzy6RnukbUYc-cUvR54AaABAg,Ugzy6RnukbUYc-cUvR54AaABAg,Yu37CmWLvK0,SATU MALAYSIA KENA SCAM MAKANAN DI BAZAR RAMADAN‼️ LELAKI SOUND PENIAGA BAZAAR,NuR MuHD,https://www.youtube.com/watch?v=Yu37CmWLvK0,2026-02-22T17:36:49Z,festivals_national_events,"Dulu mmg best bila beli makanan di bazaar Ramadhan tapi bkn skrg.Sebab tu bila member2 ajak p beli makanan kt bazaar Ramadhan, saya menolak.Lg suka masak kt rumah or mkn kt kedai makan yg kita dah biasa pergi",276719c5e223e22554be,2026-03-09T06:36:46Z,2026-03-09T06:36:46Z,0,0,True,True,none,,2026-06-17T15:11:44.742372+00:00,raw,
YT_Ugwj4FDlNXw1NsEKbhR4AaABAg,YouTube,top_level_comment,Ugwj4FDlNXw1NsEKbhR4AaABAg,Ugwj4FDlNXw1NsEKbhR4AaABAg,Yu37CmWLvK0,SATU MALAYSIA KENA SCAM MAKANAN DI BAZAR RAMADAN‼️ LELAKI SOUND PENIAGA BAZAAR,NuR MuHD,https://www.youtube.com/watch?v=Yu37CmWLvK0,2026-02-22T17:36:49Z,festivals_national_events,"X dpt dinafikan,terdapat segelintir peniaga2 di bazaar Ramadhan yg berebut-rebut nk cari dosa & suka mkn duit haram",276719c5e223e22554be,2026-03-09T06:32:21Z,2026-03-09T06:32:21Z,0,0,True,True,none,,2026-06-17T15:11:44.742385+00:00,raw,
YT_UgzU5VclwTc7fcMqfh14AaABAg,YouTube,top_level_comment,UgzU5VclwTc7fcMqfh14AaABAg,UgzU5VclwTc7fcMqfh14AaABAg,Yu37CmWLvK0,SATU MALAYSIA KENA SCAM MAKANAN DI BAZAR RAMADAN‼️ LELAKI SOUND PENIAGA BAZAAR,NuR MuHD,https://www.youtube.com/watch?v=Yu37CmWLvK0,2026-02-22T17:36:49Z,festivals_national_events,Ulang kembali viral makan Bazar...2019 tahun 2026 😅 sudah sudah la,7d4dc9acfe489052c2c0,2026-03-09T05:05:47Z,2026-03-09T05:20:39Z,0,1,True,True,none,,2026-06-17T15:11:44.742399+00:00,raw,
YT_UgxV-5ACft6-jXu1HGN4AaABAg,YouTube,top_level_comment,UgxV-5ACft6-jXu1HGN4AaABAg,UgxV-5ACft6-jXu1HGN4AaABAg,Yu37CmWLvK0,SATU MALAYSIA KENA SCAM MAKANAN DI BAZAR RAMADAN‼️ LELAKI SOUND PENIAGA BAZAAR,NuR MuHD,https://www.youtube.com/watch?v=Yu37CmWLvK0,2026-02-22T17:36:49Z,festivals_national_events,Saya kasih rating makanan bazar ramadan maledesh: -10/10,d8762b0e1526d3cd9df6,2026-03-08T11:37:53Z,2026-03-08T11:37:53Z,0,0,True,True,none,,2026-06-17T15:11:44.742410+00:00,raw,
YT_Ugw2cTWtOXkY-SfkiRZ4AaABAg,YouTube,top_level_comment,Ugw2cTWtOXkY-SfkiRZ4AaABAg,Ugw2cTWtOXkY-SfkiRZ4AaABAg,Yu37CmWLvK0,SATU MALAYSIA KENA SCAM MAKANAN DI BAZAR RAMADAN‼️ LELAKI SOUND PENIAGA BAZAAR,NuR MuHD,https://www.youtube.com/watch?v=Yu37CmWLvK0,2026-02-22T17:36:49Z,festivals_national_events,Alo .....kuih tart tak sdap...mung masak la jate tak guna....masuk btg dlm mulut baru taw,c6a31970d6710ada2994,2026-03-08T10:48:38Z,2026-03-08T10:48:38Z,0,0,True,True,none,,2026-06-17T15:11:44.742423+00:00,raw,
YT_UgxjTCW2Nww6OOYX3_B4AaABAg,YouTube,top_level_comment,UgxjTCW2Nww6OOYX3_B4AaABAg,UgxjTCW2Nww6OOYX3_B4AaABAg,Yu37CmWLvK0,SATU MALAYSIA KENA SCAM MAKANAN DI BAZAR RAMADAN‼️ LELAKI SOUND PENIAGA BAZAAR,NuR MuHD,https://www.youtube.com/watch?v=Yu37CmWLvK0,2026-02-22T17:36:49Z,festivals_national_events,Bagitau la bazar mana lokasi tu. Senang pulaukan jualan nya. Jadi tidak lah ada pembaziran bg pembeli.,4020073c45fd1f39ee44,2026-03-07T23:54:53Z,2026-03-07T23:54:53Z,0,0,True,True,none,,2026-06-17T15:11:44.742437+00:00,raw,
YT_Ugz_c4X2wRZJ3n8ZtcJ4AaABAg,YouTube,top_level_comment,Ugz_c4X2wRZJ3n8ZtcJ4AaABAg,Ugz_c4X2wRZJ3n8ZtcJ4AaABAg,Yu37CmWLvK0,SATU MALAYSIA KENA SCAM MAKANAN DI BAZAR RAMADAN‼️ LELAKI SOUND PENIAGA BAZAAR,NuR MuHD,https://www.youtube.com/watch?v=Yu37CmWLvK0,2026-02-22T17:36:49Z,festivals_national_events,Sebelum beli tu tak dulu KLU rasa ok baru beli KLU rasa x berbaloi jgn beli DPT dosa je BKN pahala,bf534158e108112b3add,2026-03-07T02:57:07Z,2026-03-07T02:57:07Z,0,0,True,True,none,,2026-06-17T15:11:44.742450+00:00,raw,
YT_Ugw3ygVhxiA5kho28hV4AaABAg,YouTube,top_level_comment,Ugw3ygVhxiA5kho28hV4AaABAg,Ugw3ygVhxiA5kho28hV4AaABAg,Yu37CmWLvK0,SATU MALAYSIA KENA SCAM MAKANAN DI BAZAR RAMADAN‼️ LELAKI SOUND PENIAGA BAZAAR,NuR MuHD,https://www.youtube.com/watch?v=Yu37CmWLvK0,2026-02-22T17:36:49Z,festivals_national_events,Kenapa campurkan sekali dgn video yg lama😒,cf1fb1fb11f33b915237,2026-03-06T08:01:15Z,2026-03-06T08:01:15Z,0,0,True,True,none,,2026-06-17T15:11:44.742463+00:00,raw,
YT_Ugx5ljg2c8qoLrA7sSx4AaABAg,YouTube,top_level_comment,Ugx5ljg2c8qoLrA7sSx4AaABAg,Ugx5ljg2c8qoLrA7sSx4AaABAg,Yu37CmWLvK0,SATU MALAYSIA KENA SCAM MAKANAN DI BAZAR RAMADAN‼️ LELAKI SOUND PENIAGA BAZAAR,NuR MuHD,https://www.youtube.com/watch?v=Yu37CmWLvK0,2026-02-22T17:36:49Z,festivals_national_events,Saya memang tak pergi dah bazar Banyak Kali trkena...Harga mahal makanan mengecewakan...,740d075152b24b7ae5f9,2026-03-06T06:21:33Z,2026-03-06T06:21:33Z,0,0,True,True,none,,2026-06-17T15:11:44.742475+00:00,raw,
YT_Ugz8zd_-ANFxaG7S5tJ4AaABAg,YouTube,top_level_comment,Ugz8zd_-ANFxaG7S5tJ4AaABAg,Ugz8zd_-ANFxaG7S5tJ4AaABAg,Yu37CmWLvK0,SATU MALAYSIA KENA SCAM MAKANAN DI BAZAR RAMADAN‼️ LELAKI SOUND PENIAGA BAZAAR,NuR MuHD,https://www.youtube.com/watch?v=Yu37CmWLvK0,2026-02-22T17:36:49Z,festivals_national_events,"Kadang penjaga ni jual mahal sangat dan kurangkan inti disebabkan gerai yang mereka sewa tu terlampau mahal....saya pula tak tahu yang gerai dan tapak ramadhan ini disewa ke bukan??? Kalau gerai tu disewa dari Dewan Bandaraya ke, atau pun mana2 penyewa, harga sewa tu terlalu tinggi, maka terjadi lah harga mahal, yang tak nak jual mahal, boleh, tapi inti pula dikurangkan, jadi tak nyaman lah....kalau boleh, buat penyewa2 tu, kurangkan lah harga sewa itu....kalau boleh tak payah sewa, halal je, bulan puasa ni....siapa dulu daftar, dia lah yang akan dapat gerai tu dulu.... Insyaallah, harga barang di Bazar Ramadhan, akan jauh lebih murah, jauh lebih sedap, penuh inti ,dari hari biasa",f0cbc14164ddba0033f4,2026-03-06T03:00:29Z,2026-03-06T03:00:29Z,0,0,True,True,none,,2026-06-17T15:11:44.742506+00:00,raw,
YT_Ugxje22zo6phX39ycwF4AaABAg,YouTube,top_level_comment,Ugxje22zo6phX39ycwF4AaABAg,Ugxje22zo6phX39ycwF4AaABAg,Yu37CmWLvK0,SATU MALAYSIA KENA SCAM MAKANAN DI BAZAR RAMADAN‼️ LELAKI SOUND PENIAGA BAZAAR,NuR MuHD,https://www.youtube.com/watch?v=Yu37CmWLvK0,2026-02-22T17:36:49Z,festivals_national_events,"1. Kuih tak nyaman mungkin sbb mereka yang jual tu main agak agak je perasanya, sebab mereka pun tak dapat merasakan,nyaman ke tak , cukup masin ke tak, sbb mereka yang berniaga tu juga sedang puasa",f0cbc14164ddba0033f4,2026-03-06T02:49:37Z,2026-03-06T02:49:37Z,0,0,True,True,none,,2026-06-17T15:11:44.742523+00:00,raw,
YT_UgzEI-LZdkN5d-QLSbZ4AaABAg,YouTube,top_level_comment,UgzEI-LZdkN5d-QLSbZ4AaABAg,UgzEI-LZdkN5d-QLSbZ4AaABAg,Yu37CmWLvK0,SATU MALAYSIA KENA SCAM MAKANAN DI BAZAR RAMADAN‼️ LELAKI SOUND PENIAGA BAZAAR,NuR MuHD,https://www.youtube.com/watch?v=Yu37CmWLvK0,2026-02-22T17:36:49Z,festivals_national_events,Yang keras tu bukan ondeh² tetapi kuih buah rotan bersaiz besar...😂,5c3b4b1d2b6491f367da,2026-03-06T01:43:57Z,2026-03-06T01:43:57Z,0,0,True,True,none,,2026-06-17T15:11:44.742536+00:00,raw,
YT_UgzJDvFSkKvKJRsW0iR4AaABAg,YouTube,top_level_comment,UgzJDvFSkKvKJRsW0iR4AaABAg,UgzJDvFSkKvKJRsW0iR4AaABAg,Yu37CmWLvK0,SATU MALAYSIA KENA SCAM MAKANAN DI BAZAR RAMADAN‼️ LELAKI SOUND PENIAGA BAZAAR,NuR MuHD,https://www.youtube.com/watch?v=Yu37CmWLvK0,2026-02-22T17:36:49Z,festivals_national_events,Aku rekemen la korang datand bazar dekat cheras perdana dekat dengan station bandar tün husin oon.semua sedap harga berpatutan n puas hati,8deee65248aa16c9c491,2026-03-05T18:23:28Z,2026-03-05T18:23:28Z,0,0,True,True,none,,2026-06-17T15:11:44.742551+00:00,raw,
YT_Ugx9lt7Nyhwk-3hclKp4AaABAg,YouTube,top_level_comment,Ugx9lt7Nyhwk-3hclKp4AaABAg,Ugx9lt7Nyhwk-3hclKp4AaABAg,Yu37CmWLvK0,SATU MALAYSIA KENA SCAM MAKANAN DI BAZAR RAMADAN‼️ LELAKI SOUND PENIAGA BAZAAR,NuR MuHD,https://www.youtube.com/watch?v=Yu37CmWLvK0,2026-02-22T17:36:49Z,festivals_national_events,Berniaga la kerana Allah bukan kerana nafsu.,a3e64be90aea6241d99c,2026-03-05T15:35:20Z,2026-03-05T15:35:20Z,0,0,True,True,none,,2026-06-17T15:11:44.742566+00:00,raw,
YT_UgxncakPmKJeH9YuAf94AaABAg,YouTube,top_level_comment,UgxncakPmKJeH9YuAf94AaABAg,UgxncakPmKJeH9YuAf94AaABAg,Yu37CmWLvK0,SATU MALAYSIA KENA SCAM MAKANAN DI BAZAR RAMADAN‼️ LELAKI SOUND PENIAGA BAZAAR,NuR MuHD,https://www.youtube.com/watch?v=Yu37CmWLvK0,2026-02-22T17:36:49Z,festivals_national_events,Semalam beli lauk paru nak makan basi gulai nangka keras kejung x makan .tobatlahum!,a3e64be90aea6241d99c,2026-03-05T15:33:55Z,2026-03-05T15:33:55Z,0,0,True,True,none,,2026-06-17T15:11:44.742579+00:00,raw,
YT_UgwiOukQiLxPUob_Bsx4AaABAg,YouTube,top_level_comment,UgwiOukQiLxPUob_Bsx4AaABAg,UgwiOukQiLxPUob_Bsx4AaABAg,Yu37CmWLvK0,SATU MALAYSIA KENA SCAM MAKANAN DI BAZAR RAMADAN‼️ LELAKI SOUND PENIAGA BAZAAR,NuR MuHD,https://www.youtube.com/watch?v=Yu37CmWLvK0,2026-02-22T17:36:49Z,festivals_national_events,Senang citer.. x pyh beli.. masak sendiri lg bgus.. x sedap pun x pa.. atleast kita sendiri yg mkn..,c66496b8c91b4f1ba7a7,2026-03-05T13:22:51Z,2026-03-05T13:22:51Z,0,0,True,True,none,,2026-06-17T15:11:44.742593+00:00,raw,
YT_Ugw76ybebP1tdlq1mTJ4AaABAg,YouTube,top_level_comment,Ugw76ybebP1tdlq1mTJ4AaABAg,Ugw76ybebP1tdlq1mTJ4AaABAg,Yu37CmWLvK0,SATU MALAYSIA KENA SCAM MAKANAN DI BAZAR RAMADAN‼️ LELAKI SOUND PENIAGA BAZAAR,NuR MuHD,https://www.youtube.com/watch?v=Yu37CmWLvK0,2026-02-22T17:36:49Z,festivals_national_events,Buang masa je beli makanan kat baazar. Kualiti sampah,22be126494652318ce87,2026-03-05T08:45:06Z,2026-03-05T08:45:06Z,0,0,True,True,none,,2026-06-17T15:11:44.742605+00:00,raw,
YT_Ugzy4PHwV5y8cgSTIY94AaABAg,YouTube,top_level_comment,Ugzy4PHwV5y8cgSTIY94AaABAg,Ugzy4PHwV5y8cgSTIY94AaABAg,Yu37CmWLvK0,SATU MALAYSIA KENA SCAM MAKANAN DI BAZAR RAMADAN‼️ LELAKI SOUND PENIAGA BAZAAR,NuR MuHD,https://www.youtube.com/watch?v=Yu37CmWLvK0,2026-02-22T17:36:49Z,festivals_national_events,Murtabak area lrt cheras jg terbaik..isi padu ..sedap,66baa3839cff240bcc5d,2026-03-05T08:22:53Z,2026-03-05T08:22:53Z,0,0,True,True,none,,2026-06-17T15:11:44.742617+00:00,raw,
YT_UgzRHX9b3HauXje3QaN4AaABAg,YouTube,top_level_comment,UgzRHX9b3HauXje3QaN4AaABAg,UgzRHX9b3HauXje3QaN4AaABAg,Yu37CmWLvK0,SATU MALAYSIA KENA SCAM MAKANAN DI BAZAR RAMADAN‼️ LELAKI SOUND PENIAGA BAZAAR,NuR MuHD,https://www.youtube.com/watch?v=Yu37CmWLvK0,2026-02-22T17:36:49Z,festivals_national_events,"Hahaha..sebab tu malas dah beli kat bazar..ramainye yg niaga palatao je.. tiap2 tahun kalau pergi bazar..beli dekat peniaga yg sama je..baik dari murtabak,kuih,air tembikai..kalau peniaga ni dah tak meniaga lagi .memang pusing balik..sampai rumah masak je sendiri benda simple 😅😂😂",96dedb574a281008938d,2026-03-05T05:12:43Z,2026-03-05T05:12:43Z,0,0,True,True,none,,2026-06-17T15:11:44.742638+00:00,raw,
YT_UgylPilInI7FoH_AAA54AaABAg,YouTube,top_level_comment,UgylPilInI7FoH_AAA54AaABAg,UgylPilInI7FoH_AAA54AaABAg,Yu37CmWLvK0,SATU MALAYSIA KENA SCAM MAKANAN DI BAZAR RAMADAN‼️ LELAKI SOUND PENIAGA BAZAAR,NuR MuHD,https://www.youtube.com/watch?v=Yu37CmWLvK0,2026-02-22T17:36:49Z,festivals_national_events,"Dah ler bebal tak reti masak, harga T20, masak serupa makanan babi 😂😂",e0232b8e11737248afbe,2026-03-04T09:43:59Z,2026-03-04T09:43:59Z,0,0,True,True,none,,2026-06-17T15:11:44.742651+00:00,raw,
YT_UgwkLwFHnzbStV5t4p94AaABAg,YouTube,top_level_comment,UgwkLwFHnzbStV5t4p94AaABAg,UgwkLwFHnzbStV5t4p94AaABAg,Yu37CmWLvK0,SATU MALAYSIA KENA SCAM MAKANAN DI BAZAR RAMADAN‼️ LELAKI SOUND PENIAGA BAZAAR,NuR MuHD,https://www.youtube.com/watch?v=Yu37CmWLvK0,2026-02-22T17:36:49Z,festivals_national_events,"saya tiap kali bln Ramadhan x prnah beli pun....masak sendiri jaa...lagi afdal utk keluarga,pahala berlipat kali ganda .",c3431e42691fe09eb9f7,2026-03-04T05:21:45Z,2026-03-04T05:21:45Z,0,0,True,True,none,,2026-06-17T15:11:44.742665+00:00,raw,
YT_UgyK_x0gU_a70GR5yph4AaABAg,YouTube,top_level_comment,UgyK_x0gU_a70GR5yph4AaABAg,UgyK_x0gU_a70GR5yph4AaABAg,Yu37CmWLvK0,SATU MALAYSIA KENA SCAM MAKANAN DI BAZAR RAMADAN‼️ LELAKI SOUND PENIAGA BAZAAR,NuR MuHD,https://www.youtube.com/watch?v=Yu37CmWLvK0,2026-02-22T17:36:49Z,festivals_national_events,"berniaga biar jujur & amanah x baik ambil kesempatan ,kesusahan seowg....mna nk dtg berkatnya......",c3431e42691fe09eb9f7,2026-03-04T05:17:32Z,2026-03-04T05:17:32Z,0,0,True,True,none,,2026-06-17T15:11:44.742679+00:00,raw,
YT_Ugw886LR1-KkbmtZHhp4AaABAg,YouTube,top_level_comment,Ugw886LR1-KkbmtZHhp4AaABAg,Ugw886LR1-KkbmtZHhp4AaABAg,Yu37CmWLvK0,SATU MALAYSIA KENA SCAM MAKANAN DI BAZAR RAMADAN‼️ LELAKI SOUND PENIAGA BAZAAR,NuR MuHD,https://www.youtube.com/watch?v=Yu37CmWLvK0,2026-02-22T17:36:49Z,festivals_national_events,owg bln puasa byk berjimat..masak sendirilah.... masa nee tunjuk skill memasak....x pun berbuka dimasjid jaa....mknan byk lagi sdpx ....,c3431e42691fe09eb9f7,2026-03-04T05:13:37Z,2026-03-04T05:13:37Z,0,0,True,True,none,,2026-06-17T15:11:44.742693+00:00,raw,
YT_UgzQf9kzriMbUurHi_54AaABAg,YouTube,top_level_comment,UgzQf9kzriMbUurHi_54AaABAg,UgzQf9kzriMbUurHi_54AaABAg,Yu37CmWLvK0,SATU MALAYSIA KENA SCAM MAKANAN DI BAZAR RAMADAN‼️ LELAKI SOUND PENIAGA BAZAAR,NuR MuHD,https://www.youtube.com/watch?v=Yu37CmWLvK0,2026-02-22T17:36:49Z,festivals_national_events,Sy beli nasi ayam di bazaar ramadhan tapi dapat nasi x de ayam.... .. Byr mahal....,82ed43f4004179caa6b4,2026-03-04T02:54:11Z,2026-03-04T02:54:11Z,0,0,True,True,none,,2026-06-17T15:11:44.742707+00:00,raw,
YT_UgyKkPbcbWRL6l8fJlJ4AaABAg,YouTube,top_level_comment,UgyKkPbcbWRL6l8fJlJ4AaABAg,UgyKkPbcbWRL6l8fJlJ4AaABAg,Yu37CmWLvK0,SATU MALAYSIA KENA SCAM MAKANAN DI BAZAR RAMADAN‼️ LELAKI SOUND PENIAGA BAZAAR,NuR MuHD,https://www.youtube.com/watch?v=Yu37CmWLvK0,2026-02-22T17:36:49Z,festivals_national_events,Ramadan peluang mereka menipu org..aku beli laksa penang..kuahnya terlalu pekat pekat mcm kuah kari..dan rasanya hangus2..,c5146220ec48c9ef85f9,2026-03-04T01:05:31Z,2026-03-04T01:08:14Z,0,0,True,True,none,,2026-06-17T15:11:44.742722+00:00,raw,
YT_UgwdZ8mJNmFyTylTW154AaABAg,YouTube,top_level_comment,UgwdZ8mJNmFyTylTW154AaABAg,UgwdZ8mJNmFyTylTW154AaABAg,Yu37CmWLvK0,SATU MALAYSIA KENA SCAM MAKANAN DI BAZAR RAMADAN‼️ LELAKI SOUND PENIAGA BAZAAR,NuR MuHD,https://www.youtube.com/watch?v=Yu37CmWLvK0,2026-02-22T17:36:49Z,festivals_national_events,Org melayu meniage... Penat nk ckp. Modal nk paling sikit. Untung nk paling banyak. Org dh beli kdg2 xde time Kaseh. Buat muke pulak. Kualiti mcm Haram. Mungkin poai modal tak halal. Kadang kadang... Tak semue,4d8a2e4ee247d9fb14c5,2026-03-03T12:31:41Z,2026-03-03T12:31:41Z,0,0,True,True,none,,2026-06-17T15:11:44.742744+00:00,raw,
YT_UgxIwQSmT54r4tKrfJZ4AaABAg,YouTube,top_level_comment,UgxIwQSmT54r4tKrfJZ4AaABAg,UgxIwQSmT54r4tKrfJZ4AaABAg,Yu37CmWLvK0,SATU MALAYSIA KENA SCAM MAKANAN DI BAZAR RAMADAN‼️ LELAKI SOUND PENIAGA BAZAAR,NuR MuHD,https://www.youtube.com/watch?v=Yu37CmWLvK0,2026-02-22T17:36:49Z,festivals_national_events,Tempt aku yg jual murtabak rm 6 tulis murtabak daging tp blik ape PON x de bawang saja,003a7ebff0356d1e4af1,2026-03-03T10:24:19Z,2026-03-03T10:24:19Z,0,0,True,True,none,,2026-06-17T15:11:44.742758+00:00,raw,
YT_UgwhwX4C1eS7gxnXBBl4AaABAg,YouTube,top_level_comment,UgwhwX4C1eS7gxnXBBl4AaABAg,UgwhwX4C1eS7gxnXBBl4AaABAg,Yu37CmWLvK0,SATU MALAYSIA KENA SCAM MAKANAN DI BAZAR RAMADAN‼️ LELAKI SOUND PENIAGA BAZAAR,NuR MuHD,https://www.youtube.com/watch?v=Yu37CmWLvK0,2026-02-22T17:36:49Z,festivals_national_events,Saya kalo g PON cuma bli air dan kuih je kalau lauk pauk msk sendiri,003a7ebff0356d1e4af1,2026-03-03T10:20:38Z,2026-03-03T10:20:38Z,0,0,True,True,none,,2026-06-17T15:11:44.742771+00:00,raw,
YT_UgzSo47g5q6e5V8pkjV4AaABAg,YouTube,top_level_comment,UgzSo47g5q6e5V8pkjV4AaABAg,UgzSo47g5q6e5V8pkjV4AaABAg,Yu37CmWLvK0,SATU MALAYSIA KENA SCAM MAKANAN DI BAZAR RAMADAN‼️ LELAKI SOUND PENIAGA BAZAAR,NuR MuHD,https://www.youtube.com/watch?v=Yu37CmWLvK0,2026-02-22T17:36:49Z,festivals_national_events,Yg niaga bazar bkn peniaga yg hari2 niaga. Diorang muncul setahun sekaligus CRI untung,003a7ebff0356d1e4af1,2026-03-03T10:19:56Z,2026-03-03T10:19:56Z,0,0,True,True,none,,2026-06-17T15:11:44.742784+00:00,raw,
YT_UgzjDEZML5lHQt1vd0x4AaABAg,YouTube,top_level_comment,UgzjDEZML5lHQt1vd0x4AaABAg,UgzjDEZML5lHQt1vd0x4AaABAg,Yu37CmWLvK0,SATU MALAYSIA KENA SCAM MAKANAN DI BAZAR RAMADAN‼️ LELAKI SOUND PENIAGA BAZAAR,NuR MuHD,https://www.youtube.com/watch?v=Yu37CmWLvK0,2026-02-22T17:36:49Z,festivals_national_events,BILA PENGUNA KOMPLAIN DIKATANYA PENGUNA FITNAH LAH SAHAJA NAK MEMBURUKKAN PENIAGA LAH. SIAP CAKAP LAGI NAK BELI BELI TAK NAK BELI SUDAH BOLEH JALAN. LEPAS TERBACA KOMEN MAKLUM BALAS PENIAGA MACAM TU. TERUS SAYA TAK JEJAK KAKI KE BAZAR RAMADHAN DAH. SAYA BUKA YOUTUBE TENGOK RESEPI2 BULAN PUASA SAYA BELI BAHAN SENDIRI BUAT SENDIRI DIRUMAH SATU FAMILY DAPAT MAKAN SEMUA. PADA PENIAGA TU BAWA2 BERTAUBAT LAH WANG RINGGIT UNTUNG NIAGA BUKAN AMALAN DITUNTUT DIBULAN RAMADHAN. TAPI KE IKHLASAN DAN SEDEKAH ITULAH YG DITUNTUT.,14de36a5fb363698614e,2026-03-03T06:55:28Z,2026-03-03T06:55:28Z,0,0,True,True,none,,2026-06-17T15:11:44.742810+00:00,raw,
YT_UgzPpfQ_YMKJInenpol4AaABAg,YouTube,top_level_comment,UgzPpfQ_YMKJInenpol4AaABAg,UgzPpfQ_YMKJInenpol4AaABAg,Yu37CmWLvK0,SATU MALAYSIA KENA SCAM MAKANAN DI BAZAR RAMADAN‼️ LELAKI SOUND PENIAGA BAZAAR,NuR MuHD,https://www.youtube.com/watch?v=Yu37CmWLvK0,2026-02-22T17:36:49Z,festivals_national_events,Jangan kita salahkan peniaga kerana kita semua tahu kos umrah sekarang ini semakin mahal tambah tambah lagi bila pegi umrah balik hari. Saya percaya peniaga-peniaga yang terlibat memang menyimpan cita-cita untuk pegi umrah balik hari. Justeru kita hendaklah menerima dan teruskan membeli supaya cita-cita mereka tercapai. 😆😆😆✌,296b9a0e14ae03ec0fdf,2026-03-03T06:33:09Z,2026-03-03T06:33:09Z,0,0,True,True,none,,2026-06-17T15:11:44.742832+00:00,raw,
YT_UgxXLr-k3ziQjlOLuyl4AaABAg,YouTube,top_level_comment,UgxXLr-k3ziQjlOLuyl4AaABAg,UgxXLr-k3ziQjlOLuyl4AaABAg,Yu37CmWLvK0,SATU MALAYSIA KENA SCAM MAKANAN DI BAZAR RAMADAN‼️ LELAKI SOUND PENIAGA BAZAAR,NuR MuHD,https://www.youtube.com/watch?v=Yu37CmWLvK0,2026-02-22T17:36:49Z,festivals_national_events,This is why you cook at home,d21881505fe07da8cf55,2026-03-03T06:12:08Z,2026-03-03T06:12:08Z,0,0,True,True,none,,2026-06-17T15:11:44.742844+00:00,raw,
YT_UgzpJXW3lZ_4Chkzuuh4AaABAg,YouTube,top_level_comment,UgzpJXW3lZ_4Chkzuuh4AaABAg,UgzpJXW3lZ_4Chkzuuh4AaABAg,Yu37CmWLvK0,SATU MALAYSIA KENA SCAM MAKANAN DI BAZAR RAMADAN‼️ LELAKI SOUND PENIAGA BAZAAR,NuR MuHD,https://www.youtube.com/watch?v=Yu37CmWLvK0,2026-02-22T17:36:49Z,festivals_national_events,"Entah,setakat ni dapat semua yg ok2..setiap tahun peniaga yang sama,rasa pun sama..ada la juga tambah peniaga baru tp ok je..",3d2feb3b5e8fc0a5ad53,2026-03-02T22:05:30Z,2026-03-02T22:05:30Z,0,0,True,True,none,,2026-06-17T15:11:44.742858+00:00,raw,
YT_UgyoTJbUTCyTouy6Tod4AaABAg,YouTube,top_level_comment,UgyoTJbUTCyTouy6Tod4AaABAg,UgyoTJbUTCyTouy6Tod4AaABAg,Yu37CmWLvK0,SATU MALAYSIA KENA SCAM MAKANAN DI BAZAR RAMADAN‼️ LELAKI SOUND PENIAGA BAZAAR,NuR MuHD,https://www.youtube.com/watch?v=Yu37CmWLvK0,2026-02-22T17:36:49Z,festivals_national_events,Dekat pasar ramadhan pekan kapar roti John harga RM18 ada satu gerai tu niaga.melampau sangat harganya...,8bd9e5e405229b0c214a,2026-03-02T17:22:59Z,2026-03-02T17:23:45Z,0,0,True,True,none,,2026-06-17T15:11:44.742871+00:00,raw,
YT_Ugwf3NBYANPwVVeA93d4AaABAg,YouTube,top_level_comment,Ugwf3NBYANPwVVeA93d4AaABAg,Ugwf3NBYANPwVVeA93d4AaABAg,Yu37CmWLvK0,SATU MALAYSIA KENA SCAM MAKANAN DI BAZAR RAMADAN‼️ LELAKI SOUND PENIAGA BAZAAR,NuR MuHD,https://www.youtube.com/watch?v=Yu37CmWLvK0,2026-02-22T17:36:49Z,festivals_national_events,Buat lempeng lg sedap😂,7f6f9dc962d23b2486bf,2026-03-02T15:55:24Z,2026-03-02T15:55:24Z,0,0,True,True,none,,2026-06-17T15:11:44.742883+00:00,raw,
YT_UgyJEbKLHtb1uCaKr054AaABAg,YouTube,top_level_comment,UgyJEbKLHtb1uCaKr054AaABAg,UgyJEbKLHtb1uCaKr054AaABAg,Yu37CmWLvK0,SATU MALAYSIA KENA SCAM MAKANAN DI BAZAR RAMADAN‼️ LELAKI SOUND PENIAGA BAZAAR,NuR MuHD,https://www.youtube.com/watch?v=Yu37CmWLvK0,2026-02-22T17:36:49Z,festivals_national_events,9:57 1:56 🤣🤣🤣🤣🤣🤣🤣🤣🤣🤣,2f5fb82ca952c2766482,2026-03-02T10:18:39Z,2026-03-02T10:18:39Z,0,0,True,True,none,,2026-06-17T15:11:44.742894+00:00,raw,
YT_UgxM1SZVtT-KEmvB_bh4AaABAg,YouTube,top_level_comment,UgxM1SZVtT-KEmvB_bh4AaABAg,UgxM1SZVtT-KEmvB_bh4AaABAg,Yu37CmWLvK0,SATU MALAYSIA KENA SCAM MAKANAN DI BAZAR RAMADAN‼️ LELAKI SOUND PENIAGA BAZAAR,NuR MuHD,https://www.youtube.com/watch?v=Yu37CmWLvK0,2026-02-22T17:36:49Z,festivals_national_events,"halal ke duit yang peniaga peniaga macam ni dapat? bulan ramadan, puasa tiap tiap hari tapi tipu pelanggan. tak batal ke puasanya?",b49fb3c8aaffd7955fa7,2026-03-02T01:36:15Z,2026-03-02T01:36:15Z,0,0,True,True,none,,2026-06-17T15:11:44.742908+00:00,raw,
YT_UgwqLb9i4DNvoTB1KV54AaABAg,YouTube,top_level_comment,UgwqLb9i4DNvoTB1KV54AaABAg,UgwqLb9i4DNvoTB1KV54AaABAg,Yu37CmWLvK0,SATU MALAYSIA KENA SCAM MAKANAN DI BAZAR RAMADAN‼️ LELAKI SOUND PENIAGA BAZAAR,NuR MuHD,https://www.youtube.com/watch?v=Yu37CmWLvK0,2026-02-22T17:36:49Z,festivals_national_events,Kerana roti sekeping kecang rioh seluruh dunia bagaikan nak perang,c8cfaf6833450ae38523,2026-02-28T23:26:03Z,2026-02-28T23:26:03Z,0,0,True,True,none,,2026-06-17T15:11:44.742921+00:00,raw,
YT_Ugxi8QgVvs6aYUGT47B4AaABAg,YouTube,top_level_comment,Ugxi8QgVvs6aYUGT47B4AaABAg,Ugxi8QgVvs6aYUGT47B4AaABAg,Yu37CmWLvK0,SATU MALAYSIA KENA SCAM MAKANAN DI BAZAR RAMADAN‼️ LELAKI SOUND PENIAGA BAZAAR,NuR MuHD,https://www.youtube.com/watch?v=Yu37CmWLvK0,2026-02-22T17:36:49Z,festivals_national_events,Perangai peniaga yang janji boleh je masak sangat memalukan. Fikir untung je tapi tak ada kualiti. Tak tahu masak jangan berniaga la.. Ni menipu namanya. Boikot je.,bf83bcf294d4f6e75a0c,2026-02-28T22:24:00Z,2026-02-28T22:24:00Z,0,0,True,True,none,,2026-06-17T15:11:44.742937+00:00,raw,
YT_UgyqBbx6yVaAgFHXEx54AaABAg,YouTube,top_level_comment,UgyqBbx6yVaAgFHXEx54AaABAg,UgyqBbx6yVaAgFHXEx54AaABAg,Yu37CmWLvK0,SATU MALAYSIA KENA SCAM MAKANAN DI BAZAR RAMADAN‼️ LELAKI SOUND PENIAGA BAZAAR,NuR MuHD,https://www.youtube.com/watch?v=Yu37CmWLvK0,2026-02-22T17:36:49Z,festivals_national_events,Jngan bising msak kt rmah ja,774c7f2fbda5d65affc1,2026-02-28T22:03:05Z,2026-02-28T22:03:05Z,0,0,True,True,none,,2026-06-17T15:11:44.742948+00:00,raw,
YT_Ugxep5UtMcDWPFpddyZ4AaABAg,YouTube,top_level_comment,Ugxep5UtMcDWPFpddyZ4AaABAg,Ugxep5UtMcDWPFpddyZ4AaABAg,Yu37CmWLvK0,SATU MALAYSIA KENA SCAM MAKANAN DI BAZAR RAMADAN‼️ LELAKI SOUND PENIAGA BAZAAR,NuR MuHD,https://www.youtube.com/watch?v=Yu37CmWLvK0,2026-02-22T17:36:49Z,festivals_national_events,Kalo korang dah kuat2 boycott KNetz naper takmo bersatu boycott bazaar Ramadhan nyer makanan yg tak serupa makanan ekkkkk??? Herraaannn aku 🙄🙄🙄🥴🥴🥴,1c82d2e9dd45399cbe45,2026-02-28T21:42:46Z,2026-02-28T21:42:46Z,0,0,True,True,none,,2026-06-17T15:11:44.742965+00:00,raw,
YT_UgzTSibwsIZcXHSquaB4AaABAg,YouTube,top_level_comment,UgzTSibwsIZcXHSquaB4AaABAg,UgzTSibwsIZcXHSquaB4AaABAg,Yu37CmWLvK0,SATU MALAYSIA KENA SCAM MAKANAN DI BAZAR RAMADAN‼️ LELAKI SOUND PENIAGA BAZAAR,NuR MuHD,https://www.youtube.com/watch?v=Yu37CmWLvK0,2026-02-22T17:36:49Z,festivals_national_events,Dak la ni hat video kuih tako tu dia nk bg tahu apa?? Ka dia x kenai kuih.. yg lg 1 tepung pelita aku suka kalau lembik mcm tu..,ba44dfe81434984eae1c,2026-02-28T18:39:42Z,2026-02-28T18:39:42Z,0,0,True,True,none,,2026-06-17T15:11:44.742980+00:00,raw,
YT_Ugzg1I7fr-KHH1RWWCx4AaABAg,YouTube,top_level_comment,Ugzg1I7fr-KHH1RWWCx4AaABAg,Ugzg1I7fr-KHH1RWWCx4AaABAg,Yu37CmWLvK0,SATU MALAYSIA KENA SCAM MAKANAN DI BAZAR RAMADAN‼️ LELAKI SOUND PENIAGA BAZAAR,NuR MuHD,https://www.youtube.com/watch?v=Yu37CmWLvK0,2026-02-22T17:36:49Z,festivals_national_events,Mcm tu la bila meniaga setahun sekali kat bazaar ni. Mcm kes zus masuk bazaar ramai peniaga air kecam😂😂😂😂,319a97569c1ba85a9061,2026-02-28T17:27:21Z,2026-02-28T17:27:21Z,0,0,True,True,none,,2026-06-17T15:11:44.742994+00:00,raw,
YT_UgyVwKutOD4Qxmp8PAB4AaABAg,YouTube,top_level_comment,UgyVwKutOD4Qxmp8PAB4AaABAg,UgyVwKutOD4Qxmp8PAB4AaABAg,Yu37CmWLvK0,SATU MALAYSIA KENA SCAM MAKANAN DI BAZAR RAMADAN‼️ LELAKI SOUND PENIAGA BAZAAR,NuR MuHD,https://www.youtube.com/watch?v=Yu37CmWLvK0,2026-02-22T17:36:49Z,festivals_national_events,Gak ada yg genah masakkan ny😅,5041b3e040a24c82efd6,2026-02-28T14:48:10Z,2026-02-28T14:48:10Z,0,0,True,True,none,,2026-06-17T15:11:44.743006+00:00,raw,
YT_UgwFDBVV6VKMedsG8cJ4AaABAg,YouTube,top_level_comment,UgwFDBVV6VKMedsG8cJ4AaABAg,UgwFDBVV6VKMedsG8cJ4AaABAg,Yu37CmWLvK0,SATU MALAYSIA KENA SCAM MAKANAN DI BAZAR RAMADAN‼️ LELAKI SOUND PENIAGA BAZAAR,NuR MuHD,https://www.youtube.com/watch?v=Yu37CmWLvK0,2026-02-22T17:36:49Z,festivals_national_events,"Banyak bazar saya cuba, hampir 95% tak sedap",69bd2593d2ead10a05ce,2026-02-28T10:50:31Z,2026-02-28T10:50:31Z,0,0,True,True,none,,2026-06-17T15:11:44.743017+00:00,raw,
YT_UgyHGEnLgnOe4yfUs3V4AaABAg,YouTube,top_level_comment,UgyHGEnLgnOe4yfUs3V4AaABAg,UgyHGEnLgnOe4yfUs3V4AaABAg,Yu37CmWLvK0,SATU MALAYSIA KENA SCAM MAKANAN DI BAZAR RAMADAN‼️ LELAKI SOUND PENIAGA BAZAAR,NuR MuHD,https://www.youtube.com/watch?v=Yu37CmWLvK0,2026-02-22T17:36:49Z,festivals_national_events,mmg lah mahal makanan nye....nak beli baju raya influencer yg harga beratus sepasang....,3f61afc9696a903121b0,2026-02-28T10:46:13Z,2026-02-28T10:46:13Z,0,0,True,True,none,,2026-06-17T15:11:44.743030+00:00,raw,
YT_UgxDh9JaUshHsqdF9_R4AaABAg,YouTube,top_level_comment,UgxDh9JaUshHsqdF9_R4AaABAg,UgxDh9JaUshHsqdF9_R4AaABAg,Yu37CmWLvK0,SATU MALAYSIA KENA SCAM MAKANAN DI BAZAR RAMADAN‼️ LELAKI SOUND PENIAGA BAZAAR,NuR MuHD,https://www.youtube.com/watch?v=Yu37CmWLvK0,2026-02-22T17:36:49Z,festivals_national_events,Bulan puasa buat scam ke.😮,ac9b3e9db3bd852a53a7,2026-02-28T08:07:38Z,2026-02-28T08:07:38Z,0,0,True,True,none,,2026-06-17T15:11:44.743042+00:00,raw,
YT_Ugzy6zDCLUEyqxphvmJ4AaABAg,YouTube,top_level_comment,Ugzy6zDCLUEyqxphvmJ4AaABAg,Ugzy6zDCLUEyqxphvmJ4AaABAg,Yu37CmWLvK0,SATU MALAYSIA KENA SCAM MAKANAN DI BAZAR RAMADAN‼️ LELAKI SOUND PENIAGA BAZAAR,NuR MuHD,https://www.youtube.com/watch?v=Yu37CmWLvK0,2026-02-22T17:36:49Z,festivals_national_events,"Mana tak merapunya makanan kalau yang jual dan masak kebanyakkan konoha. Tak percaya ko tanya la diaorang. Orang2 kita kebanyakkan dah berumur, dah tak larat. Yang muda2 semua kerja. Last2 yang menjual konoha.",cfe93cdb7508020a604d,2026-02-28T07:10:43Z,2026-02-28T07:10:43Z,0,0,True,True,none,,2026-06-17T15:11:44.743059+00:00,raw,
YT_Ugx9WFSQU5BpPxW6Tlx4AaABAg,YouTube,top_level_comment,Ugx9WFSQU5BpPxW6Tlx4AaABAg,Ugx9WFSQU5BpPxW6Tlx4AaABAg,Yu37CmWLvK0,SATU MALAYSIA KENA SCAM MAKANAN DI BAZAR RAMADAN‼️ LELAKI SOUND PENIAGA BAZAAR,NuR MuHD,https://www.youtube.com/watch?v=Yu37CmWLvK0,2026-02-22T17:36:49Z,festivals_national_events,saya akan buat dua benda. sy dtg balik kedai tue komplain or sy akan viral kn. hari tue ahmad fried chicken sy dh viral kn,9cc88d0c9f486c2fb7e7,2026-02-28T07:05:09Z,2026-02-28T07:05:09Z,0,0,True,True,none,,2026-06-17T15:11:44.743073+00:00,raw,
YT_UgxBdw0Ny53ZaGS7Ejd4AaABAg,YouTube,top_level_comment,UgxBdw0Ny53ZaGS7Ejd4AaABAg,UgxBdw0Ny53ZaGS7Ejd4AaABAg,Yu37CmWLvK0,SATU MALAYSIA KENA SCAM MAKANAN DI BAZAR RAMADAN‼️ LELAKI SOUND PENIAGA BAZAAR,NuR MuHD,https://www.youtube.com/watch?v=Yu37CmWLvK0,2026-02-22T17:36:49Z,festivals_national_events,Dasar tak jujur,f81c3ee904e3fdb0b554,2026-02-28T04:24:35Z,2026-02-28T04:24:35Z,0,0,True,True,none,,2026-06-17T15:11:44.743084+00:00,raw,
YT_Ugz4F3CAuyAoYDIljPN4AaABAg,YouTube,top_level_comment,Ugz4F3CAuyAoYDIljPN4AaABAg,Ugz4F3CAuyAoYDIljPN4AaABAg,Yu37CmWLvK0,SATU MALAYSIA KENA SCAM MAKANAN DI BAZAR RAMADAN‼️ LELAKI SOUND PENIAGA BAZAAR,NuR MuHD,https://www.youtube.com/watch?v=Yu37CmWLvK0,2026-02-22T17:36:49Z,festivals_national_events,pulangkan balik pada peniage2 kalau bolih vital kan sbb diorng ni bukan nye serik...,89f0eac4bd60c7e6a4ff,2026-02-28T04:15:05Z,2026-02-28T04:15:05Z,0,0,True,True,none,,2026-06-17T15:11:44.743097+00:00,raw,
YT_UgxyLl3rgtS9S7KKyJR4AaABAg,YouTube,top_level_comment,UgxyLl3rgtS9S7KKyJR4AaABAg,UgxyLl3rgtS9S7KKyJR4AaABAg,Yu37CmWLvK0,SATU MALAYSIA KENA SCAM MAKANAN DI BAZAR RAMADAN‼️ LELAKI SOUND PENIAGA BAZAAR,NuR MuHD,https://www.youtube.com/watch?v=Yu37CmWLvK0,2026-02-22T17:36:49Z,festivals_national_events,Tahun depan kite jumpa lagi ye 🤣🤣🤣🤣🤣,ff606ef33535015f1783,2026-02-28T03:14:47Z,2026-02-28T03:14:47Z,0,0,True,True,none,,2026-06-17T15:11:44.743109+00:00,raw,
YT_Ugw-OwKGWfVn39E7yzt4AaABAg,YouTube,top_level_comment,Ugw-OwKGWfVn39E7yzt4AaABAg,Ugw-OwKGWfVn39E7yzt4AaABAg,Yu37CmWLvK0,SATU MALAYSIA KENA SCAM MAKANAN DI BAZAR RAMADAN‼️ LELAKI SOUND PENIAGA BAZAAR,NuR MuHD,https://www.youtube.com/watch?v=Yu37CmWLvK0,2026-02-22T17:36:49Z,festivals_national_events,"saya pon dpt sata , blk nk berbuka bukak tgk lemibik mcm krim, x masak langsung. x dpt mkn masa berbuka terpaksa bakar sendiri utk elakkan bazir",b6dd4b306c3e7d9471ab,2026-02-28T02:48:40Z,2026-02-28T02:48:40Z,0,0,True,True,none,,2026-06-17T15:11:44.743124+00:00,raw,
YT_UgyWfyp8LV4HDgm5sjB4AaABAg,YouTube,top_level_comment,UgyWfyp8LV4HDgm5sjB4AaABAg,UgyWfyp8LV4HDgm5sjB4AaABAg,Yu37CmWLvK0,SATU MALAYSIA KENA SCAM MAKANAN DI BAZAR RAMADAN‼️ LELAKI SOUND PENIAGA BAZAAR,NuR MuHD,https://www.youtube.com/watch?v=Yu37CmWLvK0,2026-02-22T17:36:49Z,festivals_national_events,Tiap tahun pun ada masalah ini. Aduh! Masak Maggi pun lebih sedap dan fresh.,bd6f483afe4185db42ef,2026-02-28T01:04:24Z,2026-02-28T01:04:24Z,0,0,True,True,none,,2026-06-17T15:11:44.743137+00:00,raw,
YT_UgwjtdhMVvVPASSKbFd4AaABAg,YouTube,top_level_comment,UgwjtdhMVvVPASSKbFd4AaABAg,UgwjtdhMVvVPASSKbFd4AaABAg,Yu37CmWLvK0,SATU MALAYSIA KENA SCAM MAKANAN DI BAZAR RAMADAN‼️ LELAKI SOUND PENIAGA BAZAAR,NuR MuHD,https://www.youtube.com/watch?v=Yu37CmWLvK0,2026-02-22T17:36:49Z,festivals_national_events,"Sbb tu saya larang keluarga saya beli baik di pasar malam atau di bazar, sbb nya indah rupa dari rasa, dah x sedap mahal plk tu diaorg ni niaga bukan kerana mutunya tapi nk kaut utung,janji duit masuk. mahal klu sedap tak rugi beli, ni rasa terbelit lidah baik buat sendri",4afd9fdca41904f8b515,2026-02-27T21:57:39Z,2026-02-27T21:57:39Z,0,0,True,True,none,,2026-06-17T15:11:44.743155+00:00,raw,
YT_UgwgOAz4e0Trd4gLVwd4AaABAg,YouTube,top_level_comment,UgwgOAz4e0Trd4gLVwd4AaABAg,UgwgOAz4e0Trd4gLVwd4AaABAg,Yu37CmWLvK0,SATU MALAYSIA KENA SCAM MAKANAN DI BAZAR RAMADAN‼️ LELAKI SOUND PENIAGA BAZAAR,NuR MuHD,https://www.youtube.com/watch?v=Yu37CmWLvK0,2026-02-22T17:36:49Z,festivals_national_events,"Guna modal MY KASIH & STR buat kueh ,,,, jual lah murah sikit wahai perniaga 2 bazar",14e6a7f303c957b5f8ce,2026-02-27T17:54:09Z,2026-02-27T17:54:09Z,0,0,True,True,none,,2026-06-17T15:11:44.743168+00:00,raw,
YT_UgzDEJ5H0O9UuHyeGux4AaABAg,YouTube,top_level_comment,UgzDEJ5H0O9UuHyeGux4AaABAg,UgzDEJ5H0O9UuHyeGux4AaABAg,Yu37CmWLvK0,SATU MALAYSIA KENA SCAM MAKANAN DI BAZAR RAMADAN‼️ LELAKI SOUND PENIAGA BAZAAR,NuR MuHD,https://www.youtube.com/watch?v=Yu37CmWLvK0,2026-02-22T17:36:49Z,festivals_national_events,Lebih elok lebih senang.. Beli kat mna tempat kalau tk puas hati kalau tk buleh nak makan dh tak sedap simpang saja makanang tu esok bawak la tunjuk kat org yg jua makanang tu Ini cara yg palin elok,d287bc73248555f674e7,2026-02-27T17:48:13Z,2026-02-27T17:48:13Z,0,0,True,True,none,,2026-06-17T15:11:44.743185+00:00,raw,
YT_Ugz1iLbCx2yxfVzWhQN4AaABAg,YouTube,top_level_comment,Ugz1iLbCx2yxfVzWhQN4AaABAg,Ugz1iLbCx2yxfVzWhQN4AaABAg,Yu37CmWLvK0,SATU MALAYSIA KENA SCAM MAKANAN DI BAZAR RAMADAN‼️ LELAKI SOUND PENIAGA BAZAAR,NuR MuHD,https://www.youtube.com/watch?v=Yu37CmWLvK0,2026-02-22T17:36:49Z,festivals_national_events,"Alhamdullah sekarang bila petang HUJAN jadi banyaklah kueh2 x habis jual x tamai tertipu,,",14e6a7f303c957b5f8ce,2026-02-27T17:47:40Z,2026-02-27T17:47:40Z,0,0,True,True,none,,2026-06-17T15:11:44.743199+00:00,raw,
YT_Ugy0bf-VGJCxiNPBzvV4AaABAg,YouTube,top_level_comment,Ugy0bf-VGJCxiNPBzvV4AaABAg,Ugy0bf-VGJCxiNPBzvV4AaABAg,Yu37CmWLvK0,SATU MALAYSIA KENA SCAM MAKANAN DI BAZAR RAMADAN‼️ LELAKI SOUND PENIAGA BAZAAR,NuR MuHD,https://www.youtube.com/watch?v=Yu37CmWLvK0,2026-02-22T17:36:49Z,festivals_national_events,Susah nak jumpa makanan sedap kat bazar Malaysia.,b8b027a8c796a5951197,2026-02-27T16:53:48Z,2026-02-27T16:53:48Z,0,0,True,True,none,,2026-06-17T15:11:44.743211+00:00,raw,
YT_UgwaiLYq8WLdtZVUiEZ4AaABAg,YouTube,top_level_comment,UgwaiLYq8WLdtZVUiEZ4AaABAg,UgwaiLYq8WLdtZVUiEZ4AaABAg,Yu37CmWLvK0,SATU MALAYSIA KENA SCAM MAKANAN DI BAZAR RAMADAN‼️ LELAKI SOUND PENIAGA BAZAAR,NuR MuHD,https://www.youtube.com/watch?v=Yu37CmWLvK0,2026-02-22T17:36:49Z,festivals_national_events,Ban saja lah peniaga mcm ini..mana boleh jadi mcm ini...mebazirkan Wang rakyat,563b6080bffcf01b6907,2026-02-27T16:31:06Z,2026-02-27T16:31:06Z,0,0,True,True,none,,2026-06-17T15:11:44.743224+00:00,raw,
YT_UgxmxhPK7SseBUxbj7l4AaABAg,YouTube,top_level_comment,UgxmxhPK7SseBUxbj7l4AaABAg,UgxmxhPK7SseBUxbj7l4AaABAg,Yu37CmWLvK0,SATU MALAYSIA KENA SCAM MAKANAN DI BAZAR RAMADAN‼️ LELAKI SOUND PENIAGA BAZAAR,NuR MuHD,https://www.youtube.com/watch?v=Yu37CmWLvK0,2026-02-22T17:36:49Z,festivals_national_events,"Semuanya hadap nak viral 🙄. Jika tak berpuas hati, lebih baik pergi bersemuka dan complaint dirently. Dari menyalak di media sosial, takkan menyelesaikan masalah pun.",7bb97d330775dbb191c1,2026-02-27T16:17:26Z,2026-02-27T16:17:26Z,0,0,True,True,none,,2026-06-17T15:11:44.743242+00:00,raw,
YT_UgwbPlcC42LdzrbxGqV4AaABAg,YouTube,top_level_comment,UgwbPlcC42LdzrbxGqV4AaABAg,UgwbPlcC42LdzrbxGqV4AaABAg,Yu37CmWLvK0,SATU MALAYSIA KENA SCAM MAKANAN DI BAZAR RAMADAN‼️ LELAKI SOUND PENIAGA BAZAAR,NuR MuHD,https://www.youtube.com/watch?v=Yu37CmWLvK0,2026-02-22T17:36:49Z,festivals_national_events,Minta la imam imam bc khutbah cerita hal bisness yg jujur dan bisnes yg lebih bertanggungjawab .. semua Allah akan soal di akhirat inless xda agama la,fb6198924827b8d38489,2026-02-27T15:03:49Z,2026-02-27T15:03:49Z,0,0,True,True,none,,2026-06-17T15:11:44.743257+00:00,raw,
YT_Ugy5K60HcTXBGXy9IDl4AaABAg,YouTube,top_level_comment,Ugy5K60HcTXBGXy9IDl4AaABAg,Ugy5K60HcTXBGXy9IDl4AaABAg,Yu37CmWLvK0,SATU MALAYSIA KENA SCAM MAKANAN DI BAZAR RAMADAN‼️ LELAKI SOUND PENIAGA BAZAAR,NuR MuHD,https://www.youtube.com/watch?v=Yu37CmWLvK0,2026-02-22T17:36:49Z,festivals_national_events,Tu la sy xke pasar ramadan .. pengalaman lalu amat memgecewakan .. dah pi bersesak balik tbah dosa sbb xsedap walaupun rupanya cantik..,fb6198924827b8d38489,2026-02-27T15:01:39Z,2026-02-27T15:01:39Z,0,0,True,True,none,,2026-06-17T15:11:44.743271+00:00,raw,
YT_Ugz6QJ14XrEeW5a6QVB4AaABAg,YouTube,top_level_comment,Ugz6QJ14XrEeW5a6QVB4AaABAg,Ugz6QJ14XrEeW5a6QVB4AaABAg,Yu37CmWLvK0,SATU MALAYSIA KENA SCAM MAKANAN DI BAZAR RAMADAN‼️ LELAKI SOUND PENIAGA BAZAAR,NuR MuHD,https://www.youtube.com/watch?v=Yu37CmWLvK0,2026-02-22T17:36:49Z,festivals_national_events,"Saya tak gi bazar dah.. Sanggup masak sendiri nasi putih telur mata pun udah cukup. Sbb tak puas hati dgn sikap peniaga jualan makanan bazar yg kuat menipu, tidak ikhlas, tamak rakus nk untung banyk smpai munafik dgn customer",ba81139130c49ee57591,2026-02-27T14:41:02Z,2026-02-27T14:41:02Z,0,0,True,True,none,,2026-06-17T15:11:44.743288+00:00,raw,
YT_UgzvZXa8qbtFiSgJajN4AaABAg,YouTube,top_level_comment,UgzvZXa8qbtFiSgJajN4AaABAg,UgzvZXa8qbtFiSgJajN4AaABAg,Yu37CmWLvK0,SATU MALAYSIA KENA SCAM MAKANAN DI BAZAR RAMADAN‼️ LELAKI SOUND PENIAGA BAZAAR,NuR MuHD,https://www.youtube.com/watch?v=Yu37CmWLvK0,2026-02-22T17:36:49Z,festivals_national_events,Ujian Ramadan,5951b5ec74d3c007f629,2026-02-27T14:23:14Z,2026-02-27T14:23:14Z,0,0,True,True,none,,2026-06-17T15:11:44.743299+00:00,raw,
YT_Ugy4W8yLWpN73lRj25t4AaABAg,YouTube,top_level_comment,Ugy4W8yLWpN73lRj25t4AaABAg,Ugy4W8yLWpN73lRj25t4AaABAg,Yu37CmWLvK0,SATU MALAYSIA KENA SCAM MAKANAN DI BAZAR RAMADAN‼️ LELAKI SOUND PENIAGA BAZAAR,NuR MuHD,https://www.youtube.com/watch?v=Yu37CmWLvK0,2026-02-22T17:36:49Z,festivals_national_events,salah satu sbb aku x g bazar ramadan. sbb ni lah aku suh adik aku ikut kelas Khairul Aming.,69348310a1508faa4b1b,2026-02-27T14:15:30Z,2026-02-27T14:15:30Z,0,0,True,True,none,,2026-06-17T15:11:44.743312+00:00,raw,
YT_Ugxi-pN-s5kS3LTCb9l4AaABAg,YouTube,top_level_comment,Ugxi-pN-s5kS3LTCb9l4AaABAg,Ugxi-pN-s5kS3LTCb9l4AaABAg,Yu37CmWLvK0,SATU MALAYSIA KENA SCAM MAKANAN DI BAZAR RAMADAN‼️ LELAKI SOUND PENIAGA BAZAAR,NuR MuHD,https://www.youtube.com/watch?v=Yu37CmWLvK0,2026-02-22T17:36:49Z,festivals_national_events,Nasi kuning Nasi sahaja dlm bekas 4 segi -RM 13 lauk asing ayam masak merah bekas kecil BIASA-RM 18 TOTAL=31 *SHIBAL*,5328c03ce677bf5d14c8,2026-02-27T13:36:11Z,2026-02-27T13:36:11Z,0,0,True,True,none,,2026-06-17T15:11:44.743327+00:00,raw,
YT_UgzDcCEuMsjZ-Lpa6e14AaABAg,YouTube,top_level_comment,UgzDcCEuMsjZ-Lpa6e14AaABAg,UgzDcCEuMsjZ-Lpa6e14AaABAg,Yu37CmWLvK0,SATU MALAYSIA KENA SCAM MAKANAN DI BAZAR RAMADAN‼️ LELAKI SOUND PENIAGA BAZAAR,NuR MuHD,https://www.youtube.com/watch?v=Yu37CmWLvK0,2026-02-22T17:36:49Z,festivals_national_events,Sebab tu kalau nak beli cari org yg mmg dia kerja buat kueh ataupun mmg dia ada kedai berniaga. Kalau yg setaun sekali tu xpayah le ko beli. Nasib² je jmpa yg sedap 😅😅😅,5434300816b16b5895b3,2026-02-27T13:28:13Z,2026-02-27T13:28:13Z,0,0,True,True,none,,2026-06-17T15:11:45.123694+00:00,raw,
YT_UgwOP5UGYG2Qpl3hfgF4AaABAg,YouTube,top_level_comment,UgwOP5UGYG2Qpl3hfgF4AaABAg,UgwOP5UGYG2Qpl3hfgF4AaABAg,Yu37CmWLvK0,SATU MALAYSIA KENA SCAM MAKANAN DI BAZAR RAMADAN‼️ LELAKI SOUND PENIAGA BAZAAR,NuR MuHD,https://www.youtube.com/watch?v=Yu37CmWLvK0,2026-02-22T17:36:49Z,festivals_national_events,Beli harga total RM50 untuk keluarga besar. Ok lah. Support orang kampung. Akhirnya 80% terpaksa buang. Takdo rasa. Keras. Tak masak. Basi.,330ed7d6175c4001028b,2026-02-27T13:09:16Z,2026-02-27T13:09:16Z,0,0,True,True,none,,2026-06-17T15:11:45.123723+00:00,raw,
YT_UgxhI7wkVwLGf4IBr2t4AaABAg,YouTube,top_level_comment,UgxhI7wkVwLGf4IBr2t4AaABAg,UgxhI7wkVwLGf4IBr2t4AaABAg,Yu37CmWLvK0,SATU MALAYSIA KENA SCAM MAKANAN DI BAZAR RAMADAN‼️ LELAKI SOUND PENIAGA BAZAAR,NuR MuHD,https://www.youtube.com/watch?v=Yu37CmWLvK0,2026-02-22T17:36:49Z,festivals_national_events,"Kualiti 1 hal, lagi satu aku tak suka trend kuih dah siap packing.. terpaksa beli dengan kuantiti dalam packaging.. ikut nasib la sedap ke tak.. 1 pack ada 3-4 pcs, kalau ada masalah kualiti (tak sedap, basi, dsb.) tak ke rugi buang duit gitu je? Lagipun aku sorang je.. Dulu syok boleh beli macam-macam jenis kuih, 1 pcs je setiap jenis sebagai sample. Kalau ada masalah pun tak rasa rugi.. Kalau sedap esok boleh tambah kuantiti untuk kuih jenis tu. Roti john yang dah siap balut memang aku tak beli dah.. kalau masak baru pun aku sanggup tunggu depan-depan kuali sebab dulu dah terkena dengan ""roti john cheese"" yang telur ada-takda dengan daging secubit.. kobis je banyak. Cheese pun takda, yang ada sos nacho selemuih atas roti. Dah la aku beli jenis roti yang panjang, bukan pendek. Harga jangan tanya la berapa.. Memang betul aku tak puasa sebab aku bukan muslim, tapi bayangkan kena kat orang yang berpuasa, beli sebab memang teringin lepas tu modal pun cukup-cukup je.. dengan harga makanan dah macam kat foodfest.. apa perasaan orang tu? Bgi aku, nak selesaikan masalah kualiti ni senang je, sebelum makanan sampai tapak bazaar untuk diniagakan, bagi la QC rasa dulu.. bagi anak kecik yang tak puasa atau kawan bukan muslim rasa.. setiap kali masak 1 batch, amik sikit (1-2 pcs kalau kuih.. kalau makanan lain macam nasik, laksa, dsb., sepiring/mangkuk kecik pun dah cukup.. tak sampai 1 portion pun) sebagai sample, tak rugi pun asalkan kualiti terjamin. Makanan sendiri kat rumah pun kalau boleh nak yang sedap-sedap saja & puas hati, ni kan pulak makanan yang nak dijual untuk pelanggan makan.. Kalau tak sampai bila isu kualiti ni nak berulang? Dari tahun ke tahun makin ramai orang viralkan tapi pihak peniaga yang bermasalah ni macam takda tindakan untuk perbaiki masalah tu. Yang beradab & berbudi-bahasa akan mintak maaf bila pelanggan tegur, kena yang jenis tak mengaku salah, pantang ditegur terus ajak gaduh.. naya kome, aje tumpo rope tu.. tak dan sebulan melingkup le sebab orang ramai boikot.. Jadi, bagi peniaga-peniaga di luar sana, jagalah kualiti produk kome, layan pelanggan dengan elok, kalau ada aduan dari pelanggan, terima dan perbaiki masalah tu.. kalau pelanggan betul-betul puas hati, harga mahal sikit pun orang ramai akan terus sokong produk & perniagaan kome. Sekian, terima kasih. Panjang pulak aku taip.",d0c8eebef95defa6a680,2026-02-27T13:01:16Z,2026-02-27T13:01:16Z,0,0,True,True,none,,2026-06-17T15:11:45.123814+00:00,raw,
YT_UgyxwcxXusyy9lxOt6p4AaABAg,YouTube,top_level_comment,UgyxwcxXusyy9lxOt6p4AaABAg,UgyxwcxXusyy9lxOt6p4AaABAg,Yu37CmWLvK0,SATU MALAYSIA KENA SCAM MAKANAN DI BAZAR RAMADAN‼️ LELAKI SOUND PENIAGA BAZAAR,NuR MuHD,https://www.youtube.com/watch?v=Yu37CmWLvK0,2026-02-22T17:36:49Z,festivals_national_events,Orang Melayu tak pandai memasak,d6ed01514a4789347527,2026-02-27T11:09:32Z,2026-02-27T11:09:32Z,0,0,True,True,none,,2026-06-17T15:11:45.123827+00:00,raw,
YT_UgxEOQZRQ4GU12PRJjF4AaABAg,YouTube,top_level_comment,UgxEOQZRQ4GU12PRJjF4AaABAg,UgxEOQZRQ4GU12PRJjF4AaABAg,Yu37CmWLvK0,SATU MALAYSIA KENA SCAM MAKANAN DI BAZAR RAMADAN‼️ LELAKI SOUND PENIAGA BAZAAR,NuR MuHD,https://www.youtube.com/watch?v=Yu37CmWLvK0,2026-02-22T17:36:49Z,festivals_national_events,Ketagih sangat makan RIBA masa puasa.,1383735cb280e8304157,2026-02-27T11:08:20Z,2026-02-27T11:08:20Z,0,0,True,True,none,,2026-06-17T15:11:45.123839+00:00,raw,
YT_UgxES9zmCWWK9L1_XhN4AaABAg,YouTube,top_level_comment,UgxES9zmCWWK9L1_XhN4AaABAg,UgxES9zmCWWK9L1_XhN4AaABAg,Yu37CmWLvK0,SATU MALAYSIA KENA SCAM MAKANAN DI BAZAR RAMADAN‼️ LELAKI SOUND PENIAGA BAZAAR,NuR MuHD,https://www.youtube.com/watch?v=Yu37CmWLvK0,2026-02-22T17:36:49Z,festivals_national_events,Yg masak bangla ke,d6ed01514a4789347527,2026-02-27T11:05:58Z,2026-02-27T11:05:58Z,0,0,True,True,none,,2026-06-17T15:11:45.123851+00:00,raw,
YT_UgzqACf1S7nJg2szIzZ4AaABAg,YouTube,top_level_comment,UgzqACf1S7nJg2szIzZ4AaABAg,UgzqACf1S7nJg2szIzZ4AaABAg,Yu37CmWLvK0,SATU MALAYSIA KENA SCAM MAKANAN DI BAZAR RAMADAN‼️ LELAKI SOUND PENIAGA BAZAAR,NuR MuHD,https://www.youtube.com/watch?v=Yu37CmWLvK0,2026-02-22T17:36:49Z,festivals_national_events,AKU RASA YANG BERNIAGA NI WARGA ASING . MEMANG PADAN LA TAK PANDAI MASAK,88d37fa00b54ea7c9f23,2026-02-27T11:05:49Z,2026-02-27T11:05:49Z,0,0,True,True,none,,2026-06-17T15:11:45.123864+00:00,raw,
YT_UgwV8keZxIumVNPI9gV4AaABAg,YouTube,top_level_comment,UgwV8keZxIumVNPI9gV4AaABAg,UgwV8keZxIumVNPI9gV4AaABAg,Yu37CmWLvK0,SATU MALAYSIA KENA SCAM MAKANAN DI BAZAR RAMADAN‼️ LELAKI SOUND PENIAGA BAZAAR,NuR MuHD,https://www.youtube.com/watch?v=Yu37CmWLvK0,2026-02-22T17:36:49Z,festivals_national_events,Perbuatan cmni hanya merosakkan nama bangsa di masa akan datang,d9f294fc979e116bbf73,2026-02-27T11:02:21Z,2026-02-27T11:02:21Z,0,0,True,True,none,,2026-06-17T15:11:45.123877+00:00,raw,
YT_UgzZxwVZZ3exXwkdsLt4AaABAg,YouTube,top_level_comment,UgzZxwVZZ3exXwkdsLt4AaABAg,UgzZxwVZZ3exXwkdsLt4AaABAg,Yu37CmWLvK0,SATU MALAYSIA KENA SCAM MAKANAN DI BAZAR RAMADAN‼️ LELAKI SOUND PENIAGA BAZAAR,NuR MuHD,https://www.youtube.com/watch?v=Yu37CmWLvK0,2026-02-22T17:36:49Z,festivals_national_events,Roti john ada tulang ayam.. Roti john crispy 😂😂,6b84086a6d2570d27586,2026-02-27T10:56:08Z,2026-02-27T10:56:08Z,0,0,True,True,none,,2026-06-17T15:11:45.123890+00:00,raw,
YT_UgyJHAf34edxtS0OlmJ4AaABAg,YouTube,top_level_comment,UgyJHAf34edxtS0OlmJ4AaABAg,UgyJHAf34edxtS0OlmJ4AaABAg,Yu37CmWLvK0,SATU MALAYSIA KENA SCAM MAKANAN DI BAZAR RAMADAN‼️ LELAKI SOUND PENIAGA BAZAAR,NuR MuHD,https://www.youtube.com/watch?v=Yu37CmWLvK0,2026-02-22T17:36:49Z,festivals_national_events,ihhss Berkulat Kebersihan ..0//10......🤮🤮 .Dah Jorok Mahall Pula lgi,7cbd1a35b00c97672c18,2026-02-27T10:47:40Z,2026-02-27T10:51:02Z,1,0,True,True,none,,2026-06-17T15:11:45.123905+00:00,raw,
YT_UgxyXRtxvV2Gtgtopwh4AaABAg,YouTube,top_level_comment,UgxyXRtxvV2Gtgtopwh4AaABAg,UgxyXRtxvV2Gtgtopwh4AaABAg,Yu37CmWLvK0,SATU MALAYSIA KENA SCAM MAKANAN DI BAZAR RAMADAN‼️ LELAKI SOUND PENIAGA BAZAAR,NuR MuHD,https://www.youtube.com/watch?v=Yu37CmWLvK0,2026-02-22T17:36:49Z,festivals_national_events,Semasa Ramadan pun jual makanan macam ni.. 🤦 tiada berkat kepada si penjual...,7fea46860506c39f8d18,2026-02-27T09:41:14Z,2026-02-27T09:41:14Z,0,0,True,True,none,,2026-06-17T15:11:45.123955+00:00,raw,
YT_Ugx-gzGKmvO2UqyGis94AaABAg,YouTube,top_level_comment,Ugx-gzGKmvO2UqyGis94AaABAg,Ugx-gzGKmvO2UqyGis94AaABAg,Yu37CmWLvK0,SATU MALAYSIA KENA SCAM MAKANAN DI BAZAR RAMADAN‼️ LELAKI SOUND PENIAGA BAZAAR,NuR MuHD,https://www.youtube.com/watch?v=Yu37CmWLvK0,2026-02-22T17:36:49Z,festivals_national_events,Tula Jgn beli yg da siap bungkus.,44883a051efdd2fbdd84,2026-02-27T09:28:19Z,2026-02-27T09:28:19Z,0,0,True,True,none,,2026-06-17T15:11:45.123996+00:00,raw,
YT_Ugxrd_Fn4T4dmwUFr9x4AaABAg,YouTube,top_level_comment,Ugxrd_Fn4T4dmwUFr9x4AaABAg,Ugxrd_Fn4T4dmwUFr9x4AaABAg,Yu37CmWLvK0,SATU MALAYSIA KENA SCAM MAKANAN DI BAZAR RAMADAN‼️ LELAKI SOUND PENIAGA BAZAAR,NuR MuHD,https://www.youtube.com/watch?v=Yu37CmWLvK0,2026-02-22T17:36:49Z,festivals_national_events,Kenape kuih koci tu lembik xbermaya warna pink mana kelapa parut yg d sangai dgn gula melaka wei. .cincai barai je kan jual makanan,4f69ceb5a9279232e39d,2026-02-27T09:00:52Z,2026-02-27T09:00:52Z,0,0,True,True,none,,2026-06-17T15:11:45.124016+00:00,raw,
YT_Ugzz74VapKA-R_TihRV4AaABAg,YouTube,top_level_comment,Ugzz74VapKA-R_TihRV4AaABAg,Ugzz74VapKA-R_TihRV4AaABAg,Yu37CmWLvK0,SATU MALAYSIA KENA SCAM MAKANAN DI BAZAR RAMADAN‼️ LELAKI SOUND PENIAGA BAZAAR,NuR MuHD,https://www.youtube.com/watch?v=Yu37CmWLvK0,2026-02-22T17:36:49Z,festivals_national_events,"Belah loqstaq ni,depa juai mahai jugak..kadang tu alasan depa,sewa tapak mahai nak mam...tapi betoi,orang hat ada duit ni,depa beli tapak berapa ja wei,tapi buat sewa kat orang,mahai ya rabbi..(tak semua la,tapi ramai)",57d380de81d4663d61d7,2026-02-27T08:55:13Z,2026-02-27T08:55:13Z,0,0,True,True,none,,2026-06-17T15:11:45.124035+00:00,raw,
YT_UgyFxpiEsYZJPI8E6554AaABAg,YouTube,top_level_comment,UgyFxpiEsYZJPI8E6554AaABAg,UgyFxpiEsYZJPI8E6554AaABAg,Yu37CmWLvK0,SATU MALAYSIA KENA SCAM MAKANAN DI BAZAR RAMADAN‼️ LELAKI SOUND PENIAGA BAZAAR,NuR MuHD,https://www.youtube.com/watch?v=Yu37CmWLvK0,2026-02-22T17:36:49Z,festivals_national_events,"Lepas hari ke2 aku dah tak beli kuih2 kat bazar. Fail betul. Rasa mcm 2 hari lepas punya pon ada. First time aku makan kuih buang balik sbb tak leh telan😂. Sekarang beli yg bakar2 je, sbb paling tidak pon diorang bakar kat situ. Ayam atau ikan bakar, balik masak nasik",22d293e74f57beeadf16,2026-02-27T08:36:58Z,2026-02-27T08:36:58Z,1,0,True,True,none,,2026-06-17T15:11:45.124059+00:00,raw,
YT_UgxkWHBeayye892ldLd4AaABAg,YouTube,top_level_comment,UgxkWHBeayye892ldLd4AaABAg,UgxkWHBeayye892ldLd4AaABAg,Yu37CmWLvK0,SATU MALAYSIA KENA SCAM MAKANAN DI BAZAR RAMADAN‼️ LELAKI SOUND PENIAGA BAZAAR,NuR MuHD,https://www.youtube.com/watch?v=Yu37CmWLvK0,2026-02-22T17:36:49Z,festivals_national_events,Molek mention slalu bazaar mne...biar org beringat,b96bebb1ef80f75b6cce,2026-02-27T08:33:56Z,2026-02-27T08:33:56Z,0,0,True,True,none,,2026-06-17T15:11:45.124071+00:00,raw,
YT_UgzN-TPc1BVYb72TAs14AaABAg,YouTube,top_level_comment,UgzN-TPc1BVYb72TAs14AaABAg,UgzN-TPc1BVYb72TAs14AaABAg,Yu37CmWLvK0,SATU MALAYSIA KENA SCAM MAKANAN DI BAZAR RAMADAN‼️ LELAKI SOUND PENIAGA BAZAAR,NuR MuHD,https://www.youtube.com/watch?v=Yu37CmWLvK0,2026-02-22T17:36:49Z,festivals_national_events,Kompom x beli pulut panggang danau kota..,039a4ba16bf364bae72f,2026-02-27T07:46:27Z,2026-02-27T07:46:27Z,0,0,True,True,none,,2026-06-17T15:11:45.124083+00:00,raw,
YT_UgzTJ6qIQ6rwR-qiRP54AaABAg,YouTube,top_level_comment,UgzTJ6qIQ6rwR-qiRP54AaABAg,UgzTJ6qIQ6rwR-qiRP54AaABAg,Yu37CmWLvK0,SATU MALAYSIA KENA SCAM MAKANAN DI BAZAR RAMADAN‼️ LELAKI SOUND PENIAGA BAZAAR,NuR MuHD,https://www.youtube.com/watch?v=Yu37CmWLvK0,2026-02-22T17:36:49Z,festivals_national_events,Macam mana diorang ni ada confident nak jual tapi tak reti masak? Saya yang tahu masak pun belum ada confident nak jual... Janganlah macam ni. Kesian orang yang beli.,000a8b3f4d38cf87830b,2026-02-27T07:40:10Z,2026-02-27T07:40:10Z,0,0,True,True,none,,2026-06-17T15:11:45.124099+00:00,raw,
YT_UgyKDM55vThHDlIl1Y54AaABAg,YouTube,top_level_comment,UgyKDM55vThHDlIl1Y54AaABAg,UgyKDM55vThHDlIl1Y54AaABAg,Yu37CmWLvK0,SATU MALAYSIA KENA SCAM MAKANAN DI BAZAR RAMADAN‼️ LELAKI SOUND PENIAGA BAZAAR,NuR MuHD,https://www.youtube.com/watch?v=Yu37CmWLvK0,2026-02-22T17:36:49Z,festivals_national_events,Kuih muih 3 biji seringgit je kak ABG ada mee kari pecal rojak mee laksa.dan lauk pauk pun ada jemput singgah ye❤❤,9b6a9f40b2d39e3d814e,2026-02-27T06:55:12Z,2026-02-27T06:55:12Z,0,0,True,True,none,,2026-06-17T15:11:45.124116+00:00,raw,
YT_UgzcjpOCtdi6mmafgh54AaABAg,YouTube,top_level_comment,UgzcjpOCtdi6mmafgh54AaABAg,UgzcjpOCtdi6mmafgh54AaABAg,Yu37CmWLvK0,SATU MALAYSIA KENA SCAM MAKANAN DI BAZAR RAMADAN‼️ LELAKI SOUND PENIAGA BAZAAR,NuR MuHD,https://www.youtube.com/watch?v=Yu37CmWLvK0,2026-02-22T17:36:49Z,festivals_national_events,Assalamualaikum kak ABG semua nk beli kuih SDP kuih kg meh lah singgah dikg lebu Bentong Pahang cari kedai mak zarah confirm korg DTG lagi.,9b6a9f40b2d39e3d814e,2026-02-27T06:53:59Z,2026-02-27T06:53:59Z,0,0,True,True,none,,2026-06-17T15:11:45.124131+00:00,raw,
YT_UgwujRcmT7CJssh96JB4AaABAg,YouTube,top_level_comment,UgwujRcmT7CJssh96JB4AaABAg,UgwujRcmT7CJssh96JB4AaABAg,Yu37CmWLvK0,SATU MALAYSIA KENA SCAM MAKANAN DI BAZAR RAMADAN‼️ LELAKI SOUND PENIAGA BAZAAR,NuR MuHD,https://www.youtube.com/watch?v=Yu37CmWLvK0,2026-02-22T17:36:49Z,festivals_national_events,"Haaa...para pniaga...msuk la Komen,bg la spatah 2 kata...takut kee...",43f73b03902f9f7c5e64,2026-02-23T02:16:56Z,2026-02-23T02:16:56Z,107,44,True,True,none,,2026-06-17T15:11:44.741666+00:00,raw,
YT_Ugz_4KMvnbExY4zcXYx4AaABAg,YouTube,top_level_comment,Ugz_4KMvnbExY4zcXYx4AaABAg,Ugz_4KMvnbExY4zcXYx4AaABAg,bjYbNs8TvLc,[PENUH] Perkembangan Terkini Proses Cerapan Anak Bulan Syawal | 19 Mac 2026,Buletin TV3,https://www.youtube.com/watch?v=bjYbNs8TvLc,2026-03-19T10:26:41Z,festivals_national_events,"Buat prosedur baru, guna kiraan falak. Gerhana bulan dan gerhana matahari boleh kira tepat, sepatutnya anak bulan atau bulan yang boleh dilihat setiap hari juga boleh dikira tepat insy. Maka buat istiharan awal memudah kan semua pihak.",ac059c69d38a4a2e0d7c,2026-03-21T13:55:33Z,2026-03-21T13:55:33Z,0,0,True,True,none,,2026-06-17T15:11:44.347727+00:00,raw,
YT_UgzEeeBRE6okSNtQhVx4AaABAg,YouTube,top_level_comment,UgzEeeBRE6okSNtQhVx4AaABAg,UgzEeeBRE6okSNtQhVx4AaABAg,bjYbNs8TvLc,[PENUH] Perkembangan Terkini Proses Cerapan Anak Bulan Syawal | 19 Mac 2026,Buletin TV3,https://www.youtube.com/watch?v=bjYbNs8TvLc,2026-03-19T10:26:41Z,festivals_national_events,"Saje kabo, kampung aku sebelah rumah je😂❤",5db7e69bddba902a2db1,2026-03-21T03:31:18Z,2026-03-21T03:31:18Z,0,0,True,True,none,,2026-06-17T15:11:44.347753+00:00,raw,
YT_Ugyq21wdBGlvCM06Z7d4AaABAg,YouTube,top_level_comment,Ugyq21wdBGlvCM06Z7d4AaABAg,Ugyq21wdBGlvCM06Z7d4AaABAg,bjYbNs8TvLc,[PENUH] Perkembangan Terkini Proses Cerapan Anak Bulan Syawal | 19 Mac 2026,Buletin TV3,https://www.youtube.com/watch?v=bjYbNs8TvLc,2026-03-19T10:26:41Z,festivals_national_events,Raya Sabtu ke Ahad... Raya tahun ni,3fb226cbae0a3315a16c,2026-03-20T12:57:15Z,2026-03-20T12:57:15Z,0,0,True,True,none,,2026-06-17T15:11:44.347767+00:00,raw,
YT_UgyWFH5Zr_0tT5hQORl4AaABAg,YouTube,top_level_comment,UgyWFH5Zr_0tT5hQORl4AaABAg,UgyWFH5Zr_0tT5hQORl4AaABAg,bjYbNs8TvLc,[PENUH] Perkembangan Terkini Proses Cerapan Anak Bulan Syawal | 19 Mac 2026,Buletin TV3,https://www.youtube.com/watch?v=bjYbNs8TvLc,2026-03-19T10:26:41Z,festivals_national_events,Anak Bulan tidak kenampakan ke? Pakai teleskop?,07765cce403cdd1b9344,2026-03-20T00:24:59Z,2026-03-20T00:24:59Z,0,0,True,True,none,,2026-06-17T15:11:44.347781+00:00,raw,
YT_UgxfxP23P5XNUoW3gld4AaABAg,YouTube,top_level_comment,UgxfxP23P5XNUoW3gld4AaABAg,UgxfxP23P5XNUoW3gld4AaABAg,bjYbNs8TvLc,[PENUH] Perkembangan Terkini Proses Cerapan Anak Bulan Syawal | 19 Mac 2026,Buletin TV3,https://www.youtube.com/watch?v=bjYbNs8TvLc,2026-03-19T10:26:41Z,festivals_national_events,Baju merah,f7b0e870dd0d71d14120,2026-03-19T17:15:09Z,2026-03-19T17:15:09Z,0,0,True,True,none,,2026-06-17T15:11:44.347792+00:00,raw,
YT_UgyJiephnp0HLvF7C8d4AaABAg,YouTube,top_level_comment,UgyJiephnp0HLvF7C8d4AaABAg,UgyJiephnp0HLvF7C8d4AaABAg,bjYbNs8TvLc,[PENUH] Perkembangan Terkini Proses Cerapan Anak Bulan Syawal | 19 Mac 2026,Buletin TV3,https://www.youtube.com/watch?v=bjYbNs8TvLc,2026-03-19T10:26:41Z,festivals_national_events,❤hari Sabtu raya,f7b0e870dd0d71d14120,2026-03-19T17:10:50Z,2026-03-19T17:10:50Z,1,0,True,True,none,,2026-06-17T15:11:44.347805+00:00,raw,
YT_UgwfFDA3x_Oh3mkUnMt4AaABAg,YouTube,top_level_comment,UgwfFDA3x_Oh3mkUnMt4AaABAg,UgwfFDA3x_Oh3mkUnMt4AaABAg,bjYbNs8TvLc,[PENUH] Perkembangan Terkini Proses Cerapan Anak Bulan Syawal | 19 Mac 2026,Buletin TV3,https://www.youtube.com/watch?v=bjYbNs8TvLc,2026-03-19T10:26:41Z,festivals_national_events,Bila raya ni..Klau x raya esok aku kena keje lagi ni..,65a685cf7dc99ca89708,2026-03-19T13:10:15Z,2026-03-19T13:10:15Z,0,0,True,True,none,,2026-06-17T15:11:44.347818+00:00,raw,
YT_Ugx-SWAiuCva3JtH9Yl4AaABAg,YouTube,top_level_comment,Ugx-SWAiuCva3JtH9Yl4AaABAg,Ugx-SWAiuCva3JtH9Yl4AaABAg,bjYbNs8TvLc,[PENUH] Perkembangan Terkini Proses Cerapan Anak Bulan Syawal | 19 Mac 2026,Buletin TV3,https://www.youtube.com/watch?v=bjYbNs8TvLc,2026-03-19T10:26:41Z,festivals_national_events,Ohhhhh...... Kesahnye..... Itu dia teropong anak bulan..... Seumur hidup aku baru ni aku tengok teropong tu.,afaab7c8e78d20b0c461,2026-03-19T13:04:52Z,2026-03-19T13:04:52Z,2,0,True,True,none,,2026-06-17T15:11:44.347832+00:00,raw,
YT_Ugz1Uf0DNduz_0J6Rrd4AaABAg,YouTube,top_level_comment,Ugz1Uf0DNduz_0J6Rrd4AaABAg,Ugz1Uf0DNduz_0J6Rrd4AaABAg,bjYbNs8TvLc,[PENUH] Perkembangan Terkini Proses Cerapan Anak Bulan Syawal | 19 Mac 2026,Buletin TV3,https://www.youtube.com/watch?v=bjYbNs8TvLc,2026-03-19T10:26:41Z,festivals_national_events,Kenape badan terhoyong hayang kiri kanan kir kanan????,ae0eda6cd4e5aaa2317c,2026-03-19T12:52:12Z,2026-03-19T12:52:12Z,0,0,True,True,none,,2026-06-17T15:11:44.347845+00:00,raw,
YT_Ugy_31hteZ3X8yv8chh4AaABAg,YouTube,top_level_comment,Ugy_31hteZ3X8yv8chh4AaABAg,Ugy_31hteZ3X8yv8chh4AaABAg,bjYbNs8TvLc,[PENUH] Perkembangan Terkini Proses Cerapan Anak Bulan Syawal | 19 Mac 2026,Buletin TV3,https://www.youtube.com/watch?v=bjYbNs8TvLc,2026-03-19T10:26:41Z,festivals_national_events,alhamdulillah sabtu raya..selamat hari raya semuanya,d323e2e3afd5773f86d2,2026-03-19T12:39:55Z,2026-03-19T12:39:55Z,3,0,True,True,none,,2026-06-17T15:11:44.347857+00:00,raw,
YT_Ugz8IlOJbNEzeTi_pX14AaABAg,YouTube,top_level_comment,Ugz8IlOJbNEzeTi_pX14AaABAg,Ugz8IlOJbNEzeTi_pX14AaABAg,bjYbNs8TvLc,[PENUH] Perkembangan Terkini Proses Cerapan Anak Bulan Syawal | 19 Mac 2026,Buletin TV3,https://www.youtube.com/watch?v=bjYbNs8TvLc,2026-03-19T10:26:41Z,festivals_national_events,Mungkin raya tidak jadi tahun ini..anak bulan tidak nampak..nampak bulan pas sahaja tidak boleh kira,5d5d5220f6b421c7b51c,2026-03-19T12:31:27Z,2026-03-19T12:31:27Z,1,0,True,True,none,,2026-06-17T15:11:44.347871+00:00,raw,
YT_UgxOC4An1t8-SIP500R4AaABAg,YouTube,top_level_comment,UgxOC4An1t8-SIP500R4AaABAg,UgxOC4An1t8-SIP500R4AaABAg,bjYbNs8TvLc,[PENUH] Perkembangan Terkini Proses Cerapan Anak Bulan Syawal | 19 Mac 2026,Buletin TV3,https://www.youtube.com/watch?v=bjYbNs8TvLc,2026-03-19T10:26:41Z,festivals_national_events,Kurangkan perrgerakan badan ke kiri Dan ke kanan.,92608e0d2738d42a6a9d,2026-03-19T12:27:07Z,2026-03-19T12:27:07Z,1,1,True,True,none,,2026-06-17T15:11:44.347883+00:00,raw,
YT_UgwKpYFe7zrr8_5QdKR4AaABAg,YouTube,top_level_comment,UgwKpYFe7zrr8_5QdKR4AaABAg,UgwKpYFe7zrr8_5QdKR4AaABAg,bjYbNs8TvLc,[PENUH] Perkembangan Terkini Proses Cerapan Anak Bulan Syawal | 19 Mac 2026,Buletin TV3,https://www.youtube.com/watch?v=bjYbNs8TvLc,2026-03-19T10:26:41Z,festivals_national_events,Wakakakaka..anak bulan xnak muncul puasa la korg sampai tahun depan..biul,f47316b4f8bc0c4703d2,2026-03-19T12:22:07Z,2026-03-19T12:22:07Z,1,0,True,True,none,,2026-06-17T15:11:44.347895+00:00,raw,
YT_UgyBvjUPtCTiku0QPT14AaABAg,YouTube,top_level_comment,UgyBvjUPtCTiku0QPT14AaABAg,UgyBvjUPtCTiku0QPT14AaABAg,bjYbNs8TvLc,[PENUH] Perkembangan Terkini Proses Cerapan Anak Bulan Syawal | 19 Mac 2026,Buletin TV3,https://www.youtube.com/watch?v=bjYbNs8TvLc,2026-03-19T10:26:41Z,festivals_national_events,"hari haya jatuh pda hari, tgl berapa?",88e83949ea71fb958e18,2026-03-19T12:20:00Z,2026-03-19T12:20:00Z,1,0,True,True,none,,2026-06-17T15:11:44.347907+00:00,raw,
YT_UgzEtzMwVHommQhBMld4AaABAg,YouTube,top_level_comment,UgzEtzMwVHommQhBMld4AaABAg,UgzEtzMwVHommQhBMld4AaABAg,bjYbNs8TvLc,[PENUH] Perkembangan Terkini Proses Cerapan Anak Bulan Syawal | 19 Mac 2026,Buletin TV3,https://www.youtube.com/watch?v=bjYbNs8TvLc,2026-03-19T10:26:41Z,festivals_national_events,Aku dh ready utk esok😂😂😂😂😂😂😢😢😢😢😢 whyyyyyy....kena puasa lagi lh esok ye😭,928f96d77c3cf551bb74,2026-03-19T12:16:47Z,2026-03-19T12:16:47Z,2,2,True,True,none,,2026-06-17T15:11:44.347921+00:00,raw,
YT_Ugx6R-fQiefw3-LK4nR4AaABAg,YouTube,top_level_comment,Ugx6R-fQiefw3-LK4nR4AaABAg,Ugx6R-fQiefw3-LK4nR4AaABAg,bjYbNs8TvLc,[PENUH] Perkembangan Terkini Proses Cerapan Anak Bulan Syawal | 19 Mac 2026,Buletin TV3,https://www.youtube.com/watch?v=bjYbNs8TvLc,2026-03-19T10:26:41Z,festivals_national_events,Raya sabtu,01e66564851517477efd,2026-03-19T12:09:25Z,2026-03-19T12:09:25Z,1,0,True,True,none,,2026-06-17T15:11:44.347932+00:00,raw,
YT_UgzQURrfDIc9mxSNHaR4AaABAg,YouTube,top_level_comment,UgzQURrfDIc9mxSNHaR4AaABAg,UgzQURrfDIc9mxSNHaR4AaABAg,bjYbNs8TvLc,[PENUH] Perkembangan Terkini Proses Cerapan Anak Bulan Syawal | 19 Mac 2026,Buletin TV3,https://www.youtube.com/watch?v=bjYbNs8TvLc,2026-03-19T10:26:41Z,festivals_national_events,SABTUUUUUUU,b688e1e4a611c223cb63,2026-03-19T12:08:54Z,2026-03-19T12:08:54Z,1,1,True,True,none,,2026-06-17T15:11:44.347943+00:00,raw,
YT_Ugz364YqgvEMj2IbW1R4AaABAg,YouTube,top_level_comment,Ugz364YqgvEMj2IbW1R4AaABAg,Ugz364YqgvEMj2IbW1R4AaABAg,bjYbNs8TvLc,[PENUH] Perkembangan Terkini Proses Cerapan Anak Bulan Syawal | 19 Mac 2026,Buletin TV3,https://www.youtube.com/watch?v=bjYbNs8TvLc,2026-03-19T10:26:41Z,festivals_national_events,SIA??😂😂😂,f2b3cd8ac60a905e5d79,2026-03-19T12:07:28Z,2026-03-19T12:07:28Z,0,0,True,True,none,,2026-06-17T15:11:44.347953+00:00,raw,
YT_Ugw9KCWrf2tOO-PKSZp4AaABAg,YouTube,top_level_comment,Ugw9KCWrf2tOO-PKSZp4AaABAg,Ugw9KCWrf2tOO-PKSZp4AaABAg,bjYbNs8TvLc,[PENUH] Perkembangan Terkini Proses Cerapan Anak Bulan Syawal | 19 Mac 2026,Buletin TV3,https://www.youtube.com/watch?v=bjYbNs8TvLc,2026-03-19T10:26:41Z,festivals_national_events,"Klu betul tengok anak bulan, raya Sabtu.",f0b471edb986b3b155d2,2026-03-19T12:07:00Z,2026-03-19T12:07:10Z,1,0,True,True,none,,2026-06-17T15:11:44.347965+00:00,raw,
YT_Ugwth1aK_0zUFxewtE94AaABAg,YouTube,top_level_comment,Ugwth1aK_0zUFxewtE94AaABAg,Ugwth1aK_0zUFxewtE94AaABAg,bjYbNs8TvLc,[PENUH] Perkembangan Terkini Proses Cerapan Anak Bulan Syawal | 19 Mac 2026,Buletin TV3,https://www.youtube.com/watch?v=bjYbNs8TvLc,2026-03-19T10:26:41Z,festivals_national_events,Aduh awat la banyak berdoa hari sabtu,3b2ffe4b179e67d9233c,2026-03-19T12:06:42Z,2026-03-19T12:06:42Z,2,2,True,True,none,,2026-06-17T15:11:44.347977+00:00,raw,
YT_UgwXGBpLDWt2x4Vjdoh4AaABAg,YouTube,top_level_comment,UgwXGBpLDWt2x4Vjdoh4AaABAg,UgwXGBpLDWt2x4Vjdoh4AaABAg,bjYbNs8TvLc,[PENUH] Perkembangan Terkini Proses Cerapan Anak Bulan Syawal | 19 Mac 2026,Buletin TV3,https://www.youtube.com/watch?v=bjYbNs8TvLc,2026-03-19T10:26:41Z,festivals_national_events,Alhamdulillah salam sejahtera.😊😮🎉❤❤❤❤,cbcd0a5295abe3f28b6d,2026-03-19T12:06:15Z,2026-03-19T12:06:15Z,2,0,True,True,none,,2026-06-17T15:11:44.347989+00:00,raw,
YT_UgykGjQOcFzdNBtguQJ4AaABAg,YouTube,top_level_comment,UgykGjQOcFzdNBtguQJ4AaABAg,UgykGjQOcFzdNBtguQJ4AaABAg,bjYbNs8TvLc,[PENUH] Perkembangan Terkini Proses Cerapan Anak Bulan Syawal | 19 Mac 2026,Buletin TV3,https://www.youtube.com/watch?v=bjYbNs8TvLc,2026-03-19T10:26:41Z,festivals_national_events,"Niihau off labuan???,😂😂😂",f2b3cd8ac60a905e5d79,2026-03-19T12:05:54Z,2026-03-19T12:05:54Z,1,0,True,True,none,,2026-06-17T15:11:44.348001+00:00,raw,
YT_Ugz87ZYRelVajMonH5N4AaABAg,YouTube,top_level_comment,Ugz87ZYRelVajMonH5N4AaABAg,Ugz87ZYRelVajMonH5N4AaABAg,bjYbNs8TvLc,[PENUH] Perkembangan Terkini Proses Cerapan Anak Bulan Syawal | 19 Mac 2026,Buletin TV3,https://www.youtube.com/watch?v=bjYbNs8TvLc,2026-03-19T10:26:41Z,festivals_national_events,BERDEBAR2 JATUNG NAK RAYA.,bc050e1dca1002094c3d,2026-03-19T12:03:23Z,2026-03-19T12:03:23Z,1,0,True,True,none,,2026-06-17T15:11:44.348012+00:00,raw,
YT_Ugz1OkzbatwC-6jzKYd4AaABAg,YouTube,top_level_comment,Ugz1OkzbatwC-6jzKYd4AaABAg,Ugz1OkzbatwC-6jzKYd4AaABAg,bjYbNs8TvLc,[PENUH] Perkembangan Terkini Proses Cerapan Anak Bulan Syawal | 19 Mac 2026,Buletin TV3,https://www.youtube.com/watch?v=bjYbNs8TvLc,2026-03-19T10:26:41Z,festivals_national_events,Kasi Sabtu lah.. kelam kabut aku mau atur manpower staff.. 🥱,9aed9473be08b0f614f6,2026-03-19T12:03:16Z,2026-03-19T12:03:16Z,0,0,True,True,none,,2026-06-17T15:11:44.348026+00:00,raw,
YT_UgwkO8DYgUKCAWWaGEV4AaABAg,YouTube,top_level_comment,UgwkO8DYgUKCAWWaGEV4AaABAg,UgwkO8DYgUKCAWWaGEV4AaABAg,bjYbNs8TvLc,[PENUH] Perkembangan Terkini Proses Cerapan Anak Bulan Syawal | 19 Mac 2026,Buletin TV3,https://www.youtube.com/watch?v=bjYbNs8TvLc,2026-03-19T10:26:41Z,festivals_national_events,mintak sabtu yee raya,383aef08e9d7e823073e,2026-03-19T12:02:57Z,2026-03-19T12:02:57Z,1,0,True,True,none,,2026-06-17T15:11:44.348038+00:00,raw,
YT_UgzrWVM_BRmxAsUoSYV4AaABAg,YouTube,top_level_comment,UgzrWVM_BRmxAsUoSYV4AaABAg,UgzrWVM_BRmxAsUoSYV4AaABAg,bjYbNs8TvLc,[PENUH] Perkembangan Terkini Proses Cerapan Anak Bulan Syawal | 19 Mac 2026,Buletin TV3,https://www.youtube.com/watch?v=bjYbNs8TvLc,2026-03-19T10:26:41Z,festivals_national_events,😊😊😊😊,2de044a96aa32c8c793e,2026-03-19T12:01:55Z,2026-03-19T12:01:55Z,1,0,True,True,none,,2026-06-17T15:11:44.348048+00:00,raw,
YT_UgxPVir6hq18svSJd0h4AaABAg,YouTube,top_level_comment,UgxPVir6hq18svSJd0h4AaABAg,UgxPVir6hq18svSJd0h4AaABAg,bjYbNs8TvLc,[PENUH] Perkembangan Terkini Proses Cerapan Anak Bulan Syawal | 19 Mac 2026,Buletin TV3,https://www.youtube.com/watch?v=bjYbNs8TvLc,2026-03-19T10:26:41Z,festivals_national_events,Singapore indonesia raya sabtu,7b885f1025c81d89d063,2026-03-19T11:58:55Z,2026-03-19T11:58:55Z,1,8,True,True,none,,2026-06-17T15:11:44.348060+00:00,raw,
YT_UgzaOur07BNAzfAIP3N4AaABAg,YouTube,top_level_comment,UgzaOur07BNAzfAIP3N4AaABAg,UgzaOur07BNAzfAIP3N4AaABAg,bjYbNs8TvLc,[PENUH] Perkembangan Terkini Proses Cerapan Anak Bulan Syawal | 19 Mac 2026,Buletin TV3,https://www.youtube.com/watch?v=bjYbNs8TvLc,2026-03-19T10:26:41Z,festivals_national_events,Orng Sabah nak cepat sikit pengumuman tu..,60e8df8ea74f6db5a3a8,2026-03-19T11:58:43Z,2026-03-19T11:58:43Z,1,0,True,True,none,,2026-06-17T15:11:44.348071+00:00,raw,
YT_UgzZVRcj2d7E2pGU9Px4AaABAg,YouTube,top_level_comment,UgzZVRcj2d7E2pGU9Px4AaABAg,UgzZVRcj2d7E2pGU9Px4AaABAg,bjYbNs8TvLc,[PENUH] Perkembangan Terkini Proses Cerapan Anak Bulan Syawal | 19 Mac 2026,Buletin TV3,https://www.youtube.com/watch?v=bjYbNs8TvLc,2026-03-19T10:26:41Z,festivals_national_events,Sabtu raya,5c37d5f54ce8c27736c4,2026-03-19T11:57:25Z,2026-03-19T11:57:25Z,0,0,True,True,none,,2026-06-17T15:11:44.348082+00:00,raw,
YT_UgxsRFTXvHfOEaX9eJp4AaABAg,YouTube,top_level_comment,UgxsRFTXvHfOEaX9eJp4AaABAg,UgxsRFTXvHfOEaX9eJp4AaABAg,bjYbNs8TvLc,[PENUH] Perkembangan Terkini Proses Cerapan Anak Bulan Syawal | 19 Mac 2026,Buletin TV3,https://www.youtube.com/watch?v=bjYbNs8TvLc,2026-03-19T10:26:41Z,festivals_national_events,Hari Sabtu raya jo,4dfd3f04f93dc9f73486,2026-03-19T11:56:55Z,2026-03-19T11:56:55Z,1,0,True,True,none,,2026-06-17T15:11:44.348094+00:00,raw,
YT_Ugw_kSiAtik8lbBFOGR4AaABAg,YouTube,top_level_comment,Ugw_kSiAtik8lbBFOGR4AaABAg,Ugw_kSiAtik8lbBFOGR4AaABAg,bjYbNs8TvLc,[PENUH] Perkembangan Terkini Proses Cerapan Anak Bulan Syawal | 19 Mac 2026,Buletin TV3,https://www.youtube.com/watch?v=bjYbNs8TvLc,2026-03-19T10:26:41Z,festivals_national_events,Tanggal 21,4dfd3f04f93dc9f73486,2026-03-19T11:56:24Z,2026-03-19T11:56:24Z,1,0,True,True,none,,2026-06-17T15:11:44.348105+00:00,raw,
YT_UgwssWPWmTNw-dLcbPx4AaABAg,YouTube,top_level_comment,UgwssWPWmTNw-dLcbPx4AaABAg,UgwssWPWmTNw-dLcbPx4AaABAg,bjYbNs8TvLc,[PENUH] Perkembangan Terkini Proses Cerapan Anak Bulan Syawal | 19 Mac 2026,Buletin TV3,https://www.youtube.com/watch?v=bjYbNs8TvLc,2026-03-19T10:26:41Z,festivals_national_events,Sabtuuuu,cc41d7968c226a7a07bf,2026-03-19T11:55:37Z,2026-03-19T11:55:37Z,2,0,True,True,none,,2026-06-17T15:11:44.348116+00:00,raw,
YT_UgzpYq78MIwYHXwcnbZ4AaABAg,YouTube,top_level_comment,UgzpYq78MIwYHXwcnbZ4AaABAg,UgzpYq78MIwYHXwcnbZ4AaABAg,bjYbNs8TvLc,[PENUH] Perkembangan Terkini Proses Cerapan Anak Bulan Syawal | 19 Mac 2026,Buletin TV3,https://www.youtube.com/watch?v=bjYbNs8TvLc,2026-03-19T10:26:41Z,festivals_national_events,"Saspens pulak rasa, harap sabtu raya tak kelam kabut sgt 😅",d444b7ab84c3ff188f63,2026-03-19T11:55:22Z,2026-03-19T11:55:22Z,11,2,True,True,none,,2026-06-17T15:11:44.348129+00:00,raw,
YT_UgzlmCZIonyYMJcoIJB4AaABAg,YouTube,top_level_comment,UgzlmCZIonyYMJcoIJB4AaABAg,UgzlmCZIonyYMJcoIJB4AaABAg,bjYbNs8TvLc,[PENUH] Perkembangan Terkini Proses Cerapan Anak Bulan Syawal | 19 Mac 2026,Buletin TV3,https://www.youtube.com/watch?v=bjYbNs8TvLc,2026-03-19T10:26:41Z,festivals_national_events,Jumaat raya,5cb8afaee0c6cdebb3b0,2026-03-19T11:52:54Z,2026-03-19T11:52:54Z,1,0,True,True,none,,2026-06-17T15:11:44.348140+00:00,raw,
YT_UgzSyxu9YzGJlLOZbd54AaABAg,YouTube,top_level_comment,UgzSyxu9YzGJlLOZbd54AaABAg,UgzSyxu9YzGJlLOZbd54AaABAg,bjYbNs8TvLc,[PENUH] Perkembangan Terkini Proses Cerapan Anak Bulan Syawal | 19 Mac 2026,Buletin TV3,https://www.youtube.com/watch?v=bjYbNs8TvLc,2026-03-19T10:26:41Z,festivals_national_events,1 syawal kita raya..,ba53d86140fe0e888581,2026-03-19T11:52:45Z,2026-03-19T11:52:45Z,2,0,True,True,none,,2026-06-17T15:11:44.348152+00:00,raw,
YT_Ugz4lrWKYwHhGJtp85l4AaABAg,YouTube,top_level_comment,Ugz4lrWKYwHhGJtp85l4AaABAg,Ugz4lrWKYwHhGJtp85l4AaABAg,bjYbNs8TvLc,[PENUH] Perkembangan Terkini Proses Cerapan Anak Bulan Syawal | 19 Mac 2026,Buletin TV3,https://www.youtube.com/watch?v=bjYbNs8TvLc,2026-03-19T10:26:41Z,festivals_national_events,Sabtu Raya 🤲,77e0e1f15c47a8ee4ae6,2026-03-19T11:51:45Z,2026-03-19T11:51:45Z,1,0,True,True,none,,2026-06-17T15:11:44.348163+00:00,raw,
YT_Ugy0l1uSQfDzEt_IyjZ4AaABAg,YouTube,top_level_comment,Ugy0l1uSQfDzEt_IyjZ4AaABAg,Ugy0l1uSQfDzEt_IyjZ4AaABAg,bjYbNs8TvLc,[PENUH] Perkembangan Terkini Proses Cerapan Anak Bulan Syawal | 19 Mac 2026,Buletin TV3,https://www.youtube.com/watch?v=bjYbNs8TvLc,2026-03-19T10:26:41Z,festivals_national_events,Esok Raya ✊🏻,594b0b30d606125df020,2026-03-19T11:46:24Z,2026-03-19T11:46:24Z,1,0,True,True,none,,2026-06-17T15:11:44.348174+00:00,raw,
YT_UgyAm7rjjx2cH98Ea0J4AaABAg,YouTube,top_level_comment,UgyAm7rjjx2cH98Ea0J4AaABAg,UgyAm7rjjx2cH98Ea0J4AaABAg,bjYbNs8TvLc,[PENUH] Perkembangan Terkini Proses Cerapan Anak Bulan Syawal | 19 Mac 2026,Buletin TV3,https://www.youtube.com/watch?v=bjYbNs8TvLc,2026-03-19T10:26:41Z,festivals_national_events,Umumlah cepat dah isyak dah ni,0b29e47cbcb93f3a17b5,2026-03-19T11:45:44Z,2026-03-19T11:45:44Z,1,0,True,True,none,,2026-06-17T15:11:44.348186+00:00,raw,
YT_Ugx6A1wyUMC6g75VeTR4AaABAg,YouTube,top_level_comment,Ugx6A1wyUMC6g75VeTR4AaABAg,Ugx6A1wyUMC6g75VeTR4AaABAg,bjYbNs8TvLc,[PENUH] Perkembangan Terkini Proses Cerapan Anak Bulan Syawal | 19 Mac 2026,Buletin TV3,https://www.youtube.com/watch?v=bjYbNs8TvLc,2026-03-19T10:26:41Z,festivals_national_events,Conperm 22hb,46ea3229744c2f5b36f2,2026-03-19T11:44:52Z,2026-03-19T11:44:52Z,1,0,True,True,none,,2026-06-17T15:11:44.348197+00:00,raw,
YT_UgzP8wzbpPwJVy2qRw94AaABAg,YouTube,top_level_comment,UgzP8wzbpPwJVy2qRw94AaABAg,UgzP8wzbpPwJVy2qRw94AaABAg,bjYbNs8TvLc,[PENUH] Perkembangan Terkini Proses Cerapan Anak Bulan Syawal | 19 Mac 2026,Buletin TV3,https://www.youtube.com/watch?v=bjYbNs8TvLc,2026-03-19T10:26:41Z,festivals_national_events,Isnin,37241c780840370b84d2,2026-03-19T11:41:59Z,2026-03-19T11:41:59Z,1,0,True,True,none,,2026-06-17T15:11:44.348207+00:00,raw,
YT_UgxIM6NinC_GXovHbHl4AaABAg,YouTube,top_level_comment,UgxIM6NinC_GXovHbHl4AaABAg,UgxIM6NinC_GXovHbHl4AaABAg,bjYbNs8TvLc,[PENUH] Perkembangan Terkini Proses Cerapan Anak Bulan Syawal | 19 Mac 2026,Buletin TV3,https://www.youtube.com/watch?v=bjYbNs8TvLc,2026-03-19T10:26:41Z,festivals_national_events,mna prof ust mat rofa,1ce3adaae86937f10eed,2026-03-19T11:41:11Z,2026-03-19T11:41:11Z,1,0,True,True,none,,2026-06-17T15:11:44.348219+00:00,raw,
YT_UgxgfF3t-Xp8gC9KGYN4AaABAg,YouTube,top_level_comment,UgxgfF3t-Xp8gC9KGYN4AaABAg,UgxgfF3t-Xp8gC9KGYN4AaABAg,bjYbNs8TvLc,[PENUH] Perkembangan Terkini Proses Cerapan Anak Bulan Syawal | 19 Mac 2026,Buletin TV3,https://www.youtube.com/watch?v=bjYbNs8TvLc,2026-03-19T10:26:41Z,festivals_national_events,Raya esok,3b690bef3f8eb09b0a43,2026-03-19T11:37:32Z,2026-03-19T11:37:32Z,1,0,True,True,none,,2026-06-17T15:11:44.348229+00:00,raw,
YT_Ugx8SfAaFPniutsI1uN4AaABAg,YouTube,top_level_comment,Ugx8SfAaFPniutsI1uN4AaABAg,Ugx8SfAaFPniutsI1uN4AaABAg,bjYbNs8TvLc,[PENUH] Perkembangan Terkini Proses Cerapan Anak Bulan Syawal | 19 Mac 2026,Buletin TV3,https://www.youtube.com/watch?v=bjYbNs8TvLc,2026-03-19T10:26:41Z,festivals_national_events,Jumaat...kompom..panik buying,18beb351485bbde7aec7,2026-03-19T11:36:15Z,2026-03-19T11:36:15Z,4,0,True,True,none,,2026-06-17T15:11:44.348241+00:00,raw,
YT_UgyHPmOO1vizjLoxjQV4AaABAg,YouTube,top_level_comment,UgyHPmOO1vizjLoxjQV4AaABAg,UgyHPmOO1vizjLoxjQV4AaABAg,bjYbNs8TvLc,[PENUH] Perkembangan Terkini Proses Cerapan Anak Bulan Syawal | 19 Mac 2026,Buletin TV3,https://www.youtube.com/watch?v=bjYbNs8TvLc,2026-03-19T10:26:41Z,festivals_national_events,Sabtu raya,1bff13e4a0081d764e5a,2026-03-19T11:34:51Z,2026-03-19T11:34:51Z,5,0,True,True,none,,2026-06-17T15:11:44.348252+00:00,raw,
YT_Ugzd7TwX6Mq_lieLsEV4AaABAg,YouTube,top_level_comment,Ugzd7TwX6Mq_lieLsEV4AaABAg,Ugzd7TwX6Mq_lieLsEV4AaABAg,bjYbNs8TvLc,[PENUH] Perkembangan Terkini Proses Cerapan Anak Bulan Syawal | 19 Mac 2026,Buletin TV3,https://www.youtube.com/watch?v=bjYbNs8TvLc,2026-03-19T10:26:41Z,festivals_national_events,Mesti jumaat,1fd19df82f6521b2c8ac,2026-03-19T11:33:19Z,2026-03-19T11:33:19Z,2,0,True,True,none,,2026-06-17T15:11:44.348262+00:00,raw,
YT_UgxiTH-atY_JoR8-7dB4AaABAg,YouTube,top_level_comment,UgxiTH-atY_JoR8-7dB4AaABAg,UgxiTH-atY_JoR8-7dB4AaABAg,bjYbNs8TvLc,[PENUH] Perkembangan Terkini Proses Cerapan Anak Bulan Syawal | 19 Mac 2026,Buletin TV3,https://www.youtube.com/watch?v=bjYbNs8TvLc,2026-03-19T10:26:41Z,festivals_national_events,❤❤🤲🤲,18e99ab65539afb8bedd,2026-03-19T11:31:28Z,2026-03-19T11:31:28Z,4,0,True,True,none,,2026-06-17T15:11:44.348273+00:00,raw,
YT_UgxxOqOXH2Tb3LlfbtN4AaABAg,YouTube,top_level_comment,UgxxOqOXH2Tb3LlfbtN4AaABAg,UgxxOqOXH2Tb3LlfbtN4AaABAg,bjYbNs8TvLc,[PENUH] Perkembangan Terkini Proses Cerapan Anak Bulan Syawal | 19 Mac 2026,Buletin TV3,https://www.youtube.com/watch?v=bjYbNs8TvLc,2026-03-19T10:26:41Z,festivals_national_events,Besok.boleh.dua.kali.sembahayang,7326b1ab5816332a557b,2026-03-19T11:24:51Z,2026-03-19T11:24:51Z,1,0,True,True,none,,2026-06-17T15:11:44.348284+00:00,raw,
YT_UgwFhzxqPpLnSDLKc7p4AaABAg,YouTube,top_level_comment,UgwFhzxqPpLnSDLKc7p4AaABAg,UgwFhzxqPpLnSDLKc7p4AaABAg,bjYbNs8TvLc,[PENUH] Perkembangan Terkini Proses Cerapan Anak Bulan Syawal | 19 Mac 2026,Buletin TV3,https://www.youtube.com/watch?v=bjYbNs8TvLc,2026-03-19T10:26:41Z,festivals_national_events,cuaca elok Sabah.. maybe boleh nampak sebelah Sabah,f53e7d3fd28ca168d449,2026-03-19T11:22:53Z,2026-03-19T11:22:53Z,5,1,True,True,none,,2026-06-17T15:11:44.348296+00:00,raw,
YT_UgxpFFVsVZ6d6ziMoIp4AaABAg,YouTube,top_level_comment,UgxpFFVsVZ6d6ziMoIp4AaABAg,UgxpFFVsVZ6d6ziMoIp4AaABAg,bjYbNs8TvLc,[PENUH] Perkembangan Terkini Proses Cerapan Anak Bulan Syawal | 19 Mac 2026,Buletin TV3,https://www.youtube.com/watch?v=bjYbNs8TvLc,2026-03-19T10:26:41Z,festivals_national_events,Jumaat lah PENGHULU SEGALA HARI ( JUMAAT AL BAROKAH ) DUA KHUTBAH AIDILFITRI DAN SOLAT JUMAAT ....... MOGA MOGA JUMAAT 20/3/2026,f8b4664a328dfa482395,2026-03-19T11:17:31Z,2026-03-19T11:17:31Z,1,3,True,True,none,,2026-06-17T15:11:44.348311+00:00,raw,
YT_UgyetBp5P3jfeEuTDCt4AaABAg,YouTube,top_level_comment,UgyetBp5P3jfeEuTDCt4AaABAg,UgyetBp5P3jfeEuTDCt4AaABAg,bjYbNs8TvLc,[PENUH] Perkembangan Terkini Proses Cerapan Anak Bulan Syawal | 19 Mac 2026,Buletin TV3,https://www.youtube.com/watch?v=bjYbNs8TvLc,2026-03-19T10:26:41Z,festivals_national_events,😂,afbdee127c9f97a2fa37,2026-03-19T11:16:11Z,2026-03-19T11:16:11Z,1,0,True,True,none,,2026-06-17T15:11:44.348322+00:00,raw,
YT_UgwXaQegrmxz5VYTGSV4AaABAg,YouTube,top_level_comment,UgwXaQegrmxz5VYTGSV4AaABAg,UgwXaQegrmxz5VYTGSV4AaABAg,bjYbNs8TvLc,[PENUH] Perkembangan Terkini Proses Cerapan Anak Bulan Syawal | 19 Mac 2026,Buletin TV3,https://www.youtube.com/watch?v=bjYbNs8TvLc,2026-03-19T10:26:41Z,festivals_national_events,"Bile umum harap bagitahu jugak anak bulan nmap ? Atau tak nampak isytihar kan jgn bagi tarikh Aidil Fitri atau jumaat ? Sabtu, ape gune g tengok anak bulan di merata lokasi , malu nak bagitahu ckp Aje la nampak atau tak nampak ,susah btol jgn guna tarikh",f8f33a19cd7deae942b6,2026-03-19T11:15:44Z,2026-03-19T11:15:44Z,0,3,True,True,none,,2026-06-17T15:11:44.348342+00:00,raw,
YT_UgxyNzaxm5NvvjpXxTZ4AaABAg,YouTube,top_level_comment,UgxyNzaxm5NvvjpXxTZ4AaABAg,UgxyNzaxm5NvvjpXxTZ4AaABAg,bjYbNs8TvLc,[PENUH] Perkembangan Terkini Proses Cerapan Anak Bulan Syawal | 19 Mac 2026,Buletin TV3,https://www.youtube.com/watch?v=bjYbNs8TvLc,2026-03-19T10:26:41Z,festivals_national_events,21 raya... Kompom,7e506c87635dbf5bc7a2,2026-03-19T11:07:55Z,2026-03-19T11:07:55Z,5,10,True,True,none,,2026-06-17T15:11:44.348353+00:00,raw,
YT_UgwTsAsx2bEXmd4TjgB4AaABAg,YouTube,top_level_comment,UgwTsAsx2bEXmd4TjgB4AaABAg,UgwTsAsx2bEXmd4TjgB4AaABAg,bjYbNs8TvLc,[PENUH] Perkembangan Terkini Proses Cerapan Anak Bulan Syawal | 19 Mac 2026,Buletin TV3,https://www.youtube.com/watch?v=bjYbNs8TvLc,2026-03-19T10:26:41Z,festivals_national_events,Cuaca mendung.. insyaallah raya Sabtu..anak bulan X nmpk😂,decc6fa1331de6eaed8c,2026-03-19T10:57:16Z,2026-03-19T10:57:16Z,12,0,True,True,none,,2026-06-17T15:11:44.348366+00:00,raw,
YT_UgxUnjtKmD66uF5KV0R4AaABAg,YouTube,top_level_comment,UgxUnjtKmD66uF5KV0R4AaABAg,UgxUnjtKmD66uF5KV0R4AaABAg,bjYbNs8TvLc,[PENUH] Perkembangan Terkini Proses Cerapan Anak Bulan Syawal | 19 Mac 2026,Buletin TV3,https://www.youtube.com/watch?v=bjYbNs8TvLc,2026-03-19T10:26:41Z,festivals_national_events,Berdebar plk rasa😂,2d6b994c23afd34e08f5,2026-03-19T10:52:55Z,2026-03-19T10:52:55Z,12,1,True,True,none,,2026-06-17T15:11:44.348377+00:00,raw,
YT_Ugw-dqlkmRud3rufVl54AaABAg,YouTube,top_level_comment,Ugw-dqlkmRud3rufVl54AaABAg,Ugw-dqlkmRud3rufVl54AaABAg,bjYbNs8TvLc,[PENUH] Perkembangan Terkini Proses Cerapan Anak Bulan Syawal | 19 Mac 2026,Buletin TV3,https://www.youtube.com/watch?v=bjYbNs8TvLc,2026-03-19T10:26:41Z,festivals_national_events,"Yovheliym (Jubilees) 6:36-38 For there will be those who will assuredly make observations of the moon how it disturbs the seasons and comes in from year to year ten days too soon. For this reason the years will come upon them when they will disturb the order, and make an abominable day the day of testimony, and an unclean day a feast day, and they will confound all the days, the holy with the unclean, and the unclean day with the holy; for they will go wrong as to the months and Shabbaths and feasts and jubilees. For this reason I command and testify to you that you may testify to them; for after your death your children will disturb them, so that they will not make the year three hundred and sixty four days only, and for this reason they will go wrong as to the New Moons and seasons and Shabbaths and feasts, and they will eat all kinds of blood with all kinds of flesh.",3e8ab4d2b82d83abe628,2026-03-19T10:37:25Z,2026-03-19T10:37:25Z,0,0,True,True,none,,2026-06-17T15:11:44.348424+00:00,raw,
YT_UgyrhjpZL7SlJHkXslF4AaABAg,YouTube,top_level_comment,UgyrhjpZL7SlJHkXslF4AaABAg,UgyrhjpZL7SlJHkXslF4AaABAg,bjYbNs8TvLc,[PENUH] Perkembangan Terkini Proses Cerapan Anak Bulan Syawal | 19 Mac 2026,Buletin TV3,https://www.youtube.com/watch?v=bjYbNs8TvLc,2026-03-19T10:26:41Z,festivals_national_events,besok raya😅,53c7ff82d0a434081814,2026-03-19T10:33:07Z,2026-03-19T10:33:18Z,3,2,True,True,none,,2026-06-17T15:11:44.348435+00:00,raw,
YT_Ugz-PIHfBLDkaEBPnNF4AaABAg,YouTube,top_level_comment,Ugz-PIHfBLDkaEBPnNF4AaABAg,Ugz-PIHfBLDkaEBPnNF4AaABAg,hc8RMN2hnnQ,[LANGSUNG] Pengumuman Hari Raya Aidilfitri 2026/1447H  | 19 Mac 2026,Astro AWANI,https://www.youtube.com/watch?v=hc8RMN2hnnQ,2026-03-19T12:16:11Z,festivals_national_events,"Kalau mlm ni ada bulan Syawal..mcm mna bermakna hari raya hari ni bukan hari Sabtu pasal negara jiran raya hari ni Indonesia, siagapore, Thailand,Brunei,Filipina...kalau perkiraan ruqyan dan hisab hari ni kita raya ...mcm mna tu..",72f469e0c717c3032b7c,2026-03-20T07:16:30Z,2026-03-20T07:18:25Z,0,0,True,True,none,,2026-06-17T15:11:42.763536+00:00,raw,
YT_Ugz1j1bGs_1cyAVSO-x4AaABAg,YouTube,top_level_comment,Ugz1j1bGs_1cyAVSO-x4AaABAg,Ugz1j1bGs_1cyAVSO-x4AaABAg,hc8RMN2hnnQ,[LANGSUNG] Pengumuman Hari Raya Aidilfitri 2026/1447H  | 19 Mac 2026,Astro AWANI,https://www.youtube.com/watch?v=hc8RMN2hnnQ,2026-03-19T12:16:11Z,festivals_national_events,Bau sampah-sarap terus melantung.,b6fdc8084f4ce3121689,2026-03-19T23:43:35Z,2026-03-19T23:43:35Z,0,0,True,True,none,,2026-06-17T15:11:42.763562+00:00,raw,
YT_Ugwrew-FlayA_M9HNO54AaABAg,YouTube,top_level_comment,Ugwrew-FlayA_M9HNO54AaABAg,Ugwrew-FlayA_M9HNO54AaABAg,hc8RMN2hnnQ,[LANGSUNG] Pengumuman Hari Raya Aidilfitri 2026/1447H  | 19 Mac 2026,Astro AWANI,https://www.youtube.com/watch?v=hc8RMN2hnnQ,2026-03-19T12:16:11Z,festivals_national_events,13:20 tarikh umum raya,d9fa780451a42cb059bc,2026-03-19T14:44:04Z,2026-03-19T14:44:04Z,1,0,True,True,none,,2026-06-17T15:11:42.763578+00:00,raw,
YT_UgzsTrRcpxrslv_6JJF4AaABAg,YouTube,top_level_comment,UgzsTrRcpxrslv_6JJF4AaABAg,UgzsTrRcpxrslv_6JJF4AaABAg,hc8RMN2hnnQ,[LANGSUNG] Pengumuman Hari Raya Aidilfitri 2026/1447H  | 19 Mac 2026,Astro AWANI,https://www.youtube.com/watch?v=hc8RMN2hnnQ,2026-03-19T12:16:11Z,festivals_national_events,Alhamdulillah 🤲,2998d506ccfb9d52e8e5,2026-03-19T13:41:53Z,2026-03-19T13:41:53Z,0,0,True,True,none,,2026-06-17T15:11:42.763591+00:00,raw,
YT_Ugy7vvUFhxW1PWih_Od4AaABAg,YouTube,top_level_comment,Ugy7vvUFhxW1PWih_Od4AaABAg,Ugy7vvUFhxW1PWih_Od4AaABAg,hc8RMN2hnnQ,[LANGSUNG] Pengumuman Hari Raya Aidilfitri 2026/1447H  | 19 Mac 2026,Astro AWANI,https://www.youtube.com/watch?v=hc8RMN2hnnQ,2026-03-19T12:16:11Z,festivals_national_events,Apa lah media ini thumbnail doang,9f829fd10b27a8b0e8eb,2026-03-19T13:09:15Z,2026-03-19T13:09:15Z,2,0,True,True,none,,2026-06-17T15:11:42.763604+00:00,raw,
YT_UgxJk3VeAsk9f6GEZlx4AaABAg,YouTube,top_level_comment,UgxJk3VeAsk9f6GEZlx4AaABAg,UgxJk3VeAsk9f6GEZlx4AaABAg,hc8RMN2hnnQ,[LANGSUNG] Pengumuman Hari Raya Aidilfitri 2026/1447H  | 19 Mac 2026,Astro AWANI,https://www.youtube.com/watch?v=hc8RMN2hnnQ,2026-03-19T12:16:11Z,festivals_national_events,Ok pa raya Sabtu x yah lepas takbir pastu gi solat jumaat,40e582a32c6da665de6b,2026-03-19T13:05:39Z,2026-03-19T13:05:39Z,0,0,True,True,none,,2026-06-17T15:11:42.763617+00:00,raw,
YT_UgyB3VV05kCiEmaHvCp4AaABAg,YouTube,top_level_comment,UgyB3VV05kCiEmaHvCp4AaABAg,UgyB3VV05kCiEmaHvCp4AaABAg,hc8RMN2hnnQ,[LANGSUNG] Pengumuman Hari Raya Aidilfitri 2026/1447H  | 19 Mac 2026,Astro AWANI,https://www.youtube.com/watch?v=hc8RMN2hnnQ,2026-03-19T12:16:11Z,festivals_national_events,Sabtu,353639c36de47239acdd,2026-03-19T13:04:29Z,2026-03-19T13:04:29Z,0,0,True,True,none,,2026-06-17T15:11:42.763628+00:00,raw,
YT_UgzR1UteqcAESRBzbSV4AaABAg,YouTube,top_level_comment,UgzR1UteqcAESRBzbSV4AaABAg,UgzR1UteqcAESRBzbSV4AaABAg,hc8RMN2hnnQ,[LANGSUNG] Pengumuman Hari Raya Aidilfitri 2026/1447H  | 19 Mac 2026,Astro AWANI,https://www.youtube.com/watch?v=hc8RMN2hnnQ,2026-03-19T12:16:11Z,festivals_national_events,Raya jatu hari jumaat percaya lah,47cbc81dad4f973c7430,2026-03-19T12:43:11Z,2026-03-19T12:43:11Z,0,0,True,True,none,,2026-06-17T15:11:42.763641+00:00,raw,
YT_UgzCAEIrQkybqVea3Xh4AaABAg,YouTube,top_level_comment,UgzCAEIrQkybqVea3Xh4AaABAg,UgzCAEIrQkybqVea3Xh4AaABAg,hc8RMN2hnnQ,[LANGSUNG] Pengumuman Hari Raya Aidilfitri 2026/1447H  | 19 Mac 2026,Astro AWANI,https://www.youtube.com/watch?v=hc8RMN2hnnQ,2026-03-19T12:16:11Z,festivals_national_events,Sabtu ok boleh push up lagi,6b67ea58f08a92f77e74,2026-03-19T12:42:44Z,2026-03-19T12:42:44Z,0,0,True,True,none,,2026-06-17T15:11:42.763652+00:00,raw,
YT_Ugx-CS54WVL_6_M0R4V4AaABAg,YouTube,top_level_comment,Ugx-CS54WVL_6_M0R4V4AaABAg,Ugx-CS54WVL_6_M0R4V4AaABAg,hc8RMN2hnnQ,[LANGSUNG] Pengumuman Hari Raya Aidilfitri 2026/1447H  | 19 Mac 2026,Astro AWANI,https://www.youtube.com/watch?v=hc8RMN2hnnQ,2026-03-19T12:16:11Z,festivals_national_events,Tekaan sabtu raya betul kemah,fb434c422eda82d61d22,2026-03-19T12:38:16Z,2026-03-19T12:38:16Z,0,0,True,True,none,,2026-06-17T15:11:42.763664+00:00,raw,
YT_UgzR7TQHxQYFnXLV59Z4AaABAg,YouTube,top_level_comment,UgzR7TQHxQYFnXLV59Z4AaABAg,UgzR7TQHxQYFnXLV59Z4AaABAg,hc8RMN2hnnQ,[LANGSUNG] Pengumuman Hari Raya Aidilfitri 2026/1447H  | 19 Mac 2026,Astro AWANI,https://www.youtube.com/watch?v=hc8RMN2hnnQ,2026-03-19T12:16:11Z,festivals_national_events,Alhamdulilah ya Allah masih bisa puasa,ffa967e0797a6b9ab870,2026-03-19T12:37:09Z,2026-03-19T12:37:09Z,8,0,True,True,none,,2026-06-17T15:11:42.763676+00:00,raw,
YT_Ugx014wiEyFltu0MYaR4AaABAg,YouTube,top_level_comment,Ugx014wiEyFltu0MYaR4AaABAg,Ugx014wiEyFltu0MYaR4AaABAg,hc8RMN2hnnQ,[LANGSUNG] Pengumuman Hari Raya Aidilfitri 2026/1447H  | 19 Mac 2026,Astro AWANI,https://www.youtube.com/watch?v=hc8RMN2hnnQ,2026-03-19T12:16:11Z,festivals_national_events,Apa lah a,21f0b8c7a95ff4c2c29c,2026-03-19T12:35:42Z,2026-03-19T12:35:42Z,0,0,True,True,none,,2026-06-17T15:11:42.763686+00:00,raw,
YT_UgwXeiIJMJo08w-b0O54AaABAg,YouTube,top_level_comment,UgwXeiIJMJo08w-b0O54AaABAg,UgwXeiIJMJo08w-b0O54AaABAg,hc8RMN2hnnQ,[LANGSUNG] Pengumuman Hari Raya Aidilfitri 2026/1447H  | 19 Mac 2026,Astro AWANI,https://www.youtube.com/watch?v=hc8RMN2hnnQ,2026-03-19T12:16:11Z,festivals_national_events,Bila pengumuman nya?,b55539b0862ac76f2ba1,2026-03-19T12:31:55Z,2026-03-19T12:31:55Z,0,1,True,True,none,,2026-06-17T15:11:42.763698+00:00,raw,
YT_UgyZ_h1z1u1Th0ULWKl4AaABAg,YouTube,top_level_comment,UgyZ_h1z1u1Th0ULWKl4AaABAg,UgyZ_h1z1u1Th0ULWKl4AaABAg,hc8RMN2hnnQ,[LANGSUNG] Pengumuman Hari Raya Aidilfitri 2026/1447H  | 19 Mac 2026,Astro AWANI,https://www.youtube.com/watch?v=hc8RMN2hnnQ,2026-03-19T12:16:11Z,festivals_national_events,Malaysia lebih ke timur banding Arab Saudi tapi Malaysia sambut Aidilfitri pada hari Sabtu sedangkan Arab Saudi pada hari Jumaat😅 sifat nyata di akhir zaman...matahari terbit di barat terbenam di timur😢,9b97928308f78c21db90,2026-03-19T12:31:00Z,2026-03-19T12:34:21Z,1,0,True,True,none,,2026-06-17T15:11:42.763717+00:00,raw,
YT_UgxbKqenS3u9zw24qXV4AaABAg,YouTube,top_level_comment,UgxbKqenS3u9zw24qXV4AaABAg,UgxbKqenS3u9zw24qXV4AaABAg,hc8RMN2hnnQ,[LANGSUNG] Pengumuman Hari Raya Aidilfitri 2026/1447H  | 19 Mac 2026,Astro AWANI,https://www.youtube.com/watch?v=hc8RMN2hnnQ,2026-03-19T12:16:11Z,festivals_national_events,Sabtuu,cd635b546daba68ccfe0,2026-03-19T12:28:16Z,2026-03-19T12:28:16Z,0,0,True,True,none,,2026-06-17T15:11:42.763728+00:00,raw,
YT_UgyHgn2XuBjDpKCc69p4AaABAg,YouTube,top_level_comment,UgyHgn2XuBjDpKCc69p4AaABAg,UgyHgn2XuBjDpKCc69p4AaABAg,hc8RMN2hnnQ,[LANGSUNG] Pengumuman Hari Raya Aidilfitri 2026/1447H  | 19 Mac 2026,Astro AWANI,https://www.youtube.com/watch?v=hc8RMN2hnnQ,2026-03-19T12:16:11Z,festivals_national_events,Raya sabtu,cd635b546daba68ccfe0,2026-03-19T12:27:52Z,2026-03-19T12:27:52Z,0,0,True,True,none,,2026-06-17T15:11:42.763739+00:00,raw,
YT_Ugzb-277cdqJg_oNPy94AaABAg,YouTube,top_level_comment,Ugzb-277cdqJg_oNPy94AaABAg,Ugzb-277cdqJg_oNPy94AaABAg,hc8RMN2hnnQ,[LANGSUNG] Pengumuman Hari Raya Aidilfitri 2026/1447H  | 19 Mac 2026,Astro AWANI,https://www.youtube.com/watch?v=hc8RMN2hnnQ,2026-03-19T12:16:11Z,festivals_national_events,Minit 12:51,ac27d5f6ad3f6489644c,2026-03-19T12:25:40Z,2026-03-19T12:25:40Z,0,0,True,True,none,,2026-06-17T15:11:42.763750+00:00,raw,
YT_UgwGC2uQhis0FRY_klt4AaABAg,YouTube,top_level_comment,UgwGC2uQhis0FRY_klt4AaABAg,UgwGC2uQhis0FRY_klt4AaABAg,hc8RMN2hnnQ,[LANGSUNG] Pengumuman Hari Raya Aidilfitri 2026/1447H  | 19 Mac 2026,Astro AWANI,https://www.youtube.com/watch?v=hc8RMN2hnnQ,2026-03-19T12:16:11Z,festivals_national_events,Haha kan betul color hijau. Yahooo,0702a8b48743f8429706,2026-03-19T12:25:22Z,2026-03-19T12:25:22Z,6,0,True,True,none,,2026-06-17T15:11:42.763761+00:00,raw,
YT_UgyYlinJq4aFbmpsXm54AaABAg,YouTube,top_level_comment,UgyYlinJq4aFbmpsXm54AaABAg,UgyYlinJq4aFbmpsXm54AaABAg,hc8RMN2hnnQ,[LANGSUNG] Pengumuman Hari Raya Aidilfitri 2026/1447H  | 19 Mac 2026,Astro AWANI,https://www.youtube.com/watch?v=hc8RMN2hnnQ,2026-03-19T12:16:11Z,festivals_national_events,Sabtu. Yahudi cuti setanyahu,b5cf1c7cabb33aa7dbaa,2026-03-19T12:24:54Z,2026-03-19T12:25:17Z,0,0,True,True,none,,2026-06-17T15:11:42.763773+00:00,raw,
YT_Ugwp_jxA0dVvKoRK7a14AaABAg,YouTube,top_level_comment,Ugwp_jxA0dVvKoRK7a14AaABAg,Ugwp_jxA0dVvKoRK7a14AaABAg,hc8RMN2hnnQ,[LANGSUNG] Pengumuman Hari Raya Aidilfitri 2026/1447H  | 19 Mac 2026,Astro AWANI,https://www.youtube.com/watch?v=hc8RMN2hnnQ,2026-03-19T12:16:11Z,festivals_national_events,Kalo Sabtu rayaaa...bolehlah tdo balik mlm nie...kalo x kenaa berjaga malam hahahaa masak2..,1e6453f2166dd393aa62,2026-03-19T12:23:47Z,2026-03-19T12:23:47Z,3,0,True,True,none,,2026-06-17T15:11:42.763786+00:00,raw,
YT_Ugwwud69nWTN0T8_old4AaABAg,YouTube,top_level_comment,Ugwwud69nWTN0T8_old4AaABAg,Ugwwud69nWTN0T8_old4AaABAg,hc8RMN2hnnQ,[LANGSUNG] Pengumuman Hari Raya Aidilfitri 2026/1447H  | 19 Mac 2026,Astro AWANI,https://www.youtube.com/watch?v=hc8RMN2hnnQ,2026-03-19T12:16:11Z,festivals_national_events,Selamat hari raya Aidilfitri maaf zahir dan batin 😊,72265c4c9037487fa5c2,2026-03-19T12:22:45Z,2026-03-19T12:22:45Z,5,0,True,True,none,,2026-06-17T15:11:42.763803+00:00,raw,
YT_Ugwg9HbVfG1krog84gp4AaABAg,YouTube,top_level_comment,Ugwg9HbVfG1krog84gp4AaABAg,Ugwg9HbVfG1krog84gp4AaABAg,hc8RMN2hnnQ,[LANGSUNG] Pengumuman Hari Raya Aidilfitri 2026/1447H  | 19 Mac 2026,Astro AWANI,https://www.youtube.com/watch?v=hc8RMN2hnnQ,2026-03-19T12:16:11Z,festivals_national_events,Sabtuuu😊,51241991494ea05071a7,2026-03-19T12:21:56Z,2026-03-19T12:21:56Z,0,0,True,True,none,,2026-06-17T15:11:42.763814+00:00,raw,
YT_UgzFuSVcQGpew9yC4hh4AaABAg,YouTube,top_level_comment,UgzFuSVcQGpew9yC4hh4AaABAg,UgzFuSVcQGpew9yC4hh4AaABAg,hc8RMN2hnnQ,[LANGSUNG] Pengumuman Hari Raya Aidilfitri 2026/1447H  | 19 Mac 2026,Astro AWANI,https://www.youtube.com/watch?v=hc8RMN2hnnQ,2026-03-19T12:16:11Z,festivals_national_events,Sy pilih sabtu jumaat kerja,863dd9ab6e611266e3da,2026-03-19T12:21:55Z,2026-03-19T12:21:55Z,2,0,True,True,none,,2026-06-17T15:11:42.763826+00:00,raw,
YT_UgyrmLcrfEyyNJ0ToBR4AaABAg,YouTube,top_level_comment,UgyrmLcrfEyyNJ0ToBR4AaABAg,UgyrmLcrfEyyNJ0ToBR4AaABAg,hc8RMN2hnnQ,[LANGSUNG] Pengumuman Hari Raya Aidilfitri 2026/1447H  | 19 Mac 2026,Astro AWANI,https://www.youtube.com/watch?v=hc8RMN2hnnQ,2026-03-19T12:16:11Z,festivals_national_events,Dh umum 12:52 sabtu,f2243c7c1fe2974f6c96,2026-03-19T12:21:53Z,2026-03-19T12:21:53Z,0,0,True,True,none,,2026-06-17T15:11:42.763837+00:00,raw,
YT_Ugy5DLlUg9yFKWTtXE94AaABAg,YouTube,top_level_comment,Ugy5DLlUg9yFKWTtXE94AaABAg,Ugy5DLlUg9yFKWTtXE94AaABAg,hc8RMN2hnnQ,[LANGSUNG] Pengumuman Hari Raya Aidilfitri 2026/1447H  | 19 Mac 2026,Astro AWANI,https://www.youtube.com/watch?v=hc8RMN2hnnQ,2026-03-19T12:16:11Z,festivals_national_events,Aku bernasib baik kerana beraya bersama kakak sulung dan abang,9e8485745aa155998d9d,2026-03-19T12:21:17Z,2026-03-19T12:21:17Z,2,0,True,True,none,,2026-06-17T15:11:42.763850+00:00,raw,
YT_UgzCwhhlqRMKX8NCGZh4AaABAg,YouTube,top_level_comment,UgzCwhhlqRMKX8NCGZh4AaABAg,UgzCwhhlqRMKX8NCGZh4AaABAg,hc8RMN2hnnQ,[LANGSUNG] Pengumuman Hari Raya Aidilfitri 2026/1447H  | 19 Mac 2026,Astro AWANI,https://www.youtube.com/watch?v=hc8RMN2hnnQ,2026-03-19T12:16:11Z,festivals_national_events,LoL sabtu,3267c694a1a180290760,2026-03-19T12:21:16Z,2026-03-19T12:21:16Z,0,0,True,True,none,,2026-06-17T15:11:42.763860+00:00,raw,
YT_UgxOYBrQa_UdZpYWpaF4AaABAg,YouTube,top_level_comment,UgxOYBrQa_UdZpYWpaF4AaABAg,UgxOYBrQa_UdZpYWpaF4AaABAg,hc8RMN2hnnQ,[LANGSUNG] Pengumuman Hari Raya Aidilfitri 2026/1447H  | 19 Mac 2026,Astro AWANI,https://www.youtube.com/watch?v=hc8RMN2hnnQ,2026-03-19T12:16:11Z,festivals_national_events,Izinkan saya ss dan share terima kasih,f4856ccffe6d6b4f221f,2026-03-19T12:21:16Z,2026-03-19T12:21:16Z,0,0,True,True,none,,2026-06-17T15:11:42.763872+00:00,raw,
YT_Ugx5Okealpkg10GoyOt4AaABAg,YouTube,top_level_comment,Ugx5Okealpkg10GoyOt4AaABAg,Ugx5Okealpkg10GoyOt4AaABAg,hc8RMN2hnnQ,[LANGSUNG] Pengumuman Hari Raya Aidilfitri 2026/1447H  | 19 Mac 2026,Astro AWANI,https://www.youtube.com/watch?v=hc8RMN2hnnQ,2026-03-19T12:16:11Z,festivals_national_events,Sabtu Raya esok niaga😮😮,f1e2990eeac5193b1e62,2026-03-19T12:21:02Z,2026-03-19T12:21:02Z,0,0,True,True,none,,2026-06-17T15:11:42.763884+00:00,raw,
YT_UgwGfutHEWf8z1AP2P54AaABAg,YouTube,top_level_comment,UgwGfutHEWf8z1AP2P54AaABAg,UgwGfutHEWf8z1AP2P54AaABAg,hc8RMN2hnnQ,[LANGSUNG] Pengumuman Hari Raya Aidilfitri 2026/1447H  | 19 Mac 2026,Astro AWANI,https://www.youtube.com/watch?v=hc8RMN2hnnQ,2026-03-19T12:16:11Z,festivals_national_events,Yow baju hijau gelap,d888c28c8613a0297524,2026-03-19T12:20:46Z,2026-03-19T12:20:46Z,0,0,True,True,none,,2026-06-17T15:11:42.763895+00:00,raw,
YT_UgwGyUmi6eLYM5k2M3N4AaABAg,YouTube,top_level_comment,UgwGyUmi6eLYM5k2M3N4AaABAg,UgwGyUmi6eLYM5k2M3N4AaABAg,hc8RMN2hnnQ,[LANGSUNG] Pengumuman Hari Raya Aidilfitri 2026/1447H  | 19 Mac 2026,Astro AWANI,https://www.youtube.com/watch?v=hc8RMN2hnnQ,2026-03-19T12:16:11Z,festivals_national_events,Ahad baru Raya,b55539b0862ac76f2ba1,2026-03-19T12:19:52Z,2026-03-19T12:19:52Z,0,1,True,True,none,,2026-06-17T15:11:42.763906+00:00,raw,
YT_Ugy3bujwQsxNz-wujt14AaABAg,YouTube,top_level_comment,Ugy3bujwQsxNz-wujt14AaABAg,Ugy3bujwQsxNz-wujt14AaABAg,hc8RMN2hnnQ,[LANGSUNG] Pengumuman Hari Raya Aidilfitri 2026/1447H  | 19 Mac 2026,Astro AWANI,https://www.youtube.com/watch?v=hc8RMN2hnnQ,2026-03-19T12:16:11Z,festivals_national_events,12:55,c584cdc88fc34c946bd0,2026-03-19T12:19:44Z,2026-03-19T12:19:44Z,1,0,True,True,none,,2026-06-17T15:11:42.763916+00:00,raw,
YT_Ugw5Pn3J4ESTbeWHot94AaABAg,YouTube,top_level_comment,Ugw5Pn3J4ESTbeWHot94AaABAg,Ugw5Pn3J4ESTbeWHot94AaABAg,hc8RMN2hnnQ,[LANGSUNG] Pengumuman Hari Raya Aidilfitri 2026/1447H  | 19 Mac 2026,Astro AWANI,https://www.youtube.com/watch?v=hc8RMN2hnnQ,2026-03-19T12:16:11Z,festivals_national_events,"Sempat lah basuh kipas, nk buat aiskrim goreng",20346c4c7c58348457d1,2026-03-19T12:19:33Z,2026-03-19T12:19:33Z,1,1,True,True,none,,2026-06-17T15:11:42.763928+00:00,raw,
YT_UgyuVSOl_jxyC7owlUZ4AaABAg,YouTube,top_level_comment,UgyuVSOl_jxyC7owlUZ4AaABAg,UgyuVSOl_jxyC7owlUZ4AaABAg,hc8RMN2hnnQ,[LANGSUNG] Pengumuman Hari Raya Aidilfitri 2026/1447H  | 19 Mac 2026,Astro AWANI,https://www.youtube.com/watch?v=hc8RMN2hnnQ,2026-03-19T12:16:11Z,festivals_national_events,Yay tekaan warna baju betul,8c5fca6f20a9e9cb9ad2,2026-03-19T12:19:19Z,2026-03-19T12:19:19Z,3,0,True,True,none,,2026-06-17T15:11:42.763939+00:00,raw,
YT_UgzhJVeng6kCgTGVO3p4AaABAg,YouTube,top_level_comment,UgzhJVeng6kCgTGVO3p4AaABAg,UgzhJVeng6kCgTGVO3p4AaABAg,hc8RMN2hnnQ,[LANGSUNG] Pengumuman Hari Raya Aidilfitri 2026/1447H  | 19 Mac 2026,Astro AWANI,https://www.youtube.com/watch?v=hc8RMN2hnnQ,2026-03-19T12:16:11Z,festivals_national_events,Jumaat raya2..,5bf1b2871260f9b93383,2026-03-19T12:18:48Z,2026-03-19T12:18:48Z,0,1,True,True,none,,2026-06-17T15:11:42.763950+00:00,raw,
YT_Ugw9myoevCYAb8AvCiZ4AaABAg,YouTube,top_level_comment,Ugw9myoevCYAb8AvCiZ4AaABAg,Ugw9myoevCYAb8AvCiZ4AaABAg,hc8RMN2hnnQ,[LANGSUNG] Pengumuman Hari Raya Aidilfitri 2026/1447H  | 19 Mac 2026,Astro AWANI,https://www.youtube.com/watch?v=hc8RMN2hnnQ,2026-03-19T12:16:11Z,festivals_national_events,Dah umum minit 12:52,4ff8f0629d1978ad086d,2026-03-19T12:18:42Z,2026-03-19T12:18:42Z,12,1,True,True,none,,2026-06-17T15:11:42.763961+00:00,raw,
YT_UgxQ5nr7-EfJiiFDelt4AaABAg,YouTube,top_level_comment,UgxQ5nr7-EfJiiFDelt4AaABAg,UgxQ5nr7-EfJiiFDelt4AaABAg,hc8RMN2hnnQ,[LANGSUNG] Pengumuman Hari Raya Aidilfitri 2026/1447H  | 19 Mac 2026,Astro AWANI,https://www.youtube.com/watch?v=hc8RMN2hnnQ,2026-03-19T12:16:11Z,festivals_national_events,jumaat insallah.. kemenangan islam penghulu segala hari...iran pn hampir menang,f4f1f4d0a8b9958f55d8,2026-03-19T12:18:39Z,2026-03-19T12:19:30Z,1,1,True,True,none,,2026-06-17T15:11:42.763973+00:00,raw,
YT_UgxE0M3p74QLfRh-mch4AaABAg,YouTube,top_level_comment,UgxE0M3p74QLfRh-mch4AaABAg,UgxE0M3p74QLfRh-mch4AaABAg,hc8RMN2hnnQ,[LANGSUNG] Pengumuman Hari Raya Aidilfitri 2026/1447H  | 19 Mac 2026,Astro AWANI,https://www.youtube.com/watch?v=hc8RMN2hnnQ,2026-03-19T12:16:11Z,festivals_national_events,❤❤🤲,8dda28934dea35137c95,2026-03-19T12:18:16Z,2026-03-19T12:18:16Z,1,0,True,True,none,,2026-06-17T15:11:42.763984+00:00,raw,
YT_UgzEugWUMyuleVTLjPl4AaABAg,YouTube,top_level_comment,UgzEugWUMyuleVTLjPl4AaABAg,UgzEugWUMyuleVTLjPl4AaABAg,hc8RMN2hnnQ,[LANGSUNG] Pengumuman Hari Raya Aidilfitri 2026/1447H  | 19 Mac 2026,Astro AWANI,https://www.youtube.com/watch?v=hc8RMN2hnnQ,2026-03-19T12:16:11Z,festivals_national_events,12:55,26de88be5598a5bef665,2026-03-19T12:17:46Z,2026-03-19T12:17:46Z,7,0,True,True,none,,2026-06-17T15:11:42.764031+00:00,raw,
YT_Ugx-NjnMvOULkjcHxnx4AaABAg,YouTube,top_level_comment,Ugx-NjnMvOULkjcHxnx4AaABAg,Ugx-NjnMvOULkjcHxnx4AaABAg,hc8RMN2hnnQ,[LANGSUNG] Pengumuman Hari Raya Aidilfitri 2026/1447H  | 19 Mac 2026,Astro AWANI,https://www.youtube.com/watch?v=hc8RMN2hnnQ,2026-03-19T12:16:11Z,festivals_national_events,Jumaat ni wei,7d13aeee223eab8cbd2d,2026-03-19T12:17:35Z,2026-03-19T12:17:35Z,0,1,True,True,none,,2026-06-17T15:11:42.764045+00:00,raw,
YT_UgxTHAueFVoKW5Yu83J4AaABAg,YouTube,top_level_comment,UgxTHAueFVoKW5Yu83J4AaABAg,UgxTHAueFVoKW5Yu83J4AaABAg,hc8RMN2hnnQ,[LANGSUNG] Pengumuman Hari Raya Aidilfitri 2026/1447H  | 19 Mac 2026,Astro AWANI,https://www.youtube.com/watch?v=hc8RMN2hnnQ,2026-03-19T12:16:11Z,festivals_national_events,sabtu rayaaaaaaa 😍,1eeed131c1e55be978db,2026-03-19T12:17:14Z,2026-03-19T12:17:14Z,1,0,True,True,none,,2026-06-17T15:11:42.764057+00:00,raw,
YT_UgxmJnNlRMCNuUyAabR4AaABAg,YouTube,top_level_comment,UgxmJnNlRMCNuUyAabR4AaABAg,UgxmJnNlRMCNuUyAabR4AaABAg,hc8RMN2hnnQ,[LANGSUNG] Pengumuman Hari Raya Aidilfitri 2026/1447H  | 19 Mac 2026,Astro AWANI,https://www.youtube.com/watch?v=hc8RMN2hnnQ,2026-03-19T12:16:11Z,festivals_national_events,"Saye pilih Sabtu, sebab hari Sabtu Bos baru bagi cuti...😅😁",9b7bf6783956dae2d473,2026-03-19T12:16:51Z,2026-03-19T12:16:51Z,9,2,True,True,none,,2026-06-17T15:11:42.764071+00:00,raw,
YT_UgwFY3rM3Vd76_EjgCN4AaABAg,YouTube,top_level_comment,UgwFY3rM3Vd76_EjgCN4AaABAg,UgwFY3rM3Vd76_EjgCN4AaABAg,hc8RMN2hnnQ,[LANGSUNG] Pengumuman Hari Raya Aidilfitri 2026/1447H  | 19 Mac 2026,Astro AWANI,https://www.youtube.com/watch?v=hc8RMN2hnnQ,2026-03-19T12:16:11Z,festivals_national_events,"Harap sabtu, kalau jumaat raya huru hara weii",c00eb9bd6925138e35d4,2026-03-19T12:16:45Z,2026-03-19T12:16:45Z,8,1,True,True,none,,2026-06-17T15:11:42.764083+00:00,raw,
YT_UgzHzIC5JNFcZ8wPa094AaABAg,YouTube,top_level_comment,UgzHzIC5JNFcZ8wPa094AaABAg,UgzHzIC5JNFcZ8wPa094AaABAg,hc8RMN2hnnQ,[LANGSUNG] Pengumuman Hari Raya Aidilfitri 2026/1447H  | 19 Mac 2026,Astro AWANI,https://www.youtube.com/watch?v=hc8RMN2hnnQ,2026-03-19T12:16:11Z,festivals_national_events,SABTU..ALHAMDULILLAH,1f3a9c1268b4830abcda,2026-03-19T12:16:36Z,2026-03-19T12:16:36Z,13,0,True,True,none,,2026-06-17T15:11:42.764094+00:00,raw,
YT_Ugy1zvaUDs97hsK2ouN4AaABAg,YouTube,top_level_comment,Ugy1zvaUDs97hsK2ouN4AaABAg,Ugy1zvaUDs97hsK2ouN4AaABAg,hc8RMN2hnnQ,[LANGSUNG] Pengumuman Hari Raya Aidilfitri 2026/1447H  | 19 Mac 2026,Astro AWANI,https://www.youtube.com/watch?v=hc8RMN2hnnQ,2026-03-19T12:16:11Z,festivals_national_events,sbtu dah rya ni.,895c04f7e6cba0416c86,2026-03-19T12:16:33Z,2026-03-19T12:16:33Z,2,0,True,True,none,,2026-06-17T15:11:42.764105+00:00,raw,
YT_UgyN-vD52vwlFVC9rqp4AaABAg,YouTube,top_level_comment,UgyN-vD52vwlFVC9rqp4AaABAg,UgyN-vD52vwlFVC9rqp4AaABAg,hc8RMN2hnnQ,[LANGSUNG] Pengumuman Hari Raya Aidilfitri 2026/1447H  | 19 Mac 2026,Astro AWANI,https://www.youtube.com/watch?v=hc8RMN2hnnQ,2026-03-19T12:16:11Z,festivals_national_events,lembab chanel ini nie..,f708262e0a565a3ab43f,2026-03-19T12:16:15Z,2026-03-19T12:16:15Z,0,1,True,True,none,,2026-06-17T15:11:42.764118+00:00,raw,
YT_Ugx9SZdxfX3afcyswPt4AaABAg,YouTube,top_level_comment,Ugx9SZdxfX3afcyswPt4AaABAg,Ugx9SZdxfX3afcyswPt4AaABAg,hc8RMN2hnnQ,[LANGSUNG] Pengumuman Hari Raya Aidilfitri 2026/1447H  | 19 Mac 2026,Astro AWANI,https://www.youtube.com/watch?v=hc8RMN2hnnQ,2026-03-19T12:16:11Z,festivals_national_events,Sabtu dh,4a6e092d75c73d259779,2026-03-19T12:15:36Z,2026-03-19T12:15:36Z,0,0,True,True,none,,2026-06-17T15:11:42.764128+00:00,raw,
YT_UgyjiG0yLT0QKc6139Z4AaABAg,YouTube,top_level_comment,UgyjiG0yLT0QKc6139Z4AaABAg,UgyjiG0yLT0QKc6139Z4AaABAg,hc8RMN2hnnQ,[LANGSUNG] Pengumuman Hari Raya Aidilfitri 2026/1447H  | 19 Mac 2026,Astro AWANI,https://www.youtube.com/watch?v=hc8RMN2hnnQ,2026-03-19T12:16:11Z,festivals_national_events,Sabtu rayaa,ce0c113a5059b8f26049,2026-03-19T12:15:27Z,2026-03-19T12:15:27Z,2,0,True,True,none,,2026-06-17T15:11:42.764139+00:00,raw,
YT_UgwDZHheJoC18c2ZHyB4AaABAg,YouTube,top_level_comment,UgwDZHheJoC18c2ZHyB4AaABAg,UgwDZHheJoC18c2ZHyB4AaABAg,hc8RMN2hnnQ,[LANGSUNG] Pengumuman Hari Raya Aidilfitri 2026/1447H  | 19 Mac 2026,Astro AWANI,https://www.youtube.com/watch?v=hc8RMN2hnnQ,2026-03-19T12:16:11Z,festivals_national_events,"Dah umum, sabtu raya",e2c917b553dcb1422e85,2026-03-19T12:15:22Z,2026-03-19T12:15:22Z,3,0,True,True,none,,2026-06-17T15:11:42.764150+00:00,raw,
YT_UgzBHd5s_rkGiRA3gUV4AaABAg,YouTube,top_level_comment,UgzBHd5s_rkGiRA3gUV4AaABAg,UgzBHd5s_rkGiRA3gUV4AaABAg,hc8RMN2hnnQ,[LANGSUNG] Pengumuman Hari Raya Aidilfitri 2026/1447H  | 19 Mac 2026,Astro AWANI,https://www.youtube.com/watch?v=hc8RMN2hnnQ,2026-03-19T12:16:11Z,festivals_national_events,Esok raya❤❤❤,1222a3497a336b5a7fe0,2026-03-19T12:15:03Z,2026-03-19T12:15:03Z,1,2,True,True,none,,2026-06-17T15:11:42.764162+00:00,raw,
YT_Ugyuo7HFLQN4cLm3Z554AaABAg,YouTube,top_level_comment,Ugyuo7HFLQN4cLm3Z554AaABAg,Ugyuo7HFLQN4cLm3Z554AaABAg,hc8RMN2hnnQ,[LANGSUNG] Pengumuman Hari Raya Aidilfitri 2026/1447H  | 19 Mac 2026,Astro AWANI,https://www.youtube.com/watch?v=hc8RMN2hnnQ,2026-03-19T12:16:11Z,festivals_national_events,yayy sabtuu sempat la kurus ehek,35e49768e5eeef4d1322,2026-03-19T12:15:00Z,2026-03-19T12:15:00Z,29,6,True,True,none,,2026-06-17T15:11:42.764173+00:00,raw,
YT_UgxnaMGUyodKYI9_RS14AaABAg,YouTube,top_level_comment,UgxnaMGUyodKYI9_RS14AaABAg,UgxnaMGUyodKYI9_RS14AaABAg,hc8RMN2hnnQ,[LANGSUNG] Pengumuman Hari Raya Aidilfitri 2026/1447H  | 19 Mac 2026,Astro AWANI,https://www.youtube.com/watch?v=hc8RMN2hnnQ,2026-03-19T12:16:11Z,festivals_national_events,Maneeee,7bdacf7bd3f191abfe2e,2026-03-19T12:14:54Z,2026-03-19T12:14:54Z,1,0,True,True,none,,2026-06-17T15:11:42.764183+00:00,raw,
YT_UgycNqD6ah3b-5LbMXh4AaABAg,YouTube,top_level_comment,UgycNqD6ah3b-5LbMXh4AaABAg,UgycNqD6ah3b-5LbMXh4AaABAg,hc8RMN2hnnQ,[LANGSUNG] Pengumuman Hari Raya Aidilfitri 2026/1447H  | 19 Mac 2026,Astro AWANI,https://www.youtube.com/watch?v=hc8RMN2hnnQ,2026-03-19T12:16:11Z,festivals_national_events,Lambat aku tunggu siot,2607a9f514bb0dcf0926,2026-03-19T12:14:44Z,2026-03-19T12:14:44Z,3,1,True,True,none,,2026-06-17T15:11:42.764194+00:00,raw,
YT_UgxNoJq1IT8kHTZXyct4AaABAg,YouTube,top_level_comment,UgxNoJq1IT8kHTZXyct4AaABAg,UgxNoJq1IT8kHTZXyct4AaABAg,hc8RMN2hnnQ,[LANGSUNG] Pengumuman Hari Raya Aidilfitri 2026/1447H  | 19 Mac 2026,Astro AWANI,https://www.youtube.com/watch?v=hc8RMN2hnnQ,2026-03-19T12:16:11Z,festivals_national_events,mana diaa..hak alahhh,134705b812a0a9b99aca,2026-03-19T12:14:43Z,2026-03-19T12:14:43Z,1,1,True,True,none,,2026-06-17T15:11:42.764205+00:00,raw,
YT_UgxQhlYVneg1IgV9dql4AaABAg,YouTube,top_level_comment,UgxQhlYVneg1IgV9dql4AaABAg,UgxQhlYVneg1IgV9dql4AaABAg,hc8RMN2hnnQ,[LANGSUNG] Pengumuman Hari Raya Aidilfitri 2026/1447H  | 19 Mac 2026,Astro AWANI,https://www.youtube.com/watch?v=hc8RMN2hnnQ,2026-03-19T12:16:11Z,festivals_national_events,Bila raya,1d5b8919d2ec5c8475d7,2026-03-19T12:14:40Z,2026-03-19T12:14:40Z,1,2,True,True,none,,2026-06-17T15:11:42.764216+00:00,raw,
YT_UgxU0zolhx72rvd0Mwx4AaABAg,YouTube,top_level_comment,UgxU0zolhx72rvd0Mwx4AaABAg,UgxU0zolhx72rvd0Mwx4AaABAg,hc8RMN2hnnQ,[LANGSUNG] Pengumuman Hari Raya Aidilfitri 2026/1447H  | 19 Mac 2026,Astro AWANI,https://www.youtube.com/watch?v=hc8RMN2hnnQ,2026-03-19T12:16:11Z,festivals_national_events,Hi❤,c117b57b05026045cab1,2026-03-19T12:14:36Z,2026-03-19T12:14:36Z,1,0,True,True,none,,2026-06-17T15:11:42.764226+00:00,raw,
YT_UgyjIBuABk2nmPO-e4t4AaABAg,YouTube,top_level_comment,UgyjIBuABk2nmPO-e4t4AaABAg,UgyjIBuABk2nmPO-e4t4AaABAg,hc8RMN2hnnQ,[LANGSUNG] Pengumuman Hari Raya Aidilfitri 2026/1447H  | 19 Mac 2026,Astro AWANI,https://www.youtube.com/watch?v=hc8RMN2hnnQ,2026-03-19T12:16:11Z,festivals_national_events,Live ni memang tak guna,a4b9dfdb68f148da2856,2026-03-19T12:14:30Z,2026-03-19T12:14:30Z,1,2,True,True,none,,2026-06-17T15:11:42.764237+00:00,raw,
YT_Ugycaykdmwg8i__1Ss94AaABAg,YouTube,top_level_comment,Ugycaykdmwg8i__1Ss94AaABAg,Ugycaykdmwg8i__1Ss94AaABAg,hc8RMN2hnnQ,[LANGSUNG] Pengumuman Hari Raya Aidilfitri 2026/1447H  | 19 Mac 2026,Astro AWANI,https://www.youtube.com/watch?v=hc8RMN2hnnQ,2026-03-19T12:16:11Z,festivals_national_events,Allahamdulilah bebaya jua raya atu..,1b84771cb8513d6b1944,2026-03-19T12:14:30Z,2026-03-19T12:14:30Z,6,0,True,True,none,,2026-06-17T15:11:42.764249+00:00,raw,
YT_UgzxmZLzGEasFdsGCgJ4AaABAg,YouTube,top_level_comment,UgzxmZLzGEasFdsGCgJ4AaABAg,UgzxmZLzGEasFdsGCgJ4AaABAg,hc8RMN2hnnQ,[LANGSUNG] Pengumuman Hari Raya Aidilfitri 2026/1447H  | 19 Mac 2026,Astro AWANI,https://www.youtube.com/watch?v=hc8RMN2hnnQ,2026-03-19T12:16:11Z,festivals_national_events,Raya sabtu,00c94fc54797571657b0,2026-03-19T12:14:25Z,2026-03-19T12:14:25Z,2,0,True,True,none,,2026-06-17T15:11:42.764260+00:00,raw,
YT_UgxUhDg6EHOLCfyvx_l4AaABAg,YouTube,top_level_comment,UgxUhDg6EHOLCfyvx_l4AaABAg,UgxUhDg6EHOLCfyvx_l4AaABAg,hc8RMN2hnnQ,[LANGSUNG] Pengumuman Hari Raya Aidilfitri 2026/1447H  | 19 Mac 2026,Astro AWANI,https://www.youtube.com/watch?v=hc8RMN2hnnQ,2026-03-19T12:16:11Z,festivals_national_events,mna,95138193033bf7a02c22,2026-03-19T12:14:20Z,2026-03-19T12:14:20Z,1,1,True,True,none,,2026-06-17T15:11:42.764270+00:00,raw,
YT_UgxOlHlQQxadwu6wTw54AaABAg,YouTube,top_level_comment,UgxOlHlQQxadwu6wTw54AaABAg,UgxOlHlQQxadwu6wTw54AaABAg,hc8RMN2hnnQ,[LANGSUNG] Pengumuman Hari Raya Aidilfitri 2026/1447H  | 19 Mac 2026,Astro AWANI,https://www.youtube.com/watch?v=hc8RMN2hnnQ,2026-03-19T12:16:11Z,festivals_national_events,Mana haji,f7f0244a71b9802073f9,2026-03-19T12:14:15Z,2026-03-19T12:14:15Z,1,0,True,True,none,,2026-06-17T15:11:42.764280+00:00,raw,
YT_UgwR3YJQzbVtxGcMxSZ4AaABAg,YouTube,top_level_comment,UgwR3YJQzbVtxGcMxSZ4AaABAg,UgwR3YJQzbVtxGcMxSZ4AaABAg,pByBSEMjiyo,MENJELANG AIDILFITRI | PM Umum Cuti Tambahan Sehari Sambut Hari Raya Aidilfitri,Buletin TV3,https://www.youtube.com/watch?v=pByBSEMjiyo,2026-03-15T05:40:33Z,festivals_national_events,Mac 2026 26,b48d76038aaea198c11d,2026-05-05T11:17:42Z,2026-05-05T11:17:42Z,1,0,True,True,none,,2026-06-17T15:11:43.138221+00:00,raw,
YT_UgwK5vWvbFDYhO57cel4AaABAg,YouTube,top_level_comment,UgwK5vWvbFDYhO57cel4AaABAg,UgwK5vWvbFDYhO57cel4AaABAg,pByBSEMjiyo,MENJELANG AIDILFITRI | PM Umum Cuti Tambahan Sehari Sambut Hari Raya Aidilfitri,Buletin TV3,https://www.youtube.com/watch?v=pByBSEMjiyo,2026-03-15T05:40:33Z,festivals_national_events,Mac 2026 20,b48d76038aaea198c11d,2026-05-05T11:17:31Z,2026-05-05T11:17:31Z,1,0,True,True,none,,2026-06-17T15:11:43.138245+00:00,raw,
YT_Ugzq00HinUrKBAlyhLN4AaABAg,YouTube,top_level_comment,Ugzq00HinUrKBAlyhLN4AaABAg,Ugzq00HinUrKBAlyhLN4AaABAg,pByBSEMjiyo,MENJELANG AIDILFITRI | PM Umum Cuti Tambahan Sehari Sambut Hari Raya Aidilfitri,Buletin TV3,https://www.youtube.com/watch?v=pByBSEMjiyo,2026-03-15T05:40:33Z,festivals_national_events,Mac 2026 19,b48d76038aaea198c11d,2026-05-05T11:17:18Z,2026-05-05T11:17:18Z,1,0,True,True,none,,2026-06-17T15:11:43.138258+00:00,raw,
YT_UgzQOwrowC7Nl5GK2894AaABAg,YouTube,top_level_comment,UgzQOwrowC7Nl5GK2894AaABAg,UgzQOwrowC7Nl5GK2894AaABAg,pByBSEMjiyo,MENJELANG AIDILFITRI | PM Umum Cuti Tambahan Sehari Sambut Hari Raya Aidilfitri,Buletin TV3,https://www.youtube.com/watch?v=pByBSEMjiyo,2026-03-15T05:40:33Z,festivals_national_events,March 2026 15,b48d76038aaea198c11d,2026-05-05T11:16:52Z,2026-05-05T11:16:52Z,1,0,True,True,none,,2026-06-17T15:11:43.138270+00:00,raw,
YT_UgxLrk4OXPspOo0IUdt4AaABAg,YouTube,top_level_comment,UgxLrk4OXPspOo0IUdt4AaABAg,UgxLrk4OXPspOo0IUdt4AaABAg,pByBSEMjiyo,MENJELANG AIDILFITRI | PM Umum Cuti Tambahan Sehari Sambut Hari Raya Aidilfitri,Buletin TV3,https://www.youtube.com/watch?v=pByBSEMjiyo,2026-03-15T05:40:33Z,festivals_national_events,Hoi sneakersandmar..lu tak undi pun PMX tetap PM .bukan kerja lu nak turun DSAI Tapi kami umat Islam tetap percaya ALLAH maha berkuasa..klu lu bukan Islam itu lu punya masaalah..lu cakap klu kasi pun ku tak pangkah PH .lu ingat kami semua dengar cakap lu kah..agak2 lah berada..raayat dah meluat dgn Parti bersatu yg berpecah. Tapi abah Bidin dgn Hamzah mereka berpakat supaya raayat benci dgn PN..bukan apa mereka nak pas terus jadi pembangkang untuk akhir hayat...yg brother ni komen..walau pun tambah cuti dia tetap tak pangkah PH..sebab selama ini dari zaman moyang dia turun dkt bapa dia lepas tu turun dkt dia yg dia pangkah terus jadi Pembangkang sebab tu dia jadi pembanggang kah kah kah KIH KIH KIH Kuh . KIH.klu lu dgn isteri lu anak2 lu nak mertua ku tak undi kerajaan perpaduan tetap mantap..jgn ugut2 kami.. lu budak mentah dlm politik..kami skg dah 74 thn dari zaman pas yg di terajui oleh Samad Gol...Dato' Asri..Yusuf Rawa...ustaz Fadhil Nor Nik Aziz skg Hadi Awang..dulu yg menerajui pas semua bagus2 kami sokong .itu pun pas tak boleh kalahkan Tok det..tiba2 skg Hadi Awang terus pas hancur sebab Hadi tak reti bab agama..dia baca hadis bagus tapi tersalah guna...dia ajak org supaya buat fitnah klu nak hancurkan kerajaan..dulu pun pas nak hancurkan tok det tapi mengapa tok det boleh memerentah selama 22thn. ALLAH melihat kesilapan pas dlm .memperjuangkan Agama.dlm hidup berbilang kaum kita kena menghormati kaum lain..tak kira agama apa yg di anuti..akhir kata klu lu tak mahu undi itu hak kamu..kami pun ada hak juga yg lu tak boleh ugut2..faham tak.,7562c068c9909796ffed,2026-03-17T12:20:23Z,2026-03-17T12:20:23Z,0,0,True,True,none,,2026-06-17T15:11:43.138339+00:00,raw,
YT_Ugya7d_WkR5gMJ8x4_B4AaABAg,YouTube,top_level_comment,Ugya7d_WkR5gMJ8x4_B4AaABAg,Ugya7d_WkR5gMJ8x4_B4AaABAg,pByBSEMjiyo,MENJELANG AIDILFITRI | PM Umum Cuti Tambahan Sehari Sambut Hari Raya Aidilfitri,Buletin TV3,https://www.youtube.com/watch?v=pByBSEMjiyo,2026-03-15T05:40:33Z,festivals_national_events,Untunglah yang keje kerajaan..mcam saya keje swasta ni x ada cuti raya,65a685cf7dc99ca89708,2026-03-16T11:52:15Z,2026-03-16T11:52:15Z,0,0,True,True,none,,2026-06-17T15:11:43.138353+00:00,raw,
YT_UgyxVBLQ1qpgxP8JUtB4AaABAg,YouTube,top_level_comment,UgyxVBLQ1qpgxP8JUtB4AaABAg,UgyxVBLQ1qpgxP8JUtB4AaABAg,pByBSEMjiyo,MENJELANG AIDILFITRI | PM Umum Cuti Tambahan Sehari Sambut Hari Raya Aidilfitri,Buletin TV3,https://www.youtube.com/watch?v=pByBSEMjiyo,2026-03-15T05:40:33Z,festivals_national_events,"Aminah dan geng dah menyusahkan 950,000 pesara-pesara . Yang dia lawan kes mahkamah hanya untuk kepentingan diri dan geng dia yang bersara sebelum 2013 ( 531,000 pesara2). Tunggakan jika menang kes mahkamah (dah kalah) depa yang dapat. Baki 420,000 pesara2 yang bersara selepas 2013 tak dapat pun. Kenaikan tahunan 2% dah dimansuhkan sebab Aminah. Geng Aminah lemah mathematik. Hakim pun lemah juga. Tahun hadapan 2027 dan berikutnya dah tak ada kenaikan tahunan. Jika PMX budibicara dan prihatin bolehlah gantikan 2% yang dimansuhkan itu dengan 3-4% melalui mesyuarat kabinet.",ff0723a518bfe1f43d63,2026-03-16T06:31:22Z,2026-03-16T06:31:22Z,0,0,True,True,none,,2026-06-17T15:11:43.138383+00:00,raw,
YT_Ugyz6gWLpzMF8GH0NVF4AaABAg,YouTube,top_level_comment,Ugyz6gWLpzMF8GH0NVF4AaABAg,Ugyz6gWLpzMF8GH0NVF4AaABAg,pByBSEMjiyo,MENJELANG AIDILFITRI | PM Umum Cuti Tambahan Sehari Sambut Hari Raya Aidilfitri,Buletin TV3,https://www.youtube.com/watch?v=pByBSEMjiyo,2026-03-15T05:40:33Z,festivals_national_events,Mesti raya sabtu punya❤,72224a18b89a15a38c85,2026-03-16T01:53:50Z,2026-03-16T01:53:50Z,1,0,True,True,none,,2026-06-17T15:11:43.138396+00:00,raw,
YT_Ugxw1wwNCjWQsS1te8p4AaABAg,YouTube,top_level_comment,Ugxw1wwNCjWQsS1te8p4AaABAg,Ugxw1wwNCjWQsS1te8p4AaABAg,pByBSEMjiyo,MENJELANG AIDILFITRI | PM Umum Cuti Tambahan Sehari Sambut Hari Raya Aidilfitri,Buletin TV3,https://www.youtube.com/watch?v=pByBSEMjiyo,2026-03-15T05:40:33Z,festivals_national_events,😂 tak payahlah bangga setakat cuti tambahan tiada maknanya pun....apa pun selamat menyambut ulangtahun ketua menteri Sabah yg bakal di nantikan ❤❤❤.,11a268b2715f2d8779c1,2026-03-15T20:12:45Z,2026-03-15T20:13:37Z,0,0,True,True,none,,2026-06-17T15:11:43.138414+00:00,raw,
YT_Ugw_AP3vZxHbMJvo53J4AaABAg,YouTube,top_level_comment,Ugw_AP3vZxHbMJvo53J4AaABAg,Ugw_AP3vZxHbMJvo53J4AaABAg,pByBSEMjiyo,MENJELANG AIDILFITRI | PM Umum Cuti Tambahan Sehari Sambut Hari Raya Aidilfitri,Buletin TV3,https://www.youtube.com/watch?v=pByBSEMjiyo,2026-03-15T05:40:33Z,festivals_national_events,Anwar PM X GAGAL GAGAL letak jawatan kaki pusing punye kaki kecing Byk kaki spin mesusah berita hampa kat rakyat Malaysia Pasal kwsp fleksibel ACC 1 buat diam je Pasal cuti bonus cakap.Anwr PM X GAGAL GAGAL letak jawatan memalu Semua rakyat Malaysia,0f3c36b3338952ca1dfe,2026-03-15T13:27:05Z,2026-03-15T13:27:05Z,0,2,True,True,none,,2026-06-17T15:11:43.138433+00:00,raw,
YT_UgxlrYIbK0smI9juVDN4AaABAg,YouTube,top_level_comment,UgxlrYIbK0smI9juVDN4AaABAg,UgxlrYIbK0smI9juVDN4AaABAg,pByBSEMjiyo,MENJELANG AIDILFITRI | PM Umum Cuti Tambahan Sehari Sambut Hari Raya Aidilfitri,Buletin TV3,https://www.youtube.com/watch?v=pByBSEMjiyo,2026-03-15T05:40:33Z,festivals_national_events,Cuti rakyat memng seminggu pun Ikut dri pada syarikat lh..lgi pun orang Islam wajib Ambi cuti lbih.lgi pun kita ada cuti tahunan,57ecb1f1150364e6ffbe,2026-03-15T12:10:49Z,2026-03-15T12:10:49Z,0,0,True,True,none,,2026-06-17T15:11:43.138448+00:00,raw,
YT_UgzHe9hywZRqCh06LTh4AaABAg,YouTube,top_level_comment,UgzHe9hywZRqCh06LTh4AaABAg,UgzHe9hywZRqCh06LTh4AaABAg,pByBSEMjiyo,MENJELANG AIDILFITRI | PM Umum Cuti Tambahan Sehari Sambut Hari Raya Aidilfitri,Buletin TV3,https://www.youtube.com/watch?v=pByBSEMjiyo,2026-03-15T05:40:33Z,festivals_national_events,Kita ada cuti tahunan.jdi kau tmbh cuti berapa hri itu tk kesh lh,57ecb1f1150364e6ffbe,2026-03-15T12:07:37Z,2026-03-15T12:07:37Z,0,0,True,True,none,,2026-06-17T15:11:43.138461+00:00,raw,
YT_UgwBEEJGeS-1gfuLkBV4AaABAg,YouTube,top_level_comment,UgwBEEJGeS-1gfuLkBV4AaABAg,UgwBEEJGeS-1gfuLkBV4AaABAg,pByBSEMjiyo,MENJELANG AIDILFITRI | PM Umum Cuti Tambahan Sehari Sambut Hari Raya Aidilfitri,Buletin TV3,https://www.youtube.com/watch?v=pByBSEMjiyo,2026-03-15T05:40:33Z,festivals_national_events,kejap skrng ni cuti untuk pejabat awam je ke atau swasta sklii???,0b1a5bb4a6d5d52f4119,2026-03-15T12:06:21Z,2026-03-15T12:06:21Z,0,0,True,True,none,,2026-06-17T15:11:43.138474+00:00,raw,
YT_UgzJWo4bbEOXxgzIW154AaABAg,YouTube,top_level_comment,UgzJWo4bbEOXxgzIW154AaABAg,UgzJWo4bbEOXxgzIW154AaABAg,pByBSEMjiyo,MENJELANG AIDILFITRI | PM Umum Cuti Tambahan Sehari Sambut Hari Raya Aidilfitri,Buletin TV3,https://www.youtube.com/watch?v=pByBSEMjiyo,2026-03-15T05:40:33Z,festivals_national_events,Rkyt sbh dan SRWK dh bosan lh dengan PM skg ni. Dh bosn dh.dh mcm keadaan terpaksa dh nk terima.,57ecb1f1150364e6ffbe,2026-03-15T12:06:12Z,2026-03-15T12:06:12Z,0,0,True,True,none,,2026-06-17T15:11:43.138488+00:00,raw,
YT_UgxQC8jawUMUCYlRS8B4AaABAg,YouTube,top_level_comment,UgxQC8jawUMUCYlRS8B4AaABAg,UgxQC8jawUMUCYlRS8B4AaABAg,pByBSEMjiyo,MENJELANG AIDILFITRI | PM Umum Cuti Tambahan Sehari Sambut Hari Raya Aidilfitri,Buletin TV3,https://www.youtube.com/watch?v=pByBSEMjiyo,2026-03-15T05:40:33Z,festivals_national_events,nak bodek le tu..lepas ni siap2 korang kena sengat..,46602c513cbd82f97bf2,2026-03-15T11:34:52Z,2026-03-15T11:34:52Z,0,0,True,True,none,,2026-06-17T15:11:43.138500+00:00,raw,
YT_Ugz6YrbziD9mo8yz49t4AaABAg,YouTube,top_level_comment,Ugz6YrbziD9mo8yz49t4AaABAg,Ugz6YrbziD9mo8yz49t4AaABAg,pByBSEMjiyo,MENJELANG AIDILFITRI | PM Umum Cuti Tambahan Sehari Sambut Hari Raya Aidilfitri,Buletin TV3,https://www.youtube.com/watch?v=pByBSEMjiyo,2026-03-15T05:40:33Z,festivals_national_events,"itu je yang blh dia buat,itu pon lebih kepada penjawat awam😂😂😂😂 janji hok lepas2 penjawat awam blh lupakan.. akan tetapi rakyat2 tak akan lupa janji kamu wahai pmx😂😂😂",a1057080656a881f57ae,2026-03-15T11:11:59Z,2026-03-15T11:11:59Z,0,0,True,True,none,,2026-06-17T15:11:43.138527+00:00,raw,
YT_UgyOnvFUWAp-PSROK614AaABAg,YouTube,top_level_comment,UgyOnvFUWAp-PSROK614AaABAg,UgyOnvFUWAp-PSROK614AaABAg,pByBSEMjiyo,MENJELANG AIDILFITRI | PM Umum Cuti Tambahan Sehari Sambut Hari Raya Aidilfitri,Buletin TV3,https://www.youtube.com/watch?v=pByBSEMjiyo,2026-03-15T05:40:33Z,festivals_national_events,Walaupun diberi cuti tambahan utk raya namun begitu pilihanraya akan dtg saya tetap tidak akan undi PH lagi. Malaysia semakin rosak,e83308cdd7e8186bde35,2026-03-15T11:01:09Z,2026-03-15T11:01:09Z,7,1,True,True,none,,2026-06-17T15:11:43.138543+00:00,raw,
YT_Ugz6I_AbIoOB7cdjBjl4AaABAg,YouTube,top_level_comment,Ugz6I_AbIoOB7cdjBjl4AaABAg,Ugz6I_AbIoOB7cdjBjl4AaABAg,pByBSEMjiyo,MENJELANG AIDILFITRI | PM Umum Cuti Tambahan Sehari Sambut Hari Raya Aidilfitri,Buletin TV3,https://www.youtube.com/watch?v=pByBSEMjiyo,2026-03-15T05:40:33Z,festivals_national_events,Walaun tak nak cuti silakan kerja🎉🎉🎉,cba13bd56fa46c3deb5d,2026-03-15T10:47:41Z,2026-03-15T10:47:41Z,0,0,True,True,none,,2026-06-17T15:11:43.138556+00:00,raw,
YT_UgwP4PgJiPH1zkkQgtR4AaABAg,YouTube,top_level_comment,UgwP4PgJiPH1zkkQgtR4AaABAg,UgwP4PgJiPH1zkkQgtR4AaABAg,pByBSEMjiyo,MENJELANG AIDILFITRI | PM Umum Cuti Tambahan Sehari Sambut Hari Raya Aidilfitri,Buletin TV3,https://www.youtube.com/watch?v=pByBSEMjiyo,2026-03-15T05:40:33Z,festivals_national_events,Kn mmg msuk dlm tkwim dh kan? Dlm kalender pun dh ada. Xpaham aku. Dia nk umum utk sapa sbnrnya??????,fa00acc6c711a1011ff3,2026-03-15T10:37:19Z,2026-03-15T10:37:19Z,0,0,True,True,none,,2026-06-17T15:11:43.138570+00:00,raw,
YT_UgwdGNDCjbL0MbT5Bkp4AaABAg,YouTube,top_level_comment,UgwdGNDCjbL0MbT5Bkp4AaABAg,UgwdGNDCjbL0MbT5Bkp4AaABAg,pByBSEMjiyo,MENJELANG AIDILFITRI | PM Umum Cuti Tambahan Sehari Sambut Hari Raya Aidilfitri,Buletin TV3,https://www.youtube.com/watch?v=pByBSEMjiyo,2026-03-15T05:40:33Z,festivals_national_events,"Malangnya negara malaysia ada pm mcm nie, cepat² lah pru..",b13831fc945a8a410b9a,2026-03-15T10:09:37Z,2026-03-15T10:09:37Z,0,0,True,True,none,,2026-06-17T15:11:43.138584+00:00,raw,
YT_Ugz2dRJKFycWYLHESL14AaABAg,YouTube,top_level_comment,Ugz2dRJKFycWYLHESL14AaABAg,Ugz2dRJKFycWYLHESL14AaABAg,pByBSEMjiyo,MENJELANG AIDILFITRI | PM Umum Cuti Tambahan Sehari Sambut Hari Raya Aidilfitri,Buletin TV3,https://www.youtube.com/watch?v=pByBSEMjiyo,2026-03-15T05:40:33Z,festivals_national_events,X mana nye kerja keras pada ramadan..jatuh prestasi..ngular sesaja..muka mencuka kat kaunter..kunun2 letih bak pikul balak..padahal lesu aircond selesa..,327869e9e8abdba42f4c,2026-03-15T10:05:23Z,2026-03-15T10:05:23Z,0,0,True,True,none,,2026-06-17T15:11:43.138600+00:00,raw,
YT_Ugyovh2tD_17MC1pw1J4AaABAg,YouTube,top_level_comment,Ugyovh2tD_17MC1pw1J4AaABAg,Ugyovh2tD_17MC1pw1J4AaABAg,pByBSEMjiyo,MENJELANG AIDILFITRI | PM Umum Cuti Tambahan Sehari Sambut Hari Raya Aidilfitri,Buletin TV3,https://www.youtube.com/watch?v=pByBSEMjiyo,2026-03-15T05:40:33Z,festivals_national_events,Mantap PMX! Hidup Anwar!,13822d5d48fa5ef48e32,2026-03-15T10:04:23Z,2026-03-15T10:05:21Z,0,0,True,True,none,,2026-06-17T15:11:43.138613+00:00,raw,
YT_UgyA0uSAb3CGxKkUOPl4AaABAg,YouTube,top_level_comment,UgyA0uSAb3CGxKkUOPl4AaABAg,UgyA0uSAb3CGxKkUOPl4AaABAg,pByBSEMjiyo,MENJELANG AIDILFITRI | PM Umum Cuti Tambahan Sehari Sambut Hari Raya Aidilfitri,Buletin TV3,https://www.youtube.com/watch?v=pByBSEMjiyo,2026-03-15T05:40:33Z,festivals_national_events,Ahhh..ko manja kan la pemalas2 ni semua..undi ttp tak beri..,327869e9e8abdba42f4c,2026-03-15T10:03:15Z,2026-03-15T10:03:15Z,0,0,True,True,none,,2026-06-17T15:11:43.138625+00:00,raw,
YT_Ugy1Clms_ZIFQeY_xYV4AaABAg,YouTube,top_level_comment,Ugy1Clms_ZIFQeY_xYV4AaABAg,Ugy1Clms_ZIFQeY_xYV4AaABAg,pByBSEMjiyo,MENJELANG AIDILFITRI | PM Umum Cuti Tambahan Sehari Sambut Hari Raya Aidilfitri,Buletin TV3,https://www.youtube.com/watch?v=pByBSEMjiyo,2026-03-15T05:40:33Z,festivals_national_events,X de kerja,663a39267b633c8f033a,2026-03-15T10:01:56Z,2026-03-15T10:01:56Z,0,0,True,True,none,,2026-06-17T15:11:43.138636+00:00,raw,
YT_Ugxi77O3VmWNd8qx4vR4AaABAg,YouTube,top_level_comment,Ugxi77O3VmWNd8qx4vR4AaABAg,Ugxi77O3VmWNd8qx4vR4AaABAg,pByBSEMjiyo,MENJELANG AIDILFITRI | PM Umum Cuti Tambahan Sehari Sambut Hari Raya Aidilfitri,Buletin TV3,https://www.youtube.com/watch?v=pByBSEMjiyo,2026-03-15T05:40:33Z,festivals_national_events,Nanti sebelum raya kerajaan masukkan satu juta satu orang ke akaun rakyat yang ada bantuan STR ke dlm akaun seluruh rakyat Malaysia.biar senang hati seluruh rakyat ambil cuti seberapa hari kerajaan nak umumkan cuti.,ce2092421744b0552179,2026-03-15T09:57:46Z,2026-03-15T09:57:46Z,0,0,True,True,none,,2026-06-17T15:11:43.138653+00:00,raw,
YT_UgxNGFjQFeNp3uNGUSt4AaABAg,YouTube,top_level_comment,UgxNGFjQFeNp3uNGUSt4AaABAg,UgxNGFjQFeNp3uNGUSt4AaABAg,pByBSEMjiyo,MENJELANG AIDILFITRI | PM Umum Cuti Tambahan Sehari Sambut Hari Raya Aidilfitri,Buletin TV3,https://www.youtube.com/watch?v=pByBSEMjiyo,2026-03-15T05:40:33Z,festivals_national_events,😂😂😂,2cdf21e7d3ff22190a7d,2026-03-15T09:54:04Z,2026-03-15T09:54:04Z,0,0,True,True,none,,2026-06-17T15:11:43.138664+00:00,raw,
YT_UgyR1hU09KMb1gjT0Lx4AaABAg,YouTube,top_level_comment,UgyR1hU09KMb1gjT0Lx4AaABAg,UgyR1hU09KMb1gjT0Lx4AaABAg,pByBSEMjiyo,MENJELANG AIDILFITRI | PM Umum Cuti Tambahan Sehari Sambut Hari Raya Aidilfitri,Buletin TV3,https://www.youtube.com/watch?v=pByBSEMjiyo,2026-03-15T05:40:33Z,festivals_national_events,Gaji x de...tgh bln dah ni....,919c3d5d876e5f7bc3d2,2026-03-15T09:40:50Z,2026-03-15T09:40:50Z,1,2,True,True,none,,2026-06-17T15:11:43.138676+00:00,raw,
YT_UgwvxWN65J8C0-6ZKaZ4AaABAg,YouTube,top_level_comment,UgwvxWN65J8C0-6ZKaZ4AaABAg,UgwvxWN65J8C0-6ZKaZ4AaABAg,pByBSEMjiyo,MENJELANG AIDILFITRI | PM Umum Cuti Tambahan Sehari Sambut Hari Raya Aidilfitri,Buletin TV3,https://www.youtube.com/watch?v=pByBSEMjiyo,2026-03-15T05:40:33Z,festivals_national_events,Cuti banyak saya punyak anak belajar,6384002a846b700b4cab,2026-03-15T09:36:42Z,2026-03-15T09:36:42Z,0,0,True,True,none,,2026-06-17T15:11:43.138687+00:00,raw,
YT_UgxiBMcriE_8y4lkfBN4AaABAg,YouTube,top_level_comment,UgxiBMcriE_8y4lkfBN4AaABAg,UgxiBMcriE_8y4lkfBN4AaABAg,pByBSEMjiyo,MENJELANG AIDILFITRI | PM Umum Cuti Tambahan Sehari Sambut Hari Raya Aidilfitri,Buletin TV3,https://www.youtube.com/watch?v=pByBSEMjiyo,2026-03-15T05:40:33Z,festivals_national_events,Dulu sebelom hang pon ade lah..lgi lama,43a052d5a222de875b1b,2026-03-15T09:33:15Z,2026-03-15T09:33:15Z,2,0,True,True,none,,2026-06-17T15:11:43.138699+00:00,raw,
YT_Ugxtymx8o6DyJJhzaQh4AaABAg,YouTube,top_level_comment,Ugxtymx8o6DyJJhzaQh4AaABAg,Ugxtymx8o6DyJJhzaQh4AaABAg,pByBSEMjiyo,MENJELANG AIDILFITRI | PM Umum Cuti Tambahan Sehari Sambut Hari Raya Aidilfitri,Buletin TV3,https://www.youtube.com/watch?v=pByBSEMjiyo,2026-03-15T05:40:33Z,festivals_national_events,Laa..cuti cuti..bosan juga..kami nk kerja,8a660230f44b9d2577af,2026-03-15T09:33:03Z,2026-03-15T09:33:03Z,0,0,True,True,none,,2026-06-17T15:11:43.138711+00:00,raw,
YT_UgyP72nR7pb1CjgxsUJ4AaABAg,YouTube,top_level_comment,UgyP72nR7pb1CjgxsUJ4AaABAg,UgyP72nR7pb1CjgxsUJ4AaABAg,pByBSEMjiyo,MENJELANG AIDILFITRI | PM Umum Cuti Tambahan Sehari Sambut Hari Raya Aidilfitri,Buletin TV3,https://www.youtube.com/watch?v=pByBSEMjiyo,2026-03-15T05:40:33Z,festivals_national_events,"He is a Such Wonderful PMX , Thank You Soo Much for Always Doing The Best For Us. U Re D REAL “PAPA” of MALAYSIA. بارك الله فيك ❤",6b246568ad23fd233202,2026-03-15T09:22:55Z,2026-03-15T09:22:55Z,1,0,True,True,none,,2026-06-17T15:11:43.138729+00:00,raw,
YT_Ugx0_WlOUaMw7WfC5XF4AaABAg,YouTube,top_level_comment,Ugx0_WlOUaMw7WfC5XF4AaABAg,Ugx0_WlOUaMw7WfC5XF4AaABAg,pByBSEMjiyo,MENJELANG AIDILFITRI | PM Umum Cuti Tambahan Sehari Sambut Hari Raya Aidilfitri,Buletin TV3,https://www.youtube.com/watch?v=pByBSEMjiyo,2026-03-15T05:40:33Z,festivals_national_events,Naiseee 🥳🥳🥳🥳,faf69f5cc77c9cf83c41,2026-03-15T09:19:21Z,2026-03-15T09:19:21Z,2,0,True,True,none,,2026-06-17T15:11:43.138740+00:00,raw,
YT_UgzUvLJbwnmHrmB1xQx4AaABAg,YouTube,top_level_comment,UgzUvLJbwnmHrmB1xQx4AaABAg,UgzUvLJbwnmHrmB1xQx4AaABAg,pByBSEMjiyo,MENJELANG AIDILFITRI | PM Umum Cuti Tambahan Sehari Sambut Hari Raya Aidilfitri,Buletin TV3,https://www.youtube.com/watch?v=pByBSEMjiyo,2026-03-15T05:40:33Z,festivals_national_events,Cuti tambahan itu boleh tolong simpan macam mana Duit KWSP kita disimpan... Ini adalah 1 pengajaran kepada kami yang bertungkus lumus berdiri di cuaca panas terik dan UNDI PH !!! Ini balasan kita dapat daripada mereka..Kesusahan ini kita kena simpan dalam hati kita... PRN Melaka dan Sarawak kita kena tunjuk mereka dan PRU16 JANGAN LUPA.....,3cf05e7863c4bcde9124,2026-03-15T09:08:18Z,2026-03-15T09:08:18Z,0,0,True,True,none,,2026-06-17T15:11:43.138761+00:00,raw,
YT_Ugz-DbMJKjzHVzpl6al4AaABAg,YouTube,top_level_comment,Ugz-DbMJKjzHVzpl6al4AaABAg,Ugz-DbMJKjzHVzpl6al4AaABAg,pByBSEMjiyo,MENJELANG AIDILFITRI | PM Umum Cuti Tambahan Sehari Sambut Hari Raya Aidilfitri,Buletin TV3,https://www.youtube.com/watch?v=pByBSEMjiyo,2026-03-15T05:40:33Z,festivals_national_events,Saya hari hari cuti tak kesah,f320efd84643270de254,2026-03-15T08:59:58Z,2026-03-15T08:59:58Z,2,0,True,True,none,,2026-06-17T15:11:43.138772+00:00,raw,
YT_UgxjwaaQDj9SdoiTIj94AaABAg,YouTube,top_level_comment,UgxjwaaQDj9SdoiTIj94AaABAg,UgxjwaaQDj9SdoiTIj94AaABAg,pByBSEMjiyo,MENJELANG AIDILFITRI | PM Umum Cuti Tambahan Sehari Sambut Hari Raya Aidilfitri,Buletin TV3,https://www.youtube.com/watch?v=pByBSEMjiyo,2026-03-15T05:40:33Z,festivals_national_events,pengumuman CUTI saja ke? APA LAGI BERITA GEMBIRA selain CUTI ?? BANTUAN AIDILFITRI RAKYAT ONE OFF ke ? KWSP ONE OFF ke ??? MANA ??? YG BERSORAK DALAM DEWAN TU ORG² GOVERNMENT KE YG DPT BONUS RM500 pastu CUTI TAMBAHAN ?? BERITA GEMBIRA utk PENJAWAT AWAM LA NI KESELURUHANNNYA ???? RAKYAT YG TAK BEKERJA DI GOVERMENT DIBIARKAN MAKAN HATI DAN SAKIT HATI LAH ?? OHHHH MCM TU !!! .....RAKYAT MALAYSIA WARGANEGARA MALAYSIA YG SAH HANYA YG BEKERJA DI KERAJAAN SAHAJA .....YG BUKAN KEJE DI KERAJAAN ADALAH RAKYAT PENCACAI MAKAN NAJIS YG TAK PERLU DI BERIKAN BERITA GEMBIRA LA .....YG KEJE DI KERAJAAN SAHAJA LAH YG AKAN KELUAR MENGUNDI PADA PRU MALAYSIA 2028 ??? RAKYAT YG TAK KEJE DALAM KERAJAAN TAK PERLU MENGUNDI LAH ??? OK NOTED !!!,f8b4664a328dfa482395,2026-03-15T08:53:48Z,2026-03-15T08:53:48Z,3,3,True,True,none,,2026-06-17T15:11:43.138809+00:00,raw,
YT_Ugx9qC-lLsj8RQWyecp4AaABAg,YouTube,top_level_comment,Ugx9qC-lLsj8RQWyecp4AaABAg,Ugx9qC-lLsj8RQWyecp4AaABAg,pByBSEMjiyo,MENJELANG AIDILFITRI | PM Umum Cuti Tambahan Sehari Sambut Hari Raya Aidilfitri,Buletin TV3,https://www.youtube.com/watch?v=pByBSEMjiyo,2026-03-15T05:40:33Z,festivals_national_events,KALAU cuti kedah kelantan terengganu JUMAAT dan SABTU nak kira mcm mana? ada tambahan hari isnin juga ke,187e4205bcb4315c09b9,2026-03-15T08:30:21Z,2026-03-15T08:30:21Z,0,0,True,True,none,,2026-06-17T15:11:43.138823+00:00,raw,
YT_UgxmndhlhT1O8SLERYx4AaABAg,YouTube,top_level_comment,UgxmndhlhT1O8SLERYx4AaABAg,UgxmndhlhT1O8SLERYx4AaABAg,pByBSEMjiyo,MENJELANG AIDILFITRI | PM Umum Cuti Tambahan Sehari Sambut Hari Raya Aidilfitri,Buletin TV3,https://www.youtube.com/watch?v=pByBSEMjiyo,2026-03-15T05:40:33Z,festivals_national_events,"Negeri Kedah,ganu,kelate kalau raya pertama hari sabtu,cuti tambaham jumaat akan dibawak kepada Isnin.",37b0e2b6017c36f2c068,2026-03-15T08:29:06Z,2026-03-15T08:29:06Z,0,0,True,True,none,,2026-06-17T15:11:43.138836+00:00,raw,
YT_UgxPDENEAiJfcnz9Q2h4AaABAg,YouTube,top_level_comment,UgxPDENEAiJfcnz9Q2h4AaABAg,UgxPDENEAiJfcnz9Q2h4AaABAg,pByBSEMjiyo,MENJELANG AIDILFITRI | PM Umum Cuti Tambahan Sehari Sambut Hari Raya Aidilfitri,Buletin TV3,https://www.youtube.com/watch?v=pByBSEMjiyo,2026-03-15T05:40:33Z,festivals_national_events,Congrats Malaysia..👍😊👍🇲🇾,a2bd6abae41fd38453a6,2026-03-15T08:20:41Z,2026-03-15T08:20:41Z,2,0,True,True,none,,2026-06-17T15:11:43.138847+00:00,raw,
YT_UgyWW7gPTD_jrmVR8bN4AaABAg,YouTube,top_level_comment,UgyWW7gPTD_jrmVR8bN4AaABAg,UgyWW7gPTD_jrmVR8bN4AaABAg,pByBSEMjiyo,MENJELANG AIDILFITRI | PM Umum Cuti Tambahan Sehari Sambut Hari Raya Aidilfitri,Buletin TV3,https://www.youtube.com/watch?v=pByBSEMjiyo,2026-03-15T05:40:33Z,festivals_national_events,Dari mula berkuasa....sampai la sekarang ni....pengumuman cuti tambahan je la....hahahahaha....PiYem al juboori di sukai rakyat malaysia yg bangang😂😂😂,113e6f85b3460655c0f8,2026-03-15T08:08:58Z,2026-03-15T08:08:58Z,0,0,True,True,none,,2026-06-17T15:11:43.138863+00:00,raw,
YT_Ugzy2t9PeHiB16l-seR4AaABAg,YouTube,top_level_comment,Ugzy2t9PeHiB16l-seR4AaABAg,Ugzy2t9PeHiB16l-seR4AaABAg,pByBSEMjiyo,MENJELANG AIDILFITRI | PM Umum Cuti Tambahan Sehari Sambut Hari Raya Aidilfitri,Buletin TV3,https://www.youtube.com/watch?v=pByBSEMjiyo,2026-03-15T05:40:33Z,festivals_national_events,beruntung nya penjawat awam..,d323e2e3afd5773f86d2,2026-03-15T07:55:44Z,2026-03-15T07:55:44Z,6,1,True,True,none,,2026-06-17T15:11:43.138874+00:00,raw,
YT_UgwRGKs-5-a1FhEQkHt4AaABAg,YouTube,top_level_comment,UgwRGKs-5-a1FhEQkHt4AaABAg,UgwRGKs-5-a1FhEQkHt4AaABAg,pByBSEMjiyo,MENJELANG AIDILFITRI | PM Umum Cuti Tambahan Sehari Sambut Hari Raya Aidilfitri,Buletin TV3,https://www.youtube.com/watch?v=pByBSEMjiyo,2026-03-15T05:40:33Z,festivals_national_events,"Cuti seminggu sabtu sampai ahad depan ,ape yg banggang anuar nie",5925c4d23a35e813cf97,2026-03-15T07:50:16Z,2026-03-15T07:50:16Z,0,0,True,True,none,,2026-06-17T15:11:43.138886+00:00,raw,
YT_UgxCcUt-vXnYSqWX6I54AaABAg,YouTube,top_level_comment,UgxCcUt-vXnYSqWX6I54AaABAg,UgxCcUt-vXnYSqWX6I54AaABAg,pByBSEMjiyo,MENJELANG AIDILFITRI | PM Umum Cuti Tambahan Sehari Sambut Hari Raya Aidilfitri,Buletin TV3,https://www.youtube.com/watch?v=pByBSEMjiyo,2026-03-15T05:40:33Z,festivals_national_events,"duit sumbangan rahmah jangan masuk ic lagi , kasi masuk dalam account bank seperti dulu , baru dapat undi.. kalau tak nanti kalah pilihanraya, zaman sekarang rakyat sudah bijak 😂",edcbe60a36c15e183620,2026-03-15T07:50:07Z,2026-03-15T07:50:07Z,4,3,True,True,none,,2026-06-17T15:11:43.138904+00:00,raw,
YT_Ugw883LnYoZwMnFF0eZ4AaABAg,YouTube,top_level_comment,Ugw883LnYoZwMnFF0eZ4AaABAg,Ugw883LnYoZwMnFF0eZ4AaABAg,pByBSEMjiyo,MENJELANG AIDILFITRI | PM Umum Cuti Tambahan Sehari Sambut Hari Raya Aidilfitri,Buletin TV3,https://www.youtube.com/watch?v=pByBSEMjiyo,2026-03-15T05:40:33Z,festivals_national_events,"cuti tarak gaji blh la, org penjawat awam blh la cuti gaji jln",856f38b5c69fd2be68f6,2026-03-15T07:47:10Z,2026-03-15T07:47:10Z,0,0,True,True,none,,2026-06-17T15:11:43.138918+00:00,raw,
YT_UgyD-6PeYn7j5VmAcUZ4AaABAg,YouTube,top_level_comment,UgyD-6PeYn7j5VmAcUZ4AaABAg,UgyD-6PeYn7j5VmAcUZ4AaABAg,pByBSEMjiyo,MENJELANG AIDILFITRI | PM Umum Cuti Tambahan Sehari Sambut Hari Raya Aidilfitri,Buletin TV3,https://www.youtube.com/watch?v=pByBSEMjiyo,2026-03-15T05:40:33Z,festivals_national_events,Umum pemulangan wang dari scammer,4aebb4b5d3b7147e4589,2026-03-15T07:45:38Z,2026-03-15T07:45:38Z,0,0,True,True,none,,2026-06-17T15:11:43.138930+00:00,raw,
YT_Ugy9bvVPmMP_5Pn8jcJ4AaABAg,YouTube,top_level_comment,Ugy9bvVPmMP_5Pn8jcJ4AaABAg,Ugy9bvVPmMP_5Pn8jcJ4AaABAg,pByBSEMjiyo,MENJELANG AIDILFITRI | PM Umum Cuti Tambahan Sehari Sambut Hari Raya Aidilfitri,Buletin TV3,https://www.youtube.com/watch?v=pByBSEMjiyo,2026-03-15T05:40:33Z,festivals_national_events,Yg kna tempias org yg makan gaji hari,604fe5984c8c138850a8,2026-03-15T07:45:36Z,2026-03-15T07:45:36Z,0,0,True,True,none,,2026-06-17T15:11:43.138941+00:00,raw,
YT_UgxSiCP_-cQ9o1ZftS94AaABAg,YouTube,top_level_comment,UgxSiCP_-cQ9o1ZftS94AaABAg,UgxSiCP_-cQ9o1ZftS94AaABAg,pByBSEMjiyo,MENJELANG AIDILFITRI | PM Umum Cuti Tambahan Sehari Sambut Hari Raya Aidilfitri,Buletin TV3,https://www.youtube.com/watch?v=pByBSEMjiyo,2026-03-15T05:40:33Z,festivals_national_events,Cuti 2 Malaysia,6bd7312f449786cc700c,2026-03-15T07:44:52Z,2026-03-15T07:44:52Z,0,0,True,True,none,,2026-06-17T15:11:43.138952+00:00,raw,
YT_UgzDC6R9977nS9VdK3x4AaABAg,YouTube,top_level_comment,UgzDC6R9977nS9VdK3x4AaABAg,UgzDC6R9977nS9VdK3x4AaABAg,pByBSEMjiyo,MENJELANG AIDILFITRI | PM Umum Cuti Tambahan Sehari Sambut Hari Raya Aidilfitri,Buletin TV3,https://www.youtube.com/watch?v=pByBSEMjiyo,2026-03-15T05:40:33Z,festivals_national_events,toll free tak ada ke? tanya aje..contohhh... 😁🤪😜😝,577845b4bcb7bbfda779,2026-03-15T07:29:44Z,2026-03-15T07:29:44Z,1,1,True,True,none,,2026-06-17T15:11:43.138965+00:00,raw,
YT_UgyT2HmV15rdW58nvKl4AaABAg,YouTube,top_level_comment,UgyT2HmV15rdW58nvKl4AaABAg,UgyT2HmV15rdW58nvKl4AaABAg,pByBSEMjiyo,MENJELANG AIDILFITRI | PM Umum Cuti Tambahan Sehari Sambut Hari Raya Aidilfitri,Buletin TV3,https://www.youtube.com/watch?v=pByBSEMjiyo,2026-03-15T05:40:33Z,festivals_national_events,Cuti je boleh bagi. Ambik la korang ambik cuti jgn x ambik.,811abfb67323d2c06ebd,2026-03-15T07:27:04Z,2026-03-15T07:27:04Z,0,0,True,True,none,,2026-06-17T15:11:43.138978+00:00,raw,
YT_UgyXPc8zAG6HRSHJSM94AaABAg,YouTube,top_level_comment,UgyXPc8zAG6HRSHJSM94AaABAg,UgyXPc8zAG6HRSHJSM94AaABAg,pByBSEMjiyo,MENJELANG AIDILFITRI | PM Umum Cuti Tambahan Sehari Sambut Hari Raya Aidilfitri,Buletin TV3,https://www.youtube.com/watch?v=pByBSEMjiyo,2026-03-15T05:40:33Z,festivals_national_events,Pm masuk air,c6b2093489b0b498f8e6,2026-03-15T07:17:19Z,2026-03-15T07:17:19Z,0,0,True,True,none,,2026-06-17T15:11:43.138989+00:00,raw,
YT_Ugy28aMRPdn3q5T6fs14AaABAg,YouTube,top_level_comment,Ugy28aMRPdn3q5T6fs14AaABAg,Ugy28aMRPdn3q5T6fs14AaABAg,pByBSEMjiyo,MENJELANG AIDILFITRI | PM Umum Cuti Tambahan Sehari Sambut Hari Raya Aidilfitri,Buletin TV3,https://www.youtube.com/watch?v=pByBSEMjiyo,2026-03-15T05:40:33Z,festivals_national_events,Terima kasih YAB Perdana Menteri 🥰,86a64e95a586a649701d,2026-03-15T07:12:26Z,2026-03-15T07:12:26Z,2,0,True,True,none,,2026-06-17T15:11:43.139001+00:00,raw,
YT_Ugyw_Hd7lNdzOxXLBwh4AaABAg,YouTube,top_level_comment,Ugyw_Hd7lNdzOxXLBwh4AaABAg,Ugyw_Hd7lNdzOxXLBwh4AaABAg,pByBSEMjiyo,MENJELANG AIDILFITRI | PM Umum Cuti Tambahan Sehari Sambut Hari Raya Aidilfitri,Buletin TV3,https://www.youtube.com/watch?v=pByBSEMjiyo,2026-03-15T05:40:33Z,festivals_national_events,Tugas utama PM bukan bagi cuti sebaliknya laksanakan RCI SPRM itu paling utama,0123e30b5148089895ae,2026-03-15T07:09:12Z,2026-03-15T07:09:12Z,4,0,True,True,none,,2026-06-17T15:11:43.139014+00:00,raw,
YT_UgynYFT_ybCQRuOPKLd4AaABAg,YouTube,top_level_comment,UgynYFT_ybCQRuOPKLd4AaABAg,UgynYFT_ybCQRuOPKLd4AaABAg,pByBSEMjiyo,MENJELANG AIDILFITRI | PM Umum Cuti Tambahan Sehari Sambut Hari Raya Aidilfitri,Buletin TV3,https://www.youtube.com/watch?v=pByBSEMjiyo,2026-03-15T05:40:33Z,festivals_national_events,cuti tambah blum tentu kilang kt Malaysia tambah cuti,68143b6ec99734e5231c,2026-03-15T07:06:57Z,2026-03-15T07:06:57Z,1,1,True,True,none,,2026-06-17T15:11:43.139026+00:00,raw,
YT_UgyaZVWSMn5Blbug07p4AaABAg,YouTube,top_level_comment,UgyaZVWSMn5Blbug07p4AaABAg,UgyaZVWSMn5Blbug07p4AaABAg,pByBSEMjiyo,MENJELANG AIDILFITRI | PM Umum Cuti Tambahan Sehari Sambut Hari Raya Aidilfitri,Buletin TV3,https://www.youtube.com/watch?v=pByBSEMjiyo,2026-03-15T05:40:33Z,festivals_national_events,Dah lulus cuti 20 mac hari jumaat - 26 mac Khamis. Kalau nak bg cuti tambahan bg lah hari khamis 19 mac 😂,92ead328cc12b7946e04,2026-03-15T07:02:27Z,2026-03-15T07:02:27Z,6,0,True,True,none,,2026-06-17T15:11:43.139041+00:00,raw,
YT_UgyDjswssxYpCQniVPR4AaABAg,YouTube,top_level_comment,UgyDjswssxYpCQniVPR4AaABAg,UgyDjswssxYpCQniVPR4AaABAg,pByBSEMjiyo,MENJELANG AIDILFITRI | PM Umum Cuti Tambahan Sehari Sambut Hari Raya Aidilfitri,Buletin TV3,https://www.youtube.com/watch?v=pByBSEMjiyo,2026-03-15T05:40:33Z,festivals_national_events,Itu kah kau umum mahu sampai disini sabah….bagus ambil banduan lagi dari perjara jadi PM pandai lagi dari kau anwar,3ad367d659d18dec4741,2026-03-15T06:47:14Z,2026-03-15T06:47:14Z,0,0,True,True,none,,2026-06-17T15:11:43.139057+00:00,raw,
YT_UgwvV3qMs0szDNjgeQF4AaABAg,YouTube,top_level_comment,UgwvV3qMs0szDNjgeQF4AaABAg,UgwvV3qMs0szDNjgeQF4AaABAg,pByBSEMjiyo,MENJELANG AIDILFITRI | PM Umum Cuti Tambahan Sehari Sambut Hari Raya Aidilfitri,Buletin TV3,https://www.youtube.com/watch?v=pByBSEMjiyo,2026-03-15T05:40:33Z,festivals_national_events,🤣🤣🤣🤣Dengar Boleh....Percaya Jangan sesekali,a48e1cb4654c490f9c4f,2026-03-15T06:43:03Z,2026-03-15T06:43:03Z,4,5,True,True,none,,2026-06-17T15:11:43.139069+00:00,raw,
YT_Ugw9MDam0Ei1AvT-grp4AaABAg,YouTube,top_level_comment,Ugw9MDam0Ei1AvT-grp4AaABAg,Ugw9MDam0Ei1AvT-grp4AaABAg,pByBSEMjiyo,MENJELANG AIDILFITRI | PM Umum Cuti Tambahan Sehari Sambut Hari Raya Aidilfitri,Buletin TV3,https://www.youtube.com/watch?v=pByBSEMjiyo,2026-03-15T05:40:33Z,festivals_national_events,Tambah cuti n xtra money,9a741fb40e361a836de0,2026-03-15T06:30:26Z,2026-03-15T06:30:26Z,1,0,True,True,none,,2026-06-17T15:11:43.139090+00:00,raw,
YT_Ugwk7EMYMwLEBS5YJrZ4AaABAg,YouTube,top_level_comment,Ugwk7EMYMwLEBS5YJrZ4AaABAg,Ugwk7EMYMwLEBS5YJrZ4AaABAg,pByBSEMjiyo,MENJELANG AIDILFITRI | PM Umum Cuti Tambahan Sehari Sambut Hari Raya Aidilfitri,Buletin TV3,https://www.youtube.com/watch?v=pByBSEMjiyo,2026-03-15T05:40:33Z,festivals_national_events,Tq pmx,decc6fa1331de6eaed8c,2026-03-15T06:26:55Z,2026-03-15T06:26:55Z,0,0,True,True,none,,2026-06-17T15:11:43.139101+00:00,raw,
YT_Ugz3CYUpm0-vPQVFRsN4AaABAg,YouTube,top_level_comment,Ugz3CYUpm0-vPQVFRsN4AaABAg,Ugz3CYUpm0-vPQVFRsN4AaABAg,pByBSEMjiyo,MENJELANG AIDILFITRI | PM Umum Cuti Tambahan Sehari Sambut Hari Raya Aidilfitri,Buletin TV3,https://www.youtube.com/watch?v=pByBSEMjiyo,2026-03-15T05:40:33Z,festivals_national_events,Alhamdulillah. Jimatttt AL saya. Thank you PMX! 🎉🎉,4894dd7c864558bf13a6,2026-03-15T06:06:45Z,2026-03-15T06:06:45Z,1,1,True,True,none,,2026-06-17T15:11:43.139114+00:00,raw,
YT_Ugyz2U3PpeZoJpmNQLd4AaABAg,YouTube,top_level_comment,Ugyz2U3PpeZoJpmNQLd4AaABAg,Ugyz2U3PpeZoJpmNQLd4AaABAg,pByBSEMjiyo,MENJELANG AIDILFITRI | PM Umum Cuti Tambahan Sehari Sambut Hari Raya Aidilfitri,Buletin TV3,https://www.youtube.com/watch?v=pByBSEMjiyo,2026-03-15T05:40:33Z,festivals_national_events,Buang masa.,33ca14f9573efe77723a,2026-03-15T05:58:44Z,2026-03-15T05:58:44Z,5,3,True,True,none,,2026-06-17T15:11:43.139125+00:00,raw,
YT_UgyNOGRhDpOCLhwpkPl4AaABAg,YouTube,top_level_comment,UgyNOGRhDpOCLhwpkPl4AaABAg,UgyNOGRhDpOCLhwpkPl4AaABAg,pByBSEMjiyo,MENJELANG AIDILFITRI | PM Umum Cuti Tambahan Sehari Sambut Hari Raya Aidilfitri,Buletin TV3,https://www.youtube.com/watch?v=pByBSEMjiyo,2026-03-15T05:40:33Z,festivals_national_events,Terima kasih pmx 🤩🤩🤩,abc7259225a596d48b0f,2026-03-15T05:42:53Z,2026-03-15T05:42:53Z,2,0,True,True,none,,2026-06-17T15:11:43.139137+00:00,raw,
YT_Ugz58Vl2dKp9cG55Fup4AaABAg,YouTube,top_level_comment,Ugz58Vl2dKp9cG55Fup4AaABAg,Ugz58Vl2dKp9cG55Fup4AaABAg,qlQj6Zlgc-M,MyDigital ID akan diwajibkan untuk akses aplikasi MyJPJ & MyBayar PDRM!,SoyaCincau BM,https://www.youtube.com/watch?v=qlQj6Zlgc-M,2025-08-27T12:39:08Z,technology_digital_services,JPJ bodoh menyusahkan rakyat aja sekarang aku tak boleh buka,9ee06f56dcddec1cbdc1,2026-06-16T18:36:06Z,2026-06-16T18:36:06Z,0,0,True,True,none,,2026-06-17T15:11:45.562858+00:00,raw,
YT_UgwrJKm0f65qKnXjoAd4AaABAg,YouTube,top_level_comment,UgwrJKm0f65qKnXjoAd4AaABAg,UgwrJKm0f65qKnXjoAd4AaABAg,qlQj6Zlgc-M,MyDigital ID akan diwajibkan untuk akses aplikasi MyJPJ & MyBayar PDRM!,SoyaCincau BM,https://www.youtube.com/watch?v=qlQj6Zlgc-M,2025-08-27T12:39:08Z,technology_digital_services,yg bodoh² ja apps kerajaan ni,32f94efe86b868ef488e,2026-06-14T08:58:28Z,2026-06-14T08:58:28Z,0,0,True,True,none,,2026-06-17T15:11:45.562885+00:00,raw,
YT_UgyZ8G3CXA1gk7Sz-oZ4AaABAg,YouTube,top_level_comment,UgyZ8G3CXA1gk7Sz-oZ4AaABAg,UgyZ8G3CXA1gk7Sz-oZ4AaABAg,qlQj6Zlgc-M,MyDigital ID akan diwajibkan untuk akses aplikasi MyJPJ & MyBayar PDRM!,SoyaCincau BM,https://www.youtube.com/watch?v=qlQj6Zlgc-M,2025-08-27T12:39:08Z,technology_digital_services,"Ini semua projek cuci duit.. Kerajaan keluarkan berjuta juta ringgit setiap kali bt aplikasi baru.. Cara mudah ahli politik cairkan duit kerajaan, yg dpt tender projek jdi kaya raya 😂😂😂",d1b66676bab0a41688a7,2026-06-12T18:08:32Z,2026-06-12T18:09:59Z,0,0,True,True,none,,2026-06-17T15:11:45.562908+00:00,raw,
YT_Ugx_gKkav-FDFdrnzQJ4AaABAg,YouTube,top_level_comment,Ugx_gKkav-FDFdrnzQJ4AaABAg,Ugx_gKkav-FDFdrnzQJ4AaABAg,qlQj6Zlgc-M,MyDigital ID akan diwajibkan untuk akses aplikasi MyJPJ & MyBayar PDRM!,SoyaCincau BM,https://www.youtube.com/watch?v=qlQj6Zlgc-M,2025-08-27T12:39:08Z,technology_digital_services,Bodo kerajaan madani. Menyusahkan hidup,e2ace9c414d0d5bb85c0,2026-06-02T12:09:51Z,2026-06-02T12:10:18Z,0,0,True,True,none,,2026-06-17T15:11:45.562930+00:00,raw,
YT_UgxFfU78a1keLDRfbph4AaABAg,YouTube,top_level_comment,UgxFfU78a1keLDRfbph4AaABAg,UgxFfU78a1keLDRfbph4AaABAg,qlQj6Zlgc-M,MyDigital ID akan diwajibkan untuk akses aplikasi MyJPJ & MyBayar PDRM!,SoyaCincau BM,https://www.youtube.com/watch?v=qlQj6Zlgc-M,2025-08-27T12:39:08Z,technology_digital_services,Verification cannot be completed. Apa masalah digital id ni. Menyusahkan org nk tgok roadtax,6ccc699c2cea12b375b1,2026-06-02T11:36:38Z,2026-06-02T11:36:38Z,0,0,True,True,none,,2026-06-17T15:11:45.562945+00:00,raw,
YT_UgyGsy4-MQ5FKjEkZch4AaABAg,YouTube,top_level_comment,UgyGsy4-MQ5FKjEkZch4AaABAg,UgyGsy4-MQ5FKjEkZch4AaABAg,qlQj6Zlgc-M,MyDigital ID akan diwajibkan untuk akses aplikasi MyJPJ & MyBayar PDRM!,SoyaCincau BM,https://www.youtube.com/watch?v=qlQj6Zlgc-M,2025-08-27T12:39:08Z,technology_digital_services,PALE BUTOHHH APPS NI.. MENYUSAHKAN,32829061d7c8bd92ccb1,2026-06-02T09:02:10Z,2026-06-02T09:02:10Z,0,0,True,True,none,,2026-06-17T15:11:45.562957+00:00,raw,
YT_Ugz2xMEF7HiUyAt0CtV4AaABAg,YouTube,top_level_comment,Ugz2xMEF7HiUyAt0CtV4AaABAg,Ugz2xMEF7HiUyAt0CtV4AaABAg,qlQj6Zlgc-M,MyDigital ID akan diwajibkan untuk akses aplikasi MyJPJ & MyBayar PDRM!,SoyaCincau BM,https://www.youtube.com/watch?v=qlQj6Zlgc-M,2025-08-27T12:39:08Z,technology_digital_services,App digital id cam siall,f8d093e5d3aa94213e5a,2026-05-31T16:03:38Z,2026-05-31T16:03:38Z,1,0,True,True,none,,2026-06-17T15:11:45.562993+00:00,raw,
YT_UgzrJ0E2ymYHisfk6nx4AaABAg,YouTube,top_level_comment,UgzrJ0E2ymYHisfk6nx4AaABAg,UgzrJ0E2ymYHisfk6nx4AaABAg,qlQj6Zlgc-M,MyDigital ID akan diwajibkan untuk akses aplikasi MyJPJ & MyBayar PDRM!,SoyaCincau BM,https://www.youtube.com/watch?v=qlQj6Zlgc-M,2025-08-27T12:39:08Z,technology_digital_services,Apa binatang mydigtal id...rasuah berleluasa hihihi saya baru aktif kan x pun boleh log in...kikiki,72e7e79d0dbd7de18e9d,2026-05-28T11:10:39Z,2026-05-28T11:10:39Z,2,0,True,True,none,,2026-06-17T15:11:45.563007+00:00,raw,
YT_UgytJutUmAoncHMpZ_R4AaABAg,YouTube,top_level_comment,UgytJutUmAoncHMpZ_R4AaABAg,UgytJutUmAoncHMpZ_R4AaABAg,qlQj6Zlgc-M,MyDigital ID akan diwajibkan untuk akses aplikasi MyJPJ & MyBayar PDRM!,SoyaCincau BM,https://www.youtube.com/watch?v=qlQj6Zlgc-M,2025-08-27T12:39:08Z,technology_digital_services,Madani style sakau duit rakyat & menyusahkan🤣,f5b0c793b72bd4887716,2026-05-26T10:57:12Z,2026-05-26T10:57:12Z,1,0,True,True,none,,2026-06-17T15:11:45.563021+00:00,raw,
YT_UgznqW__nwNqsBgUQTN4AaABAg,YouTube,top_level_comment,UgznqW__nwNqsBgUQTN4AaABAg,UgznqW__nwNqsBgUQTN4AaABAg,qlQj6Zlgc-M,MyDigital ID akan diwajibkan untuk akses aplikasi MyJPJ & MyBayar PDRM!,SoyaCincau BM,https://www.youtube.com/watch?v=qlQj6Zlgc-M,2025-08-27T12:39:08Z,technology_digital_services,MENYUSAHKAN.....,43ea7a70bb19b5dd1813,2026-05-26T07:20:48Z,2026-05-26T07:20:48Z,1,0,True,True,none,,2026-06-17T15:11:45.563031+00:00,raw,
YT_UgwkE61q2ZyRDZoQpMZ4AaABAg,YouTube,top_level_comment,UgwkE61q2ZyRDZoQpMZ4AaABAg,UgwkE61q2ZyRDZoQpMZ4AaABAg,qlQj6Zlgc-M,MyDigital ID akan diwajibkan untuk akses aplikasi MyJPJ & MyBayar PDRM!,SoyaCincau BM,https://www.youtube.com/watch?v=qlQj6Zlgc-M,2025-08-27T12:39:08Z,technology_digital_services,"Mana nak,dapat qr code",7315fe60a992f3625f80,2026-05-25T10:30:53Z,2026-05-25T10:30:53Z,0,0,True,True,none,,2026-06-17T15:11:45.563044+00:00,raw,
YT_UgxSmzSQxK3ZMP7gaNx4AaABAg,YouTube,top_level_comment,UgxSmzSQxK3ZMP7gaNx4AaABAg,UgxSmzSQxK3ZMP7gaNx4AaABAg,qlQj6Zlgc-M,MyDigital ID akan diwajibkan untuk akses aplikasi MyJPJ & MyBayar PDRM!,SoyaCincau BM,https://www.youtube.com/watch?v=qlQj6Zlgc-M,2025-08-27T12:39:08Z,technology_digital_services,da elok ii myjpj digunakan oleh rakyat . eh dia tukar plk kepada pr warga asing .. kemudahan warga asing kemain mewah kita plk nak kena mydigital id . da elok ii myjpj aku da ade semua logout terus kena guna digital id eh betul ii menyusahkan la kau ni nak scan muka bagai cap jari bagai apa ? kau nak pantau la manusia semua ni pegi mana macam tuhan la melihat segalanya ? barua anjing taik,09338436e0390ef6cc25,2026-05-24T06:34:36Z,2026-05-24T06:34:36Z,0,0,True,True,none,,2026-06-17T15:11:45.563069+00:00,raw,
YT_UgyUzRVCbD8EWumQM4p4AaABAg,YouTube,top_level_comment,UgyUzRVCbD8EWumQM4p4AaABAg,UgyUzRVCbD8EWumQM4p4AaABAg,qlQj6Zlgc-M,MyDigital ID akan diwajibkan untuk akses aplikasi MyJPJ & MyBayar PDRM!,SoyaCincau BM,https://www.youtube.com/watch?v=qlQj6Zlgc-M,2025-08-27T12:39:08Z,technology_digital_services,Menyusahkan kan,2799a490c496eb5a37ca,2026-05-24T00:32:52Z,2026-05-24T00:32:52Z,0,0,True,True,none,,2026-06-17T15:11:45.563080+00:00,raw,
YT_Ugyf5Z4yxdK_8Ouf_dp4AaABAg,YouTube,top_level_comment,Ugyf5Z4yxdK_8Ouf_dp4AaABAg,Ugyf5Z4yxdK_8Ouf_dp4AaABAg,qlQj6Zlgc-M,MyDigital ID akan diwajibkan untuk akses aplikasi MyJPJ & MyBayar PDRM!,SoyaCincau BM,https://www.youtube.com/watch?v=qlQj6Zlgc-M,2025-08-27T12:39:08Z,technology_digital_services,Org nak tau psl scan qr bkn nak dgar ko bebel pnjng2.. dah elok bileh pkai myjpj pergi buat app lain yg paling bodoh paling hanat,1396dfd323b31eaf3d4f,2026-05-12T00:32:50Z,2026-05-12T00:32:50Z,0,0,True,True,none,,2026-06-17T15:11:45.563095+00:00,raw,
YT_UgzXjG1SvrKC6d3YXJZ4AaABAg,YouTube,top_level_comment,UgzXjG1SvrKC6d3YXJZ4AaABAg,UgzXjG1SvrKC6d3YXJZ4AaABAg,qlQj6Zlgc-M,MyDigital ID akan diwajibkan untuk akses aplikasi MyJPJ & MyBayar PDRM!,SoyaCincau BM,https://www.youtube.com/watch?v=qlQj6Zlgc-M,2025-08-27T12:39:08Z,technology_digital_services,Susa,580963f4b62dac0a5727,2026-05-10T13:34:26Z,2026-05-10T13:34:26Z,0,0,True,True,none,,2026-06-17T15:11:45.563105+00:00,raw,
YT_UgwmuS7bU8S86JAHHxJ4AaABAg,YouTube,top_level_comment,UgwmuS7bU8S86JAHHxJ4AaABAg,UgwmuS7bU8S86JAHHxJ4AaABAg,qlQj6Zlgc-M,MyDigital ID akan diwajibkan untuk akses aplikasi MyJPJ & MyBayar PDRM!,SoyaCincau BM,https://www.youtube.com/watch?v=qlQj6Zlgc-M,2025-08-27T12:39:08Z,technology_digital_services,"Kerajaan madani banyak muslihat geng,id digital,3 titah sultan dipulaukan,mykad baru...",2cfbb8a4e678e55122ee,2026-05-10T00:45:30Z,2026-05-10T00:45:30Z,0,0,True,True,none,,2026-06-17T15:11:45.563118+00:00,raw,
YT_UgwXI8SnQUzxhCn-nnh4AaABAg,YouTube,top_level_comment,UgwXI8SnQUzxhCn-nnh4AaABAg,UgwXI8SnQUzxhCn-nnh4AaABAg,qlQj6Zlgc-M,MyDigital ID akan diwajibkan untuk akses aplikasi MyJPJ & MyBayar PDRM!,SoyaCincau BM,https://www.youtube.com/watch?v=qlQj6Zlgc-M,2025-08-27T12:39:08Z,technology_digital_services,Mcm sial,1f330f457e109056678b,2026-05-09T09:00:12Z,2026-05-09T09:00:12Z,0,0,True,True,none,,2026-06-17T15:11:45.563128+00:00,raw,
YT_UgyhwXqolfqoRVx7WVR4AaABAg,YouTube,top_level_comment,UgyhwXqolfqoRVx7WVR4AaABAg,UgyhwXqolfqoRVx7WVR4AaABAg,qlQj6Zlgc-M,MyDigital ID akan diwajibkan untuk akses aplikasi MyJPJ & MyBayar PDRM!,SoyaCincau BM,https://www.youtube.com/watch?v=qlQj6Zlgc-M,2025-08-27T12:39:08Z,technology_digital_services,Kerajaan mcm2 silap2 hari bulan data habis di manipulasi kerajaan,9b5e8286548b3eeae1d0,2026-05-08T22:55:02Z,2026-05-08T22:55:02Z,0,0,True,True,none,,2026-06-17T15:11:45.563140+00:00,raw,
YT_UgxkV2IHjg07jq7Q0C94AaABAg,YouTube,top_level_comment,UgxkV2IHjg07jq7Q0C94AaABAg,UgxkV2IHjg07jq7Q0C94AaABAg,qlQj6Zlgc-M,MyDigital ID akan diwajibkan untuk akses aplikasi MyJPJ & MyBayar PDRM!,SoyaCincau BM,https://www.youtube.com/watch?v=qlQj6Zlgc-M,2025-08-27T12:39:08Z,technology_digital_services,"apa yang bangang nye biar je la orang nak guna ke tak digital id, pilihan la orang nak install ke tak, ni jadi wajib, bodoh je menyusahkan. kekalkan yang lama dah mudah kan? yang baru menyusahkan biar orang pilih, lanc",44243e5252083947d82a,2026-05-08T08:34:25Z,2026-05-08T08:34:25Z,1,0,True,True,none,,2026-06-17T15:11:45.563160+00:00,raw,
YT_Ugx_9zxu4ileBEUu4mp4AaABAg,YouTube,top_level_comment,Ugx_9zxu4ileBEUu4mp4AaABAg,Ugx_9zxu4ileBEUu4mp4AaABAg,qlQj6Zlgc-M,MyDigital ID akan diwajibkan untuk akses aplikasi MyJPJ & MyBayar PDRM!,SoyaCincau BM,https://www.youtube.com/watch?v=qlQj6Zlgc-M,2025-08-27T12:39:08Z,technology_digital_services,jilake,ad8b1107ad26f72b24dd,2026-05-06T23:02:21Z,2026-05-06T23:02:21Z,0,0,True,True,none,,2026-06-17T15:11:45.563171+00:00,raw,
YT_UgzkE6FCQfVC2QhwU3Z4AaABAg,YouTube,top_level_comment,UgzkE6FCQfVC2QhwU3Z4AaABAg,UgzkE6FCQfVC2QhwU3Z4AaABAg,qlQj6Zlgc-M,MyDigital ID akan diwajibkan untuk akses aplikasi MyJPJ & MyBayar PDRM!,SoyaCincau BM,https://www.youtube.com/watch?v=qlQj6Zlgc-M,2025-08-27T12:39:08Z,technology_digital_services,Saya taka mdgid,26627a2a141b50efdabe,2026-05-06T11:45:32Z,2026-05-06T11:45:32Z,0,0,True,True,none,,2026-06-17T15:11:45.563181+00:00,raw,
YT_Ugxva2g0VIMzZ3v5zIl4AaABAg,YouTube,top_level_comment,Ugxva2g0VIMzZ3v5zIl4AaABAg,Ugxva2g0VIMzZ3v5zIl4AaABAg,qlQj6Zlgc-M,MyDigital ID akan diwajibkan untuk akses aplikasi MyJPJ & MyBayar PDRM!,SoyaCincau BM,https://www.youtube.com/watch?v=qlQj6Zlgc-M,2025-08-27T12:39:08Z,technology_digital_services,app bangang lah tak blh chek roadtax nnti cable terputus habis segalanya menyusahkan baik cara manual selamat 2 dlm 1 aduh semaklah.,a98bb95fa7cd068f9703,2026-05-06T11:03:25Z,2026-05-06T11:03:25Z,0,1,True,True,none,,2026-06-17T15:11:45.563195+00:00,raw,
YT_UgzSRnAWglMudMA-ssN4AaABAg,YouTube,top_level_comment,UgzSRnAWglMudMA-ssN4AaABAg,UgzSRnAWglMudMA-ssN4AaABAg,qlQj6Zlgc-M,MyDigital ID akan diwajibkan untuk akses aplikasi MyJPJ & MyBayar PDRM!,SoyaCincau BM,https://www.youtube.com/watch?v=qlQj6Zlgc-M,2025-08-27T12:39:08Z,technology_digital_services,Tapi macam apa lagi bodoh gila sebab asik tak lepas saja... Dah tensen gila,7461e9a020c305dbf9f5,2026-05-06T07:08:00Z,2026-05-06T07:08:00Z,1,0,True,True,none,,2026-06-17T15:11:45.563207+00:00,raw,
YT_UgyRc29vgNrHYfeOUht4AaABAg,YouTube,top_level_comment,UgyRc29vgNrHYfeOUht4AaABAg,UgyRc29vgNrHYfeOUht4AaABAg,qlQj6Zlgc-M,MyDigital ID akan diwajibkan untuk akses aplikasi MyJPJ & MyBayar PDRM!,SoyaCincau BM,https://www.youtube.com/watch?v=qlQj6Zlgc-M,2025-08-27T12:39:08Z,technology_digital_services,Barua menyudahkan xblh login lesen tidak sah la kepala jubo,1d8db6724fa1ee9f2eec,2026-05-04T23:18:08Z,2026-05-04T23:18:08Z,1,0,True,True,none,,2026-06-17T15:11:45.563219+00:00,raw,
YT_UgwBYlhINs4kGBR-4P14AaABAg,YouTube,top_level_comment,UgwBYlhINs4kGBR-4P14AaABAg,UgwBYlhINs4kGBR-4P14AaABAg,qlQj6Zlgc-M,MyDigital ID akan diwajibkan untuk akses aplikasi MyJPJ & MyBayar PDRM!,SoyaCincau BM,https://www.youtube.com/watch?v=qlQj6Zlgc-M,2025-08-27T12:39:08Z,technology_digital_services,Imbas qr tu apa nk discan tu,4f4943de197adec36972,2026-05-04T09:42:48Z,2026-05-04T09:42:48Z,0,0,True,True,none,,2026-06-17T15:11:45.563230+00:00,raw,
YT_Ugzc682j3k4rX3ChySR4AaABAg,YouTube,top_level_comment,Ugzc682j3k4rX3ChySR4AaABAg,Ugzc682j3k4rX3ChySR4AaABAg,qlQj6Zlgc-M,MyDigital ID akan diwajibkan untuk akses aplikasi MyJPJ & MyBayar PDRM!,SoyaCincau BM,https://www.youtube.com/watch?v=qlQj6Zlgc-M,2025-08-27T12:39:08Z,technology_digital_services,"Leceh la sistem my id nie..aduyaii,aku nak renew rodtx ni",6ed1b8c32465b7dcc6aa,2026-05-04T07:30:14Z,2026-05-04T07:30:14Z,2,0,True,True,none,,2026-06-17T15:11:45.563243+00:00,raw,
YT_UgwjanyBBU6LCHLhM4B4AaABAg,YouTube,top_level_comment,UgwjanyBBU6LCHLhM4B4AaABAg,UgwjanyBBU6LCHLhM4B4AaABAg,qlQj6Zlgc-M,MyDigital ID akan diwajibkan untuk akses aplikasi MyJPJ & MyBayar PDRM!,SoyaCincau BM,https://www.youtube.com/watch?v=qlQj6Zlgc-M,2025-08-27T12:39:08Z,technology_digital_services,Aku beratus kali buat nk bukak jpj pun tk boleh tk habis2 imbas qr bodoh punye sistem memang sial,f6869bee4bb8026665e8,2026-05-02T17:05:30Z,2026-05-02T17:05:30Z,1,0,True,True,none,,2026-06-17T15:11:45.563256+00:00,raw,
YT_UgxAEi9kZ_pLsJR2Nel4AaABAg,YouTube,top_level_comment,UgxAEi9kZ_pLsJR2Nel4AaABAg,UgxAEi9kZ_pLsJR2Nel4AaABAg,qlQj6Zlgc-M,MyDigital ID akan diwajibkan untuk akses aplikasi MyJPJ & MyBayar PDRM!,SoyaCincau BM,https://www.youtube.com/watch?v=qlQj6Zlgc-M,2025-08-27T12:39:08Z,technology_digital_services,Betul² Menyusahkan betul lah...,a4ff9bad828d9cbf7d95,2026-05-02T12:32:24Z,2026-05-02T12:32:24Z,1,0,True,True,none,,2026-06-17T15:11:45.563267+00:00,raw,
YT_Ugz2s--1FF45jmvCOPR4AaABAg,YouTube,top_level_comment,Ugz2s--1FF45jmvCOPR4AaABAg,Ugz2s--1FF45jmvCOPR4AaABAg,qlQj6Zlgc-M,MyDigital ID akan diwajibkan untuk akses aplikasi MyJPJ & MyBayar PDRM!,SoyaCincau BM,https://www.youtube.com/watch?v=qlQj6Zlgc-M,2025-08-27T12:39:08Z,technology_digital_services,2030 Wawasan Keamanan Bersama agenda One World Government..semua pemimpin utama dunia tahu apa disebalik ID Digital..kita saja yg membodohkan diri teruja dgn fungsi ID Digital. Semoga Israel hancur sebelum mereka berjaya dgn agenda 2030 Wawasan Keamanan Bersama. Tungguuuu..anda akan tahu kelak apa disebalik ID Digital. ANDA AKAN TAHU KELAK !!!!! Walau kerajaan yg ada sekarang tumbang dan akan berganti dgn kerajaan yg baru agenda ini akan tetap diteruskan selagi Israel wujud di alam nyata.,96e94a515b5f46b81b4a,2026-05-02T08:18:51Z,2026-05-02T08:20:43Z,1,1,True,True,none,,2026-06-17T15:11:45.563290+00:00,raw,
YT_UgxcJ1_jRArEONbwS-N4AaABAg,YouTube,top_level_comment,UgxcJ1_jRArEONbwS-N4AaABAg,UgxcJ1_jRArEONbwS-N4AaABAg,qlQj6Zlgc-M,MyDigital ID akan diwajibkan untuk akses aplikasi MyJPJ & MyBayar PDRM!,SoyaCincau BM,https://www.youtube.com/watch?v=qlQj6Zlgc-M,2025-08-27T12:39:08Z,technology_digital_services,Asyik tuko2 saje.. lecehhhh menyusahkan org saja mmmmmmmmmmmmmmmm,55f30ec9261fb1af41a8,2026-05-02T06:24:31Z,2026-05-02T06:24:31Z,0,0,True,True,none,,2026-06-17T15:11:45.563302+00:00,raw,
YT_UgwlrEoP7Tv5__4Hbkd4AaABAg,YouTube,top_level_comment,UgwlrEoP7Tv5__4Hbkd4AaABAg,UgwlrEoP7Tv5__4Hbkd4AaABAg,qlQj6Zlgc-M,MyDigital ID akan diwajibkan untuk akses aplikasi MyJPJ & MyBayar PDRM!,SoyaCincau BM,https://www.youtube.com/watch?v=qlQj6Zlgc-M,2025-08-27T12:39:08Z,technology_digital_services,Tinggal bagi kad mcam dlu pon susah. Menyusahkan lagy ade lha,e07c330c48557ed7d1ef,2026-05-02T05:59:16Z,2026-05-02T05:59:16Z,0,0,True,True,none,,2026-06-17T15:11:45.563314+00:00,raw,
YT_UgxoITaOovt6FyFtcUt4AaABAg,YouTube,top_level_comment,UgxoITaOovt6FyFtcUt4AaABAg,UgxoITaOovt6FyFtcUt4AaABAg,qlQj6Zlgc-M,MyDigital ID akan diwajibkan untuk akses aplikasi MyJPJ & MyBayar PDRM!,SoyaCincau BM,https://www.youtube.com/watch?v=qlQj6Zlgc-M,2025-08-27T12:39:08Z,technology_digital_services,Bocor la data,861dbc373dfb532ad667,2026-05-02T04:08:50Z,2026-05-02T04:08:50Z,1,0,True,True,none,,2026-06-17T15:11:45.563325+00:00,raw,
YT_UgxIfLZAFm_of7vVqXh4AaABAg,YouTube,top_level_comment,UgxIfLZAFm_of7vVqXh4AaABAg,UgxIfLZAFm_of7vVqXh4AaABAg,qlQj6Zlgc-M,MyDigital ID akan diwajibkan untuk akses aplikasi MyJPJ & MyBayar PDRM!,SoyaCincau BM,https://www.youtube.com/watch?v=qlQj6Zlgc-M,2025-08-27T12:39:08Z,technology_digital_services,"Pada pandangan aku kerajaan saja nak try buat app untuk nampak canggih di mata dunia padahal ic kita tu dah cukup canggih.. sepatutnya pihak berkuasa yang diwajibkan bawa ic readers untuk cek segala maklumat kat dalam ic tu dah ada link segalanya termasuk lesen memandu siap boleh guna TNG lagi boleh cek baki lagi tu.. tiba-tiba nak pakai app yang kita sendiri pun jarang guna.. orang muda mungkin xde masalah,kena orang tua jenis pakai 3310 dia nak cek apa.. memang ramai warga emas yang tak reti bab app ni diorang cuma tahu buka Youtube je..tu pun soffware update smartphone pun diorang tak update apa lagi nak update app dalam Google play😂😂😂",5b0b5ecfa2b9b98d1733,2026-05-01T19:50:15Z,2026-05-01T19:50:15Z,0,0,True,True,none,,2026-06-17T15:11:45.563360+00:00,raw,
YT_UgwcT4kEaWGxlEA4sVF4AaABAg,YouTube,top_level_comment,UgwcT4kEaWGxlEA4sVF4AaABAg,UgwcT4kEaWGxlEA4sVF4AaABAg,qlQj6Zlgc-M,MyDigital ID akan diwajibkan untuk akses aplikasi MyJPJ & MyBayar PDRM!,SoyaCincau BM,https://www.youtube.com/watch?v=qlQj6Zlgc-M,2025-08-27T12:39:08Z,technology_digital_services,Cam sial,350b32dacac9a9aaf44a,2026-05-01T09:14:03Z,2026-05-01T09:14:03Z,0,0,True,True,none,,2026-06-17T15:11:45.563369+00:00,raw,
YT_UgxlniKSE_dSo9Om6It4AaABAg,YouTube,top_level_comment,UgxlniKSE_dSo9Om6It4AaABAg,UgxlniKSE_dSo9Om6It4AaABAg,qlQj6Zlgc-M,MyDigital ID akan diwajibkan untuk akses aplikasi MyJPJ & MyBayar PDRM!,SoyaCincau BM,https://www.youtube.com/watch?v=qlQj6Zlgc-M,2025-08-27T12:39:08Z,technology_digital_services,Setuju guna myjpj saja,61e35ac722026ab24259,2026-05-01T07:06:22Z,2026-05-01T07:06:22Z,0,0,True,True,none,,2026-06-17T15:11:45.563380+00:00,raw,
YT_Ugw_NbTIevKII2W6jIt4AaABAg,YouTube,top_level_comment,Ugw_NbTIevKII2W6jIt4AaABAg,Ugw_NbTIevKII2W6jIt4AaABAg,qlQj6Zlgc-M,MyDigital ID akan diwajibkan untuk akses aplikasi MyJPJ & MyBayar PDRM!,SoyaCincau BM,https://www.youtube.com/watch?v=qlQj6Zlgc-M,2025-08-27T12:39:08Z,technology_digital_services,Cara kerajaan sakau duit rakyat ingat buat app nie x kuar modalka,e59dfa301be3ce04ba13,2026-04-30T22:33:49Z,2026-04-30T22:33:49Z,0,0,True,True,none,,2026-06-17T15:11:45.563392+00:00,raw,
YT_UgxhJ0LHSbzCvIR6ZZ94AaABAg,YouTube,top_level_comment,UgxhJ0LHSbzCvIR6ZZ94AaABAg,UgxhJ0LHSbzCvIR6ZZ94AaABAg,qlQj6Zlgc-M,MyDigital ID akan diwajibkan untuk akses aplikasi MyJPJ & MyBayar PDRM!,SoyaCincau BM,https://www.youtube.com/watch?v=qlQj6Zlgc-M,2025-08-27T12:39:08Z,technology_digital_services,Menyusahkan betul..aku try masuk x lepas2 aiyo....,1653c226120facb7389a,2026-04-29T09:13:42Z,2026-04-29T09:13:42Z,1,1,True,True,none,,2026-06-17T15:11:45.563404+00:00,raw,
YT_UgyI1zUn9jm3Y2dTtyh4AaABAg,YouTube,top_level_comment,UgyI1zUn9jm3Y2dTtyh4AaABAg,UgyI1zUn9jm3Y2dTtyh4AaABAg,qlQj6Zlgc-M,MyDigital ID akan diwajibkan untuk akses aplikasi MyJPJ & MyBayar PDRM!,SoyaCincau BM,https://www.youtube.com/watch?v=qlQj6Zlgc-M,2025-08-27T12:39:08Z,technology_digital_services,singapore dah lama guna cara ni.. id tunggal untuk individu masuk dlm website gov.. sbb nk elakkn org menyamar jd diri kita. singapore panggil singpass.,056af2b9374f60f697ea,2026-04-27T10:07:58Z,2026-04-27T10:07:58Z,0,0,True,True,none,,2026-06-17T15:11:45.563419+00:00,raw,
YT_UgzqIVR1v5Vh2mLdVSR4AaABAg,YouTube,top_level_comment,UgzqIVR1v5Vh2mLdVSR4AaABAg,UgzqIVR1v5Vh2mLdVSR4AaABAg,qlQj6Zlgc-M,MyDigital ID akan diwajibkan untuk akses aplikasi MyJPJ & MyBayar PDRM!,SoyaCincau BM,https://www.youtube.com/watch?v=qlQj6Zlgc-M,2025-08-27T12:39:08Z,technology_digital_services,Haramjadah betul benda menyusahkan,f3700409bd10eccbd40a,2026-04-18T14:53:32Z,2026-04-18T14:53:32Z,0,0,True,True,none,,2026-06-17T15:11:45.563430+00:00,raw,
YT_Ugx1RQc5AnT4QRF4WB94AaABAg,YouTube,top_level_comment,Ugx1RQc5AnT4QRF4WB94AaABAg,Ugx1RQc5AnT4QRF4WB94AaABAg,qlQj6Zlgc-M,MyDigital ID akan diwajibkan untuk akses aplikasi MyJPJ & MyBayar PDRM!,SoyaCincau BM,https://www.youtube.com/watch?v=qlQj6Zlgc-M,2025-08-27T12:39:08Z,technology_digital_services,Qr tu nk buat apa,e71133d9c6b736c3e869,2026-04-18T14:51:34Z,2026-04-18T14:51:34Z,0,2,True,True,none,,2026-06-17T15:11:45.563441+00:00,raw,
YT_UgxFdmhbgSDv50UEttN4AaABAg,YouTube,top_level_comment,UgxFdmhbgSDv50UEttN4AaABAg,UgxFdmhbgSDv50UEttN4AaABAg,qlQj6Zlgc-M,MyDigital ID akan diwajibkan untuk akses aplikasi MyJPJ & MyBayar PDRM!,SoyaCincau BM,https://www.youtube.com/watch?v=qlQj6Zlgc-M,2025-08-27T12:39:08Z,technology_digital_services,Menyusahkan...,b853b96ac950ee7953d7,2026-04-16T12:43:15Z,2026-04-16T12:43:15Z,0,0,True,True,none,,2026-06-17T15:11:45.563451+00:00,raw,
YT_Ugy3MUPVF3vlXmNos9p4AaABAg,YouTube,top_level_comment,Ugy3MUPVF3vlXmNos9p4AaABAg,Ugy3MUPVF3vlXmNos9p4AaABAg,qlQj6Zlgc-M,MyDigital ID akan diwajibkan untuk akses aplikasi MyJPJ & MyBayar PDRM!,SoyaCincau BM,https://www.youtube.com/watch?v=qlQj6Zlgc-M,2025-08-27T12:39:08Z,technology_digital_services,Mnyusahkn aku nk dftar ambik gmbr ic x lpas2 cam sial sstem,31d2812900974abf570c,2026-04-06T01:05:01Z,2026-04-06T01:05:01Z,1,0,True,True,none,,2026-06-17T15:11:45.563463+00:00,raw,
YT_Ugw7BOS068nsTYdpa9N4AaABAg,YouTube,top_level_comment,Ugw7BOS068nsTYdpa9N4AaABAg,Ugw7BOS068nsTYdpa9N4AaABAg,qlQj6Zlgc-M,MyDigital ID akan diwajibkan untuk akses aplikasi MyJPJ & MyBayar PDRM!,SoyaCincau BM,https://www.youtube.com/watch?v=qlQj6Zlgc-M,2025-08-27T12:39:08Z,technology_digital_services,"Babiii app menyusahkan rakyat je..prgi klnik wajib kena book, walanon je banga ada app mcm ni😂",d42cc0adee80fee11bc7,2026-04-01T21:35:01Z,2026-04-01T21:35:01Z,0,0,True,True,none,,2026-06-17T15:11:45.563477+00:00,raw,
YT_UgxZEQ041FfBbmi5geB4AaABAg,YouTube,top_level_comment,UgxZEQ041FfBbmi5geB4AaABAg,UgxZEQ041FfBbmi5geB4AaABAg,qlQj6Zlgc-M,MyDigital ID akan diwajibkan untuk akses aplikasi MyJPJ & MyBayar PDRM!,SoyaCincau BM,https://www.youtube.com/watch?v=qlQj6Zlgc-M,2025-08-27T12:39:08Z,technology_digital_services,"Nakk kena aktifkan seyiap tahun plak. Aduh, dah lah kita pakai hp cap ayam je. agak2 lah, kerajaan sekaarang memang fokus kat geng kayangan je ker",e52fd5c0cdfe74b7947e,2026-03-04T20:15:43Z,2026-03-04T20:15:43Z,0,0,True,True,none,,2026-06-17T15:11:45.563491+00:00,raw,
YT_UgwWZleJ98B3GaJRl7V4AaABAg,YouTube,top_level_comment,UgwWZleJ98B3GaJRl7V4AaABAg,UgwWZleJ98B3GaJRl7V4AaABAg,qlQj6Zlgc-M,MyDigital ID akan diwajibkan untuk akses aplikasi MyJPJ & MyBayar PDRM!,SoyaCincau BM,https://www.youtube.com/watch?v=qlQj6Zlgc-M,2025-08-27T12:39:08Z,technology_digital_services,"Buat apa bagi ic pd pdrm atau jpj Kalau kenderaan atas nama milik org lain....kan susah.. Aku rasa elok cara mcm dulu.. Print rotex dan simpan.. Tak pelu app semua bagai.. Dan satu Lagi Kalau kita keluar, phone tak bawa tunggal umah sebab charger hp , kan susah kan.. Lebih baik adakan balik rotex hardcopy dan simpan dalam dompet atau letak pada kenderaan motor dan kereta.. Lagi akan memudahkan kerja pdrm dan jpj juga Sebab tak semua ada internet hari hari ye dan tak semua pakai HP canggih canggih ye... Fikir logik Memang skrg zaman berteknologi tetapi ada yg susah dan ada yg senang dan ada yg cukup cukup je setiap bulan. Fikirlah wahai kerajaan...adui",304755c4e023c268251d,2026-03-03T12:09:49Z,2026-03-03T12:09:49Z,1,0,True,True,none,,2026-06-17T15:11:45.563523+00:00,raw,
YT_Ugw0XOUdHENlkUFpB1B4AaABAg,YouTube,top_level_comment,Ugw0XOUdHENlkUFpB1B4AaABAg,Ugw0XOUdHENlkUFpB1B4AaABAg,qlQj6Zlgc-M,MyDigital ID akan diwajibkan untuk akses aplikasi MyJPJ & MyBayar PDRM!,SoyaCincau BM,https://www.youtube.com/watch?v=qlQj6Zlgc-M,2025-08-27T12:39:08Z,technology_digital_services,muka pn payah nk detect nk renew punnn…haisshhhh,0047fe561e069e065e55,2026-03-01T02:49:03Z,2026-03-01T02:49:03Z,0,0,True,True,none,,2026-06-17T15:11:45.563537+00:00,raw,
YT_UgzK8wQTzylX6KTPAbx4AaABAg,YouTube,top_level_comment,UgzK8wQTzylX6KTPAbx4AaABAg,UgzK8wQTzylX6KTPAbx4AaABAg,qlQj6Zlgc-M,MyDigital ID akan diwajibkan untuk akses aplikasi MyJPJ & MyBayar PDRM!,SoyaCincau BM,https://www.youtube.com/watch?v=qlQj6Zlgc-M,2025-08-27T12:39:08Z,technology_digital_services,"I'm not going to register. They claim there's no data collection, but it requires facial recognition. What happens if this facial recognition gets linked to other applications that require biometric information? It's like a chain reaction, you know",dcc4a0ba86dfc15f7030,2026-02-26T17:43:44Z,2026-02-26T17:43:44Z,0,0,True,True,none,,2026-06-17T15:11:45.563554+00:00,raw,
YT_UgzYOcB9gd8TSUSOGs54AaABAg,YouTube,top_level_comment,UgzYOcB9gd8TSUSOGs54AaABAg,UgzYOcB9gd8TSUSOGs54AaABAg,qlQj6Zlgc-M,MyDigital ID akan diwajibkan untuk akses aplikasi MyJPJ & MyBayar PDRM!,SoyaCincau BM,https://www.youtube.com/watch?v=qlQj6Zlgc-M,2025-08-27T12:39:08Z,technology_digital_services,daftar pun macam2 masalah...menyusahkan,733d227315fdab34b54f,2026-02-23T10:23:25Z,2026-02-23T10:23:25Z,0,0,True,True,none,,2026-06-17T15:11:45.563565+00:00,raw,
YT_UgyhURaSr4ADXaXXKl14AaABAg,YouTube,top_level_comment,UgyhURaSr4ADXaXXKl14AaABAg,UgyhURaSr4ADXaXXKl14AaABAg,qlQj6Zlgc-M,MyDigital ID akan diwajibkan untuk akses aplikasi MyJPJ & MyBayar PDRM!,SoyaCincau BM,https://www.youtube.com/watch?v=qlQj6Zlgc-M,2025-08-27T12:39:08Z,technology_digital_services,"Dulu gambar botak, sekarang saya tak botak pun tak boleh masuk",c87be6b14efa0ded36e4,2026-02-22T17:40:53Z,2026-02-22T17:40:53Z,0,0,True,True,none,,2026-06-17T15:11:45.563577+00:00,raw,
YT_UgxhOHJjlG_9abFYznd4AaABAg,YouTube,top_level_comment,UgxhOHJjlG_9abFYznd4AaABAg,UgxhOHJjlG_9abFYznd4AaABAg,qlQj6Zlgc-M,MyDigital ID akan diwajibkan untuk akses aplikasi MyJPJ & MyBayar PDRM!,SoyaCincau BM,https://www.youtube.com/watch?v=qlQj6Zlgc-M,2025-08-27T12:39:08Z,technology_digital_services,Saya gambar je tak boleh,c87be6b14efa0ded36e4,2026-02-22T17:40:19Z,2026-02-22T17:40:19Z,0,0,True,True,none,,2026-06-17T15:11:45.563588+00:00,raw,
YT_UgzuV5QBwpXeK4UDE4Z4AaABAg,YouTube,top_level_comment,UgzuV5QBwpXeK4UDE4Z4AaABAg,UgzuV5QBwpXeK4UDE4Z4AaABAg,qlQj6Zlgc-M,MyDigital ID akan diwajibkan untuk akses aplikasi MyJPJ & MyBayar PDRM!,SoyaCincau BM,https://www.youtube.com/watch?v=qlQj6Zlgc-M,2025-08-27T12:39:08Z,technology_digital_services,Urusan bank boleh ke,91694cb31ae92f647a13,2026-02-22T04:33:12Z,2026-02-22T04:33:12Z,0,1,True,True,none,,2026-06-17T15:11:45.563599+00:00,raw,
YT_UgxY9WQQZ02koJ61U_V4AaABAg,YouTube,top_level_comment,UgxY9WQQZ02koJ61U_V4AaABAg,UgxY9WQQZ02koJ61U_V4AaABAg,qlQj6Zlgc-M,MyDigital ID akan diwajibkan untuk akses aplikasi MyJPJ & MyBayar PDRM!,SoyaCincau BM,https://www.youtube.com/watch?v=qlQj6Zlgc-M,2025-08-27T12:39:08Z,technology_digital_services,apps yg menyusahkan seluruh rkyat malaysia ..Siapa yg buat memang bodoh belajar tinggi2,4f11961dd6958d5c9fb6,2026-02-20T00:44:16Z,2026-02-20T00:44:16Z,1,0,True,True,none,,2026-06-17T15:11:45.563612+00:00,raw,
YT_Ugzshfvsd1k5xU-XpG54AaABAg,YouTube,top_level_comment,Ugzshfvsd1k5xU-XpG54AaABAg,Ugzshfvsd1k5xU-XpG54AaABAg,qlQj6Zlgc-M,MyDigital ID akan diwajibkan untuk akses aplikasi MyJPJ & MyBayar PDRM!,SoyaCincau BM,https://www.youtube.com/watch?v=qlQj6Zlgc-M,2025-08-27T12:39:08Z,technology_digital_services,pelan2 jadi wajib...😅😅😅😅,37abce4e21d51e3f4f0f,2026-02-19T06:43:26Z,2026-02-19T06:43:26Z,1,0,True,True,none,,2026-06-17T15:11:45.563623+00:00,raw,
YT_UgzdWX9EBgejFpAdrDp4AaABAg,YouTube,top_level_comment,UgzdWX9EBgejFpAdrDp4AaABAg,UgzdWX9EBgejFpAdrDp4AaABAg,qlQj6Zlgc-M,MyDigital ID akan diwajibkan untuk akses aplikasi MyJPJ & MyBayar PDRM!,SoyaCincau BM,https://www.youtube.com/watch?v=qlQj6Zlgc-M,2025-08-27T12:39:08Z,technology_digital_services,Macam2 laa.. buat menyusah kan rakyat aje..,d1411295d50f988a5391,2026-02-17T14:34:37Z,2026-02-17T14:34:37Z,0,0,True,True,none,,2026-06-17T15:11:45.563634+00:00,raw,
YT_UgxEAkrwktQuSeT10tt4AaABAg,YouTube,top_level_comment,UgxEAkrwktQuSeT10tt4AaABAg,UgxEAkrwktQuSeT10tt4AaABAg,qlQj6Zlgc-M,MyDigital ID akan diwajibkan untuk akses aplikasi MyJPJ & MyBayar PDRM!,SoyaCincau BM,https://www.youtube.com/watch?v=qlQj6Zlgc-M,2025-08-27T12:39:08Z,technology_digital_services,Sebuah kegampangan. Benda mudah jadi leceh.,ca03494a2b6a348a800a,2026-02-17T10:03:56Z,2026-02-17T10:03:56Z,0,0,True,True,none,,2026-06-17T15:11:45.563659+00:00,raw,
YT_UgxNFA9OUlTOYAcJd-54AaABAg,YouTube,top_level_comment,UgxNFA9OUlTOYAcJd-54AaABAg,UgxNFA9OUlTOYAcJd-54AaABAg,qlQj6Zlgc-M,MyDigital ID akan diwajibkan untuk akses aplikasi MyJPJ & MyBayar PDRM!,SoyaCincau BM,https://www.youtube.com/watch?v=qlQj6Zlgc-M,2025-08-27T12:39:08Z,technology_digital_services,Aku baru je buat my digitel tadi.. Sebelum buat tu tak boleh nak masuk my jpj🤭,c28e267cba4bf7f34e94,2026-02-16T11:19:30Z,2026-02-16T11:19:30Z,1,1,True,True,none,,2026-06-17T15:11:45.563673+00:00,raw,
YT_UgxPEJCU7fd1oWXEQZx4AaABAg,YouTube,top_level_comment,UgxPEJCU7fd1oWXEQZx4AaABAg,UgxPEJCU7fd1oWXEQZx4AaABAg,qlQj6Zlgc-M,MyDigital ID akan diwajibkan untuk akses aplikasi MyJPJ & MyBayar PDRM!,SoyaCincau BM,https://www.youtube.com/watch?v=qlQj6Zlgc-M,2025-08-27T12:39:08Z,technology_digital_services,x dftar xlh bka my jpj sibat,1c09a7f81698977ecb33,2026-02-16T06:48:05Z,2026-02-16T06:48:05Z,0,0,True,True,none,,2026-06-17T15:11:45.563712+00:00,raw,
YT_UgyNguoVrj6EXIXcP994AaABAg,YouTube,top_level_comment,UgyNguoVrj6EXIXcP994AaABAg,UgyNguoVrj6EXIXcP994AaABAg,qlQj6Zlgc-M,MyDigital ID akan diwajibkan untuk akses aplikasi MyJPJ & MyBayar PDRM!,SoyaCincau BM,https://www.youtube.com/watch?v=qlQj6Zlgc-M,2025-08-27T12:39:08Z,technology_digital_services,..apps pun sama korup.. . Dah buat mydigitalID pun tak boleh login..reset pun susah.. bodoh,32b4ee1e75d8ab895aa4,2026-02-16T05:23:38Z,2026-02-16T05:25:24Z,0,0,True,True,none,,2026-06-17T15:11:45.563727+00:00,raw,
YT_UgyuGdVfZAvq4KiL62p4AaABAg,YouTube,top_level_comment,UgyuGdVfZAvq4KiL62p4AaABAg,UgyuGdVfZAvq4KiL62p4AaABAg,qlQj6Zlgc-M,MyDigital ID akan diwajibkan untuk akses aplikasi MyJPJ & MyBayar PDRM!,SoyaCincau BM,https://www.youtube.com/watch?v=qlQj6Zlgc-M,2025-08-27T12:39:08Z,technology_digital_services,Letih la mcm ni gunakan app yang sedia ada tu ok dah lagi mudah lagi nak mudah hampeh betul laaaa😢,2f03124de371df37f271,2026-02-13T03:50:28Z,2026-02-13T03:50:28Z,1,0,True,True,none,,2026-06-17T15:11:45.563765+00:00,raw,
YT_UgwHAzxiqxm_-Wm6Id14AaABAg,YouTube,top_level_comment,UgwHAzxiqxm_-Wm6Id14AaABAg,UgwHAzxiqxm_-Wm6Id14AaABAg,qlQj6Zlgc-M,MyDigital ID akan diwajibkan untuk akses aplikasi MyJPJ & MyBayar PDRM!,SoyaCincau BM,https://www.youtube.com/watch?v=qlQj6Zlgc-M,2025-08-27T12:39:08Z,technology_digital_services,Daftar je nti apa2 hal dia org senang carik ko kt umh😂,91f27eb8395b2703d317,2026-01-26T16:27:07Z,2026-01-26T16:27:07Z,6,0,True,True,none,,2026-06-17T15:11:45.563781+00:00,raw,
YT_UgylLgqVg2K39Hhf2aJ4AaABAg,YouTube,top_level_comment,UgylLgqVg2K39Hhf2aJ4AaABAg,UgylLgqVg2K39Hhf2aJ4AaABAg,qlQj6Zlgc-M,MyDigital ID akan diwajibkan untuk akses aplikasi MyJPJ & MyBayar PDRM!,SoyaCincau BM,https://www.youtube.com/watch?v=qlQj6Zlgc-M,2025-08-27T12:39:08Z,technology_digital_services,Banyak sangat sistem. Link lah bersama JPJ atau polis.,bb8ac4909308a1c5b2eb,2026-01-23T14:11:53Z,2026-01-23T14:11:53Z,1,0,True,True,none,,2026-06-17T15:11:45.563793+00:00,raw,
YT_UgxndBNduDZt6qPd-8R4AaABAg,YouTube,top_level_comment,UgxndBNduDZt6qPd-8R4AaABAg,UgxndBNduDZt6qPd-8R4AaABAg,qlQj6Zlgc-M,MyDigital ID akan diwajibkan untuk akses aplikasi MyJPJ & MyBayar PDRM!,SoyaCincau BM,https://www.youtube.com/watch?v=qlQj6Zlgc-M,2025-08-27T12:39:08Z,technology_digital_services,Nk byar saman dia suh g mydigital id dah buat mintak qr pebenda plak?,25992e6ddc3ba9d52ff0,2026-01-18T12:35:51Z,2026-01-18T12:35:51Z,6,2,True,True,none,,2026-06-17T15:11:45.563807+00:00,raw,
YT_UgyPZsHenEBHGZC9Uud4AaABAg,YouTube,top_level_comment,UgyPZsHenEBHGZC9Uud4AaABAg,UgyPZsHenEBHGZC9Uud4AaABAg,qlQj6Zlgc-M,MyDigital ID akan diwajibkan untuk akses aplikasi MyJPJ & MyBayar PDRM!,SoyaCincau BM,https://www.youtube.com/watch?v=qlQj6Zlgc-M,2025-08-27T12:39:08Z,technology_digital_services,Patut la bantuan keluar je roadblock melambak selepas bantuan...rolling tak jauh rupanya,01667f7992454606b454,2026-01-15T15:20:54Z,2026-01-15T15:20:54Z,3,0,True,True,none,,2026-06-17T15:11:45.563820+00:00,raw,
YT_Ugxhy9HoTFNtl5hr7i14AaABAg,YouTube,top_level_comment,Ugxhy9HoTFNtl5hr7i14AaABAg,Ugxhy9HoTFNtl5hr7i14AaABAg,qlQj6Zlgc-M,MyDigital ID akan diwajibkan untuk akses aplikasi MyJPJ & MyBayar PDRM!,SoyaCincau BM,https://www.youtube.com/watch?v=qlQj6Zlgc-M,2025-08-27T12:39:08Z,technology_digital_services,"Daftar online My digital,sampai tahap kena delete sijil lama? Tak faham...",81f6adc63e2f5ab12d43,2026-01-10T12:00:56Z,2026-01-10T12:00:56Z,0,0,True,True,none,,2026-06-17T15:11:45.563832+00:00,raw,
YT_UgwMPQ-ne3q6mzZPrxl4AaABAg,YouTube,top_level_comment,UgwMPQ-ne3q6mzZPrxl4AaABAg,UgwMPQ-ne3q6mzZPrxl4AaABAg,qlQj6Zlgc-M,MyDigital ID akan diwajibkan untuk akses aplikasi MyJPJ & MyBayar PDRM!,SoyaCincau BM,https://www.youtube.com/watch?v=qlQj6Zlgc-M,2025-08-27T12:39:08Z,technology_digital_services,sumpah sampah all rubbish you know,4d13793bba71046d5bbe,2026-01-04T06:33:13Z,2026-01-04T06:33:13Z,2,0,True,True,none,,2026-06-17T15:11:45.563844+00:00,raw,
YT_UgzhlkEAFeO69zWNZ6p4AaABAg,YouTube,top_level_comment,UgzhlkEAFeO69zWNZ6p4AaABAg,UgzhlkEAFeO69zWNZ6p4AaABAg,qlQj6Zlgc-M,MyDigital ID akan diwajibkan untuk akses aplikasi MyJPJ & MyBayar PDRM!,SoyaCincau BM,https://www.youtube.com/watch?v=qlQj6Zlgc-M,2025-08-27T12:39:08Z,technology_digital_services,Kalau nak buat semauh digital xpayah suruh orang download sejutah app buat semauh dalam satu.lagi satu buat app biar server laju bukan macam kacang pok.,a4a62a9c6311d08bcb21,2025-12-16T07:19:31Z,2025-12-16T07:19:31Z,12,0,True,True,none,,2026-06-17T15:11:45.563858+00:00,raw,
YT_UgwU_TwQN-956U02VH14AaABAg,YouTube,top_level_comment,UgwU_TwQN-956U02VH14AaABAg,UgwU_TwQN-956U02VH14AaABAg,qlQj6Zlgc-M,MyDigital ID akan diwajibkan untuk akses aplikasi MyJPJ & MyBayar PDRM!,SoyaCincau BM,https://www.youtube.com/watch?v=qlQj6Zlgc-M,2025-08-27T12:39:08Z,technology_digital_services,Mintak gmbar buka try byk kli..ralat semacam..tolol punya app menyusahkan orang,617a9e5d31635260716c,2025-12-14T05:59:14Z,2025-12-14T05:59:14Z,0,0,True,True,none,,2026-06-17T15:11:45.563871+00:00,raw,
YT_Ugzm75Rxm_ak-WioFml4AaABAg,YouTube,top_level_comment,Ugzm75Rxm_ak-WioFml4AaABAg,Ugzm75Rxm_ak-WioFml4AaABAg,qlQj6Zlgc-M,MyDigital ID akan diwajibkan untuk akses aplikasi MyJPJ & MyBayar PDRM!,SoyaCincau BM,https://www.youtube.com/watch?v=qlQj6Zlgc-M,2025-08-27T12:39:08Z,technology_digital_services,Susuh laa mysaman nk check saman,ad62f694c48ad95cab0a,2025-12-02T07:50:47Z,2025-12-02T07:50:47Z,1,0,True,True,none,,2026-06-17T15:11:45.563882+00:00,raw,
YT_Ugxx67Cczk0FGZwCIvx4AaABAg,YouTube,top_level_comment,Ugxx67Cczk0FGZwCIvx4AaABAg,Ugxx67Cczk0FGZwCIvx4AaABAg,qlQj6Zlgc-M,MyDigital ID akan diwajibkan untuk akses aplikasi MyJPJ & MyBayar PDRM!,SoyaCincau BM,https://www.youtube.com/watch?v=qlQj6Zlgc-M,2025-08-27T12:39:08Z,technology_digital_services,"Ada 4 masalah kegunaan: 1) bila roadblock kita naik moto bateri fon habis.. Mcm mana nak tunjuk lesen ke polis? 2)banyak aduan kata mereka dah cuba download tapi ramai kata aplikasi tu log-out sendiri hingga ada anggota jpj sendiri kata kena beli handphone baru yg lebih besar atau canggih.. Kan ke x masuk akal tu?😵 3)ramai org2 tua yg tak guna smartphone pun, mereka guna phone nokia lama tu..ada yg langsung x pakai fon pun. 4) benda online maknanya kena sentiasa ada data internet.. Iye dunia maju tapi rakyat malaysia x kaya2 pun tetap mcm dulu 2000an, dengan nilai matawang kita rendah lagi..harga barang naik rakyat terasa dipaksa dan akan tertekan.",93e8b25233c7abfc0d14,2025-11-21T00:51:52Z,2025-11-21T00:51:52Z,33,7,True,True,none,,2026-06-17T15:11:45.563930+00:00,raw,
YT_Ugye7vZw-8GbAlZZC6R4AaABAg,YouTube,top_level_comment,Ugye7vZw-8GbAlZZC6R4AaABAg,Ugye7vZw-8GbAlZZC6R4AaABAg,qlQj6Zlgc-M,MyDigital ID akan diwajibkan untuk akses aplikasi MyJPJ & MyBayar PDRM!,SoyaCincau BM,https://www.youtube.com/watch?v=qlQj6Zlgc-M,2025-08-27T12:39:08Z,technology_digital_services,Macam mana nak renew secara manual?,46113a53ef1508bae36e,2025-11-17T02:35:18Z,2025-11-17T02:35:18Z,2,0,True,True,none,,2026-06-17T15:11:45.563942+00:00,raw,
YT_UgzW0nThu_3nbtoVJrV4AaABAg,YouTube,top_level_comment,UgzW0nThu_3nbtoVJrV4AaABAg,UgzW0nThu_3nbtoVJrV4AaABAg,qlQj6Zlgc-M,MyDigital ID akan diwajibkan untuk akses aplikasi MyJPJ & MyBayar PDRM!,SoyaCincau BM,https://www.youtube.com/watch?v=qlQj6Zlgc-M,2025-08-27T12:39:08Z,technology_digital_services,Tak habis2 menyusahkan rakyat dgn apps banggang.,d5d821925cec35436084,2025-11-16T15:48:34Z,2025-11-16T15:48:34Z,55,0,True,True,none,,2026-06-17T15:11:45.563959+00:00,raw,
YT_UgxPQCjUA-rtzY6iB_x4AaABAg,YouTube,top_level_comment,UgxPQCjUA-rtzY6iB_x4AaABAg,UgxPQCjUA-rtzY6iB_x4AaABAg,qlQj6Zlgc-M,MyDigital ID akan diwajibkan untuk akses aplikasi MyJPJ & MyBayar PDRM!,SoyaCincau BM,https://www.youtube.com/watch?v=qlQj6Zlgc-M,2025-08-27T12:39:08Z,technology_digital_services,Mana nak dpt QR code tu aduhhh menyusahkan la,dbc3e2b968bd5243f988,2025-11-02T05:23:29Z,2025-11-02T05:23:29Z,38,3,True,True,none,,2026-06-17T15:11:45.563971+00:00,raw,
YT_UgxX_Nc3oKxQ90QfLuB4AaABAg,YouTube,top_level_comment,UgxX_Nc3oKxQ90QfLuB4AaABAg,UgxX_Nc3oKxQ90QfLuB4AaABAg,qlQj6Zlgc-M,MyDigital ID akan diwajibkan untuk akses aplikasi MyJPJ & MyBayar PDRM!,SoyaCincau BM,https://www.youtube.com/watch?v=qlQj6Zlgc-M,2025-08-27T12:39:08Z,technology_digital_services,Senang macam ni tak payah guna akaun dan password banyak-banyak.,9c074181906ebd117b96,2025-11-01T03:42:10Z,2025-11-01T03:42:10Z,1,0,True,True,none,,2026-06-17T15:11:45.563983+00:00,raw,
YT_UgzxcWdwZdxXXEajclF4AaABAg,YouTube,top_level_comment,UgzxcWdwZdxXXEajclF4AaABAg,UgzxcWdwZdxXXEajclF4AaABAg,qlQj6Zlgc-M,MyDigital ID akan diwajibkan untuk akses aplikasi MyJPJ & MyBayar PDRM!,SoyaCincau BM,https://www.youtube.com/watch?v=qlQj6Zlgc-M,2025-08-27T12:39:08Z,technology_digital_services,"tak aku nk cek saman pdrm pon cam haram . login mysaman dia suh masukkan id digital ehh dia tolak dia dia tolak dia,sampai mampus . da berpuluh QR aku tekan ni . lahanat betul mnyusahkan.",4f8fd5c1d1f4c20a440f,2025-10-13T16:45:04Z,2025-10-13T16:45:04Z,6,4,True,True,none,,2026-06-17T15:11:45.563999+00:00,raw,
YT_UgzVp6dWC7O3ganA7JB4AaABAg,YouTube,top_level_comment,UgzVp6dWC7O3ganA7JB4AaABAg,UgzVp6dWC7O3ganA7JB4AaABAg,qlQj6Zlgc-M,MyDigital ID akan diwajibkan untuk akses aplikasi MyJPJ & MyBayar PDRM!,SoyaCincau BM,https://www.youtube.com/watch?v=qlQj6Zlgc-M,2025-08-27T12:39:08Z,technology_digital_services,"Assalamualaikum bang, saya dah daftar guna app, tapi dia tak minta gambar ic, dia minta gambar muka je, tolong jelaskan bang🙃",dfe286301d862fb299a8,2025-10-13T02:46:27Z,2025-10-13T02:46:27Z,2,2,True,True,none,,2026-06-17T15:11:45.564015+00:00,raw,
YT_UgyBCzINGYaAAPmimSZ4AaABAg,YouTube,top_level_comment,UgyBCzINGYaAAPmimSZ4AaABAg,UgyBCzINGYaAAPmimSZ4AaABAg,qlQj6Zlgc-M,MyDigital ID akan diwajibkan untuk akses aplikasi MyJPJ & MyBayar PDRM!,SoyaCincau BM,https://www.youtube.com/watch?v=qlQj6Zlgc-M,2025-08-27T12:39:08Z,technology_digital_services,Sori MLS nak layan,dd204e1da809b7447f88,2025-09-10T13:53:12Z,2025-09-10T13:53:12Z,10,0,True,True,none,,2026-06-17T15:11:45.564025+00:00,raw,
YT_UgzkuG6yJz2dsVIVJAl4AaABAg,YouTube,top_level_comment,UgzkuG6yJz2dsVIVJAl4AaABAg,UgzkuG6yJz2dsVIVJAl4AaABAg,qlQj6Zlgc-M,MyDigital ID akan diwajibkan untuk akses aplikasi MyJPJ & MyBayar PDRM!,SoyaCincau BM,https://www.youtube.com/watch?v=qlQj6Zlgc-M,2025-08-27T12:39:08Z,technology_digital_services,Leceh. Naper tak senangkan lagi satu app terus? Nak nak org org tua bukan tech savvy pun. Apa laa,fbdb6e4b0d1638f024f4,2025-08-30T11:48:58Z,2025-08-30T11:48:58Z,12,0,True,True,none,,2026-06-17T15:11:45.564038+00:00,raw,
YT_UgzYk913JP4nT3RSfTJ4AaABAg,YouTube,top_level_comment,UgzYk913JP4nT3RSfTJ4AaABAg,UgzYk913JP4nT3RSfTJ4AaABAg,qlQj6Zlgc-M,MyDigital ID akan diwajibkan untuk akses aplikasi MyJPJ & MyBayar PDRM!,SoyaCincau BM,https://www.youtube.com/watch?v=qlQj6Zlgc-M,2025-08-27T12:39:08Z,technology_digital_services,cara nak paksa orang daftar padu ke tu,ba1cd2e167abad172913,2025-08-28T01:17:40Z,2025-08-28T01:17:40Z,1,0,True,True,none,,2026-06-17T15:11:45.564049+00:00,raw,
YT_UgykJFvqcLI-L9Nn-Fx4AaABAg,YouTube,top_level_comment,UgykJFvqcLI-L9Nn-Fx4AaABAg,UgykJFvqcLI-L9Nn-Fx4AaABAg,qlQj6Zlgc-M,MyDigital ID akan diwajibkan untuk akses aplikasi MyJPJ & MyBayar PDRM!,SoyaCincau BM,https://www.youtube.com/watch?v=qlQj6Zlgc-M,2025-08-27T12:39:08Z,technology_digital_services,Lepas tu stuck je semua 1 apps pakai🤣,ae590238773775d6978a,2025-08-27T12:43:28Z,2025-08-27T12:43:28Z,1,1,True,True,none,,2026-06-17T15:11:45.564061+00:00,raw,
YT_Ugy-wmEDXV5fAdWgM5h4AaABAg,YouTube,top_level_comment,Ugy-wmEDXV5fAdWgM5h4AaABAg,Ugy-wmEDXV5fAdWgM5h4AaABAg,qlQj6Zlgc-M,MyDigital ID akan diwajibkan untuk akses aplikasi MyJPJ & MyBayar PDRM!,SoyaCincau BM,https://www.youtube.com/watch?v=qlQj6Zlgc-M,2025-08-27T12:39:08Z,technology_digital_services,mcm odoh😂,ae590238773775d6978a,2025-08-27T12:42:48Z,2025-08-27T12:42:48Z,4,0,True,True,none,,2026-06-17T15:11:45.564072+00:00,raw,
YT_UgxiwrthfVm0gFKI-up4AaABAg,YouTube,top_level_comment,UgxiwrthfVm0gFKI-up4AaABAg,UgxiwrthfVm0gFKI-up4AaABAg,L-iPwc5b3oI,Malaysia rolls out the welcome mat for first tourists of 2026,The Star,https://www.youtube.com/watch?v=L-iPwc5b3oI,2026-01-01T05:54:35Z,tourism_lifestyle_events,GTFO tourist you are NOT welcome 😒 🙃,0aef94ad2909f6a9981e,2026-01-04T04:14:38Z,2026-01-04T04:14:38Z,0,0,True,True,none,,2026-06-17T15:11:45.906222+00:00,raw,
YT_UgzCI3KUzrchaobfocd4AaABAg,YouTube,top_level_comment,UgzCI3KUzrchaobfocd4AaABAg,UgzCI3KUzrchaobfocd4AaABAg,L-iPwc5b3oI,Malaysia rolls out the welcome mat for first tourists of 2026,The Star,https://www.youtube.com/watch?v=L-iPwc5b3oI,2026-01-01T05:54:35Z,tourism_lifestyle_events,"Mana welcome beer, todi, tuak, ketum dan tapai nya? Itu baru betol2 Malaysia",f02f83a44e41023b5cec,2026-01-03T16:05:55Z,2026-01-03T16:05:55Z,0,2,True,True,none,,2026-06-17T15:11:45.906250+00:00,raw,
YT_UgzJq4kRqY7zC7E9Blt4AaABAg,YouTube,top_level_comment,UgzJq4kRqY7zC7E9Blt4AaABAg,UgzJq4kRqY7zC7E9Blt4AaABAg,L-iPwc5b3oI,Malaysia rolls out the welcome mat for first tourists of 2026,The Star,https://www.youtube.com/watch?v=L-iPwc5b3oI,2026-01-01T05:54:35Z,tourism_lifestyle_events,She is not the first tourist!! First tourist is at the Singapore causeway!!!,97ae7b07b1953813d248,2026-01-03T14:57:46Z,2026-01-03T14:57:46Z,0,1,True,True,none,,2026-06-17T15:11:45.906265+00:00,raw,
YT_UgyG91os6B4p9znSNjh4AaABAg,YouTube,top_level_comment,UgyG91os6B4p9znSNjh4AaABAg,UgyG91os6B4p9znSNjh4AaABAg,L-iPwc5b3oI,Malaysia rolls out the welcome mat for first tourists of 2026,The Star,https://www.youtube.com/watch?v=L-iPwc5b3oI,2026-01-01T05:54:35Z,tourism_lifestyle_events,Why was he not at all smiling to greet the arrival of so many people if he will not be frightening anyone away yet🎉🎉,c556a52e3683af41868d,2026-01-03T10:11:27Z,2026-01-03T10:11:27Z,0,1,True,True,none,,2026-06-17T15:11:45.906283+00:00,raw,
YT_UgwOnYeHiLCHbJpHSrV4AaABAg,YouTube,top_level_comment,UgwOnYeHiLCHbJpHSrV4AaABAg,UgwOnYeHiLCHbJpHSrV4AaABAg,L-iPwc5b3oI,Malaysia rolls out the welcome mat for first tourists of 2026,The Star,https://www.youtube.com/watch?v=L-iPwc5b3oI,2026-01-01T05:54:35Z,tourism_lifestyle_events,Pls serve lemon juice with soda water for the tourist 🎵🎶💪👍⭐🥳🎄,8758c713ec1e40508560,2026-01-02T22:17:01Z,2026-01-02T22:17:01Z,0,0,True,True,none,,2026-06-17T15:11:45.906297+00:00,raw,
YT_UgzGJuplI3O2YaCdtHx4AaABAg,YouTube,top_level_comment,UgzGJuplI3O2YaCdtHx4AaABAg,UgzGJuplI3O2YaCdtHx4AaABAg,L-iPwc5b3oI,Malaysia rolls out the welcome mat for first tourists of 2026,The Star,https://www.youtube.com/watch?v=L-iPwc5b3oI,2026-01-01T05:54:35Z,tourism_lifestyle_events,Fortune blesses those who smile and are warmth and friendly to their guests. 💰 🤑🤑🤑,867d1a34d0e13db565c6,2026-01-02T14:05:16Z,2026-01-02T14:05:16Z,0,0,True,True,none,,2026-06-17T15:11:45.906312+00:00,raw,
YT_Ugz93Dwpi8Rf9XMsJQJ4AaABAg,YouTube,top_level_comment,Ugz93Dwpi8Rf9XMsJQJ4AaABAg,Ugz93Dwpi8Rf9XMsJQJ4AaABAg,L-iPwc5b3oI,Malaysia rolls out the welcome mat for first tourists of 2026,The Star,https://www.youtube.com/watch?v=L-iPwc5b3oI,2026-01-01T05:54:35Z,tourism_lifestyle_events,"tourist comfuse asking ilegal worker in malaysia thinking this people a malaysian. it is not, to many cases.",51ae69f2d5eab77dfb12,2026-01-02T13:10:49Z,2026-01-02T13:10:49Z,0,0,True,True,none,,2026-06-17T15:11:45.906327+00:00,raw,
YT_UgzGzt73O3sf5xtQy5J4AaABAg,YouTube,top_level_comment,UgzGzt73O3sf5xtQy5J4AaABAg,UgzGzt73O3sf5xtQy5J4AaABAg,L-iPwc5b3oI,Malaysia rolls out the welcome mat for first tourists of 2026,The Star,https://www.youtube.com/watch?v=L-iPwc5b3oI,2026-01-01T05:54:35Z,tourism_lifestyle_events,"The Minister should ""SMILE"" more.....so that it looks more WELCOMING 🎉🎉🎉 Lead by example.",03fa8cb6fc774abc6731,2026-01-02T11:56:23Z,2026-01-02T11:58:24Z,1,0,True,True,none,,2026-06-17T15:11:45.906344+00:00,raw,
YT_UgxSf886guCntZJMB0x4AaABAg,YouTube,top_level_comment,UgxSf886guCntZJMB0x4AaABAg,UgxSf886guCntZJMB0x4AaABAg,L-iPwc5b3oI,Malaysia rolls out the welcome mat for first tourists of 2026,The Star,https://www.youtube.com/watch?v=L-iPwc5b3oI,2026-01-01T05:54:35Z,tourism_lifestyle_events,0:34 the girl on the left is so pretty!!,270afddbc78207ee2b7b,2026-01-02T09:46:14Z,2026-01-02T09:46:14Z,0,0,True,True,none,,2026-06-17T15:11:45.906357+00:00,raw,
YT_UgyL-3M5exCvTPi_FfV4AaABAg,YouTube,top_level_comment,UgyL-3M5exCvTPi_FfV4AaABAg,UgyL-3M5exCvTPi_FfV4AaABAg,L-iPwc5b3oI,Malaysia rolls out the welcome mat for first tourists of 2026,The Star,https://www.youtube.com/watch?v=L-iPwc5b3oI,2026-01-01T05:54:35Z,tourism_lifestyle_events,It's not international visitors but former Malaysian citizens that gave up on the country and became citizens elsewhere coming to Msia to visit family,a0db548d015aa07eb7f8,2026-01-02T05:59:17Z,2026-01-02T05:59:17Z,0,2,True,True,none,,2026-06-17T15:11:45.906373+00:00,raw,
YT_UgycUEpYSEg3gfu1r8h4AaABAg,YouTube,top_level_comment,UgycUEpYSEg3gfu1r8h4AaABAg,UgycUEpYSEg3gfu1r8h4AaABAg,L-iPwc5b3oI,Malaysia rolls out the welcome mat for first tourists of 2026,The Star,https://www.youtube.com/watch?v=L-iPwc5b3oI,2026-01-01T05:54:35Z,tourism_lifestyle_events,these are misleading practise...first of all you should honour and welcome back all Malaysians that are coming back with pride and roll out the carpet...they are the people that have serve and sacrifice for the country faithfully through hard times and good times...these tourists of course they are coming to enjoy the peace...tranquillity...nice places here...and spend...fine...but every working Malaysians sacrifice and spend all their incomes every month for their beloved country...these politicians are misguided and foolish...,7fd4323064f231ec444b,2026-01-02T02:57:21Z,2026-01-02T02:57:21Z,0,0,True,True,none,,2026-06-17T15:11:45.906403+00:00,raw,
YT_UgyueiNgKDGh6ze34U14AaABAg,YouTube,top_level_comment,UgyueiNgKDGh6ze34U14AaABAg,UgyueiNgKDGh6ze34U14AaABAg,L-iPwc5b3oI,Malaysia rolls out the welcome mat for first tourists of 2026,The Star,https://www.youtube.com/watch?v=L-iPwc5b3oI,2026-01-01T05:54:35Z,tourism_lifestyle_events,Clever strategy,d23abc556557e1b689ee,2026-01-02T02:26:46Z,2026-01-02T02:26:46Z,0,0,True,True,none,,2026-06-17T15:11:45.906414+00:00,raw,
YT_UgyKd1fmCK7KkIhvZwd4AaABAg,YouTube,top_level_comment,UgyKd1fmCK7KkIhvZwd4AaABAg,UgyKd1fmCK7KkIhvZwd4AaABAg,L-iPwc5b3oI,Malaysia rolls out the welcome mat for first tourists of 2026,The Star,https://www.youtube.com/watch?v=L-iPwc5b3oI,2026-01-01T05:54:35Z,tourism_lifestyle_events,"Respect others, others will definitely respect us, thank you tourists from all over the world for coming to our country Malaysia🥳🥳🥳🤝🤝",c5bf0efd6c2fedce6054,2026-01-02T02:22:50Z,2026-01-02T02:22:50Z,2,0,True,True,none,,2026-06-17T15:11:45.906431+00:00,raw,
YT_UgzKVPYxo3o67PpXvpZ4AaABAg,YouTube,top_level_comment,UgzKVPYxo3o67PpXvpZ4AaABAg,UgzKVPYxo3o67PpXvpZ4AaABAg,L-iPwc5b3oI,Malaysia rolls out the welcome mat for first tourists of 2026,The Star,https://www.youtube.com/watch?v=L-iPwc5b3oI,2026-01-01T05:54:35Z,tourism_lifestyle_events,Their face paralyzed. Eat too much rendang got stroke.,7486b3a342ab5e8f0e68,2026-01-02T02:17:07Z,2026-01-02T02:17:07Z,0,0,True,True,none,,2026-06-17T15:11:45.906444+00:00,raw,
YT_UgzifHhllzvhfjCvs_l4AaABAg,YouTube,top_level_comment,UgzifHhllzvhfjCvs_l4AaABAg,UgzifHhllzvhfjCvs_l4AaABAg,L-iPwc5b3oI,Malaysia rolls out the welcome mat for first tourists of 2026,The Star,https://www.youtube.com/watch?v=L-iPwc5b3oI,2026-01-01T05:54:35Z,tourism_lifestyle_events,"ehem... ""less than friendly"".",c5f14b2d262ff44b3ceb,2026-01-02T02:07:27Z,2026-01-02T02:07:27Z,0,0,True,True,none,,2026-06-17T15:11:45.906455+00:00,raw,
YT_UgzaDC_2190yI-jYnHN4AaABAg,YouTube,top_level_comment,UgzaDC_2190yI-jYnHN4AaABAg,UgzaDC_2190yI-jYnHN4AaABAg,L-iPwc5b3oI,Malaysia rolls out the welcome mat for first tourists of 2026,The Star,https://www.youtube.com/watch?v=L-iPwc5b3oI,2026-01-01T05:54:35Z,tourism_lifestyle_events,"Public or civil, not friendly? If public get friendly, scare of scamming, civil dept are normal..",9fac32aa7c2f03dc5ce7,2026-01-02T01:06:19Z,2026-01-02T01:06:19Z,0,0,True,True,none,,2026-06-17T15:11:45.906469+00:00,raw,
YT_UgyPrSOub4jhIJAPgeZ4AaABAg,YouTube,top_level_comment,UgyPrSOub4jhIJAPgeZ4AaABAg,UgyPrSOub4jhIJAPgeZ4AaABAg,L-iPwc5b3oI,Malaysia rolls out the welcome mat for first tourists of 2026,The Star,https://www.youtube.com/watch?v=L-iPwc5b3oI,2026-01-01T05:54:35Z,tourism_lifestyle_events,"Did the 'No Littering, Malaysia is A Fine Country' sign go up? Did you add more litter bins?",5b0c5a3fcd99acbdac4f,2026-01-01T22:58:24Z,2026-01-01T22:58:24Z,0,0,True,True,none,,2026-06-17T15:11:45.906484+00:00,raw,
YT_Ugxdq_csWLereKfWmyl4AaABAg,YouTube,top_level_comment,Ugxdq_csWLereKfWmyl4AaABAg,Ugxdq_csWLereKfWmyl4AaABAg,L-iPwc5b3oI,Malaysia rolls out the welcome mat for first tourists of 2026,The Star,https://www.youtube.com/watch?v=L-iPwc5b3oI,2026-01-01T05:54:35Z,tourism_lifestyle_events,"😂😂wow friendlynya muka dia, mcm nak makan orang",5a1162cbcf7e01b0f8ff,2026-01-01T22:22:04Z,2026-01-01T22:22:04Z,0,0,True,True,none,,2026-06-17T15:11:45.906497+00:00,raw,
YT_Ugx-_E8U6uAHvL_upvp4AaABAg,YouTube,top_level_comment,Ugx-_E8U6uAHvL_upvp4AaABAg,Ugx-_E8U6uAHvL_upvp4AaABAg,L-iPwc5b3oI,Malaysia rolls out the welcome mat for first tourists of 2026,The Star,https://www.youtube.com/watch?v=L-iPwc5b3oI,2026-01-01T05:54:35Z,tourism_lifestyle_events,So cute our Malayan Sun Bears mascot!,465d029c5cf45b6fd55a,2026-01-01T16:51:38Z,2026-01-01T16:51:38Z,2,0,True,True,none,,2026-06-17T15:11:45.906509+00:00,raw,
YT_Ugwd30Z28cxlUHghWrt4AaABAg,YouTube,top_level_comment,Ugwd30Z28cxlUHghWrt4AaABAg,Ugwd30Z28cxlUHghWrt4AaABAg,L-iPwc5b3oI,Malaysia rolls out the welcome mat for first tourists of 2026,The Star,https://www.youtube.com/watch?v=L-iPwc5b3oI,2026-01-01T05:54:35Z,tourism_lifestyle_events,"Perkara pertama bila beri gift mesti lah muka mahu senyum !! Ini nak senyum pun susah , memang tourist cop Tourism Malaysia tak friendly jangan marah plak !",74aea5068a08871933d6,2026-01-01T16:36:09Z,2026-01-01T16:36:09Z,2,0,True,True,none,,2026-06-17T15:11:45.906525+00:00,raw,
YT_UgzpfSWGZp355WqqX3N4AaABAg,YouTube,top_level_comment,UgzpfSWGZp355WqqX3N4AaABAg,UgzpfSWGZp355WqqX3N4AaABAg,L-iPwc5b3oI,Malaysia rolls out the welcome mat for first tourists of 2026,The Star,https://www.youtube.com/watch?v=L-iPwc5b3oI,2026-01-01T05:54:35Z,tourism_lifestyle_events,Fountain fixed?,2653b656ad4185e87586,2026-01-01T15:59:09Z,2026-01-01T15:59:09Z,0,0,True,True,none,,2026-06-17T15:11:45.906536+00:00,raw,
YT_Ugy9BGDR2xTj9KPMIIZ4AaABAg,YouTube,top_level_comment,Ugy9BGDR2xTj9KPMIIZ4AaABAg,Ugy9BGDR2xTj9KPMIIZ4AaABAg,L-iPwc5b3oI,Malaysia rolls out the welcome mat for first tourists of 2026,The Star,https://www.youtube.com/watch?v=L-iPwc5b3oI,2026-01-01T05:54:35Z,tourism_lifestyle_events,Tiong love China backside❤❤❤❤❤,1fbe68234e9069764dab,2026-01-01T15:57:01Z,2026-01-01T15:57:01Z,0,0,True,True,none,,2026-06-17T15:11:45.906548+00:00,raw,
YT_Ugyt-bRG-44AWhzXNfl4AaABAg,YouTube,top_level_comment,Ugyt-bRG-44AWhzXNfl4AaABAg,Ugyt-bRG-44AWhzXNfl4AaABAg,L-iPwc5b3oI,Malaysia rolls out the welcome mat for first tourists of 2026,The Star,https://www.youtube.com/watch?v=L-iPwc5b3oI,2026-01-01T05:54:35Z,tourism_lifestyle_events,"Suruh orang senyum, dia pun tak senyum 🤣",c67a5cae7c9e3c0aae40,2026-01-01T15:00:20Z,2026-01-01T15:00:20Z,11,0,True,True,none,,2026-06-17T15:11:45.906561+00:00,raw,
YT_Ugy6XDQYqTEumpUI1xJ4AaABAg,YouTube,top_level_comment,Ugy6XDQYqTEumpUI1xJ4AaABAg,Ugy6XDQYqTEumpUI1xJ4AaABAg,L-iPwc5b3oI,Malaysia rolls out the welcome mat for first tourists of 2026,The Star,https://www.youtube.com/watch?v=L-iPwc5b3oI,2026-01-01T05:54:35Z,tourism_lifestyle_events,Datuk u should learn to smile so that ur looks more welcoming and friendly. I know I can do it datuk...Malaysia boleh! 😁,8759a667ef3d2e915f45,2026-01-01T14:57:37Z,2026-01-01T15:03:21Z,0,1,True,True,none,,2026-06-17T15:11:45.906577+00:00,raw,
YT_UgywVHVhe-r053KGtcB4AaABAg,YouTube,top_level_comment,UgywVHVhe-r053KGtcB4AaABAg,UgywVHVhe-r053KGtcB4AaABAg,L-iPwc5b3oI,Malaysia rolls out the welcome mat for first tourists of 2026,The Star,https://www.youtube.com/watch?v=L-iPwc5b3oI,2026-01-01T05:54:35Z,tourism_lifestyle_events,Muka lepaps mabuk tak sesuai sambut tetamu..,a5081564c5dd8831421d,2026-01-01T14:25:55Z,2026-01-01T14:25:55Z,0,0,True,True,none,,2026-06-17T15:11:45.906589+00:00,raw,
YT_Ugxmvg7g0GZ8rnOC-LF4AaABAg,YouTube,top_level_comment,Ugxmvg7g0GZ8rnOC-LF4AaABAg,Ugxmvg7g0GZ8rnOC-LF4AaABAg,L-iPwc5b3oI,Malaysia rolls out the welcome mat for first tourists of 2026,The Star,https://www.youtube.com/watch?v=L-iPwc5b3oI,2026-01-01T05:54:35Z,tourism_lifestyle_events,I like the Sun Bear as the mascot ...well picked .,67907f71b17523134fba,2026-01-01T13:48:19Z,2026-01-01T13:48:19Z,1,0,True,True,none,,2026-06-17T15:11:45.906601+00:00,raw,
YT_UgzgTg7kZbZH5IVspcB4AaABAg,YouTube,top_level_comment,UgzgTg7kZbZH5IVspcB4AaABAg,UgzgTg7kZbZH5IVspcB4AaABAg,L-iPwc5b3oI,Malaysia rolls out the welcome mat for first tourists of 2026,The Star,https://www.youtube.com/watch?v=L-iPwc5b3oI,2026-01-01T05:54:35Z,tourism_lifestyle_events,Memang immigration MY semua muka masam....🤔🤔hmm mungkin.......??,aa8d850b7f83e938a527,2026-01-01T12:48:11Z,2026-01-01T12:48:11Z,1,0,True,True,none,,2026-06-17T15:11:45.906614+00:00,raw,
YT_UgwIsgrAb9PHRD9U9fF4AaABAg,YouTube,top_level_comment,UgwIsgrAb9PHRD9U9fF4AaABAg,UgwIsgrAb9PHRD9U9fF4AaABAg,L-iPwc5b3oI,Malaysia rolls out the welcome mat for first tourists of 2026,The Star,https://www.youtube.com/watch?v=L-iPwc5b3oI,2026-01-01T05:54:35Z,tourism_lifestyle_events,Tiong Tiong Tiong 😂😂,aa8d850b7f83e938a527,2026-01-01T12:46:36Z,2026-01-01T12:46:36Z,4,0,True,True,none,,2026-06-17T15:11:45.906625+00:00,raw,
YT_Ugwc8ZMfq_lMyJxsAEF4AaABAg,YouTube,top_level_comment,Ugwc8ZMfq_lMyJxsAEF4AaABAg,Ugwc8ZMfq_lMyJxsAEF4AaABAg,L-iPwc5b3oI,Malaysia rolls out the welcome mat for first tourists of 2026,The Star,https://www.youtube.com/watch?v=L-iPwc5b3oI,2026-01-01T05:54:35Z,tourism_lifestyle_events,Ehh..i thought he should at least welcome them with a smile,37d8caf5c73c769a0c8e,2026-01-01T12:44:58Z,2026-01-01T12:44:58Z,0,0,True,True,none,,2026-06-17T15:11:45.906638+00:00,raw,
YT_UgyJS19AEU6TgECMZK94AaABAg,YouTube,top_level_comment,UgyJS19AEU6TgECMZK94AaABAg,UgyJS19AEU6TgECMZK94AaABAg,L-iPwc5b3oI,Malaysia rolls out the welcome mat for first tourists of 2026,The Star,https://www.youtube.com/watch?v=L-iPwc5b3oI,2026-01-01T05:54:35Z,tourism_lifestyle_events,No alcohol kenot senyum 😂😂,86d058525c2108bca481,2026-01-01T12:43:29Z,2026-01-01T12:43:29Z,3,0,True,True,none,,2026-06-17T15:11:45.906650+00:00,raw,
YT_UgyJnqyAEZEcaiZAYwF4AaABAg,YouTube,top_level_comment,UgyJnqyAEZEcaiZAYwF4AaABAg,UgyJnqyAEZEcaiZAYwF4AaABAg,L-iPwc5b3oI,Malaysia rolls out the welcome mat for first tourists of 2026,The Star,https://www.youtube.com/watch?v=L-iPwc5b3oI,2026-01-01T05:54:35Z,tourism_lifestyle_events,Welcome in Malaysia the number1econ country tourist spots..i love Tourism❤,d525cf649fe27f2ff0a3,2026-01-01T12:38:45Z,2026-01-01T12:38:45Z,0,0,True,True,none,,2026-06-17T15:11:45.906663+00:00,raw,
YT_UgyaRhOmDyX_Soh85A94AaABAg,YouTube,top_level_comment,UgyaRhOmDyX_Soh85A94AaABAg,UgyaRhOmDyX_Soh85A94AaABAg,L-iPwc5b3oI,Malaysia rolls out the welcome mat for first tourists of 2026,The Star,https://www.youtube.com/watch?v=L-iPwc5b3oI,2026-01-01T05:54:35Z,tourism_lifestyle_events,Panglima mendonia cuti cuti Malaysia isteri suri rumah millionaire pangkat cemerlang jasa negara koleksi jam Patik baginda Philippe. Takbir takbir takbir!,73318ac874ca5ba4abd1,2026-01-01T12:07:12Z,2026-01-01T12:07:12Z,2,0,True,True,none,,2026-06-17T15:11:45.906679+00:00,raw,
YT_UgxHgUxYGqDsGxaH8Ot4AaABAg,YouTube,top_level_comment,UgxHgUxYGqDsGxaH8Ot4AaABAg,UgxHgUxYGqDsGxaH8Ot4AaABAg,L-iPwc5b3oI,Malaysia rolls out the welcome mat for first tourists of 2026,The Star,https://www.youtube.com/watch?v=L-iPwc5b3oI,2026-01-01T05:54:35Z,tourism_lifestyle_events,Give free beers and alcoholic drinks please😂😂😂,cf17ee8abec73beca421,2026-01-01T11:22:35Z,2026-01-01T11:22:35Z,1,0,True,True,none,,2026-06-17T15:11:45.906691+00:00,raw,
YT_UgxAMVZIKIDklfJEujh4AaABAg,YouTube,top_level_comment,UgxAMVZIKIDklfJEujh4AaABAg,UgxAMVZIKIDklfJEujh4AaABAg,L-iPwc5b3oI,Malaysia rolls out the welcome mat for first tourists of 2026,The Star,https://www.youtube.com/watch?v=L-iPwc5b3oI,2026-01-01T05:54:35Z,tourism_lifestyle_events,The worst menteri we have hands down,a602e6ae46de3afa9b84,2026-01-01T11:17:54Z,2026-01-01T11:17:54Z,2,4,True,True,none,,2026-06-17T15:11:45.906703+00:00,raw,
YT_UgyoKfSAcH6jq9QY9Ud4AaABAg,YouTube,top_level_comment,UgyoKfSAcH6jq9QY9Ud4AaABAg,UgyoKfSAcH6jq9QY9Ud4AaABAg,L-iPwc5b3oI,Malaysia rolls out the welcome mat for first tourists of 2026,The Star,https://www.youtube.com/watch?v=L-iPwc5b3oI,2026-01-01T05:54:35Z,tourism_lifestyle_events,Muka ketat je..first impression kepada pelancong pun dh fail.😊,33a8d99dc8e079c524e6,2026-01-01T10:51:58Z,2026-01-01T10:51:58Z,0,0,True,True,none,,2026-06-17T15:11:45.906716+00:00,raw,
YT_UgxaIQHFbU_sxx7iNG54AaABAg,YouTube,top_level_comment,UgxaIQHFbU_sxx7iNG54AaABAg,UgxaIQHFbU_sxx7iNG54AaABAg,L-iPwc5b3oI,Malaysia rolls out the welcome mat for first tourists of 2026,The Star,https://www.youtube.com/watch?v=L-iPwc5b3oI,2026-01-01T05:54:35Z,tourism_lifestyle_events,"Welcome to Malaysia....but after you visa finis, you go back china aaaaa",65032cac21cd26608315,2026-01-01T10:49:11Z,2026-01-01T10:49:11Z,9,2,True,True,none,,2026-06-17T15:11:45.906729+00:00,raw,
YT_UgxmhPwu9QIZIz9iohB4AaABAg,YouTube,top_level_comment,UgxmhPwu9QIZIz9iohB4AaABAg,UgxmhPwu9QIZIz9iohB4AaABAg,L-iPwc5b3oI,Malaysia rolls out the welcome mat for first tourists of 2026,The Star,https://www.youtube.com/watch?v=L-iPwc5b3oI,2026-01-01T05:54:35Z,tourism_lifestyle_events,MENTERI kaki mabok?,c45b3b0004da6c3059b6,2026-01-01T10:31:19Z,2026-01-01T10:31:19Z,5,2,True,True,none,,2026-06-17T15:11:45.906740+00:00,raw,
YT_UgzH9hS4v1O-iodiGb14AaABAg,YouTube,top_level_comment,UgzH9hS4v1O-iodiGb14AaABAg,UgzH9hS4v1O-iodiGb14AaABAg,L-iPwc5b3oI,Malaysia rolls out the welcome mat for first tourists of 2026,The Star,https://www.youtube.com/watch?v=L-iPwc5b3oI,2026-01-01T05:54:35Z,tourism_lifestyle_events,Well done👍,dc644d676b20193875d2,2026-01-01T10:10:49Z,2026-01-01T10:10:49Z,0,0,True,True,none,,2026-06-17T15:11:45.906750+00:00,raw,
YT_Ugx8gHQ5wjD8TgDBEZ94AaABAg,YouTube,top_level_comment,Ugx8gHQ5wjD8TgDBEZ94AaABAg,Ugx8gHQ5wjD8TgDBEZ94AaABAg,L-iPwc5b3oI,Malaysia rolls out the welcome mat for first tourists of 2026,The Star,https://www.youtube.com/watch?v=L-iPwc5b3oI,2026-01-01T05:54:35Z,tourism_lifestyle_events,One of the best minister of Tourism,5da55d7c46c4c0d569b8,2026-01-01T09:57:31Z,2026-01-01T09:57:31Z,1,0,True,True,none,,2026-06-17T15:11:45.906762+00:00,raw,
YT_Ugwfo2MIFn9ZbR7WueJ4AaABAg,YouTube,top_level_comment,Ugwfo2MIFn9ZbR7WueJ4AaABAg,Ugwfo2MIFn9ZbR7WueJ4AaABAg,L-iPwc5b3oI,Malaysia rolls out the welcome mat for first tourists of 2026,The Star,https://www.youtube.com/watch?v=L-iPwc5b3oI,2026-01-01T05:54:35Z,tourism_lifestyle_events,Is this the happy drunk minister?,82c3d4d92ecbd985928b,2026-01-01T09:45:56Z,2026-01-01T09:45:56Z,6,1,True,True,none,,2026-06-17T15:11:45.906773+00:00,raw,
YT_Ugzw44kQs5OxLDQYD094AaABAg,YouTube,top_level_comment,Ugzw44kQs5OxLDQYD094AaABAg,Ugzw44kQs5OxLDQYD094AaABAg,L-iPwc5b3oI,Malaysia rolls out the welcome mat for first tourists of 2026,The Star,https://www.youtube.com/watch?v=L-iPwc5b3oI,2026-01-01T05:54:35Z,tourism_lifestyle_events,First day of the year sudah bekerja😊,4e4730e589b6d9169fc0,2026-01-01T09:29:03Z,2026-01-01T09:29:03Z,4,0,True,True,none,,2026-06-17T15:11:45.906785+00:00,raw,
YT_UgywAFG2XR7PLlSp_Fx4AaABAg,YouTube,top_level_comment,UgywAFG2XR7PLlSp_Fx4AaABAg,UgywAFG2XR7PLlSp_Fx4AaABAg,L-iPwc5b3oI,Malaysia rolls out the welcome mat for first tourists of 2026,The Star,https://www.youtube.com/watch?v=L-iPwc5b3oI,2026-01-01T05:54:35Z,tourism_lifestyle_events,Best YB Best Minister Syabas Malaysia is the Best,b481c2009b332250a8a9,2026-01-01T08:58:45Z,2026-01-01T08:58:45Z,4,0,True,True,none,,2026-06-17T15:11:45.906798+00:00,raw,
YT_Ugx_4tiMriWKV8iGQpd4AaABAg,YouTube,top_level_comment,Ugx_4tiMriWKV8iGQpd4AaABAg,Ugx_4tiMriWKV8iGQpd4AaABAg,L-iPwc5b3oI,Malaysia rolls out the welcome mat for first tourists of 2026,The Star,https://www.youtube.com/watch?v=L-iPwc5b3oI,2026-01-01T05:54:35Z,tourism_lifestyle_events,Wow Sun Bear the mascot.,474e958522e7b297b2a1,2026-01-01T08:43:56Z,2026-01-01T08:43:56Z,4,0,True,True,none,,2026-06-17T15:11:45.906809+00:00,raw,
YT_UgwpsS7oDzYmEMHA-nN4AaABAg,YouTube,top_level_comment,UgwpsS7oDzYmEMHA-nN4AaABAg,UgwpsS7oDzYmEMHA-nN4AaABAg,L-iPwc5b3oI,Malaysia rolls out the welcome mat for first tourists of 2026,The Star,https://www.youtube.com/watch?v=L-iPwc5b3oI,2026-01-01T05:54:35Z,tourism_lifestyle_events,My hero,fa2475d9074f7928f897,2026-01-01T08:41:43Z,2026-01-01T08:41:43Z,1,0,True,True,none,,2026-06-17T15:11:45.906820+00:00,raw,
YT_Ugyf778Kkr-4mb5UKVB4AaABAg,YouTube,top_level_comment,Ugyf778Kkr-4mb5UKVB4AaABAg,Ugyf778Kkr-4mb5UKVB4AaABAg,L-iPwc5b3oI,Malaysia rolls out the welcome mat for first tourists of 2026,The Star,https://www.youtube.com/watch?v=L-iPwc5b3oI,2026-01-01T05:54:35Z,tourism_lifestyle_events,Make sure all the tourist came as a tourist and return back to their country,2cdf21e7d3ff22190a7d,2026-01-01T08:25:10Z,2026-01-01T08:25:10Z,0,0,True,True,none,,2026-06-17T15:11:45.906833+00:00,raw,
YT_UgxOnWeMy6GjZg5Fn0J4AaABAg,YouTube,top_level_comment,UgxOnWeMy6GjZg5Fn0J4AaABAg,UgxOnWeMy6GjZg5Fn0J4AaABAg,L-iPwc5b3oI,Malaysia rolls out the welcome mat for first tourists of 2026,The Star,https://www.youtube.com/watch?v=L-iPwc5b3oI,2026-01-01T05:54:35Z,tourism_lifestyle_events,Jgn dok bagi stout dah...😂,999e3d0843ddbbf3c05c,2026-01-01T08:23:55Z,2026-01-01T08:23:55Z,1,0,True,True,none,,2026-06-17T15:11:45.906844+00:00,raw,
YT_UgwWkU76OlbGMnbdv9F4AaABAg,YouTube,top_level_comment,UgwWkU76OlbGMnbdv9F4AaABAg,UgwWkU76OlbGMnbdv9F4AaABAg,L-iPwc5b3oI,Malaysia rolls out the welcome mat for first tourists of 2026,The Star,https://www.youtube.com/watch?v=L-iPwc5b3oI,2026-01-01T05:54:35Z,tourism_lifestyle_events,senyum!! 🤷🏻,91fc4bb8ac58ea7cc3c3,2026-01-01T08:02:38Z,2026-01-01T08:02:38Z,4,0,True,True,none,,2026-06-17T15:11:45.906855+00:00,raw,
YT_UgzMlPve-3yRGqBAjjp4AaABAg,YouTube,top_level_comment,UgzMlPve-3yRGqBAjjp4AaABAg,UgzMlPve-3yRGqBAjjp4AaABAg,L-iPwc5b3oI,Malaysia rolls out the welcome mat for first tourists of 2026,The Star,https://www.youtube.com/watch?v=L-iPwc5b3oI,2026-01-01T05:54:35Z,tourism_lifestyle_events,Want ringgit to appreciate more? Make sure to love all tourist even if there’s one spoilt apple amongst them. You can smash the rotten apple but don’t smash the fresh ones also.,0c4cb188a2a550d3c2a6,2026-01-01T07:53:56Z,2026-01-01T07:53:56Z,7,1,True,True,none,,2026-06-17T15:11:45.906873+00:00,raw,
YT_Ugx_9TuEHVl5coYVLZh4AaABAg,YouTube,top_level_comment,Ugx_9TuEHVl5coYVLZh4AaABAg,Ugx_9TuEHVl5coYVLZh4AaABAg,L-iPwc5b3oI,Malaysia rolls out the welcome mat for first tourists of 2026,The Star,https://www.youtube.com/watch?v=L-iPwc5b3oI,2026-01-01T05:54:35Z,tourism_lifestyle_events,Smile. .don't get angry with the guest. .show your friendliness and professionalism .🇲🇾🇲🇾🇲🇾🇲🇾,d3ca20298671213f5698,2026-01-01T07:34:49Z,2026-01-01T07:34:49Z,43,1,True,True,none,,2026-06-17T15:11:45.906887+00:00,raw,
YT_UgyV4o3tT8YtZPDmR1Z4AaABAg,YouTube,top_level_comment,UgyV4o3tT8YtZPDmR1Z4AaABAg,UgyV4o3tT8YtZPDmR1Z4AaABAg,L-iPwc5b3oI,Malaysia rolls out the welcome mat for first tourists of 2026,The Star,https://www.youtube.com/watch?v=L-iPwc5b3oI,2026-01-01T05:54:35Z,tourism_lifestyle_events,You are the best! Dato's Sri Tiong. You are our hero. No doubt about it.,ace39ce2b02a7a885acb,2026-01-01T07:32:46Z,2026-01-01T07:32:46Z,9,0,True,True,none,,2026-06-17T15:11:45.906900+00:00,raw,
YT_UgyudT3-yuMH6JKaRBF4AaABAg,YouTube,top_level_comment,UgyudT3-yuMH6JKaRBF4AaABAg,UgyudT3-yuMH6JKaRBF4AaABAg,L-iPwc5b3oI,Malaysia rolls out the welcome mat for first tourists of 2026,The Star,https://www.youtube.com/watch?v=L-iPwc5b3oI,2026-01-01T05:54:35Z,tourism_lifestyle_events,ehh idup lg...😅,dccdfd39e086630dbcbe,2026-01-01T07:25:45Z,2026-01-01T07:25:45Z,3,0,True,True,none,,2026-06-17T15:11:45.906911+00:00,raw,
YT_Ugy6-sDwgde6Hmfnuut4AaABAg,YouTube,top_level_comment,Ugy6-sDwgde6Hmfnuut4AaABAg,Ugy6-sDwgde6Hmfnuut4AaABAg,L-iPwc5b3oI,Malaysia rolls out the welcome mat for first tourists of 2026,The Star,https://www.youtube.com/watch?v=L-iPwc5b3oI,2026-01-01T05:54:35Z,tourism_lifestyle_events,Free arak?,2017554c85bad30bacd6,2026-01-01T07:09:05Z,2026-01-01T07:09:05Z,2,4,True,True,none,,2026-06-17T15:11:45.906921+00:00,raw,
YT_UgxWAgsW4Wl-8S8kJYF4AaABAg,YouTube,top_level_comment,UgxWAgsW4Wl-8S8kJYF4AaABAg,UgxWAgsW4Wl-8S8kJYF4AaABAg,L-iPwc5b3oI,Malaysia rolls out the welcome mat for first tourists of 2026,The Star,https://www.youtube.com/watch?v=L-iPwc5b3oI,2026-01-01T05:54:35Z,tourism_lifestyle_events,Go back to your hole and drink as much liqour as you want.,8c0a7c69e419c2801801,2026-01-01T07:04:27Z,2026-01-01T07:04:27Z,0,1,True,True,none,,2026-06-17T15:11:45.906934+00:00,raw,
YT_Ugx8RXxVR4qOWfsLAu14AaABAg,YouTube,top_level_comment,Ugx8RXxVR4qOWfsLAu14AaABAg,Ugx8RXxVR4qOWfsLAu14AaABAg,L-iPwc5b3oI,Malaysia rolls out the welcome mat for first tourists of 2026,The Star,https://www.youtube.com/watch?v=L-iPwc5b3oI,2026-01-01T05:54:35Z,tourism_lifestyle_events,Smile more everyone…,0dddb6eb6f5df787f4ed,2026-01-01T07:03:10Z,2026-01-01T07:03:10Z,18,0,True,True,none,,2026-06-17T15:11:45.906945+00:00,raw,
YT_UgxMbn38ZwMqlan7mBN4AaABAg,YouTube,top_level_comment,UgxMbn38ZwMqlan7mBN4AaABAg,UgxMbn38ZwMqlan7mBN4AaABAg,L-iPwc5b3oI,Malaysia rolls out the welcome mat for first tourists of 2026,The Star,https://www.youtube.com/watch?v=L-iPwc5b3oI,2026-01-01T05:54:35Z,tourism_lifestyle_events,Free sambal belacan?? 😁😁😁😁,7d5e4de738cb87311b22,2026-01-01T06:56:31Z,2026-01-01T06:56:31Z,6,0,True,True,none,,2026-06-17T15:11:45.906956+00:00,raw,
YT_UgwAAZTQ0n0km_E8rE54AaABAg,YouTube,top_level_comment,UgwAAZTQ0n0km_E8rE54AaABAg,UgwAAZTQ0n0km_E8rE54AaABAg,Wk-HcKtIaGY,Are We About to See a Chinese Tourist Boom in Malaysia?,Ziet Invests,https://www.youtube.com/watch?v=Wk-HcKtIaGY,2026-02-12T11:00:42Z,tourism_lifestyle_events,Great. Good encouragement. Ya Malaysia boleh 😊,4052294f3fc426a9fbf2,2026-05-02T11:59:25Z,2026-05-02T11:59:25Z,1,0,True,True,none,,2026-06-17T15:11:46.187354+00:00,raw,
YT_Ugy3g35rKQy7nMLa3eN4AaABAg,YouTube,top_level_comment,Ugy3g35rKQy7nMLa3eN4AaABAg,Ugy3g35rKQy7nMLa3eN4AaABAg,Wk-HcKtIaGY,Are We About to See a Chinese Tourist Boom in Malaysia?,Ziet Invests,https://www.youtube.com/watch?v=Wk-HcKtIaGY,2026-02-12T11:00:42Z,tourism_lifestyle_events,They’re visiting relatives,c62337b8b27f23cc9157,2026-04-17T18:18:06Z,2026-04-17T18:18:06Z,0,0,True,True,none,,2026-06-17T15:11:46.187369+00:00,raw,
YT_UgztAy8avtF2NM5zXfR4AaABAg,YouTube,top_level_comment,UgztAy8avtF2NM5zXfR4AaABAg,UgztAy8avtF2NM5zXfR4AaABAg,Wk-HcKtIaGY,Are We About to See a Chinese Tourist Boom in Malaysia?,Ziet Invests,https://www.youtube.com/watch?v=Wk-HcKtIaGY,2026-02-12T11:00:42Z,tourism_lifestyle_events,are we not already seeing them,808a1eb58b743ac303ad,2026-04-11T04:00:07Z,2026-04-11T04:00:07Z,1,0,True,True,none,,2026-06-17T15:11:46.187383+00:00,raw,
YT_UgyCXABx3X2rFzgtcr54AaABAg,YouTube,top_level_comment,UgyCXABx3X2rFzgtcr54AaABAg,UgyCXABx3X2rFzgtcr54AaABAg,Wk-HcKtIaGY,Are We About to See a Chinese Tourist Boom in Malaysia?,Ziet Invests,https://www.youtube.com/watch?v=Wk-HcKtIaGY,2026-02-12T11:00:42Z,tourism_lifestyle_events,"Certainly, we welcome numerous visitors from China. Nevertheless, it is noteworthy that some among them engage in deceptive practices.",9c83cb0e3c88623ef9fb,2026-04-05T14:10:01Z,2026-04-05T14:10:01Z,1,0,True,True,none,,2026-06-17T15:11:46.187398+00:00,raw,
YT_UgzlipEAGCIC60QGgkp4AaABAg,YouTube,top_level_comment,UgzlipEAGCIC60QGgkp4AaABAg,UgzlipEAGCIC60QGgkp4AaABAg,Wk-HcKtIaGY,Are We About to See a Chinese Tourist Boom in Malaysia?,Ziet Invests,https://www.youtube.com/watch?v=Wk-HcKtIaGY,2026-02-12T11:00:42Z,tourism_lifestyle_events,well you can kiss all these goodbye on the next election maybe they can try attract Iranians come here for shelter then give them IC,108659aad55000518283,2026-03-10T19:44:38Z,2026-03-10T19:44:38Z,1,0,True,True,none,,2026-06-17T15:11:46.187414+00:00,raw,
YT_UgwDwj0PM2G_hb-dzrJ4AaABAg,YouTube,top_level_comment,UgwDwj0PM2G_hb-dzrJ4AaABAg,UgwDwj0PM2G_hb-dzrJ4AaABAg,Wk-HcKtIaGY,Are We About to See a Chinese Tourist Boom in Malaysia?,Ziet Invests,https://www.youtube.com/watch?v=Wk-HcKtIaGY,2026-02-12T11:00:42Z,tourism_lifestyle_events,"Being so reliant on Chinese money means that when China takes over the islands in South China Sea, we are less likely to make a fuss. It's up to Malaysians to decide if is that is a worthy tradeoff.",bd6dcfa9d26f2d555357,2026-03-04T05:13:45Z,2026-03-04T05:14:01Z,0,0,True,True,none,,2026-06-17T15:11:46.187433+00:00,raw,
YT_Ugw1jAVnRgrgQ6zx-3h4AaABAg,YouTube,top_level_comment,Ugw1jAVnRgrgQ6zx-3h4AaABAg,Ugw1jAVnRgrgQ6zx-3h4AaABAg,Wk-HcKtIaGY,Are We About to See a Chinese Tourist Boom in Malaysia?,Ziet Invests,https://www.youtube.com/watch?v=Wk-HcKtIaGY,2026-02-12T11:00:42Z,tourism_lifestyle_events,"I used to study in singapore so i visited malaysia quite often la, but new year 2026, i brought my family to KL for a 3 weeks holiday and now I begin to think about retiring in malaysia. maybe penang or KL suburb... i think malaysia has done a good job preserving the chinese diaspora community. ❤",212c30adb012872d86cb,2026-02-28T14:35:28Z,2026-02-28T14:35:28Z,2,0,True,True,none,,2026-06-17T15:11:46.187458+00:00,raw,
YT_UgzkWQAezNTkHVIphYJ4AaABAg,YouTube,top_level_comment,UgzkWQAezNTkHVIphYJ4AaABAg,UgzkWQAezNTkHVIphYJ4AaABAg,Wk-HcKtIaGY,Are We About to See a Chinese Tourist Boom in Malaysia?,Ziet Invests,https://www.youtube.com/watch?v=Wk-HcKtIaGY,2026-02-12T11:00:42Z,tourism_lifestyle_events,Rise of Malaysia.,4f5c14d59b301a950141,2026-02-28T01:08:54Z,2026-02-28T01:08:54Z,1,0,True,True,none,,2026-06-17T15:11:46.187470+00:00,raw,
YT_UgySdvK_YheZf0yhA554AaABAg,YouTube,top_level_comment,UgySdvK_YheZf0yhA554AaABAg,UgySdvK_YheZf0yhA554AaABAg,Wk-HcKtIaGY,Are We About to See a Chinese Tourist Boom in Malaysia?,Ziet Invests,https://www.youtube.com/watch?v=Wk-HcKtIaGY,2026-02-12T11:00:42Z,tourism_lifestyle_events,We could reach 60 Millions tourist this year 2026! Well done Malaysia!,f106e51b96499f75f2e6,2026-02-25T22:32:35Z,2026-02-25T22:32:35Z,1,0,True,True,none,,2026-06-17T15:11:46.187484+00:00,raw,
YT_UgxBzQgl1P1aeCDDW4l4AaABAg,YouTube,top_level_comment,UgxBzQgl1P1aeCDDW4l4AaABAg,UgxBzQgl1P1aeCDDW4l4AaABAg,Wk-HcKtIaGY,Are We About to See a Chinese Tourist Boom in Malaysia?,Ziet Invests,https://www.youtube.com/watch?v=Wk-HcKtIaGY,2026-02-12T11:00:42Z,tourism_lifestyle_events,Singapore’s Changi isn’t even in the top 10 of world’s most connected airport but KLIA is no. 4. What an achievement!,cb45bf6a1b3ff6e25004,2026-02-25T11:41:19Z,2026-02-25T11:41:19Z,0,0,True,True,none,,2026-06-17T15:11:46.187500+00:00,raw,
YT_Ugz3CBijFdWuM03p1kt4AaABAg,YouTube,top_level_comment,Ugz3CBijFdWuM03p1kt4AaABAg,Ugz3CBijFdWuM03p1kt4AaABAg,Wk-HcKtIaGY,Are We About to See a Chinese Tourist Boom in Malaysia?,Ziet Invests,https://www.youtube.com/watch?v=Wk-HcKtIaGY,2026-02-12T11:00:42Z,tourism_lifestyle_events,"It's great to be successful in tourism and the money and prestige that comes with it but how do we ensure that we protect our environment, our communities and our local daily lives from over tourism?",8fd59d301eb1fe9b5219,2026-02-23T06:20:16Z,2026-02-23T06:20:16Z,1,0,True,True,none,,2026-06-17T15:11:46.187519+00:00,raw,
YT_Ugw-RHMlI-tjiGFUZNx4AaABAg,YouTube,top_level_comment,Ugw-RHMlI-tjiGFUZNx4AaABAg,Ugw-RHMlI-tjiGFUZNx4AaABAg,Wk-HcKtIaGY,Are We About to See a Chinese Tourist Boom in Malaysia?,Ziet Invests,https://www.youtube.com/watch?v=Wk-HcKtIaGY,2026-02-12T11:00:42Z,tourism_lifestyle_events,"im not sure by having many chinese or international students added a lot of value... yes it add revenue for our univercity and college, but look back what happened to around community neighbourhood, these international student create more problems among residents. Take south ville city for example, there are a couple occassion already these students throw party at pools, make noise, even recent cases these students got drunks around pool area, almost having a fight with residents there",4473ce761a81a2516f75,2026-02-22T19:07:17Z,2026-02-22T19:07:17Z,0,0,True,True,none,,2026-06-17T15:11:46.187547+00:00,raw,
YT_UgxsATs1y5-ktzmZ4z94AaABAg,YouTube,top_level_comment,UgxsATs1y5-ktzmZ4z94AaABAg,UgxsATs1y5-ktzmZ4z94AaABAg,Wk-HcKtIaGY,Are We About to See a Chinese Tourist Boom in Malaysia?,Ziet Invests,https://www.youtube.com/watch?v=Wk-HcKtIaGY,2026-02-12T11:00:42Z,tourism_lifestyle_events,"Hi, how to withdraw cash in Hong Kong or China? Any ATM machines also can? Thanks",fb3919f0a43e01c04866,2026-02-22T09:33:40Z,2026-02-22T09:33:40Z,1,0,True,True,none,,2026-06-17T15:11:46.187561+00:00,raw,
YT_UgwjiAHkApgdOuAsiMV4AaABAg,YouTube,top_level_comment,UgwjiAHkApgdOuAsiMV4AaABAg,UgwjiAHkApgdOuAsiMV4AaABAg,Wk-HcKtIaGY,Are We About to See a Chinese Tourist Boom in Malaysia?,Ziet Invests,https://www.youtube.com/watch?v=Wk-HcKtIaGY,2026-02-12T11:00:42Z,tourism_lifestyle_events,"Korupsi adalah tradisi warisan UNESCO turun temurun tengkolok gayong yg ditakdir untuk selamatkan multiverse, alam bunian, middle earth dan ade yg juga kate alam isekai.",73318ac874ca5ba4abd1,2026-02-22T03:32:10Z,2026-02-22T03:32:10Z,0,0,True,True,none,,2026-06-17T15:11:46.187577+00:00,raw,
YT_UgwnILJphLWlifo3pL54AaABAg,YouTube,top_level_comment,UgwnILJphLWlifo3pL54AaABAg,UgwnILJphLWlifo3pL54AaABAg,Wk-HcKtIaGY,Are We About to See a Chinese Tourist Boom in Malaysia?,Ziet Invests,https://www.youtube.com/watch?v=Wk-HcKtIaGY,2026-02-12T11:00:42Z,tourism_lifestyle_events,"Out of the statistics, only 70% are real tourists, the others are daily visitors & business travelers. And now we have a rise on illegal workers who came in as tourists. By the way, we need to step up on our tourism friendliness & fairness. It's a social media world today, bad news travel fast.",665334afef4c65f3e6e9,2026-02-21T00:45:48Z,2026-02-21T00:45:48Z,0,0,True,True,none,,2026-06-17T15:11:46.187598+00:00,raw,
YT_Ugz3WqVe5jQVNp0J5Rt4AaABAg,YouTube,top_level_comment,Ugz3WqVe5jQVNp0J5Rt4AaABAg,Ugz3WqVe5jQVNp0J5Rt4AaABAg,Wk-HcKtIaGY,Are We About to See a Chinese Tourist Boom in Malaysia?,Ziet Invests,https://www.youtube.com/watch?v=Wk-HcKtIaGY,2026-02-12T11:00:42Z,tourism_lifestyle_events,Congrats to our tourism minister…..biar pun dia kuat mabuk….😂😂😂,9fed95ac2f75d5ab1f82,2026-02-20T17:44:09Z,2026-02-20T17:44:09Z,0,0,True,True,none,,2026-06-17T15:11:46.187613+00:00,raw,
YT_UgzEcGUZrIGsCKTWRGx4AaABAg,YouTube,top_level_comment,UgzEcGUZrIGsCKTWRGx4AaABAg,UgzEcGUZrIGsCKTWRGx4AaABAg,Wk-HcKtIaGY,Are We About to See a Chinese Tourist Boom in Malaysia?,Ziet Invests,https://www.youtube.com/watch?v=Wk-HcKtIaGY,2026-02-12T11:00:42Z,tourism_lifestyle_events,Oh nooo. Millions of chinese tourists never left. Where r they? Chinese nationals came here n operate scam centres even in Bangsar area. Chinese criminals using electricity mining bitcoin... Be careful we might be inviting the scum instead of tourists.,f444584c4d13117bab20,2026-02-18T05:24:07Z,2026-02-18T05:36:08Z,1,0,True,True,none,,2026-06-17T15:11:46.187644+00:00,raw,
YT_Ugy0yZkjJPvGLGO2hVF4AaABAg,YouTube,top_level_comment,Ugy0yZkjJPvGLGO2hVF4AaABAg,Ugy0yZkjJPvGLGO2hVF4AaABAg,Wk-HcKtIaGY,Are We About to See a Chinese Tourist Boom in Malaysia?,Ziet Invests,https://www.youtube.com/watch?v=Wk-HcKtIaGY,2026-02-12T11:00:42Z,tourism_lifestyle_events,Good content,cdf2e9a932aa4cef75ad,2026-02-17T03:51:38Z,2026-02-17T03:51:38Z,3,1,True,True,none,,2026-06-17T15:11:46.187655+00:00,raw,
YT_Ugxxd53epLqBR-RRObt4AaABAg,YouTube,top_level_comment,Ugxxd53epLqBR-RRObt4AaABAg,Ugxxd53epLqBR-RRObt4AaABAg,Wk-HcKtIaGY,Are We About to See a Chinese Tourist Boom in Malaysia?,Ziet Invests,https://www.youtube.com/watch?v=Wk-HcKtIaGY,2026-02-12T11:00:42Z,tourism_lifestyle_events,Absolutely loved Malaysia (mainly visited KL) when I visited there last March along with Singapore. Definitely want to stay longer next time I travel there. Maybe not this year but hopefully in 2027!!,83c030e50e97e328259b,2026-02-16T05:01:19Z,2026-02-16T05:01:19Z,3,1,True,True,none,,2026-06-17T15:11:46.187672+00:00,raw,
YT_Ugwy0XvxD2nVZyBShoN4AaABAg,YouTube,top_level_comment,Ugwy0XvxD2nVZyBShoN4AaABAg,Ugwy0XvxD2nVZyBShoN4AaABAg,Wk-HcKtIaGY,Are We About to See a Chinese Tourist Boom in Malaysia?,Ziet Invests,https://www.youtube.com/watch?v=Wk-HcKtIaGY,2026-02-12T11:00:42Z,tourism_lifestyle_events,"Malaysian Chinese should have posted tips for Chinese tourists on do and don't when they visit Malaysia in Xiaohongshu, Weibo & Douyin.",0f82318040ae75ade520,2026-02-15T19:52:00Z,2026-02-15T19:52:00Z,4,0,True,True,none,,2026-06-17T15:11:46.187688+00:00,raw,
YT_Ugx3rVPqmBMwCg21HtN4AaABAg,YouTube,top_level_comment,Ugx3rVPqmBMwCg21HtN4AaABAg,Ugx3rVPqmBMwCg21HtN4AaABAg,Wk-HcKtIaGY,Are We About to See a Chinese Tourist Boom in Malaysia?,Ziet Invests,https://www.youtube.com/watch?v=Wk-HcKtIaGY,2026-02-12T11:00:42Z,tourism_lifestyle_events,As long as Malaysia didn’t face what Patthaya had been turn to,a8bd48c48d80ccd49967,2026-02-15T17:40:10Z,2026-02-15T17:40:10Z,2,0,True,True,none,,2026-06-17T15:11:46.187701+00:00,raw,
YT_Ugyc2h-bbVtLLYsA0bp4AaABAg,YouTube,top_level_comment,Ugyc2h-bbVtLLYsA0bp4AaABAg,Ugyc2h-bbVtLLYsA0bp4AaABAg,Wk-HcKtIaGY,Are We About to See a Chinese Tourist Boom in Malaysia?,Ziet Invests,https://www.youtube.com/watch?v=Wk-HcKtIaGY,2026-02-12T11:00:42Z,tourism_lifestyle_events,Our family loves Malaysia! Hoping to move there from Canada later this year.,cd050c2ffb5cea5d54fc,2026-02-15T16:21:50Z,2026-02-15T16:21:50Z,8,2,True,True,none,,2026-06-17T15:11:46.187715+00:00,raw,
YT_UgxnrHzEkbrFje7ZQTx4AaABAg,YouTube,top_level_comment,UgxnrHzEkbrFje7ZQTx4AaABAg,UgxnrHzEkbrFje7ZQTx4AaABAg,Wk-HcKtIaGY,Are We About to See a Chinese Tourist Boom in Malaysia?,Ziet Invests,https://www.youtube.com/watch?v=Wk-HcKtIaGY,2026-02-12T11:00:42Z,tourism_lifestyle_events,Yb Tiong should get an award if we get there.,fd8e04072e4c3533e353,2026-02-15T13:39:12Z,2026-02-15T13:39:12Z,1,0,True,True,none,,2026-06-17T15:11:46.187727+00:00,raw,
YT_UgwXcHmOJea9Wwj36YF4AaABAg,YouTube,top_level_comment,UgwXcHmOJea9Wwj36YF4AaABAg,UgwXcHmOJea9Wwj36YF4AaABAg,Wk-HcKtIaGY,Are We About to See a Chinese Tourist Boom in Malaysia?,Ziet Invests,https://www.youtube.com/watch?v=Wk-HcKtIaGY,2026-02-12T11:00:42Z,tourism_lifestyle_events,"but the thing is MALAYSIA INFRASTUCTTURE, Malaysia immigration and the whole environment, Customer Service, technology has the capacity to handle a big flux of tourists?",991ff6600e2c33c44911,2026-02-15T10:12:36Z,2026-02-15T10:12:36Z,0,0,True,True,none,,2026-06-17T15:11:46.187743+00:00,raw,
YT_Ugwzx0HrwbqGDPm-tmJ4AaABAg,YouTube,top_level_comment,Ugwzx0HrwbqGDPm-tmJ4AaABAg,Ugwzx0HrwbqGDPm-tmJ4AaABAg,Wk-HcKtIaGY,Are We About to See a Chinese Tourist Boom in Malaysia?,Ziet Invests,https://www.youtube.com/watch?v=Wk-HcKtIaGY,2026-02-12T11:00:42Z,tourism_lifestyle_events,"because of this visa free pass, Malaysia has to figure out a way to increase the security. Crimes have been rising ever since this has been implemented. Hopefully, this can be looked at by the government",463a90f308855242d144,2026-02-15T06:24:20Z,2026-02-15T06:24:20Z,9,0,True,True,none,,2026-06-17T15:11:46.187760+00:00,raw,
YT_UgwXEcUAs-Fa43ZzgHB4AaABAg,YouTube,top_level_comment,UgwXEcUAs-Fa43ZzgHB4AaABAg,UgwXEcUAs-Fa43ZzgHB4AaABAg,Wk-HcKtIaGY,Are We About to See a Chinese Tourist Boom in Malaysia?,Ziet Invests,https://www.youtube.com/watch?v=Wk-HcKtIaGY,2026-02-12T11:00:42Z,tourism_lifestyle_events,Middle East tourists are not coming to Malaysia. So better to welcome China tourists and make it easy for them with direct flights from 2nd and 3rd tier cities.,88c3010bc62ee368b92c,2026-02-15T04:56:37Z,2026-02-15T04:56:37Z,1,0,True,True,none,,2026-06-17T15:11:46.187777+00:00,raw,
YT_Ugzy-ASis9RPloyscHR4AaABAg,YouTube,top_level_comment,Ugzy-ASis9RPloyscHR4AaABAg,Ugzy-ASis9RPloyscHR4AaABAg,Wk-HcKtIaGY,Are We About to See a Chinese Tourist Boom in Malaysia?,Ziet Invests,https://www.youtube.com/watch?v=Wk-HcKtIaGY,2026-02-12T11:00:42Z,tourism_lifestyle_events,The Chinese tourists influx is that a good thing or bad😅 thing,8cbe3fed314e43c0a865,2026-02-15T04:22:56Z,2026-02-15T04:22:56Z,0,1,True,True,none,,2026-06-17T15:11:46.187792+00:00,raw,
YT_UgyQHZiGef6Y3AD6-EJ4AaABAg,YouTube,top_level_comment,UgyQHZiGef6Y3AD6-EJ4AaABAg,UgyQHZiGef6Y3AD6-EJ4AaABAg,Wk-HcKtIaGY,Are We About to See a Chinese Tourist Boom in Malaysia?,Ziet Invests,https://www.youtube.com/watch?v=Wk-HcKtIaGY,2026-02-12T11:00:42Z,tourism_lifestyle_events,not if the ringgit keeps strengthening.,d87e8af62c6f1aa67069,2026-02-14T10:36:25Z,2026-02-14T10:36:25Z,1,0,True,True,none,,2026-06-17T15:11:46.187804+00:00,raw,
YT_UgwiJv3ZLgIixadMEXF4AaABAg,YouTube,top_level_comment,UgwiJv3ZLgIixadMEXF4AaABAg,UgwiJv3ZLgIixadMEXF4AaABAg,Wk-HcKtIaGY,Are We About to See a Chinese Tourist Boom in Malaysia?,Ziet Invests,https://www.youtube.com/watch?v=Wk-HcKtIaGY,2026-02-12T11:00:42Z,tourism_lifestyle_events,"Malaysia will officially become a high income country likely this year (2025) or next year (2026). So, a big deal as it's the only ASEAN country to hit that besides the smaller city states like SG and Brunei.",1d94578d83950b5fdd07,2026-02-14T04:55:13Z,2026-02-14T04:55:13Z,4,0,True,True,none,,2026-06-17T15:11:46.187823+00:00,raw,
YT_UgzFqt4v0pboZkZYr5p4AaABAg,YouTube,top_level_comment,UgzFqt4v0pboZkZYr5p4AaABAg,UgzFqt4v0pboZkZYr5p4AaABAg,Wk-HcKtIaGY,Are We About to See a Chinese Tourist Boom in Malaysia?,Ziet Invests,https://www.youtube.com/watch?v=Wk-HcKtIaGY,2026-02-12T11:00:42Z,tourism_lifestyle_events,"You cannot compare Thailand to Malaysia. Visitors to Thailand are truly tourists coming to see the country and their attractions. In Malaysia, tourists are there not to see your attractions as there aren’t any worth visiting before you die",3cdbb5cb694d085f001f,2026-02-14T03:36:03Z,2026-02-14T03:36:03Z,3,0,True,True,none,,2026-06-17T15:11:46.187843+00:00,raw,
YT_UgydAaNikQvRS6XnfZp4AaABAg,YouTube,top_level_comment,UgydAaNikQvRS6XnfZp4AaABAg,UgydAaNikQvRS6XnfZp4AaABAg,Wk-HcKtIaGY,Are We About to See a Chinese Tourist Boom in Malaysia?,Ziet Invests,https://www.youtube.com/watch?v=Wk-HcKtIaGY,2026-02-12T11:00:42Z,tourism_lifestyle_events,"Malay no lah, Indon lebih majuu",ff6187ba8cd06b1c7e7c,2026-02-13T23:42:00Z,2026-02-13T23:42:00Z,1,1,True,True,none,,2026-06-17T15:11:46.187855+00:00,raw,
YT_Ugy-vVBjh7PJc90OGbl4AaABAg,YouTube,top_level_comment,Ugy-vVBjh7PJc90OGbl4AaABAg,Ugy-vVBjh7PJc90OGbl4AaABAg,Wk-HcKtIaGY,Are We About to See a Chinese Tourist Boom in Malaysia?,Ziet Invests,https://www.youtube.com/watch?v=Wk-HcKtIaGY,2026-02-12T11:00:42Z,tourism_lifestyle_events,Welcome to malaysia,e7e1e9ea1d330308861a,2026-02-13T23:14:25Z,2026-02-13T23:14:25Z,2,0,True,True,none,,2026-06-17T15:11:46.187867+00:00,raw,
YT_UgzYEmgtAVU_CC2gsEN4AaABAg,YouTube,top_level_comment,UgzYEmgtAVU_CC2gsEN4AaABAg,UgzYEmgtAVU_CC2gsEN4AaABAg,Wk-HcKtIaGY,Are We About to See a Chinese Tourist Boom in Malaysia?,Ziet Invests,https://www.youtube.com/watch?v=Wk-HcKtIaGY,2026-02-12T11:00:42Z,tourism_lifestyle_events,"Yen currency depreciated because of lack of Chinese tourist demand for Yen....more pressure on Yen, Yen need to start selling US treasury bond to defend........so it's all in a balancing game. More Chinese tourist vising Malaysia, more Ringgit Strengthen, More Yen Weaken, More Malaysian can visit Japan....it's all in Circle of Currency Life",776f718046be3926b987,2026-02-13T23:13:26Z,2026-02-13T23:13:26Z,2,0,True,True,none,,2026-06-17T15:11:46.187888+00:00,raw,
YT_UgwoSza3USgC5QdoGGx4AaABAg,YouTube,top_level_comment,UgwoSza3USgC5QdoGGx4AaABAg,UgwoSza3USgC5QdoGGx4AaABAg,Wk-HcKtIaGY,Are We About to See a Chinese Tourist Boom in Malaysia?,Ziet Invests,https://www.youtube.com/watch?v=Wk-HcKtIaGY,2026-02-12T11:00:42Z,tourism_lifestyle_events,"This is just my theory, the major tourist contributions are: 1. Muslim tourists (wide halal food). 2. China Mainland tourist (food heritage and whether). 3. Medical Tourist (comfy and effortable) 4. Tech Tourist (digital entrepreneur kick off). All of this can kick all entertainment tourism around SEA.",2351596920f963e62555,2026-02-13T16:23:47Z,2026-02-13T16:23:47Z,45,2,True,True,none,,2026-06-17T15:11:46.187909+00:00,raw,
YT_UgxrwHPb93gBjtebXGd4AaABAg,YouTube,top_level_comment,UgxrwHPb93gBjtebXGd4AaABAg,UgxrwHPb93gBjtebXGd4AaABAg,Wk-HcKtIaGY,Are We About to See a Chinese Tourist Boom in Malaysia?,Ziet Invests,https://www.youtube.com/watch?v=Wk-HcKtIaGY,2026-02-12T11:00:42Z,tourism_lifestyle_events,"Fuck this,the worst thing ever.Th rest of population will have to deal with rising prices less commodities and job market thats too strict,not only that,the percentage of people that will benefit from all of this wont even exceed majority which mean more fund going to tourism industry rather than the citizen's itself",d2d0ddc500fad68c3552,2026-02-13T11:54:52Z,2026-02-13T11:54:52Z,1,5,True,True,none,,2026-06-17T15:11:46.187930+00:00,raw,
YT_Ugya0YzdXPHJYBF_huV4AaABAg,YouTube,top_level_comment,Ugya0YzdXPHJYBF_huV4AaABAg,Ugya0YzdXPHJYBF_huV4AaABAg,Wk-HcKtIaGY,Are We About to See a Chinese Tourist Boom in Malaysia?,Ziet Invests,https://www.youtube.com/watch?v=Wk-HcKtIaGY,2026-02-12T11:00:42Z,tourism_lifestyle_events,"Who the hell defines Malaysia as Agricultural country, are u actually well informed and rationalized at all dude? We have not been an agricultural country for like too long, duhhhhhhh! Malaysia is an INDUSTRIAL country, no doubt! Palm OIl plantation does not mean we are AGRICULTURAL!L Seriously, do facts check before u even say it all out! Tourism number has been exceeding the population for years, dude! I'd say, Malaysia would break the yet again, the region's yet first 50 million mark in 2026!",f3ca1f6537df915b34be,2026-02-13T07:12:07Z,2026-02-13T07:16:54Z,0,0,True,True,none,,2026-06-17T15:11:46.187956+00:00,raw,
YT_UgyW35IHcrsj-Jklal14AaABAg,YouTube,top_level_comment,UgyW35IHcrsj-Jklal14AaABAg,UgyW35IHcrsj-Jklal14AaABAg,Wk-HcKtIaGY,Are We About to See a Chinese Tourist Boom in Malaysia?,Ziet Invests,https://www.youtube.com/watch?v=Wk-HcKtIaGY,2026-02-12T11:00:42Z,tourism_lifestyle_events,But Malaysian always gatekeep Malaysia saying we lived in tree and it's a ai vid when Ang Mo show Malaysia scenery 😂,0c0d6a581f933807411a,2026-02-13T07:06:37Z,2026-02-13T07:06:37Z,6,0,True,True,none,,2026-06-17T15:11:46.187973+00:00,raw,
YT_UgxHoLSU84kr656IrfJ4AaABAg,YouTube,top_level_comment,UgxHoLSU84kr656IrfJ4AaABAg,UgxHoLSU84kr656IrfJ4AaABAg,Wk-HcKtIaGY,Are We About to See a Chinese Tourist Boom in Malaysia?,Ziet Invests,https://www.youtube.com/watch?v=Wk-HcKtIaGY,2026-02-12T11:00:42Z,tourism_lifestyle_events,"Such a great reporting! And I plea to ALL MALAYSIANS to stop telling our international friends that KL is “soooo dangerous and our public transportation system is so lousy” when many of these people NEVER took a day of their lives to experience the connectivity of LRT, MRTs, and buses, we’re much better that. Our society has evolved drastically since the 90s, stop the exaggeration & gives our beautiful Nation a chance. Let’s spread LOVE & positive vibes to our visitors 💗💗🇲🇾🇲🇾",cb5a9ec4516969f62cce,2026-02-13T05:05:21Z,2026-02-13T05:05:21Z,20,3,True,True,none,,2026-06-17T15:11:46.188016+00:00,raw,
YT_UgwmjQVow3XOG29W2o94AaABAg,YouTube,top_level_comment,UgwmjQVow3XOG29W2o94AaABAg,UgwmjQVow3XOG29W2o94AaABAg,Wk-HcKtIaGY,Are We About to See a Chinese Tourist Boom in Malaysia?,Ziet Invests,https://www.youtube.com/watch?v=Wk-HcKtIaGY,2026-02-12T11:00:42Z,tourism_lifestyle_events,"Haiyoh, but they keep saying another COVID will come this year....",6899168c5b632a4b0d32,2026-02-13T04:01:32Z,2026-02-13T04:01:32Z,2,1,True,True,none,,2026-06-17T15:11:46.188043+00:00,raw,
YT_UgyGn5ehySTZXwdcuiV4AaABAg,YouTube,top_level_comment,UgyGn5ehySTZXwdcuiV4AaABAg,UgyGn5ehySTZXwdcuiV4AaABAg,Wk-HcKtIaGY,Are We About to See a Chinese Tourist Boom in Malaysia?,Ziet Invests,https://www.youtube.com/watch?v=Wk-HcKtIaGY,2026-02-12T11:00:42Z,tourism_lifestyle_events,"we indonesian love to travel to malaysia. really2 good handle by your goverment. even the ticket so cheap travel to malaysia rather than to flight domestic in indonesia. no logic. but really great go to malaysia. we will comeback often to travel, rather than we flight to our domestic with expensive ticket flight. well done malaysia.",c183418988664d1a32d0,2026-02-13T03:07:27Z,2026-02-13T03:07:27Z,67,2,True,True,none,,2026-06-17T15:11:46.188068+00:00,raw,
YT_UgxYn0ozznprkR2i2IF4AaABAg,YouTube,top_level_comment,UgxYn0ozznprkR2i2IF4AaABAg,UgxYn0ozznprkR2i2IF4AaABAg,Wk-HcKtIaGY,Are We About to See a Chinese Tourist Boom in Malaysia?,Ziet Invests,https://www.youtube.com/watch?v=Wk-HcKtIaGY,2026-02-12T11:00:42Z,tourism_lifestyle_events,"well our tourism this year starts well with malaysian convincing everyone malaysia is just a jungle country, much love and tq for the video",86a6cd45afbb2bf2a661,2026-02-13T03:02:21Z,2026-02-13T03:02:21Z,8,2,True,True,none,,2026-06-17T15:11:46.188083+00:00,raw,
YT_Ugyp4dTx3EZQ7xc2Wu54AaABAg,YouTube,top_level_comment,Ugyp4dTx3EZQ7xc2Wu54AaABAg,Ugyp4dTx3EZQ7xc2Wu54AaABAg,Wk-HcKtIaGY,Are We About to See a Chinese Tourist Boom in Malaysia?,Ziet Invests,https://www.youtube.com/watch?v=Wk-HcKtIaGY,2026-02-12T11:00:42Z,tourism_lifestyle_events,"Language, English, Mandarin/Cantonese is an important factor that draws tourist",d28bbc6cc5e753e62ff3,2026-02-13T02:53:35Z,2026-02-13T02:53:35Z,23,1,True,True,none,,2026-06-17T15:11:46.188097+00:00,raw,
YT_UgyZ5zFSZ0Q8UBsma7J4AaABAg,YouTube,top_level_comment,UgyZ5zFSZ0Q8UBsma7J4AaABAg,UgyZ5zFSZ0Q8UBsma7J4AaABAg,Wk-HcKtIaGY,Are We About to See a Chinese Tourist Boom in Malaysia?,Ziet Invests,https://www.youtube.com/watch?v=Wk-HcKtIaGY,2026-02-12T11:00:42Z,tourism_lifestyle_events,"Malaysia’s really stepped up its game lately. In 2025 they pulled in something like 42 million visitors — even edged past Thailand as the most visited in Southeast Asia. A lot of it’s down to visa-free travel for Chinese and Indian tourists, better flight connections, and the ringgit being pretty competitive, so it’s good value. Now they’re focusing on improving service standards and sustainability to keep the momentum going into 2026. Quietly becoming the place to watch in the region.",09f886ba8641b70364c8,2026-02-13T02:53:21Z,2026-02-13T02:53:21Z,22,0,True,True,none,,2026-06-17T15:11:46.188127+00:00,raw,
YT_UgzzmGgQIJwnqnENuZF4AaABAg,YouTube,top_level_comment,UgzzmGgQIJwnqnENuZF4AaABAg,UgzzmGgQIJwnqnENuZF4AaABAg,Wk-HcKtIaGY,Are We About to See a Chinese Tourist Boom in Malaysia?,Ziet Invests,https://www.youtube.com/watch?v=Wk-HcKtIaGY,2026-02-12T11:00:42Z,tourism_lifestyle_events,Tourism winner is actually winner because of the hype built up internationally after Alex Hammond climbed 101. Their government used much less budget to achieve this.,49f658748fb142062d42,2026-02-13T02:33:26Z,2026-02-13T02:33:26Z,1,0,True,True,none,,2026-06-17T15:11:46.188143+00:00,raw,
YT_UgxCjZbVvJufi_UT5R94AaABAg,YouTube,top_level_comment,UgxCjZbVvJufi_UT5R94AaABAg,UgxCjZbVvJufi_UT5R94AaABAg,Wk-HcKtIaGY,Are We About to See a Chinese Tourist Boom in Malaysia?,Ziet Invests,https://www.youtube.com/watch?v=Wk-HcKtIaGY,2026-02-12T11:00:42Z,tourism_lifestyle_events,I am watching your video in india jharkhand.But I don't understand.,136ef19efe7191d91210,2026-02-13T02:27:53Z,2026-02-13T02:27:53Z,0,1,True,True,none,,2026-06-17T15:11:46.188156+00:00,raw,
YT_UgyMnJGJLHDhqH6-2DJ4AaABAg,YouTube,top_level_comment,UgyMnJGJLHDhqH6-2DJ4AaABAg,UgyMnJGJLHDhqH6-2DJ4AaABAg,Wk-HcKtIaGY,Are We About to See a Chinese Tourist Boom in Malaysia?,Ziet Invests,https://www.youtube.com/watch?v=Wk-HcKtIaGY,2026-02-12T11:00:42Z,tourism_lifestyle_events,How about a lot China fake tourists using the visa exemption to start a price war and snatching our local business?,3454b33c7ab9a2c9d53d,2026-02-12T23:13:38Z,2026-02-12T23:13:38Z,12,4,True,True,none,,2026-06-17T15:11:46.188170+00:00,raw,
YT_UgyM9O8dFryjtypakM54AaABAg,YouTube,top_level_comment,UgyM9O8dFryjtypakM54AaABAg,UgyM9O8dFryjtypakM54AaABAg,Wk-HcKtIaGY,Are We About to See a Chinese Tourist Boom in Malaysia?,Ziet Invests,https://www.youtube.com/watch?v=Wk-HcKtIaGY,2026-02-12T11:00:42Z,tourism_lifestyle_events,"Your map size is not correct, borneo is larger than peninsula",d0613c4a24ecaf02d5b0,2026-02-12T22:20:30Z,2026-02-12T22:20:30Z,12,0,True,True,none,,2026-06-17T15:11:46.188185+00:00,raw,
YT_Ugw17zqW38klbmrXgRx4AaABAg,YouTube,top_level_comment,Ugw17zqW38klbmrXgRx4AaABAg,Ugw17zqW38klbmrXgRx4AaABAg,Wk-HcKtIaGY,Are We About to See a Chinese Tourist Boom in Malaysia?,Ziet Invests,https://www.youtube.com/watch?v=Wk-HcKtIaGY,2026-02-12T11:00:42Z,tourism_lifestyle_events,But we still want to gatekeeping malaysia for bit longer 😊,61af6431ee2f9bc2afae,2026-02-12T20:03:08Z,2026-02-12T20:03:08Z,7,2,True,True,none,,2026-06-17T15:11:46.188199+00:00,raw,
YT_Ugy7aLlVT6AEH_Yr1fl4AaABAg,YouTube,top_level_comment,Ugy7aLlVT6AEH_Yr1fl4AaABAg,Ugy7aLlVT6AEH_Yr1fl4AaABAg,Wk-HcKtIaGY,Are We About to See a Chinese Tourist Boom in Malaysia?,Ziet Invests,https://www.youtube.com/watch?v=Wk-HcKtIaGY,2026-02-12T11:00:42Z,tourism_lifestyle_events,What? There has been a Chinese tourist boom in Malaysia for the past like…10 years lol,28a26dd3bb90900fdaa6,2026-02-12T17:52:03Z,2026-02-12T17:52:03Z,4,1,True,True,none,,2026-06-17T15:11:46.188214+00:00,raw,
YT_Ugws7AVRQwSECLyvht14AaABAg,YouTube,top_level_comment,Ugws7AVRQwSECLyvht14AaABAg,Ugws7AVRQwSECLyvht14AaABAg,Wk-HcKtIaGY,Are We About to See a Chinese Tourist Boom in Malaysia?,Ziet Invests,https://www.youtube.com/watch?v=Wk-HcKtIaGY,2026-02-12T11:00:42Z,tourism_lifestyle_events,Recently completed my 50th Trip to Malaysia. Still wanna go back to Malaysia later on. YOU GUYS ARE AMAZINGGG. LOVE FROM USA 🇺🇲❤️,7dd589bb908972dddba3,2026-02-12T17:21:07Z,2026-02-12T17:21:07Z,127,8,True,True,none,,2026-06-17T15:11:46.188243+00:00,raw,
YT_UgyniD90qFMVuGjUud94AaABAg,YouTube,top_level_comment,UgyniD90qFMVuGjUud94AaABAg,UgyniD90qFMVuGjUud94AaABAg,Wk-HcKtIaGY,Are We About to See a Chinese Tourist Boom in Malaysia?,Ziet Invests,https://www.youtube.com/watch?v=Wk-HcKtIaGY,2026-02-12T11:00:42Z,tourism_lifestyle_events,"Hello from Singapore! I love your videos, very informative and simple to understand. May our countries prosper together!",312a574caf3acadddf9b,2026-02-12T15:51:47Z,2026-02-12T15:51:47Z,61,1,True,True,none,,2026-06-17T15:11:46.188257+00:00,raw,
YT_Ugxk_eIdtFLsgKqxll54AaABAg,YouTube,top_level_comment,Ugxk_eIdtFLsgKqxll54AaABAg,Ugxk_eIdtFLsgKqxll54AaABAg,Wk-HcKtIaGY,Are We About to See a Chinese Tourist Boom in Malaysia?,Ziet Invests,https://www.youtube.com/watch?v=Wk-HcKtIaGY,2026-02-12T11:00:42Z,tourism_lifestyle_events,"I love seeing Malaysian glaze as I moved here 2 years ago, but my heart feels kinda sad that my home country Indonesia is behind Malaysia ;-;",d16ae750fa61f4c4afa0,2026-02-12T13:51:19Z,2026-02-12T13:51:19Z,25,2,True,True,none,,2026-06-17T15:11:46.188273+00:00,raw,
YT_Ugw97SBX5xJXv0LiY0F4AaABAg,YouTube,top_level_comment,Ugw97SBX5xJXv0LiY0F4AaABAg,Ugw97SBX5xJXv0LiY0F4AaABAg,Wk-HcKtIaGY,Are We About to See a Chinese Tourist Boom in Malaysia?,Ziet Invests,https://www.youtube.com/watch?v=Wk-HcKtIaGY,2026-02-12T11:00:42Z,tourism_lifestyle_events,But penang airport so horrible,0a691b756b343ca1071c,2026-02-12T13:35:08Z,2026-02-12T13:35:08Z,2,0,True,True,none,,2026-06-17T15:11:46.188284+00:00,raw,
YT_UgxgsamLXHQc5NrafS14AaABAg,YouTube,top_level_comment,UgxgsamLXHQc5NrafS14AaABAg,UgxgsamLXHQc5NrafS14AaABAg,Wk-HcKtIaGY,Are We About to See a Chinese Tourist Boom in Malaysia?,Ziet Invests,https://www.youtube.com/watch?v=Wk-HcKtIaGY,2026-02-12T11:00:42Z,tourism_lifestyle_events,Minister Tiong King Sing is doing a great job.,cea47081f53ca7ae16f3,2026-02-12T13:25:12Z,2026-02-12T13:25:12Z,19,0,True,True,none,,2026-06-17T15:11:46.188297+00:00,raw,
YT_UgzGT7qdyQvFtzFhqOR4AaABAg,YouTube,top_level_comment,UgzGT7qdyQvFtzFhqOR4AaABAg,UgzGT7qdyQvFtzFhqOR4AaABAg,Wk-HcKtIaGY,Are We About to See a Chinese Tourist Boom in Malaysia?,Ziet Invests,https://www.youtube.com/watch?v=Wk-HcKtIaGY,2026-02-12T11:00:42Z,tourism_lifestyle_events,Ayuh Malaysia!🇲🇾🇲🇾,5e3eaed4b4ad2ba9e236,2026-02-12T13:04:54Z,2026-02-12T13:04:54Z,4,0,True,True,none,,2026-06-17T15:11:46.188308+00:00,raw,
YT_UgyclQ32LmNIuZ_n2_54AaABAg,YouTube,top_level_comment,UgyclQ32LmNIuZ_n2_54AaABAg,UgyclQ32LmNIuZ_n2_54AaABAg,Wk-HcKtIaGY,Are We About to See a Chinese Tourist Boom in Malaysia?,Ziet Invests,https://www.youtube.com/watch?v=Wk-HcKtIaGY,2026-02-12T11:00:42Z,tourism_lifestyle_events,"Malaysia 🇲🇾 we need tourists to enjoy 😉 our smog 💨 oops 🙊 beautiful 🤩 Smokey air , the robbery at night in our cities 🌆, etc ! Ha ! Ha ! Ha ! 🃏",2ba32760af2792716e5a,2026-02-12T12:57:53Z,2026-02-12T12:57:53Z,0,0,True,True,none,,2026-06-17T15:11:46.188326+00:00,raw,
YT_UgyCfHRIHmTiwDqhz6Z4AaABAg,YouTube,top_level_comment,UgyCfHRIHmTiwDqhz6Z4AaABAg,UgyCfHRIHmTiwDqhz6Z4AaABAg,Wk-HcKtIaGY,Are We About to See a Chinese Tourist Boom in Malaysia?,Ziet Invests,https://www.youtube.com/watch?v=Wk-HcKtIaGY,2026-02-12T11:00:42Z,tourism_lifestyle_events,So Malaysia 🇲🇾 took Thailand’s 🇹🇭 lunch 🥗 for tourism ! No wonder 💭 Thailand 🇹🇭 tourism collapses ! Sigh 😮‍💨,2ba32760af2792716e5a,2026-02-12T12:50:16Z,2026-02-12T12:50:16Z,4,0,True,True,none,,2026-06-17T15:11:46.188343+00:00,raw,
YT_UgzJuxSiRGxPQRfUU0l4AaABAg,YouTube,top_level_comment,UgzJuxSiRGxPQRfUU0l4AaABAg,UgzJuxSiRGxPQRfUU0l4AaABAg,Wk-HcKtIaGY,Are We About to See a Chinese Tourist Boom in Malaysia?,Ziet Invests,https://www.youtube.com/watch?v=Wk-HcKtIaGY,2026-02-12T11:00:42Z,tourism_lifestyle_events,"Ziet, this is a very well-researched, thorough and balanced analysis. Kudos! 👏👏",4566b54563d3e6dc284f,2026-02-12T12:44:11Z,2026-02-12T12:44:11Z,12,1,True,True,none,,2026-06-17T15:11:46.188357+00:00,raw,
YT_UgwNgZTfQufTTDz8y5t4AaABAg,YouTube,top_level_comment,UgwNgZTfQufTTDz8y5t4AaABAg,UgwNgZTfQufTTDz8y5t4AaABAg,Wk-HcKtIaGY,Are We About to See a Chinese Tourist Boom in Malaysia?,Ziet Invests,https://www.youtube.com/watch?v=Wk-HcKtIaGY,2026-02-12T11:00:42Z,tourism_lifestyle_events,"despite im reluctant to say it, President Trump's malaysian visit also played a role in promoting our country to the world.",70651284a7bdd7170944,2026-02-12T12:10:51Z,2026-02-12T12:10:51Z,12,3,True,True,none,,2026-06-17T15:11:46.188372+00:00,raw,
YT_UgyG0AF0A_AIprwNaU14AaABAg,YouTube,top_level_comment,UgyG0AF0A_AIprwNaU14AaABAg,UgyG0AF0A_AIprwNaU14AaABAg,Wk-HcKtIaGY,Are We About to See a Chinese Tourist Boom in Malaysia?,Ziet Invests,https://www.youtube.com/watch?v=Wk-HcKtIaGY,2026-02-12T11:00:42Z,tourism_lifestyle_events,"Ziet, can you give me your Interactive Brokers referral code or link?",a50a8c39b97f21cc688c,2026-02-12T11:04:38Z,2026-02-12T11:04:38Z,0,2,True,True,none,,2026-06-17T15:11:46.188385+00:00,raw,
YT_Ugyd6V6gLgaJJJXUrnZ4AaABAg,YouTube,top_level_comment,Ugyd6V6gLgaJJJXUrnZ4AaABAg,Ugyd6V6gLgaJJJXUrnZ4AaABAg,Wk-HcKtIaGY,Are We About to See a Chinese Tourist Boom in Malaysia?,Ziet Invests,https://www.youtube.com/watch?v=Wk-HcKtIaGY,2026-02-12T11:00:42Z,tourism_lifestyle_events,First comment!,eb6652ed40211da9d7d4,2026-02-12T11:03:24Z,2026-02-12T11:03:24Z,2,1,True,True,none,,2026-06-17T15:11:46.188396+00:00,raw,
YT_UgxhwVshyTizj0BW8UN4AaABAg,YouTube,top_level_comment,UgxhwVshyTizj0BW8UN4AaABAg,UgxhwVshyTizj0BW8UN4AaABAg,Wk-HcKtIaGY,Are We About to See a Chinese Tourist Boom in Malaysia?,Ziet Invests,https://www.youtube.com/watch?v=Wk-HcKtIaGY,2026-02-12T11:00:42Z,tourism_lifestyle_events,"If Malaysia really hits 47 million tourists in 2026, do you think it will strengthen the ringgit and boost the economy, or will the risks outweigh the rewards?🟢𝗚𝗲𝘁 𝗙𝗥𝗘𝗘 𝗧𝗿𝗮𝗻𝘀𝗳𝗲𝗿 𝘄𝗶𝘁𝗵 𝗪𝗶𝘀𝗲 (𝘂𝗽 𝘁𝗼 RM2,500) ➡ https://wise.com/invite/u/weif84",75088e05e26e28610dbe,2026-02-12T10:59:41Z,2026-02-12T10:59:41Z,17,2,True,True,none,,2026-06-17T15:11:46.187326+00:00,raw,
YT_UgzjEJB-cUQEW3A8CY94AaABAg,YouTube,top_level_comment,UgzjEJB-cUQEW3A8CY94AaABAg,UgzjEJB-cUQEW3A8CY94AaABAg,J5SEcQAe1AM,Why Malaysia Forces You to Own a Car,UrbanShiftMY,https://www.youtube.com/watch?v=J5SEcQAe1AM,2026-05-11T05:16:17Z,transport_public_services,Envy. Malaysian all own cars. 😂😂😂😂😂😂😂. Wife one car. Son one car. Daughter one car. Maid one car😂😂😂😂. You even buy ur boss a car❤❤❤,326eddff428adbc278f1,2026-06-13T13:35:51Z,2026-06-13T13:35:51Z,0,0,True,True,none,,2026-06-17T15:11:48.076693+00:00,raw,
YT_Ugxhtdp_VoERNpFrMDh4AaABAg,YouTube,top_level_comment,Ugxhtdp_VoERNpFrMDh4AaABAg,Ugxhtdp_VoERNpFrMDh4AaABAg,J5SEcQAe1AM,Why Malaysia Forces You to Own a Car,UrbanShiftMY,https://www.youtube.com/watch?v=J5SEcQAe1AM,2026-05-11T05:16:17Z,transport_public_services,"Malaysia should improve its bus network first. Many TODs are simply apartments built near stations, with limited amenities within walking distance. Schools, clinics, grocery stores, and commercial areas are often not located near transit stations. As a result, residents still need a car or must rely on expensive Grab rides for daily needs. If amenities can’t be built within walking distance to housing, there should be an alternative for residents to travel to those locations within a 15 minutes bus ride",3fca81c92d0161eb7ea8,2026-06-03T03:05:51Z,2026-06-03T03:05:51Z,0,0,True,True,none,,2026-06-17T15:11:48.076779+00:00,raw,
YT_Ugzey1O6L1VnM3AM5Cx4AaABAg,YouTube,top_level_comment,Ugzey1O6L1VnM3AM5Cx4AaABAg,Ugzey1O6L1VnM3AM5Cx4AaABAg,J5SEcQAe1AM,Why Malaysia Forces You to Own a Car,UrbanShiftMY,https://www.youtube.com/watch?v=J5SEcQAe1AM,2026-05-11T05:16:17Z,transport_public_services,Same thing in the US,bb0247ccd530f22d535b,2026-05-30T23:47:07Z,2026-05-30T23:47:07Z,0,0,True,True,none,,2026-06-17T15:11:48.076817+00:00,raw,
YT_Ugx2s6jhK1C7FWACPtp4AaABAg,YouTube,top_level_comment,Ugx2s6jhK1C7FWACPtp4AaABAg,Ugx2s6jhK1C7FWACPtp4AaABAg,J5SEcQAe1AM,Why Malaysia Forces You to Own a Car,UrbanShiftMY,https://www.youtube.com/watch?v=J5SEcQAe1AM,2026-05-11T05:16:17Z,transport_public_services,"16 people rode past on motorcycles in the first 9 seconds of your video about how you _have to_ drive a car, lmao",c319694ef25220fc3b79,2026-05-30T23:05:58Z,2026-05-30T23:05:58Z,0,0,True,True,none,,2026-06-17T15:11:48.076871+00:00,raw,
YT_UgxTr0eUQTXrSNtq83d4AaABAg,YouTube,top_level_comment,UgxTr0eUQTXrSNtq83d4AaABAg,UgxTr0eUQTXrSNtq83d4AaABAg,J5SEcQAe1AM,Why Malaysia Forces You to Own a Car,UrbanShiftMY,https://www.youtube.com/watch?v=J5SEcQAe1AM,2026-05-11T05:16:17Z,transport_public_services,It's hard to change decades of car culture now.,3486ed6717fbc395934a,2026-05-27T12:51:10Z,2026-05-27T12:51:10Z,0,0,True,True,none,,2026-06-17T15:11:48.076905+00:00,raw,
YT_Ugxy46Vji-_p5W7sAm54AaABAg,YouTube,top_level_comment,Ugxy46Vji-_p5W7sAm54AaABAg,Ugxy46Vji-_p5W7sAm54AaABAg,J5SEcQAe1AM,Why Malaysia Forces You to Own a Car,UrbanShiftMY,https://www.youtube.com/watch?v=J5SEcQAe1AM,2026-05-11T05:16:17Z,transport_public_services,Urban planning is deficient in Malaysia.,212b8c4a7ee614772bb1,2026-05-26T22:41:39Z,2026-05-26T22:41:39Z,0,0,True,True,none,,2026-06-17T15:11:48.076938+00:00,raw,
YT_UgwbJyvogSudHfEdaFd4AaABAg,YouTube,top_level_comment,UgwbJyvogSudHfEdaFd4AaABAg,UgwbJyvogSudHfEdaFd4AaABAg,J5SEcQAe1AM,Why Malaysia Forces You to Own a Car,UrbanShiftMY,https://www.youtube.com/watch?v=J5SEcQAe1AM,2026-05-11T05:16:17Z,transport_public_services,Lobster too buttery,8d9c99f1d5362fb50604,2026-05-26T11:26:04Z,2026-05-26T11:26:04Z,0,0,True,True,none,,2026-06-17T15:11:48.076967+00:00,raw,
YT_Ugw-d504mdGEU-_WZId4AaABAg,YouTube,top_level_comment,Ugw-d504mdGEU-_WZId4AaABAg,Ugw-d504mdGEU-_WZId4AaABAg,J5SEcQAe1AM,Why Malaysia Forces You to Own a Car,UrbanShiftMY,https://www.youtube.com/watch?v=J5SEcQAe1AM,2026-05-11T05:16:17Z,transport_public_services,to support the car industry - indirect tax really,24aa10349ab51bcf6bdf,2026-05-26T06:42:59Z,2026-05-26T06:42:59Z,0,0,True,True,none,,2026-06-17T15:11:48.076999+00:00,raw,
YT_Ugx1Ca93v9ofgltrxe14AaABAg,YouTube,top_level_comment,Ugx1Ca93v9ofgltrxe14AaABAg,Ugx1Ca93v9ofgltrxe14AaABAg,J5SEcQAe1AM,Why Malaysia Forces You to Own a Car,UrbanShiftMY,https://www.youtube.com/watch?v=J5SEcQAe1AM,2026-05-11T05:16:17Z,transport_public_services,Sg: Force to limits cars My: FORCE TO OWN BAZILLIONS CARS,d395277878a6d7a2b45e,2026-05-26T02:47:33Z,2026-05-26T02:47:33Z,0,0,True,True,none,,2026-06-17T15:11:48.077031+00:00,raw,
YT_UgwZdzzJwP5bDsGtJr94AaABAg,YouTube,top_level_comment,UgwZdzzJwP5bDsGtJr94AaABAg,UgwZdzzJwP5bDsGtJr94AaABAg,J5SEcQAe1AM,Why Malaysia Forces You to Own a Car,UrbanShiftMY,https://www.youtube.com/watch?v=J5SEcQAe1AM,2026-05-11T05:16:17Z,transport_public_services,"moving People less Cars “ …If we want less congestion, more freedom, and cities built around people instead of vehicles ...” “ …what needs to change if we want more walkable cities, better transit-oriented development, and a future where people have real alternatives to driving …” This videos sum up well, MOBILITY issues faced by the RAKYAT",4d6c5d7ceb418d3b080d,2026-05-25T16:24:00Z,2026-05-25T16:24:00Z,0,0,True,True,none,,2026-06-17T15:11:48.077094+00:00,raw,
YT_Ugw6j50SrDDAx-a5O2V4AaABAg,YouTube,top_level_comment,Ugw6j50SrDDAx-a5O2V4AaABAg,Ugw6j50SrDDAx-a5O2V4AaABAg,J5SEcQAe1AM,Why Malaysia Forces You to Own a Car,UrbanShiftMY,https://www.youtube.com/watch?v=J5SEcQAe1AM,2026-05-11T05:16:17Z,transport_public_services,When u apply for a job OWN TRANSPORT REQUIRED,377438e72324d6e20542,2026-05-25T11:54:18Z,2026-05-25T11:54:18Z,2,0,True,True,none,,2026-06-17T15:11:48.077127+00:00,raw,
YT_UgxNTPeCJVYKUAqyWdh4AaABAg,YouTube,top_level_comment,UgxNTPeCJVYKUAqyWdh4AaABAg,UgxNTPeCJVYKUAqyWdh4AaABAg,J5SEcQAe1AM,Why Malaysia Forces You to Own a Car,UrbanShiftMY,https://www.youtube.com/watch?v=J5SEcQAe1AM,2026-05-11T05:16:17Z,transport_public_services,"urban design in malaysia is very similiar to the US, almost zero walkability, car dependency everywhere",ea8653e556bcb84ed24a,2026-05-25T02:52:43Z,2026-05-25T02:52:43Z,0,0,True,True,none,,2026-06-17T15:11:48.077160+00:00,raw,
YT_Ugzl6wMF_d8a2cxDXCZ4AaABAg,YouTube,top_level_comment,Ugzl6wMF_d8a2cxDXCZ4AaABAg,Ugzl6wMF_d8a2cxDXCZ4AaABAg,J5SEcQAe1AM,Why Malaysia Forces You to Own a Car,UrbanShiftMY,https://www.youtube.com/watch?v=J5SEcQAe1AM,2026-05-11T05:16:17Z,transport_public_services,In SG we are force to take public transport because of 120k SGD COE and only can drive 10 years. 😆😆😆,87b1cee3d22e71548fc7,2026-05-24T23:23:30Z,2026-05-24T23:23:57Z,1,0,True,True,none,,2026-06-17T15:11:48.077197+00:00,raw,
YT_UgxRnrRw064gOE41C2h4AaABAg,YouTube,top_level_comment,UgxRnrRw064gOE41C2h4AaABAg,UgxRnrRw064gOE41C2h4AaABAg,J5SEcQAe1AM,Why Malaysia Forces You to Own a Car,UrbanShiftMY,https://www.youtube.com/watch?v=J5SEcQAe1AM,2026-05-11T05:16:17Z,transport_public_services,"What if...if laaaaa😂 we all do one event all go by bicycle or electric skater to work on Monday? If can, we do poll and set a date 🙂‍↕️ no car no bike hahah...okay la bike can Bike, bicycle and electric skate (KL Area)..can do trial for a day",2be1ffbee55531e16f8f,2026-05-24T22:16:31Z,2026-05-24T22:18:16Z,2,0,True,True,none,,2026-06-17T15:11:48.077245+00:00,raw,
YT_Ugwbm_rzzBz90gAlCUd4AaABAg,YouTube,top_level_comment,Ugwbm_rzzBz90gAlCUd4AaABAg,Ugwbm_rzzBz90gAlCUd4AaABAg,J5SEcQAe1AM,Why Malaysia Forces You to Own a Car,UrbanShiftMY,https://www.youtube.com/watch?v=J5SEcQAe1AM,2026-05-11T05:16:17Z,transport_public_services,"When I was in my early 20s. now im 30. I had a car and license but I still would rather take train if my work was in KL. Did alot of gig work and some permanent job since I was 19 & young adult life. Mind you, I stayed in Cyberjaya (for 25 years now) and back then there was no MRT here. So had to rely Bus, ERL & LRT. Or I drive all the way to Sri Petaling LRT and park my car there cause theres no jam from MEX highway to Sri petaling exit, back then. Honestly, I felt my mood is better and healthier for my well being. I didnt had to rush for anything and because of the nature of you having to travel and changing trains and wait for trains, made everyday encounter feels different and not routine like. Sometimes when I see from the ERL departure screen that its leaving in 3mins, I didnt bother to run and rush myself to catch it. Just find the nearest cafe or fast food, have a drink alone and explore some new music in Youtube as music is my favorite past time and just enjoy that alone time. I loved it. I hate jam so much maybe cause I grew up here in Cyberjaya. Could never sit for 2-3 hours everyday in the car with the same road same scenery.",e4e07751a6abe74f2d65,2026-05-24T08:42:04Z,2026-05-24T08:42:04Z,0,0,True,True,none,,2026-06-17T15:11:48.077350+00:00,raw,
YT_Ugz4S0Jg3lGL2D0R6El4AaABAg,YouTube,top_level_comment,Ugz4S0Jg3lGL2D0R6El4AaABAg,Ugz4S0Jg3lGL2D0R6El4AaABAg,J5SEcQAe1AM,Why Malaysia Forces You to Own a Car,UrbanShiftMY,https://www.youtube.com/watch?v=J5SEcQAe1AM,2026-05-11T05:16:17Z,transport_public_services,Improve public transport! Get rid of private car dependency! Reduce the traffic! Remove petrol subsidies! And use that money to improve the public transport!,a5805a43b5df3df5b711,2026-05-24T08:34:26Z,2026-05-24T08:34:26Z,0,0,True,True,none,,2026-06-17T15:11:48.077387+00:00,raw,
YT_Ugz6rgZvXaSuS3dvalZ4AaABAg,YouTube,top_level_comment,Ugz6rgZvXaSuS3dvalZ4AaABAg,Ugz6rgZvXaSuS3dvalZ4AaABAg,J5SEcQAe1AM,Why Malaysia Forces You to Own a Car,UrbanShiftMY,https://www.youtube.com/watch?v=J5SEcQAe1AM,2026-05-11T05:16:17Z,transport_public_services,"I've not driven once for the past 4 years in Klang valley. Relying on public transports and ehailing occasionally is so much cheaper, more relaxing and better for my mental health. Paying instalments for a car and servicing it just to get stuck in a jam is ridiculous. There are no reasons to own a car in malaysia If you're a student or office workers. Unless you're in sales, owning a car is unwise. You dont even need to go out for groceries anymore With grab/foodpanda delivery partnership with major grocer and hypermarket like lotus. Having a car is more of an ego booster now in malaysia.",c40902a00e3f90c07e09,2026-05-23T14:55:50Z,2026-05-23T15:04:06Z,0,0,True,True,none,,2026-06-17T15:11:48.077451+00:00,raw,
YT_UgzTHIeaUDkq1IUnAEp4AaABAg,YouTube,top_level_comment,UgzTHIeaUDkq1IUnAEp4AaABAg,UgzTHIeaUDkq1IUnAEp4AaABAg,J5SEcQAe1AM,Why Malaysia Forces You to Own a Car,UrbanShiftMY,https://www.youtube.com/watch?v=J5SEcQAe1AM,2026-05-11T05:16:17Z,transport_public_services,"I love driving, but I don't like too many cars on the road",936d010f2d0cba155269,2026-05-23T06:53:26Z,2026-05-23T06:53:26Z,1,0,True,True,none,,2026-06-17T15:11:48.077482+00:00,raw,
YT_Ugwl1b7DIiucXtUaXOd4AaABAg,YouTube,top_level_comment,Ugwl1b7DIiucXtUaXOd4AaABAg,Ugwl1b7DIiucXtUaXOd4AaABAg,J5SEcQAe1AM,Why Malaysia Forces You to Own a Car,UrbanShiftMY,https://www.youtube.com/watch?v=J5SEcQAe1AM,2026-05-11T05:16:17Z,transport_public_services,"1:26 🤡 Yes, *_""affordable""_* when you over tax import cars to make local brand ""affordable"". Look at other country, with the same price as 🇲🇾, they get featured rich vehicle. Unlike 🇲🇾, we paid for basic feature & outdated technology which are deemed as ""affordable"". This is why 🇲🇾 will always be a developing country, with that mindset. I rest my case. ❤ from 🇿🇼",5d513d9721c23b453705,2026-05-23T06:09:28Z,2026-05-23T06:09:28Z,2,0,True,True,none,,2026-06-17T15:11:48.077538+00:00,raw,
YT_UgxesVqqDDsWpCdHjLd4AaABAg,YouTube,top_level_comment,UgxesVqqDDsWpCdHjLd4AaABAg,UgxesVqqDDsWpCdHjLd4AaABAg,J5SEcQAe1AM,Why Malaysia Forces You to Own a Car,UrbanShiftMY,https://www.youtube.com/watch?v=J5SEcQAe1AM,2026-05-11T05:16:17Z,transport_public_services,I prefer privacy over crowded trains. Ur solutions r demanding too much on public not government. It should be the government that makes us to choose public transport convenience with our hearts not with force.. they should prepare their very best without forcing us n slowly adapt to the new ways. Plus mlysia is hot. Walkability ur talking about to me kinda missing the point,d8d6f75b28c0c2ff39ef,2026-05-23T00:14:15Z,2026-05-23T00:14:15Z,0,0,True,True,none,,2026-06-17T15:11:48.077587+00:00,raw,
YT_UgwSpDH0mlv6n6I4ldV4AaABAg,YouTube,top_level_comment,UgwSpDH0mlv6n6I4ldV4AaABAg,UgwSpDH0mlv6n6I4ldV4AaABAg,J5SEcQAe1AM,Why Malaysia Forces You to Own a Car,UrbanShiftMY,https://www.youtube.com/watch?v=J5SEcQAe1AM,2026-05-11T05:16:17Z,transport_public_services,"Car in malaysia's weather is absolutely the best solution for transport. As someone who's forced to live without a car, it absolutely sucks. People who advocate public transport and bikes and walking have never experienced what a 1 hour plus non-car commute is like.",86553134d742a9006c7e,2026-05-22T03:03:13Z,2026-05-22T03:03:55Z,0,0,True,True,none,,2026-06-17T15:11:48.077629+00:00,raw,
YT_Ugz8zOXDTsqhT1bIDZR4AaABAg,YouTube,top_level_comment,Ugz8zOXDTsqhT1bIDZR4AaABAg,Ugz8zOXDTsqhT1bIDZR4AaABAg,J5SEcQAe1AM,Why Malaysia Forces You to Own a Car,UrbanShiftMY,https://www.youtube.com/watch?v=J5SEcQAe1AM,2026-05-11T05:16:17Z,transport_public_services,"It's the opposite situation your neighbors down south in Singapore where the government controlled by PAP is pushing for a car-lite future and pushing everyone to public transport and make car ownership unviable for the average joe. Anyways, thanks for letting me see the situation in Malaysia.",17191cfed767b5a8cb2d,2026-05-21T13:44:42Z,2026-05-21T13:44:42Z,0,0,True,True,none,,2026-06-17T15:11:48.077672+00:00,raw,
YT_Ugyu0zJI5Iy8HC1CjDR4AaABAg,YouTube,top_level_comment,Ugyu0zJI5Iy8HC1CjDR4AaABAg,Ugyu0zJI5Iy8HC1CjDR4AaABAg,J5SEcQAe1AM,Why Malaysia Forces You to Own a Car,UrbanShiftMY,https://www.youtube.com/watch?v=J5SEcQAe1AM,2026-05-11T05:16:17Z,transport_public_services,8:36 This is reason why people must take a look for their respecrive state governments. I realised land arguably is the most powerful matter for state governments.,7aa2b24c41e5ad6c3ac9,2026-05-21T06:59:47Z,2026-05-21T07:03:16Z,1,0,True,True,none,,2026-06-17T15:11:48.077708+00:00,raw,
YT_UgyjJ-TpfH3ywwlTgmR4AaABAg,YouTube,top_level_comment,UgyjJ-TpfH3ywwlTgmR4AaABAg,UgyjJ-TpfH3ywwlTgmR4AaABAg,J5SEcQAe1AM,Why Malaysia Forces You to Own a Car,UrbanShiftMY,https://www.youtube.com/watch?v=J5SEcQAe1AM,2026-05-11T05:16:17Z,transport_public_services,would you rather become a sardine for 1 hour and half or stuck in the traffic for an hour?,55efa6b3edf2d3739519,2026-05-21T06:58:17Z,2026-05-21T06:59:31Z,0,0,True,True,none,,2026-06-17T15:11:48.077740+00:00,raw,
YT_UgwLAYn8gKBUZbN7EoR4AaABAg,YouTube,top_level_comment,UgwLAYn8gKBUZbN7EoR4AaABAg,UgwLAYn8gKBUZbN7EoR4AaABAg,J5SEcQAe1AM,Why Malaysia Forces You to Own a Car,UrbanShiftMY,https://www.youtube.com/watch?v=J5SEcQAe1AM,2026-05-11T05:16:17Z,transport_public_services,Well Malaysia is no way. We need min 1 car. And 1 motor. Public transport can depend if the situation allows but not just the only way. The option must be available. Either car or motor or public transport,af0c0be2142285ef11fc,2026-05-21T04:35:09Z,2026-05-21T04:35:09Z,0,0,True,True,none,,2026-06-17T15:11:48.077780+00:00,raw,
YT_UgzZ5xn9bO-My6cV0UN4AaABAg,YouTube,top_level_comment,UgzZ5xn9bO-My6cV0UN4AaABAg,UgzZ5xn9bO-My6cV0UN4AaABAg,J5SEcQAe1AM,Why Malaysia Forces You to Own a Car,UrbanShiftMY,https://www.youtube.com/watch?v=J5SEcQAe1AM,2026-05-11T05:16:17Z,transport_public_services,If I get 1000 ringgit for every time he says parking I would own a parking lot,6a7596cc513e828d055c,2026-05-21T01:12:02Z,2026-05-21T01:12:02Z,0,0,True,True,none,,2026-06-17T15:11:48.077811+00:00,raw,
YT_Ugw_mFI4_6tRKU7-L8x4AaABAg,YouTube,top_level_comment,Ugw_mFI4_6tRKU7-L8x4AaABAg,Ugw_mFI4_6tRKU7-L8x4AaABAg,J5SEcQAe1AM,Why Malaysia Forces You to Own a Car,UrbanShiftMY,https://www.youtube.com/watch?v=J5SEcQAe1AM,2026-05-11T05:16:17Z,transport_public_services,"Be glad you drive a car, in Singapore we sit in train and bus over 2 hours per trip!",85170810dde6e285b58a,2026-05-20T14:06:27Z,2026-05-20T14:06:27Z,1,1,True,True,none,,2026-06-17T15:11:48.077843+00:00,raw,
YT_UgwiTAt3ugpF8sSKO9t4AaABAg,YouTube,top_level_comment,UgwiTAt3ugpF8sSKO9t4AaABAg,UgwiTAt3ugpF8sSKO9t4AaABAg,J5SEcQAe1AM,Why Malaysia Forces You to Own a Car,UrbanShiftMY,https://www.youtube.com/watch?v=J5SEcQAe1AM,2026-05-11T05:16:17Z,transport_public_services,"Malaysia will be the next Java Island,Indonesia",7c8a26dc644e94f42113,2026-05-20T11:55:14Z,2026-05-20T11:55:14Z,0,0,True,True,none,,2026-06-17T15:11:48.077872+00:00,raw,
YT_UgwC89TOPKuQY4dM_rd4AaABAg,YouTube,top_level_comment,UgwC89TOPKuQY4dM_rd4AaABAg,UgwC89TOPKuQY4dM_rd4AaABAg,J5SEcQAe1AM,Why Malaysia Forces You to Own a Car,UrbanShiftMY,https://www.youtube.com/watch?v=J5SEcQAe1AM,2026-05-11T05:16:17Z,transport_public_services,Change the policy,7c8a26dc644e94f42113,2026-05-20T11:53:13Z,2026-05-20T11:53:13Z,0,0,True,True,none,,2026-06-17T15:11:48.077900+00:00,raw,
YT_UgxpqnW2k7hLvSoSTPh4AaABAg,YouTube,top_level_comment,UgxpqnW2k7hLvSoSTPh4AaABAg,UgxpqnW2k7hLvSoSTPh4AaABAg,J5SEcQAe1AM,Why Malaysia Forces You to Own a Car,UrbanShiftMY,https://www.youtube.com/watch?v=J5SEcQAe1AM,2026-05-11T05:16:17Z,transport_public_services,"I went to Malaysia a few months back and used grab to go to genting highlands and batu caves which means we went by toll roads and I gotta say. Even though it's smooth, the toll roads feels weird. As an indonesian, I've had my fair share of toll road driving and sure Malaysia definitely have a MUCH smoother toll road than indo but, I can't quite put it into words, it feels weird being in a toll road in Malaysia. I don't know if it's the ambiance of it but it feels ""heavy"". Not in a literal sense but in the sense that driving there feels like a burden. The feeling wasn't that bad on the toll roads that goes to genting, but the one that went to batu caves definitely made me feel that way. Hell, even the toll road that goes to the airport doesn't feel like the one that goes to batu caves. When I'm driving in Indonesia, sure there's congestion everywhere but the driving never felt ""heavy"". Also I've been in the highway/toll roads of Singapore, Thailand, China, and turkey and I've never felt this ""heavy"" feeling ever. Now, this isn't a criticism. Just an observation. A subjective one at that.",b678f7eb54c9d9c8c405,2026-05-20T06:49:22Z,2026-05-20T06:49:22Z,0,0,True,True,none,,2026-06-17T15:11:48.077989+00:00,raw,
YT_UgzzLObB7_gG_JSBbMZ4AaABAg,YouTube,top_level_comment,UgzzLObB7_gG_JSBbMZ4AaABAg,UgzzLObB7_gG_JSBbMZ4AaABAg,J5SEcQAe1AM,Why Malaysia Forces You to Own a Car,UrbanShiftMY,https://www.youtube.com/watch?v=J5SEcQAe1AM,2026-05-11T05:16:17Z,transport_public_services,"The issue with path way is raining season, during raining season, going through the path way will feels like swimming on foot.",f9fdcaeba14a86c5f808,2026-05-20T04:22:05Z,2026-05-20T04:22:05Z,0,0,True,True,none,,2026-06-17T15:11:48.078023+00:00,raw,
YT_UgzNBeEWTWxyPdxN9Nh4AaABAg,YouTube,top_level_comment,UgzNBeEWTWxyPdxN9Nh4AaABAg,UgzNBeEWTWxyPdxN9Nh4AaABAg,J5SEcQAe1AM,Why Malaysia Forces You to Own a Car,UrbanShiftMY,https://www.youtube.com/watch?v=J5SEcQAe1AM,2026-05-11T05:16:17Z,transport_public_services,fck car dependency,4084faf0768c5c957be7,2026-05-19T14:18:05Z,2026-05-19T14:18:05Z,1,0,True,True,none,,2026-06-17T15:11:48.078051+00:00,raw,
YT_Ugx6-mpS7gxJD9Bi-qJ4AaABAg,YouTube,top_level_comment,Ugx6-mpS7gxJD9Bi-qJ4AaABAg,Ugx6-mpS7gxJD9Bi-qJ4AaABAg,J5SEcQAe1AM,Why Malaysia Forces You to Own a Car,UrbanShiftMY,https://www.youtube.com/watch?v=J5SEcQAe1AM,2026-05-11T05:16:17Z,transport_public_services,"""Ability to manage public pushback"" coming right after ""remove fuel subsidies"" hit me hard because I thought that was ridiculous, especially after the Budi reduction rumours. As a supporter of Car-free society myself, it's quite hard to imagine life without fuel subsidies. Hope we'll have a leader that is visionary and strong-willed enough to fix this car-centric country.",d967ffcb6ce8cfaec9be,2026-05-19T12:58:22Z,2026-05-19T12:58:22Z,0,0,True,True,none,,2026-06-17T15:11:48.078098+00:00,raw,
YT_Ugxsa3_Ef1FRgKg-jBd4AaABAg,YouTube,top_level_comment,Ugxsa3_Ef1FRgKg-jBd4AaABAg,Ugxsa3_Ef1FRgKg-jBd4AaABAg,J5SEcQAe1AM,Why Malaysia Forces You to Own a Car,UrbanShiftMY,https://www.youtube.com/watch?v=J5SEcQAe1AM,2026-05-11T05:16:17Z,transport_public_services,"IMHO, it is not just Malaysia infrastructure that ""force one to drive"", but also media and policy subtle influence that make people think they are ""force to drive"". Economist Robert H. Frank has warned about the danger of negative crowd influence and peer pressure. ""You must own a car"" is one of those negative influence spreading among our society.",39b547e3278e7b344317,2026-05-18T19:40:06Z,2026-05-18T19:40:06Z,1,0,True,True,none,,2026-06-17T15:11:48.078145+00:00,raw,
YT_Ugym0d9gytD04x2VInl4AaABAg,YouTube,top_level_comment,Ugym0d9gytD04x2VInl4AaABAg,Ugym0d9gytD04x2VInl4AaABAg,J5SEcQAe1AM,Why Malaysia Forces You to Own a Car,UrbanShiftMY,https://www.youtube.com/watch?v=J5SEcQAe1AM,2026-05-11T05:16:17Z,transport_public_services,big oil doesn't want you to take public transport. big oil will infitrate your real estate and force owners to buy parking spaces so they might as well get a car.,a58a0256d56d75f991e3,2026-05-18T18:24:14Z,2026-05-18T18:24:14Z,0,0,True,True,none,,2026-06-17T15:11:48.078183+00:00,raw,
YT_Ugw24nRRJPRb0Bp1Jf54AaABAg,YouTube,top_level_comment,Ugw24nRRJPRb0Bp1Jf54AaABAg,Ugw24nRRJPRb0Bp1Jf54AaABAg,J5SEcQAe1AM,Why Malaysia Forces You to Own a Car,UrbanShiftMY,https://www.youtube.com/watch?v=J5SEcQAe1AM,2026-05-11T05:16:17Z,transport_public_services,Commenting for the algorithm!,dac29576f4d5de3f4fe5,2026-05-18T12:42:53Z,2026-05-18T12:42:53Z,0,0,True,True,none,,2026-06-17T15:11:48.078212+00:00,raw,
YT_UgwWh4H0NZx_XNdJA7F4AaABAg,YouTube,top_level_comment,UgwWh4H0NZx_XNdJA7F4AaABAg,UgwWh4H0NZx_XNdJA7F4AaABAg,J5SEcQAe1AM,Why Malaysia Forces You to Own a Car,UrbanShiftMY,https://www.youtube.com/watch?v=J5SEcQAe1AM,2026-05-11T05:16:17Z,transport_public_services,"I'm Thais but i used to work as locksmith in Pandan Indah for 2 years. By the gods of three realms, there are so many second hand dealer ship that have a shit ton of used car overthere (Especially Toyota Alphard, we got daily minimum of atleast 2 Alphard per day both drive in and out of hours operations).",9a7c0165d58f971f67a9,2026-05-18T12:03:42Z,2026-05-18T12:03:42Z,0,0,True,True,none,,2026-06-17T15:11:48.078334+00:00,raw,
YT_UgxLNzQG_LyJTiEYjjt4AaABAg,YouTube,top_level_comment,UgxLNzQG_LyJTiEYjjt4AaABAg,UgxLNzQG_LyJTiEYjjt4AaABAg,J5SEcQAe1AM,Why Malaysia Forces You to Own a Car,UrbanShiftMY,https://www.youtube.com/watch?v=J5SEcQAe1AM,2026-05-11T05:16:17Z,transport_public_services,here's a tldw for people 1) mahathir builds national car then impose import tax 2) pedestrian roads is....not too pedestrian friendly 3)car loan is STUPIDLY easy to get 4)public transport isn't too transporty 5)city planners forgot that people have legs 6)got the same solution which is basically get more infra that's walkable without using a car/expand public transport (LITERALLY EVERYONE REPEATS THIS POINT) saved you 11 minutes you're welcome ;),531b23b4f443a9774129,2026-05-18T11:58:31Z,2026-05-18T11:58:31Z,0,0,True,True,none,,2026-06-17T15:11:48.078412+00:00,raw,
YT_UgzKxtc6Tygun0TJZud4AaABAg,YouTube,top_level_comment,UgzKxtc6Tygun0TJZud4AaABAg,UgzKxtc6Tygun0TJZud4AaABAg,J5SEcQAe1AM,Why Malaysia Forces You to Own a Car,UrbanShiftMY,https://www.youtube.com/watch?v=J5SEcQAe1AM,2026-05-11T05:16:17Z,transport_public_services,"As a Thai, this is also a big problem in Thailand as well, and I believe that entire SEA share similar story.",534088ec8d6aac721916,2026-05-18T10:54:50Z,2026-05-18T10:54:50Z,0,0,True,True,none,,2026-06-17T15:11:48.078452+00:00,raw,
YT_UgwjtP2roz13m9rF2Ol4AaABAg,YouTube,top_level_comment,UgwjtP2roz13m9rF2Ol4AaABAg,UgwjtP2roz13m9rF2Ol4AaABAg,J5SEcQAe1AM,Why Malaysia Forces You to Own a Car,UrbanShiftMY,https://www.youtube.com/watch?v=J5SEcQAe1AM,2026-05-11T05:16:17Z,transport_public_services,Haha interesting,1c077827e4fd1cf8942d,2026-05-18T10:14:30Z,2026-05-18T10:14:30Z,0,0,True,True,none,,2026-06-17T15:11:48.078483+00:00,raw,
YT_Ugwac6w_KENlqJuZa-B4AaABAg,YouTube,top_level_comment,Ugwac6w_KENlqJuZa-B4AaABAg,Ugwac6w_KENlqJuZa-B4AaABAg,J5SEcQAe1AM,Why Malaysia Forces You to Own a Car,UrbanShiftMY,https://www.youtube.com/watch?v=J5SEcQAe1AM,2026-05-11T05:16:17Z,transport_public_services,"Bandar Sri Damansara is the most well-designed township in KL, people enjoy both walking and driving here, come take a look for yourself, people only ""hate to drive"" in a badly planned road system",d45286ffd0803803825b,2026-05-18T08:11:15Z,2026-05-18T08:11:15Z,0,0,True,True,none,,2026-06-17T15:11:48.078522+00:00,raw,
YT_UgxzQYGpOYkj92w_z4Z4AaABAg,YouTube,top_level_comment,UgxzQYGpOYkj92w_z4Z4AaABAg,UgxzQYGpOYkj92w_z4Z4AaABAg,J5SEcQAe1AM,Why Malaysia Forces You to Own a Car,UrbanShiftMY,https://www.youtube.com/watch?v=J5SEcQAe1AM,2026-05-11T05:16:17Z,transport_public_services,"6:30 So funny wei your statements, ""Living in TODs should not come with the convenience of car use"" ""Thats how we end up with conjested roads in dense urban areas"", Are you sure those who live in TOD project and take public transit to their workplace causes conjestion in our road during peak hour? You sure or not ?",d45286ffd0803803825b,2026-05-18T07:53:37Z,2026-05-18T07:53:37Z,0,0,True,True,none,,2026-06-17T15:11:48.078570+00:00,raw,
YT_UgxuRP-Ho5a0008Pkmd4AaABAg,YouTube,top_level_comment,UgxuRP-Ho5a0008Pkmd4AaABAg,UgxuRP-Ho5a0008Pkmd4AaABAg,J5SEcQAe1AM,Why Malaysia Forces You to Own a Car,UrbanShiftMY,https://www.youtube.com/watch?v=J5SEcQAe1AM,2026-05-11T05:16:17Z,transport_public_services,"I was going to go a full-on rant on why I hate cars and all these modernization BS but I know things will not change and everyone's going to suck it up and make it the new ""norm"". God, I love this country so much :D",565926b38cbabc8c16c0,2026-05-18T07:42:06Z,2026-05-18T07:42:06Z,0,0,True,True,none,,2026-06-17T15:11:48.078613+00:00,raw,
YT_UgyPHIX428VIVzOWFvd4AaABAg,YouTube,top_level_comment,UgyPHIX428VIVzOWFvd4AaABAg,UgyPHIX428VIVzOWFvd4AaABAg,J5SEcQAe1AM,Why Malaysia Forces You to Own a Car,UrbanShiftMY,https://www.youtube.com/watch?v=J5SEcQAe1AM,2026-05-11T05:16:17Z,transport_public_services,But i dw to share space with people in via public transport :) Trigger warning,905ffcd6b7b78fb8cdb9,2026-05-18T07:23:47Z,2026-05-18T07:23:47Z,0,0,True,True,none,,2026-06-17T15:11:48.078647+00:00,raw,
YT_UgxtAzMUI7MMgCAUhTh4AaABAg,YouTube,top_level_comment,UgxtAzMUI7MMgCAUhTh4AaABAg,UgxtAzMUI7MMgCAUhTh4AaABAg,J5SEcQAe1AM,Why Malaysia Forces You to Own a Car,UrbanShiftMY,https://www.youtube.com/watch?v=J5SEcQAe1AM,2026-05-11T05:16:17Z,transport_public_services,this is why singapore is malaysia's owner,df1c40f005b09745e007,2026-05-18T05:20:56Z,2026-05-18T05:20:56Z,0,0,True,True,none,,2026-06-17T15:11:48.078677+00:00,raw,
YT_UgxuqnEKUz6dbo8I2cl4AaABAg,YouTube,top_level_comment,UgxuqnEKUz6dbo8I2cl4AaABAg,UgxuqnEKUz6dbo8I2cl4AaABAg,J5SEcQAe1AM,Why Malaysia Forces You to Own a Car,UrbanShiftMY,https://www.youtube.com/watch?v=J5SEcQAe1AM,2026-05-11T05:16:17Z,transport_public_services,"Malaysia 🤝 Indonesia, problem with countries led by muslims",5bac70d69f9b728c8854,2026-05-18T04:58:54Z,2026-05-18T04:58:54Z,0,0,True,True,none,,2026-06-17T15:11:48.078711+00:00,raw,
YT_Ugw1CmhqNOUeYZaoKml4AaABAg,YouTube,top_level_comment,Ugw1CmhqNOUeYZaoKml4AaABAg,Ugw1CmhqNOUeYZaoKml4AaABAg,J5SEcQAe1AM,Why Malaysia Forces You to Own a Car,UrbanShiftMY,https://www.youtube.com/watch?v=J5SEcQAe1AM,2026-05-11T05:16:17Z,transport_public_services,It is too late in your country right now. No hope for now.,44005318ef75baf0a9ca,2026-05-18T04:35:28Z,2026-05-18T04:35:28Z,0,0,True,True,none,,2026-06-17T15:11:48.078743+00:00,raw,
YT_UgzCypaZ1VejRrzrzlZ4AaABAg,YouTube,top_level_comment,UgzCypaZ1VejRrzrzlZ4AaABAg,UgzCypaZ1VejRrzrzlZ4AaABAg,J5SEcQAe1AM,Why Malaysia Forces You to Own a Car,UrbanShiftMY,https://www.youtube.com/watch?v=J5SEcQAe1AM,2026-05-11T05:16:17Z,transport_public_services,"Mom can we have notjustbikes at home? We have notjustbikes at home. *notjustbikes at home* Joke aside, good video dude.",010bce1092d520d8e684,2026-05-18T04:08:51Z,2026-05-18T04:08:51Z,0,0,True,True,none,,2026-06-17T15:11:48.078779+00:00,raw,
YT_UgyzIdM6WM9An0lA9uJ4AaABAg,YouTube,top_level_comment,UgyzIdM6WM9An0lA9uJ4AaABAg,UgyzIdM6WM9An0lA9uJ4AaABAg,J5SEcQAe1AM,Why Malaysia Forces You to Own a Car,UrbanShiftMY,https://www.youtube.com/watch?v=J5SEcQAe1AM,2026-05-11T05:16:17Z,transport_public_services,I HATE DRIVING SO MUCH,5e8f504281b7eabe4df7,2026-05-18T03:50:33Z,2026-05-18T03:50:33Z,0,0,True,True,none,,2026-06-17T15:11:48.078808+00:00,raw,
YT_UgyIN0p8p3aoQv2I4HJ4AaABAg,YouTube,top_level_comment,UgyIN0p8p3aoQv2I4HJ4AaABAg,UgyIN0p8p3aoQv2I4HJ4AaABAg,J5SEcQAe1AM,Why Malaysia Forces You to Own a Car,UrbanShiftMY,https://www.youtube.com/watch?v=J5SEcQAe1AM,2026-05-11T05:16:17Z,transport_public_services,"Good insight on Malaysia's infrastructure. Funny how that in Singapore, we yearn to own a overpriced car and hate to take public transport, while malaysians yearn for the public transport infrastructure that singapore has and hate to be stuck in traffic jams with affordable car prices. Complete identically opposite scenarios, good video!",a6751668f6708949cabe,2026-05-18T03:25:48Z,2026-05-18T03:25:48Z,0,0,True,True,none,,2026-06-17T15:11:48.078854+00:00,raw,
YT_UgyaUXZAOIqmJzI1rzV4AaABAg,YouTube,top_level_comment,UgyaUXZAOIqmJzI1rzV4AaABAg,UgyaUXZAOIqmJzI1rzV4AaABAg,J5SEcQAe1AM,Why Malaysia Forces You to Own a Car,UrbanShiftMY,https://www.youtube.com/watch?v=J5SEcQAe1AM,2026-05-11T05:16:17Z,transport_public_services,"The government just want to copy US city planning style. Its cheaper for them to add new lanes than to build a whole public transport system. Same like in the US, just blame the public when the infrastructure sucks 😂",6706aa92a4d0a101dc41,2026-05-17T15:40:16Z,2026-05-17T15:45:28Z,0,0,True,True,none,,2026-06-17T15:11:48.078897+00:00,raw,
YT_Ugzx8cRREliNYir2i5l4AaABAg,YouTube,top_level_comment,Ugzx8cRREliNYir2i5l4AaABAg,Ugzx8cRREliNYir2i5l4AaABAg,J5SEcQAe1AM,Why Malaysia Forces You to Own a Car,UrbanShiftMY,https://www.youtube.com/watch?v=J5SEcQAe1AM,2026-05-11T05:16:17Z,transport_public_services,"I would very much like our country to goes this direction but sadly, most people will not vote for policies that disincentivize driving because there are more car than people.",4283ff5b201490eb3018,2026-05-17T10:11:58Z,2026-05-17T10:11:58Z,1,0,True,True,none,,2026-06-17T15:11:48.078935+00:00,raw,
YT_UgzWjPrME2tLtjfS6vZ4AaABAg,YouTube,top_level_comment,UgzWjPrME2tLtjfS6vZ4AaABAg,UgzWjPrME2tLtjfS6vZ4AaABAg,J5SEcQAe1AM,Why Malaysia Forces You to Own a Car,UrbanShiftMY,https://www.youtube.com/watch?v=J5SEcQAe1AM,2026-05-11T05:16:17Z,transport_public_services,Unless we can be elites and with police escort ?,ef7b03f8645a538da912,2026-05-17T09:22:59Z,2026-05-17T09:22:59Z,0,0,True,True,none,,2026-06-17T15:11:48.078966+00:00,raw,
YT_UgwEein4rLBqVIOS38h4AaABAg,YouTube,top_level_comment,UgwEein4rLBqVIOS38h4AaABAg,UgwEein4rLBqVIOS38h4AaABAg,J5SEcQAe1AM,Why Malaysia Forces You to Own a Car,UrbanShiftMY,https://www.youtube.com/watch?v=J5SEcQAe1AM,2026-05-11T05:16:17Z,transport_public_services,National cars what a big joke,c6163f0ac6d4b4357363,2026-05-17T08:08:18Z,2026-05-17T08:08:18Z,0,0,True,True,none,,2026-06-17T15:11:48.078995+00:00,raw,
YT_UgwprCk14PtCvsZz3r14AaABAg,YouTube,top_level_comment,UgwprCk14PtCvsZz3r14AaABAg,UgwprCk14PtCvsZz3r14AaABAg,J5SEcQAe1AM,Why Malaysia Forces You to Own a Car,UrbanShiftMY,https://www.youtube.com/watch?v=J5SEcQAe1AM,2026-05-11T05:16:17Z,transport_public_services,Good points but bro sounds like he's reading from a script you gotta improve your delivery man,4041288c764524d057be,2026-05-17T07:47:07Z,2026-05-17T07:47:07Z,0,0,True,True,none,,2026-06-17T15:11:48.079028+00:00,raw,
YT_Ugx5RCyTcelLsIC2n3R4AaABAg,YouTube,top_level_comment,Ugx5RCyTcelLsIC2n3R4AaABAg,Ugx5RCyTcelLsIC2n3R4AaABAg,J5SEcQAe1AM,Why Malaysia Forces You to Own a Car,UrbanShiftMY,https://www.youtube.com/watch?v=J5SEcQAe1AM,2026-05-11T05:16:17Z,transport_public_services,"i suka drive. just not in a traffic like in pj, gombak, puchong or kl during peak hours🤣🤣",c957340dc575e19bb34b,2026-05-17T07:35:11Z,2026-05-17T07:35:11Z,0,0,True,True,none,,2026-06-17T15:11:48.079062+00:00,raw,
YT_UgwvFEHE36OZxdilPnl4AaABAg,YouTube,top_level_comment,UgwvFEHE36OZxdilPnl4AaABAg,UgwvFEHE36OZxdilPnl4AaABAg,J5SEcQAe1AM,Why Malaysia Forces You to Own a Car,UrbanShiftMY,https://www.youtube.com/watch?v=J5SEcQAe1AM,2026-05-11T05:16:17Z,transport_public_services,"Tbh, malaysia public transport really shit. Try outside KL",d4fe2aba3da7aec4636e,2026-05-17T07:21:07Z,2026-05-17T07:21:07Z,0,0,True,True,none,,2026-06-17T15:11:48.079092+00:00,raw,
YT_UgzxB8Zlhd4wmmOstBd4AaABAg,YouTube,top_level_comment,UgzxB8Zlhd4wmmOstBd4AaABAg,UgzxB8Zlhd4wmmOstBd4AaABAg,J5SEcQAe1AM,Why Malaysia Forces You to Own a Car,UrbanShiftMY,https://www.youtube.com/watch?v=J5SEcQAe1AM,2026-05-11T05:16:17Z,transport_public_services,"msian to sg: your car expensive, you cant afford landed. what irony.",d23c66aa5e7675df8e39,2026-05-17T05:55:42Z,2026-05-17T05:55:42Z,0,0,True,True,none,,2026-06-17T15:11:48.079123+00:00,raw,
YT_UgxRRlroLTHng8z1AfB4AaABAg,YouTube,top_level_comment,UgxRRlroLTHng8z1AfB4AaABAg,UgxRRlroLTHng8z1AfB4AaABAg,J5SEcQAe1AM,Why Malaysia Forces You to Own a Car,UrbanShiftMY,https://www.youtube.com/watch?v=J5SEcQAe1AM,2026-05-11T05:16:17Z,transport_public_services,"When i was in KL i was shocked that there are little to no sidewalks and those overpasses can have no stairs/elevators for kilometers, which means you're trapped if you car breaks or if you get forced out of the car (happened to someone i know).",89d2d7209c101afe8819,2026-05-17T05:09:14Z,2026-05-17T05:09:14Z,1,0,True,True,none,,2026-06-17T15:11:48.079165+00:00,raw,
YT_UgyinSYeMX452Pk2NMl4AaABAg,YouTube,top_level_comment,UgyinSYeMX452Pk2NMl4AaABAg,UgyinSYeMX452Pk2NMl4AaABAg,J5SEcQAe1AM,Why Malaysia Forces You to Own a Car,UrbanShiftMY,https://www.youtube.com/watch?v=J5SEcQAe1AM,2026-05-11T05:16:17Z,transport_public_services,Because government earn a lot from excise duty,75385ca4f494c998d01d,2026-05-17T04:52:20Z,2026-05-17T04:52:20Z,0,0,True,True,none,,2026-06-17T15:11:48.079199+00:00,raw,
YT_UgzUeuMMMAcIsCUwf7Z4AaABAg,YouTube,top_level_comment,UgzUeuMMMAcIsCUwf7Z4AaABAg,UgzUeuMMMAcIsCUwf7Z4AaABAg,J5SEcQAe1AM,Why Malaysia Forces You to Own a Car,UrbanShiftMY,https://www.youtube.com/watch?v=J5SEcQAe1AM,2026-05-11T05:16:17Z,transport_public_services,"Back when i was studying my degree in Russia, i took an e-skateboard to class everyday for 6 years. About 30mins ish 1 way. Wish i can do it here tho. If i were to do it here in Malaysia id be run over flat like a bug with people not knowing basic traffic rules too",0bf3acfd8df3c8c847ad,2026-05-17T03:35:33Z,2026-05-17T03:35:33Z,0,0,True,True,none,,2026-06-17T15:11:48.079243+00:00,raw,
YT_UgzkIunLsed69jsG93V4AaABAg,YouTube,top_level_comment,UgzkIunLsed69jsG93V4AaABAg,UgzkIunLsed69jsG93V4AaABAg,J5SEcQAe1AM,Why Malaysia Forces You to Own a Car,UrbanShiftMY,https://www.youtube.com/watch?v=J5SEcQAe1AM,2026-05-11T05:16:17Z,transport_public_services,I think japan's system address transport well. Its so efficient and convenient that its faster than a private vehicle. Even singapore can't get it exactly right.,6828f100466df38cf966,2026-05-17T02:08:52Z,2026-05-17T02:08:52Z,0,0,True,True,none,,2026-06-17T15:11:48.079279+00:00,raw,
YT_Ugy2mGYzO5LZbfLSvId4AaABAg,YouTube,top_level_comment,Ugy2mGYzO5LZbfLSvId4AaABAg,Ugy2mGYzO5LZbfLSvId4AaABAg,J5SEcQAe1AM,Why Malaysia Forces You to Own a Car,UrbanShiftMY,https://www.youtube.com/watch?v=J5SEcQAe1AM,2026-05-11T05:16:17Z,transport_public_services,"Parking situation in Sabah state is more costly than in Semenanjung, percentage wise.",511c574c275f635cfa07,2026-05-16T17:41:56Z,2026-05-16T17:41:56Z,1,0,True,True,none,,2026-06-17T15:11:48.079311+00:00,raw,
YT_Ugz_ml9-61f3_D7xMGl4AaABAg,YouTube,top_level_comment,Ugz_ml9-61f3_D7xMGl4AaABAg,Ugz_ml9-61f3_D7xMGl4AaABAg,J5SEcQAe1AM,Why Malaysia Forces You to Own a Car,UrbanShiftMY,https://www.youtube.com/watch?v=J5SEcQAe1AM,2026-05-11T05:16:17Z,transport_public_services,Cars are not the problem. Car DEPENDENCY is! And dont use weather as an excuse.,3258a7f83e727124967f,2026-05-16T12:44:52Z,2026-05-16T12:44:52Z,0,0,True,True,none,,2026-06-17T15:11:48.079343+00:00,raw,
YT_UgwVI1mH88uYOMSULgJ4AaABAg,YouTube,top_level_comment,UgwVI1mH88uYOMSULgJ4AaABAg,UgwVI1mH88uYOMSULgJ4AaABAg,J5SEcQAe1AM,Why Malaysia Forces You to Own a Car,UrbanShiftMY,https://www.youtube.com/watch?v=J5SEcQAe1AM,2026-05-11T05:16:17Z,transport_public_services,"Singapore car ownership only for wealthy. MRT, bus very good. Cycling 🚴 not very good, need a lot more connected bike paths",6d3a7b07ba72b3d651b2,2026-05-16T11:43:16Z,2026-05-16T11:43:16Z,0,0,True,True,none,,2026-06-17T15:11:48.079380+00:00,raw,
YT_UgwlAeEltFLKErJ_6jx4AaABAg,YouTube,top_level_comment,UgwlAeEltFLKErJ_6jx4AaABAg,UgwlAeEltFLKErJ_6jx4AaABAg,J5SEcQAe1AM,Why Malaysia Forces You to Own a Car,UrbanShiftMY,https://www.youtube.com/watch?v=J5SEcQAe1AM,2026-05-11T05:16:17Z,transport_public_services,"At the end of the day, cars are still relevant for long distance driving. Don't expect everyone to share a public transport when different people have different destinations. Having said that, I can understand the need to reduce congestion on urban areas.",e84d6773c296f2f896b5,2026-05-16T08:19:01Z,2026-05-16T08:19:01Z,0,0,True,True,none,,2026-06-17T15:11:48.079422+00:00,raw,
YT_Ugzaj0Wk4zYV1nv9bMx4AaABAg,YouTube,top_level_comment,Ugzaj0Wk4zYV1nv9bMx4AaABAg,Ugzaj0Wk4zYV1nv9bMx4AaABAg,J5SEcQAe1AM,Why Malaysia Forces You to Own a Car,UrbanShiftMY,https://www.youtube.com/watch?v=J5SEcQAe1AM,2026-05-11T05:16:17Z,transport_public_services,"When you need to drive a car just to get to train station because of the fucked up bus system, this country is fucked",4e6cc91682cd25cdad2c,2026-05-16T08:17:02Z,2026-05-16T08:17:02Z,0,0,True,True,none,,2026-06-17T15:11:48.079457+00:00,raw,
YT_UgzPyTaciXe2IclLmAV4AaABAg,YouTube,top_level_comment,UgzPyTaciXe2IclLmAV4AaABAg,UgzPyTaciXe2IclLmAV4AaABAg,J5SEcQAe1AM,Why Malaysia Forces You to Own a Car,UrbanShiftMY,https://www.youtube.com/watch?v=J5SEcQAe1AM,2026-05-11T05:16:17Z,transport_public_services,I have a driving license but I almost never drive. I only ride motorcycles to go everywhere.,0e8d6e380ed96f87d126,2026-05-16T02:26:30Z,2026-05-16T02:26:30Z,2,0,True,True,none,,2026-06-17T15:11:48.079489+00:00,raw,
YT_UgwQimp3SAzbAMqLdaN4AaABAg,YouTube,top_level_comment,UgwQimp3SAzbAMqLdaN4AaABAg,UgwQimp3SAzbAMqLdaN4AaABAg,J5SEcQAe1AM,Why Malaysia Forces You to Own a Car,UrbanShiftMY,https://www.youtube.com/watch?v=J5SEcQAe1AM,2026-05-11T05:16:17Z,transport_public_services,I very much prefer to drive,9d03219885b7604c6aec,2026-05-16T01:54:04Z,2026-05-16T01:54:04Z,0,0,True,True,none,,2026-06-17T15:11:48.079518+00:00,raw,
YT_Ugx7c3xLKeyLDcq5dB54AaABAg,YouTube,top_level_comment,Ugx7c3xLKeyLDcq5dB54AaABAg,Ugx7c3xLKeyLDcq5dB54AaABAg,J5SEcQAe1AM,Why Malaysia Forces You to Own a Car,UrbanShiftMY,https://www.youtube.com/watch?v=J5SEcQAe1AM,2026-05-11T05:16:17Z,transport_public_services,I love driving over having to share my spaces with strangers in public transportation like sheep on conveyor in slaughterhouses,b951e02d4107f1507dc6,2026-05-16T01:16:16Z,2026-05-16T01:16:16Z,0,0,True,True,none,,2026-06-17T15:11:48.079555+00:00,raw,
YT_UgyDcoZ9utnOoRMH2q14AaABAg,YouTube,top_level_comment,UgyDcoZ9utnOoRMH2q14AaABAg,UgyDcoZ9utnOoRMH2q14AaABAg,J5SEcQAe1AM,Why Malaysia Forces You to Own a Car,UrbanShiftMY,https://www.youtube.com/watch?v=J5SEcQAe1AM,2026-05-11T05:16:17Z,transport_public_services,1:48 I just saw my hometown!,bb2bfd6fb48694c5cfef,2026-05-15T15:13:13Z,2026-05-15T15:13:13Z,0,0,True,True,none,,2026-06-17T15:11:48.079584+00:00,raw,
YT_UgxC1njOJF4jPqlQcIh4AaABAg,YouTube,top_level_comment,UgxC1njOJF4jPqlQcIh4AaABAg,UgxC1njOJF4jPqlQcIh4AaABAg,J5SEcQAe1AM,Why Malaysia Forces You to Own a Car,UrbanShiftMY,https://www.youtube.com/watch?v=J5SEcQAe1AM,2026-05-11T05:16:17Z,transport_public_services,I find it very bizarre to see people in KL buy cars just to park at the nearest LRT to take train to work like seriously? Where is the logic to that?,cde51803de4249a7b819,2026-05-15T14:37:10Z,2026-05-15T14:40:51Z,0,0,True,True,none,,2026-06-17T15:11:48.079621+00:00,raw,
YT_UgwQPPU_zXjgo_6wof14AaABAg,YouTube,top_level_comment,UgwQPPU_zXjgo_6wof14AaABAg,UgwQPPU_zXjgo_6wof14AaABAg,J5SEcQAe1AM,Why Malaysia Forces You to Own a Car,UrbanShiftMY,https://www.youtube.com/watch?v=J5SEcQAe1AM,2026-05-11T05:16:17Z,transport_public_services,"Keep fighting the good fight, you've earned a new subscriber 🇲🇾🇲🇾",f29942d2bb1909fa0108,2026-05-15T13:25:30Z,2026-05-15T13:25:30Z,0,0,True,True,none,,2026-06-17T15:11:48.079652+00:00,raw,
YT_UgzIV3gKPpKsACBrBcF4AaABAg,YouTube,top_level_comment,UgzIV3gKPpKsACBrBcF4AaABAg,UgzIV3gKPpKsACBrBcF4AaABAg,J5SEcQAe1AM,Why Malaysia Forces You to Own a Car,UrbanShiftMY,https://www.youtube.com/watch?v=J5SEcQAe1AM,2026-05-11T05:16:17Z,transport_public_services,Kedai seberang jalan pun kena start motor sebab jalan yg tak pedestrian friendly,e75e8b0b115150a083a8,2026-05-15T08:21:24Z,2026-05-15T08:21:24Z,0,0,True,True,none,,2026-06-17T15:11:48.079683+00:00,raw,
YT_UgyTV6PWAK00wzs52vF4AaABAg,YouTube,top_level_comment,UgyTV6PWAK00wzs52vF4AaABAg,UgyTV6PWAK00wzs52vF4AaABAg,J5SEcQAe1AM,Why Malaysia Forces You to Own a Car,UrbanShiftMY,https://www.youtube.com/watch?v=J5SEcQAe1AM,2026-05-11T05:16:17Z,transport_public_services,Failed government,bb58cf0641ce6d3cad45,2026-05-15T06:59:13Z,2026-05-15T06:59:13Z,0,0,True,True,none,,2026-06-17T15:11:48.079711+00:00,raw,
YT_Ugzytl023_mVcY7-Eth4AaABAg,YouTube,top_level_comment,Ugzytl023_mVcY7-Eth4AaABAg,Ugzytl023_mVcY7-Eth4AaABAg,J5SEcQAe1AM,Why Malaysia Forces You to Own a Car,UrbanShiftMY,https://www.youtube.com/watch?v=J5SEcQAe1AM,2026-05-11T05:16:17Z,transport_public_services,"Tak banyak channel Malaysia cakap pasal bende ni. Need more people to watch this and educate themselves about this issue. then maybe we all can organize with the communities involved to demand thses things to our politicians. Bak kata pepatah, Bersatu Teguh, Bercerai Roboh",b8009233f3d23b3cc00f,2026-05-15T06:14:03Z,2026-05-15T06:14:03Z,0,0,True,True,none,,2026-06-17T15:11:48.079753+00:00,raw,
YT_Ugzo0rFRPrQ4SY8_bA54AaABAg,YouTube,top_level_comment,Ugzo0rFRPrQ4SY8_bA54AaABAg,Ugzo0rFRPrQ4SY8_bA54AaABAg,J5SEcQAe1AM,Why Malaysia Forces You to Own a Car,UrbanShiftMY,https://www.youtube.com/watch?v=J5SEcQAe1AM,2026-05-11T05:16:17Z,transport_public_services,I love to drive because I am a car enthusiast. But I just never like to drive in traffic jem 👽,2b266db578b782c2fed7,2026-05-14T23:54:18Z,2026-05-14T23:54:18Z,0,0,True,True,none,,2026-06-17T15:11:48.079788+00:00,raw,
YT_Ugw4dLk4PYbM36Ls1Px4AaABAg,YouTube,top_level_comment,Ugw4dLk4PYbM36Ls1Px4AaABAg,Ugw4dLk4PYbM36Ls1Px4AaABAg,J5SEcQAe1AM,Why Malaysia Forces You to Own a Car,UrbanShiftMY,https://www.youtube.com/watch?v=J5SEcQAe1AM,2026-05-11T05:16:17Z,transport_public_services,"When I went to Malaysia I thought the car culture there was really cool and interesting, some nice sports cars getting around. However I did get stuck in traffic and only moved 100 meters in 1 hour at one stage",0789457eb50d766ca113,2026-05-14T23:47:55Z,2026-05-14T23:48:41Z,1,0,True,True,none,,2026-06-17T15:11:48.079828+00:00,raw,
YT_Ugx-TIzcRsg-xXKMao94AaABAg,YouTube,top_level_comment,Ugx-TIzcRsg-xXKMao94AaABAg,Ugx-TIzcRsg-xXKMao94AaABAg,J5SEcQAe1AM,Why Malaysia Forces You to Own a Car,UrbanShiftMY,https://www.youtube.com/watch?v=J5SEcQAe1AM,2026-05-11T05:16:17Z,transport_public_services,"Here in Jakarta, no MRT stations have parking lots at all, so does LRT both Jabodebek and Jakarta, BRT Transjakarta, and KRL stations. With the exception of KAJJ (intercity) train stations like Gambir and Pasar Senen. Take Dukuh Atas for example, it's a well planned TOD with very good walkability, though transfer between transport modes are quite far. Some LRT Jabodebek stations like Cawang, Ciliwung, Pancoran, etc are directly connected with Transjakarta BRT shelters. Also, the gov't of DKI Jakarta heavily subsidized public transport fares to foster public transportation usage, even introducing ""tarif integrasi"". Despite all those though, Jakarta is still stuck in terrible traffic, especially in Jalan TB Simatupang.",993f266c40eb2ec6c928,2026-05-14T23:12:31Z,2026-05-14T23:12:31Z,0,0,True,True,none,,2026-06-17T15:11:48.079894+00:00,raw,
YT_UgyJlVoU4m81cepqcpB4AaABAg,YouTube,top_level_comment,UgyJlVoU4m81cepqcpB4AaABAg,UgyJlVoU4m81cepqcpB4AaABAg,J5SEcQAe1AM,Why Malaysia Forces You to Own a Car,UrbanShiftMY,https://www.youtube.com/watch?v=J5SEcQAe1AM,2026-05-11T05:16:17Z,transport_public_services,life without proton or perodua is great,90f4bf8d1d00288c3e4c,2026-05-14T16:12:45Z,2026-05-14T16:12:45Z,1,0,True,True,none,,2026-06-17T15:11:48.079924+00:00,raw,
YT_UgwGkn4E0wLNDdTB0R54AaABAg,YouTube,top_level_comment,UgwGkn4E0wLNDdTB0R54AaABAg,UgwGkn4E0wLNDdTB0R54AaABAg,J5SEcQAe1AM,Why Malaysia Forces You to Own a Car,UrbanShiftMY,https://www.youtube.com/watch?v=J5SEcQAe1AM,2026-05-11T05:16:17Z,transport_public_services,"As a retired couple in KL we don’t own a car. We rent near an MRT and take it and buses everywhere, topping it up by Grab when needed. Our major issue is frequent bad footpaths, or Condos which dont have footpath access. KL could usefully follow Singapore and have covered footpaths from Transit stops to major developments to make it cooler. KLs gridlocks can only get worse as there is no more space for more roads.",c4ffa361be7852d059aa,2026-05-14T15:59:32Z,2026-05-14T15:59:32Z,0,0,True,True,none,,2026-06-17T15:11:48.079981+00:00,raw,
YT_UgzxQ5aanpJgwNVOb7R4AaABAg,YouTube,top_level_comment,UgzxQ5aanpJgwNVOb7R4AaABAg,UgzxQ5aanpJgwNVOb7R4AaABAg,J5SEcQAe1AM,Why Malaysia Forces You to Own a Car,UrbanShiftMY,https://www.youtube.com/watch?v=J5SEcQAe1AM,2026-05-11T05:16:17Z,transport_public_services,We need wide sidewalk.,2720f0e4feca8c7087d1,2026-05-14T15:17:16Z,2026-05-14T15:17:16Z,1,0,True,True,none,,2026-06-17T15:11:48.080011+00:00,raw,
YT_Ugw64WkCKbEJ_I6G73t4AaABAg,YouTube,top_level_comment,Ugw64WkCKbEJ_I6G73t4AaABAg,Ugw64WkCKbEJ_I6G73t4AaABAg,J5SEcQAe1AM,Why Malaysia Forces You to Own a Car,UrbanShiftMY,https://www.youtube.com/watch?v=J5SEcQAe1AM,2026-05-11T05:16:17Z,transport_public_services,Good answer nephew 🗣️🗣️🔥🔥🔥,0d029487361326e6d3a9,2026-05-14T13:12:47Z,2026-05-14T13:12:47Z,1,0,True,True,none,,2026-06-17T15:11:48.080053+00:00,raw,
YT_UgwlkKs5QVYQvB_zxLZ4AaABAg,YouTube,top_level_comment,UgwlkKs5QVYQvB_zxLZ4AaABAg,UgwlkKs5QVYQvB_zxLZ4AaABAg,J5SEcQAe1AM,Why Malaysia Forces You to Own a Car,UrbanShiftMY,https://www.youtube.com/watch?v=J5SEcQAe1AM,2026-05-11T05:16:17Z,transport_public_services,I hate cars Please more bikes and trains,0d029487361326e6d3a9,2026-05-14T13:07:22Z,2026-05-14T13:07:22Z,1,3,True,True,none,,2026-06-17T15:11:48.080185+00:00,raw,
YT_UgzmtWrbL2IouYOy_fV4AaABAg,YouTube,top_level_comment,UgzmtWrbL2IouYOy_fV4AaABAg,UgzmtWrbL2IouYOy_fV4AaABAg,J5SEcQAe1AM,Why Malaysia Forces You to Own a Car,UrbanShiftMY,https://www.youtube.com/watch?v=J5SEcQAe1AM,2026-05-11T05:16:17Z,transport_public_services,09:09 everything here is wrong if you truly want to encourage people to walk and use PT instead of self driving you make the former easier and more enticed. people will naturally gravitate towards what's easy if you make driving difficult for all like those ridiculous points you mentioned your former will become the only option for ease and everyone will flood and crowd your PT eventually making it unusable do not punish self driving people for not choosing the lacking infrastructure option of your city. improve both and you will see the full potential of proper urban planning,7ce7f21c6fa0a9e395fd,2026-05-14T12:33:17Z,2026-05-14T12:33:17Z,0,0,True,True,none,,2026-06-17T15:11:48.080270+00:00,raw,
YT_UgwxiAOJqohTj-Lnd_R4AaABAg,YouTube,top_level_comment,UgwxiAOJqohTj-Lnd_R4AaABAg,UgwxiAOJqohTj-Lnd_R4AaABAg,J5SEcQAe1AM,Why Malaysia Forces You to Own a Car,UrbanShiftMY,https://www.youtube.com/watch?v=J5SEcQAe1AM,2026-05-11T05:16:17Z,transport_public_services,"In Kuantan we have car free day (the main road in the city closed for short period). In my honest opinion, it's a pointless event. I can only dream about Kuantan having their own LRT. Kuantan is not that big anyway, the increasing number of cars and traffic lights just make me want to avoid driving in Kuantan at peak hour.",2990f3b5558769a6f0f9,2026-05-14T12:15:07Z,2026-05-14T12:16:11Z,1,0,True,True,none,,2026-06-17T15:11:48.080321+00:00,raw,
YT_UgxPZ2N8demSqNlNsCR4AaABAg,YouTube,top_level_comment,UgxPZ2N8demSqNlNsCR4AaABAg,UgxPZ2N8demSqNlNsCR4AaABAg,J5SEcQAe1AM,Why Malaysia Forces You to Own a Car,UrbanShiftMY,https://www.youtube.com/watch?v=J5SEcQAe1AM,2026-05-11T05:16:17Z,transport_public_services,"I totally agree! During the COVID time, I haven't got to travel home for almost 5 years (due to studying, then COVID happened). When I landed in Penang, I was so surprised by the number of bypasses and more roads around my apartment. Some roads were even turned into one-way and widened into 3 or 4 lanes. Going to town, pedestrians are at the mercy of car drivers. Go to Perda, or Seberang Jaya, and you'll see that even small back lanes are used as a road. I have lived in Denmark for about 10 years now, and it is very convenient to travel from one place to another using public transportation. The township was designed for pedestrian and cyclists. There are no gated communities, and even apartment blocks have bypass access for neighbours who live behind them to cross. In Malaysia, you have to circle around, making a short trip to the grocery seems far. Buildings do not have fences! So they are easily accessible from any direction. Try going to the KWSP building in Seberang Jaya, you have to circle around to find the entrance. Our town planner in Malaysia should change their mindset. Instead of expanding the road in the town for cars, find a way to reduce the number of cars going in and make towns friendlier to pedestrians. Have a city speed limit, an in-town limit, and a housing area limit. I remember I had to run for my life crossing a road in front of my apartment, which was a small road that got widened into a 6-lane road to get to the mamak on the other side. Housing area, township and Malaysia should be a ""livable"" place.",4fde5da00db68e25a0fe,2026-05-14T05:53:22Z,2026-05-14T05:53:22Z,0,0,True,True,none,,2026-06-17T15:11:48.080446+00:00,raw,
YT_Ugx96_XnABHY-8DqwZl4AaABAg,YouTube,top_level_comment,Ugx96_XnABHY-8DqwZl4AaABAg,Ugx96_XnABHY-8DqwZl4AaABAg,J5SEcQAe1AM,Why Malaysia Forces You to Own a Car,UrbanShiftMY,https://www.youtube.com/watch?v=J5SEcQAe1AM,2026-05-11T05:16:17Z,transport_public_services,"Reasons i prefer driving than rely on public transports is because:- 1. I’m a car guy. Driving is my therapy 2. Time is gold. Driving is quicker than rely on public transports 3. Not comfortable. Public transport nowadays full of foreigners like Banglas and Myanmars. Not being racist, just that I don’t tolerate bad odours. The only thing i prefer on public transport is when my car is on repair and i can save lots of money. Period…",d52e9e8e2f2486c54484,2026-05-14T05:35:36Z,2026-05-14T05:35:36Z,0,0,True,True,none,,2026-06-17T15:11:48.080509+00:00,raw,
YT_UgwqxMKWfbTiOKk2dz94AaABAg,YouTube,top_level_comment,UgwqxMKWfbTiOKk2dz94AaABAg,UgwqxMKWfbTiOKk2dz94AaABAg,J5SEcQAe1AM,Why Malaysia Forces You to Own a Car,UrbanShiftMY,https://www.youtube.com/watch?v=J5SEcQAe1AM,2026-05-11T05:16:17Z,transport_public_services,the no 1 reason for roofed vehicle the weather (opposed to walking and cycling),f0b44118b4081bfb4356,2026-05-14T04:42:17Z,2026-05-14T04:42:17Z,0,0,True,True,none,,2026-06-17T15:11:48.080543+00:00,raw,
YT_Ugy51BMNra5z9_3zJLl4AaABAg,YouTube,top_level_comment,Ugy51BMNra5z9_3zJLl4AaABAg,Ugy51BMNra5z9_3zJLl4AaABAg,J5SEcQAe1AM,Why Malaysia Forces You to Own a Car,UrbanShiftMY,https://www.youtube.com/watch?v=J5SEcQAe1AM,2026-05-11T05:16:17Z,transport_public_services,"Won't happen. Hot, humid and unpredictable weather. Promote walking. Try for 10 minutes.",73b4dfc99559d0972fc6,2026-05-14T04:32:33Z,2026-05-14T04:32:33Z,0,0,True,True,none,,2026-06-17T15:11:48.080576+00:00,raw,
YT_Ugwo9EIrycQitZ5EYBB4AaABAg,YouTube,top_level_comment,Ugwo9EIrycQitZ5EYBB4AaABAg,Ugwo9EIrycQitZ5EYBB4AaABAg,J5SEcQAe1AM,Why Malaysia Forces You to Own a Car,UrbanShiftMY,https://www.youtube.com/watch?v=J5SEcQAe1AM,2026-05-11T05:16:17Z,transport_public_services,"Capitalism = automotive industry = easy money = keep away the people from walk and good public transport. And make them dependent to cars, no way out.",c3f77109123447e9ad63,2026-05-14T03:59:56Z,2026-05-14T03:59:56Z,0,0,True,True,none,,2026-06-17T15:11:48.080612+00:00,raw,
YT_Ugy2NeZa8fcYtzcul0J4AaABAg,YouTube,top_level_comment,Ugy2NeZa8fcYtzcul0J4AaABAg,Ugy2NeZa8fcYtzcul0J4AaABAg,J5SEcQAe1AM,Why Malaysia Forces You to Own a Car,UrbanShiftMY,https://www.youtube.com/watch?v=J5SEcQAe1AM,2026-05-11T05:16:17Z,transport_public_services,Everything was good until 9 minutes in.,9768940ecdf67451dc86,2026-05-14T03:11:32Z,2026-05-14T03:11:32Z,0,0,True,True,none,,2026-06-17T15:11:48.080643+00:00,raw,
YT_UgyNX6YbVSrSCVlJwmx4AaABAg,YouTube,top_level_comment,UgyNX6YbVSrSCVlJwmx4AaABAg,UgyNX6YbVSrSCVlJwmx4AaABAg,J5SEcQAe1AM,Why Malaysia Forces You to Own a Car,UrbanShiftMY,https://www.youtube.com/watch?v=J5SEcQAe1AM,2026-05-11T05:16:17Z,transport_public_services,i have a car so i don't really care,5dd0c75cc0cbf40dfe3b,2026-05-14T02:06:47Z,2026-05-14T02:06:47Z,0,0,True,True,none,,2026-06-17T15:11:48.080673+00:00,raw,
YT_UgyXDONumh5sLE2fvRN4AaABAg,YouTube,top_level_comment,UgyXDONumh5sLE2fvRN4AaABAg,UgyXDONumh5sLE2fvRN4AaABAg,J5SEcQAe1AM,Why Malaysia Forces You to Own a Car,UrbanShiftMY,https://www.youtube.com/watch?v=J5SEcQAe1AM,2026-05-11T05:16:17Z,transport_public_services,What the hell is “ TODs”?🤬,ff936cbc1a8ad44cb481,2026-05-14T00:35:03Z,2026-05-14T00:35:03Z,0,0,True,True,none,,2026-06-17T15:11:48.080704+00:00,raw,
YT_Ugw0eyHDsNb2EScfhvd4AaABAg,YouTube,top_level_comment,Ugw0eyHDsNb2EScfhvd4AaABAg,Ugw0eyHDsNb2EScfhvd4AaABAg,J5SEcQAe1AM,Why Malaysia Forces You to Own a Car,UrbanShiftMY,https://www.youtube.com/watch?v=J5SEcQAe1AM,2026-05-11T05:16:17Z,transport_public_services,Because you can't reach amenities without driving,5724afb6db65fa607497,2026-05-13T21:12:24Z,2026-05-13T21:12:24Z,0,0,True,True,none,,2026-06-17T15:11:48.080734+00:00,raw,
YT_UgwjczUuCSh1BSJW4VZ4AaABAg,YouTube,top_level_comment,UgwjczUuCSh1BSJW4VZ4AaABAg,UgwjczUuCSh1BSJW4VZ4AaABAg,J5SEcQAe1AM,Why Malaysia Forces You to Own a Car,UrbanShiftMY,https://www.youtube.com/watch?v=J5SEcQAe1AM,2026-05-11T05:16:17Z,transport_public_services,Dr Mahathir hated USA so much he made the roads like USA 🤣,6eda583198d76387daeb,2026-05-13T19:44:02Z,2026-05-13T19:44:02Z,0,0,True,True,none,,2026-06-17T15:11:48.080766+00:00,raw,
YT_UgwvJqIjDkFdN5hM2zV4AaABAg,YouTube,top_level_comment,UgwvJqIjDkFdN5hM2zV4AaABAg,UgwvJqIjDkFdN5hM2zV4AaABAg,J5SEcQAe1AM,Why Malaysia Forces You to Own a Car,UrbanShiftMY,https://www.youtube.com/watch?v=J5SEcQAe1AM,2026-05-11T05:16:17Z,transport_public_services,driving in KL makes me a miserable person,ce10fcfe471354a95dfd,2026-05-13T15:27:15Z,2026-05-13T15:27:15Z,1,0,True,True,none,,2026-06-17T15:11:48.080796+00:00,raw,
YT_UgzruBscZ4EQiROPw6B4AaABAg,YouTube,top_level_comment,UgzruBscZ4EQiROPw6B4AaABAg,UgzruBscZ4EQiROPw6B4AaABAg,J5SEcQAe1AM,Why Malaysia Forces You to Own a Car,UrbanShiftMY,https://www.youtube.com/watch?v=J5SEcQAe1AM,2026-05-11T05:16:17Z,transport_public_services,"“Stop providing abundant parking in transit oriented development” sorry but I respectfully disagree here. Provided that the infrastructure is designed correctly, cars and transit can work in parallel and hence cooperate efficiently to get everyone (and everything too) around the city. What a city needs is options, and not the only one “perfect” solution.",5d8c228f502d8c8a2249,2026-05-13T15:25:59Z,2026-05-13T15:25:59Z,0,0,True,True,none,,2026-06-17T15:11:48.080847+00:00,raw,
YT_UgwfUHPyEW9doI1sZgx4AaABAg,YouTube,top_level_comment,UgwfUHPyEW9doI1sZgx4AaABAg,UgwfUHPyEW9doI1sZgx4AaABAg,J5SEcQAe1AM,Why Malaysia Forces You to Own a Car,UrbanShiftMY,https://www.youtube.com/watch?v=J5SEcQAe1AM,2026-05-11T05:16:17Z,transport_public_services,no turning back now unfortunately,28b137e965968163f4fd,2026-05-13T13:11:24Z,2026-05-13T13:11:24Z,0,0,True,True,none,,2026-06-17T15:11:48.080887+00:00,raw,
YT_UgxbFUMymgeIbElJ9zV4AaABAg,YouTube,top_level_comment,UgxbFUMymgeIbElJ9zV4AaABAg,UgxbFUMymgeIbElJ9zV4AaABAg,J5SEcQAe1AM,Why Malaysia Forces You to Own a Car,UrbanShiftMY,https://www.youtube.com/watch?v=J5SEcQAe1AM,2026-05-11T05:16:17Z,transport_public_services,"I don't think there's a need to actively encourage every single car-use penalty. Just 3 will do: 1) Remove street parking on streets as well as surface parking around buildings. Build multi-storey or underground carparks and charge heftily for the maintenance of these parking facilities. 2) Remove road lanes and allocate them to properly-wide cycling lanes and bus- and tram-only lanes. 3) Re-program traffic lights to prioritise the smooth flow of public transport and pedestrians ala Amsterdam. These 3 alone will induce demand towards public transport and non-ICE private transport, while significantly discouraging car use.",bcd651784f5f54f5a910,2026-05-13T13:06:51Z,2026-05-13T13:07:24Z,0,0,True,True,none,,2026-06-17T15:11:48.080950+00:00,raw,
YT_UgwWq_RNz7s4xvqQSA54AaABAg,YouTube,top_level_comment,UgwWq_RNz7s4xvqQSA54AaABAg,UgwWq_RNz7s4xvqQSA54AaABAg,J5SEcQAe1AM,Why Malaysia Forces You to Own a Car,UrbanShiftMY,https://www.youtube.com/watch?v=J5SEcQAe1AM,2026-05-11T05:16:17Z,transport_public_services,"I love driving if there's no traffic jam and the petrol price is not that expensive, especially during post MCO period",14ac13b03b15f1c74ca9,2026-05-13T12:25:39Z,2026-05-13T12:25:39Z,4,3,True,True,none,,2026-06-17T15:11:48.488436+00:00,raw,
YT_UgzFj_O-hN-BEaubcU94AaABAg,YouTube,top_level_comment,UgzFj_O-hN-BEaubcU94AaABAg,UgzFj_O-hN-BEaubcU94AaABAg,J5SEcQAe1AM,Why Malaysia Forces You to Own a Car,UrbanShiftMY,https://www.youtube.com/watch?v=J5SEcQAe1AM,2026-05-11T05:16:17Z,transport_public_services,A developed city/country is where millionaires take public transport.,b2060d476d75245c2c79,2026-05-13T12:21:54Z,2026-05-13T12:21:54Z,1,1,True,True,none,,2026-06-17T15:11:48.488487+00:00,raw,
YT_UgyDrtWd8VkGbM2iFnZ4AaABAg,YouTube,top_level_comment,UgyDrtWd8VkGbM2iFnZ4AaABAg,UgyDrtWd8VkGbM2iFnZ4AaABAg,J5SEcQAe1AM,Why Malaysia Forces You to Own a Car,UrbanShiftMY,https://www.youtube.com/watch?v=J5SEcQAe1AM,2026-05-11T05:16:17Z,transport_public_services,"No 1 thing that you avoided addressing. Climate of Malaysia is the biggest reason why people don't walk. Now imagine, to accommodate this, there will be extensive walk paths that needs shade as well. So is this not possible then? Its completely possible, Japan with many more nature/environment challenges managed to do it. But the core change to happen here, is culture. No need to talk of infrastructure, just walk it out. Our legs can cross over a lot of things, even swimming, which vehicles can't. When was the last time you heard ""oh I used to walk from point A to point B (which is 10km)"". That time, no vehicles, no shade. Just walk. If this change were to occur, it is at cultural level.",33d0f0711d9d5435f5d3,2026-05-13T12:21:34Z,2026-05-13T12:21:34Z,0,0,True,True,none,,2026-06-17T15:11:48.488564+00:00,raw,
YT_UgynD-HO5kwI7Hg6Rul4AaABAg,YouTube,top_level_comment,UgynD-HO5kwI7Hg6Rul4AaABAg,UgynD-HO5kwI7Hg6Rul4AaABAg,J5SEcQAe1AM,Why Malaysia Forces You to Own a Car,UrbanShiftMY,https://www.youtube.com/watch?v=J5SEcQAe1AM,2026-05-11T05:16:17Z,transport_public_services,Puchong 😂,def400da915910e7395a,2026-05-13T11:22:31Z,2026-05-13T11:22:31Z,0,0,True,True,none,,2026-06-17T15:11:48.488597+00:00,raw,
YT_UgzE2JHVqtHxbc6WIQx4AaABAg,YouTube,top_level_comment,UgzE2JHVqtHxbc6WIQx4AaABAg,UgzE2JHVqtHxbc6WIQx4AaABAg,J5SEcQAe1AM,Why Malaysia Forces You to Own a Car,UrbanShiftMY,https://www.youtube.com/watch?v=J5SEcQAe1AM,2026-05-11T05:16:17Z,transport_public_services,sorry but it's beyond repair now. Good luck to the rest,fba326e4c88c777d7ce6,2026-05-13T10:00:47Z,2026-05-13T10:00:47Z,0,0,True,True,none,,2026-06-17T15:11:48.488630+00:00,raw,
YT_UgyxJG-uR1a-vvrqDl94AaABAg,YouTube,top_level_comment,UgyxJG-uR1a-vvrqDl94AaABAg,UgyxJG-uR1a-vvrqDl94AaABAg,J5SEcQAe1AM,Why Malaysia Forces You to Own a Car,UrbanShiftMY,https://www.youtube.com/watch?v=J5SEcQAe1AM,2026-05-11T05:16:17Z,transport_public_services,its a good thing EU and japan didn't follow USA logic,89b4f42fea3e93a2a467,2026-05-13T08:19:13Z,2026-05-13T08:19:13Z,0,0,True,True,none,,2026-06-17T15:11:48.488662+00:00,raw,
YT_Ugzkrm7zSQP8PwPfuQ54AaABAg,YouTube,top_level_comment,Ugzkrm7zSQP8PwPfuQ54AaABAg,Ugzkrm7zSQP8PwPfuQ54AaABAg,J5SEcQAe1AM,Why Malaysia Forces You to Own a Car,UrbanShiftMY,https://www.youtube.com/watch?v=J5SEcQAe1AM,2026-05-11T05:16:17Z,transport_public_services,"thank you to the prime minister mahathir who set up potong, so much winning!",0fa6799d459faa35cd9e,2026-05-13T06:48:01Z,2026-05-13T06:48:01Z,0,0,True,True,none,,2026-06-17T15:11:48.488694+00:00,raw,
YT_Ugz5BD8iUBrvw7Hek-94AaABAg,YouTube,top_level_comment,Ugz5BD8iUBrvw7Hek-94AaABAg,Ugz5BD8iUBrvw7Hek-94AaABAg,J5SEcQAe1AM,Why Malaysia Forces You to Own a Car,UrbanShiftMY,https://www.youtube.com/watch?v=J5SEcQAe1AM,2026-05-11T05:16:17Z,transport_public_services,"Ironically, the government since Dr Mahathir's time deliberately designed this, it was his master plan.",a6774d547739666fb611,2026-05-13T05:21:48Z,2026-05-13T05:21:48Z,0,0,True,True,none,,2026-06-17T15:11:48.488728+00:00,raw,
YT_UgyGmiRygJVQYQTK5-x4AaABAg,YouTube,top_level_comment,UgyGmiRygJVQYQTK5-x4AaABAg,UgyGmiRygJVQYQTK5-x4AaABAg,J5SEcQAe1AM,Why Malaysia Forces You to Own a Car,UrbanShiftMY,https://www.youtube.com/watch?v=J5SEcQAe1AM,2026-05-11T05:16:17Z,transport_public_services,"If no car.. Goverment, company, small bussiness, bank, tauke, tycoon and even loan shark will lose money.. From spare parts, tyre, road maintenance , toll, oil, tax, loan.. Just imagine the revenue goverment will lose",51bf8c6a0c0bdbbb5faa,2026-05-13T05:14:58Z,2026-05-13T05:14:58Z,0,0,True,True,none,,2026-06-17T15:11:48.488769+00:00,raw,
YT_UgwEq7d-Q7ZDfjFUqGt4AaABAg,YouTube,top_level_comment,UgwEq7d-Q7ZDfjFUqGt4AaABAg,UgwEq7d-Q7ZDfjFUqGt4AaABAg,J5SEcQAe1AM,Why Malaysia Forces You to Own a Car,UrbanShiftMY,https://www.youtube.com/watch?v=J5SEcQAe1AM,2026-05-11T05:16:17Z,transport_public_services,"7:40 This is it. Took over an hour of transit from my house to Bukit Bintang. Compared to driving it took roughly 30 mins. I prefer taking the public transport when possible. But it's very clear we do not have pedestrian friendly facilities. Sidewalks are lined with parked motorcycles, hawker stalls, cracked pavements. Often have to cross big roads anyways.. The essential bus my mother take to HKL arrive at 30 minute intervals, while tourist buses (that are mostly empty btw) can be seen multiple times every 10 minutes. Public transport need to be made more reliable with consistent schedule. The transit duration shouldn't take more than double the time compared to just driving.",0bfcc6d43fb8c1e284c1,2026-05-13T04:56:44Z,2026-05-13T04:56:44Z,0,0,True,True,none,,2026-06-17T15:11:48.488835+00:00,raw,
YT_UgyN4wCQEMr01eT9b654AaABAg,YouTube,top_level_comment,UgyN4wCQEMr01eT9b654AaABAg,UgyN4wCQEMr01eT9b654AaABAg,J5SEcQAe1AM,Why Malaysia Forces You to Own a Car,UrbanShiftMY,https://www.youtube.com/watch?v=J5SEcQAe1AM,2026-05-11T05:16:17Z,transport_public_services,To car or not to car.,45d360d6d9942730395a,2026-05-13T04:01:25Z,2026-05-13T04:01:25Z,0,0,True,True,none,,2026-06-17T15:11:48.488864+00:00,raw,
YT_UgzPokOsv9hVE6ki4Ul4AaABAg,YouTube,top_level_comment,UgzPokOsv9hVE6ki4Ul4AaABAg,UgzPokOsv9hVE6ki4Ul4AaABAg,J5SEcQAe1AM,Why Malaysia Forces You to Own a Car,UrbanShiftMY,https://www.youtube.com/watch?v=J5SEcQAe1AM,2026-05-11T05:16:17Z,transport_public_services,"1. The Bus sucks. Bus stops are hot, no proper coverage from rain, sun, heck some stops dont even have anything, just a pole. Late, Inaccurate, packed with smelly BO and idiots. 2. The Train always breaks down, Platforms are packed, Late, Inaccurate, packed with smelly BO and idiots. 3. You cannot bring bikes, scooters on trains/public transport during peak hours. 6am - 10am, & 4pm to 7pm. Leaving them at the station has a high risk of being stolen. 4. Park & ride has only limited parking, instead of multi storey, they decided to do an open area with 20 car parks only. Car park on the roadside, clogging up the lanes and causing jams. 5. FUCK PRASARANA. FUCK MOT. FUCK MITI. 6. Pavement will disappear abruptly and never reappears.",2a7bc02a1fe3bbc7c508,2026-05-13T03:00:55Z,2026-05-13T03:00:55Z,0,0,True,True,none,,2026-06-17T15:11:48.489047+00:00,raw,
YT_Ugzy98E8U07p-Pi7axJ4AaABAg,YouTube,top_level_comment,Ugzy98E8U07p-Pi7axJ4AaABAg,Ugzy98E8U07p-Pi7axJ4AaABAg,J5SEcQAe1AM,Why Malaysia Forces You to Own a Car,UrbanShiftMY,https://www.youtube.com/watch?v=J5SEcQAe1AM,2026-05-11T05:16:17Z,transport_public_services,"Great piece. I’m an American expat living in Penang. Let me also say that from my perspective, Malaysia (society & government) is asking all the right questions, and actually taking intelligent action to solve some of these challenges. I pray my home country gets to this point.",8ab56a1c5a2fe65fdf90,2026-05-13T00:51:24Z,2026-05-13T00:51:24Z,2,1,True,True,none,,2026-06-17T15:11:48.489108+00:00,raw,
YT_UgzpGMujUKVCeDvrp9t4AaABAg,YouTube,top_level_comment,UgzpGMujUKVCeDvrp9t4AaABAg,UgzpGMujUKVCeDvrp9t4AaABAg,J5SEcQAe1AM,Why Malaysia Forces You to Own a Car,UrbanShiftMY,https://www.youtube.com/watch?v=J5SEcQAe1AM,2026-05-11T05:16:17Z,transport_public_services,"Bas. More buses everywhere. The roads are already there, so need to increase the number of buses and make them more frequent and punctual + opening new routes... Seriously, if 'we' started investing on more buses on our roads, with increased frequency and better punctuality with a wider reach, it would help a lot of people, including those living in areas where rail lines are not available. Could also experiment with electric buses if you're worried about carbon footprints and what not.",caee16ec039bd064d98b,2026-05-13T00:40:37Z,2026-05-13T00:40:37Z,2,0,True,True,none,,2026-06-17T15:11:48.489168+00:00,raw,
YT_UgziJn-BaqJmq6UjeU54AaABAg,YouTube,top_level_comment,UgziJn-BaqJmq6UjeU54AaABAg,UgziJn-BaqJmq6UjeU54AaABAg,J5SEcQAe1AM,Why Malaysia Forces You to Own a Car,UrbanShiftMY,https://www.youtube.com/watch?v=J5SEcQAe1AM,2026-05-11T05:16:17Z,transport_public_services,Nonsense,02474b66be7edf21426d,2026-05-12T23:55:12Z,2026-05-12T23:55:12Z,0,0,True,True,none,,2026-06-17T15:11:48.489197+00:00,raw,
YT_UgwPu6xuDqlDNabxiLB4AaABAg,YouTube,top_level_comment,UgwPu6xuDqlDNabxiLB4AaABAg,UgwPu6xuDqlDNabxiLB4AaABAg,J5SEcQAe1AM,Why Malaysia Forces You to Own a Car,UrbanShiftMY,https://www.youtube.com/watch?v=J5SEcQAe1AM,2026-05-11T05:16:17Z,transport_public_services,"I personally love cars, but having a car centric city is a no go at all. I felt happier walking around in an european city vs what we have in Malaysia, plus I love buses. Having great urbanism helps to free up the roads form congestion and giving space for people who do, and want to drive. Thats something many car lovers dont get when we talk about urbanism The ""last mile"" for me is the biggest issue with living near KL having no way to get to my nearest MRT other than driving Though for 9:33 , if it does happen, I hope it won't become a system that forces you to lose your precious car (ahemm singapore with their 10k SGD payment per 10 years), but instead just provide an easier way for people to get in touch with buisnesses that take and sell parts off old cars, as many just abandon their cars after failing to find buyers leading to eyesores in many old flat areas",73a716b0db7b882f12d2,2026-05-12T22:20:21Z,2026-05-12T22:20:21Z,3,0,True,True,none,,2026-06-17T15:11:48.489312+00:00,raw,
YT_UgxYjbo5fow4QjZ--cd4AaABAg,YouTube,top_level_comment,UgxYjbo5fow4QjZ--cd4AaABAg,UgxYjbo5fow4QjZ--cd4AaABAg,J5SEcQAe1AM,Why Malaysia Forces You to Own a Car,UrbanShiftMY,https://www.youtube.com/watch?v=J5SEcQAe1AM,2026-05-11T05:16:17Z,transport_public_services,great video,be7c47e17d563acc37d2,2026-05-12T20:17:22Z,2026-05-12T20:17:22Z,1,0,True,True,none,,2026-06-17T15:11:48.489352+00:00,raw,
YT_Ugyp6sd6N20uKZvhFo94AaABAg,YouTube,top_level_comment,Ugyp6sd6N20uKZvhFo94AaABAg,Ugyp6sd6N20uKZvhFo94AaABAg,J5SEcQAe1AM,Why Malaysia Forces You to Own a Car,UrbanShiftMY,https://www.youtube.com/watch?v=J5SEcQAe1AM,2026-05-11T05:16:17Z,transport_public_services,"I think the ideal situation for the next foreseeable future will be, car are still owned by each family, since there are still alot of the people owns a home that are far away from where they work, and changing this would be challenging, gov can invest in building atleast one small community area for shopping (with supermarket and some food store, klinik and palces) in every region, and connect them to the neighborhoods with frequent and reliable bus systems, so that car would always be a choice when doing weekly grocery shopping and things like that. One other issue is that it is really hot in the afternoon outside, so good shading in the shopping area, a few bus stops, and eventually, railway or long-route buses can slowly connect these community shopping area to other areas, finally making them also the first choices for people to go to work, without transferring to different public transport too much Key idea is: Bus accessible for short range (first/last mile), train and coach bus for long range, frequent service and make walking less painful, and one bus away from daily necessities.",b8dd426dd902a47bba1f,2026-05-12T17:06:56Z,2026-05-12T17:08:14Z,0,0,True,True,none,,2026-06-17T15:11:48.489448+00:00,raw,
YT_UgyGA2p4KfPotmNbApt4AaABAg,YouTube,top_level_comment,UgyGA2p4KfPotmNbApt4AaABAg,UgyGA2p4KfPotmNbApt4AaABAg,J5SEcQAe1AM,Why Malaysia Forces You to Own a Car,UrbanShiftMY,https://www.youtube.com/watch?v=J5SEcQAe1AM,2026-05-11T05:16:17Z,transport_public_services,Stupid Ministers and bad planning. It has made us dependant too much on cars. Cities are build in such a way that a car is a must.,cdcbc9635bdac2b30170,2026-05-12T17:04:24Z,2026-05-12T17:04:24Z,0,1,True,True,none,,2026-06-17T15:11:48.489487+00:00,raw,
YT_Ugwc30Cp55apylvh9gF4AaABAg,YouTube,top_level_comment,Ugwc30Cp55apylvh9gF4AaABAg,Ugwc30Cp55apylvh9gF4AaABAg,J5SEcQAe1AM,Why Malaysia Forces You to Own a Car,UrbanShiftMY,https://www.youtube.com/watch?v=J5SEcQAe1AM,2026-05-11T05:16:17Z,transport_public_services,"Im curios where is this place at 2:10, the high way look so straight and the housing block look so tidy",b8dd426dd902a47bba1f,2026-05-12T16:49:44Z,2026-05-12T16:49:44Z,0,1,True,True,none,,2026-06-17T15:11:48.489522+00:00,raw,
YT_Ugxka9gLF65kr0aYv1d4AaABAg,YouTube,top_level_comment,Ugxka9gLF65kr0aYv1d4AaABAg,Ugxka9gLF65kr0aYv1d4AaABAg,MpBToZaCuWE,LRT derailment: Commuters want track and train maintenance to be enhanced,The Star,https://www.youtube.com/watch?v=MpBToZaCuWE,2026-05-28T08:54:43Z,transport_public_services,This happen due to the old track . Government should replaced it with new tracks because many people Malaysian and also foreigners who comes to Malaysia in any form working or traveling all this peoples life too matters. Now this looks not safe too. Please I’m sure. Private / government should do it too . Travel save and stay save too . Little ❤ from Malaysia,2d043476f5cda34d98ba,2026-06-08T06:09:45Z,2026-06-08T06:09:45Z,0,0,True,True,none,,2026-06-17T15:11:46.538093+00:00,raw,
YT_UgwbxUaL5_cSD7rQrZx4AaABAg,YouTube,top_level_comment,UgwbxUaL5_cSD7rQrZx4AaABAg,UgwbxUaL5_cSD7rQrZx4AaABAg,MpBToZaCuWE,LRT derailment: Commuters want track and train maintenance to be enhanced,The Star,https://www.youtube.com/watch?v=MpBToZaCuWE,2026-05-28T08:54:43Z,transport_public_services,😡😡😡😡😡😡😡😡,246824094ac50dab04c2,2026-05-30T09:19:17Z,2026-05-30T09:19:17Z,0,0,True,True,none,,2026-06-17T15:11:46.538119+00:00,raw,
YT_Ugxt5c7qGybsDBzYsSB4AaABAg,YouTube,top_level_comment,Ugxt5c7qGybsDBzYsSB4AaABAg,Ugxt5c7qGybsDBzYsSB4AaABAg,MpBToZaCuWE,LRT derailment: Commuters want track and train maintenance to be enhanced,The Star,https://www.youtube.com/watch?v=MpBToZaCuWE,2026-05-28T08:54:43Z,transport_public_services,"😢 Lastest investigation by JPJ found the Switching Signal 🚦 of rail tracks malfunction given delayed or misleading signals to subsequent trains on the same track to proceed at the same track & time. Thank you YB Anthony Loke , JPJ & RapidTrain Teams for their prompt investigations to find out the cause of this derailment of this RapidTrain schedules & to take prompt actions to rectified the malfunction & to provide RapidTransit buses for affected commuters to continue their respective journeys ... Regular physical & digital audits are important to monitor the increasing complex rail network systems as our cities grows over the years as in other countries ... Sending KTM or RapidTrain officers to Singapore , Japan , South Korea & China to learn on the maintenance & preventive measures of our KTM & RapidTrain networks every few years are good preventive measures ... 🙏🕯️🌍⚖️♻️🚦🚝🚄🚍",d162105a5fa6c0151a96,2026-05-30T07:18:57Z,2026-05-30T07:18:57Z,0,0,True,True,none,,2026-06-17T15:11:46.538171+00:00,raw,
YT_UgxEGk1-UuumQbrnM094AaABAg,YouTube,top_level_comment,UgxEGk1-UuumQbrnM094AaABAg,UgxEGk1-UuumQbrnM094AaABAg,MpBToZaCuWE,LRT derailment: Commuters want track and train maintenance to be enhanced,The Star,https://www.youtube.com/watch?v=MpBToZaCuWE,2026-05-28T08:54:43Z,transport_public_services,This is no accident but ignorance and couldn't care less,da48ca805aed63bb1303,2026-05-30T03:31:47Z,2026-05-30T03:32:10Z,0,0,True,True,none,,2026-06-17T15:11:46.538186+00:00,raw,
YT_UgyWElyuLiUrnqXCnCR4AaABAg,YouTube,top_level_comment,UgyWElyuLiUrnqXCnCR4AaABAg,UgyWElyuLiUrnqXCnCR4AaABAg,MpBToZaCuWE,LRT derailment: Commuters want track and train maintenance to be enhanced,The Star,https://www.youtube.com/watch?v=MpBToZaCuWE,2026-05-28T08:54:43Z,transport_public_services,Good luck to RTS,5563304be749c4836771,2026-05-30T01:34:39Z,2026-05-30T01:34:39Z,0,0,True,True,none,,2026-06-17T15:11:46.538198+00:00,raw,
YT_UgyaSXXQp2G25oXNBUd4AaABAg,YouTube,top_level_comment,UgyaSXXQp2G25oXNBUd4AaABAg,UgyaSXXQp2G25oXNBUd4AaABAg,MpBToZaCuWE,LRT derailment: Commuters want track and train maintenance to be enhanced,The Star,https://www.youtube.com/watch?v=MpBToZaCuWE,2026-05-28T08:54:43Z,transport_public_services,buckle up .. prasarana . leaking monies.. to corrupt management..,1eefa1500e6b1bbb423b,2026-05-29T23:10:44Z,2026-05-29T23:10:44Z,0,0,True,True,none,,2026-06-17T15:11:46.538212+00:00,raw,
YT_UgxA53snrkuYAspMzNh4AaABAg,YouTube,top_level_comment,UgxA53snrkuYAspMzNh4AaABAg,UgxA53snrkuYAspMzNh4AaABAg,MpBToZaCuWE,LRT derailment: Commuters want track and train maintenance to be enhanced,The Star,https://www.youtube.com/watch?v=MpBToZaCuWE,2026-05-28T08:54:43Z,transport_public_services,Langgar Real Time?,e08fc3f2dc4f2ab20c28,2026-05-29T16:05:27Z,2026-05-29T16:05:27Z,1,0,True,True,none,,2026-06-17T15:11:46.538224+00:00,raw,
YT_UgxON2fNu0DPdX0_plV4AaABAg,YouTube,top_level_comment,UgxON2fNu0DPdX0_plV4AaABAg,UgxON2fNu0DPdX0_plV4AaABAg,MpBToZaCuWE,LRT derailment: Commuters want track and train maintenance to be enhanced,The Star,https://www.youtube.com/watch?v=MpBToZaCuWE,2026-05-28T08:54:43Z,transport_public_services,Produk China kena ada kualiti ..xnk lagi trjd MCM ni .last2x sama2x kita tunding jari..jgn hanya menang tender sahaja .perlu tapis habiskan...barang nilai juta...,e2f950d4b86206fd8302,2026-05-29T14:18:41Z,2026-05-29T14:18:41Z,0,0,True,True,none,,2026-06-17T15:11:46.538239+00:00,raw,
YT_UgwGyQs_KLf-_phzvjB4AaABAg,YouTube,top_level_comment,UgwGyQs_KLf-_phzvjB4AaABAg,UgwGyQs_KLf-_phzvjB4AaABAg,MpBToZaCuWE,LRT derailment: Commuters want track and train maintenance to be enhanced,The Star,https://www.youtube.com/watch?v=MpBToZaCuWE,2026-05-28T08:54:43Z,transport_public_services,"umno train😂 gorvement give 100million to umno but umno only spend 50million for this lrt😂,,umno always pick pocket money",7a15176c1d1ecdb5d882,2026-05-29T12:02:58Z,2026-05-29T12:02:58Z,0,0,True,True,none,,2026-06-17T15:11:46.538257+00:00,raw,
YT_UgzScGU2KRBF1ksmIs94AaABAg,YouTube,top_level_comment,UgzScGU2KRBF1ksmIs94AaABAg,UgzScGU2KRBF1ksmIs94AaABAg,MpBToZaCuWE,LRT derailment: Commuters want track and train maintenance to be enhanced,The Star,https://www.youtube.com/watch?v=MpBToZaCuWE,2026-05-28T08:54:43Z,transport_public_services,Typical…until this sort of things happened then only make noise about maintenance issues…all this while all sleep and makan gaji buta.,0fd710432431047f856d,2026-05-29T10:40:13Z,2026-05-29T10:40:13Z,0,0,True,True,none,,2026-06-17T15:11:46.538274+00:00,raw,
YT_Ugz-3fixqCKIrv6PJN14AaABAg,YouTube,top_level_comment,Ugz-3fixqCKIrv6PJN14AaABAg,Ugz-3fixqCKIrv6PJN14AaABAg,MpBToZaCuWE,LRT derailment: Commuters want track and train maintenance to be enhanced,The Star,https://www.youtube.com/watch?v=MpBToZaCuWE,2026-05-28T08:54:43Z,transport_public_services,"It's high time MY, KL start & complete its MRT 3 to minimise the disruption like this, at the same time maximise alternative route right",28f356a1bd703bfebe8a,2026-05-29T09:53:09Z,2026-05-29T09:53:09Z,0,0,True,True,none,,2026-06-17T15:11:46.538290+00:00,raw,
YT_Ugz1lr4e2eytlk9Bumd4AaABAg,YouTube,top_level_comment,Ugz1lr4e2eytlk9Bumd4AaABAg,Ugz1lr4e2eytlk9Bumd4AaABAg,MpBToZaCuWE,LRT derailment: Commuters want track and train maintenance to be enhanced,The Star,https://www.youtube.com/watch?v=MpBToZaCuWE,2026-05-28T08:54:43Z,transport_public_services,Multi-track drifting?!?!,87e5fe01d82adc6d15ae,2026-05-29T09:18:50Z,2026-05-29T09:18:50Z,0,0,True,True,none,,2026-06-17T15:11:46.538301+00:00,raw,
YT_UgzpcHDgp1mVpwMP7EN4AaABAg,YouTube,top_level_comment,UgzpcHDgp1mVpwMP7EN4AaABAg,UgzpcHDgp1mVpwMP7EN4AaABAg,MpBToZaCuWE,LRT derailment: Commuters want track and train maintenance to be enhanced,The Star,https://www.youtube.com/watch?v=MpBToZaCuWE,2026-05-28T08:54:43Z,transport_public_services,Minister of transport should resign or be sacked. PM is not strong enough. Played by the DAP. So what if the coalition collapse and there is a GE. The man should have gone when Sabah elections delivered telur/egg. So much for the propaganda that they are working hard for the people.,24a6c229cbcf50444bfc,2026-05-29T09:14:01Z,2026-05-29T09:15:12Z,2,0,True,True,none,,2026-06-17T15:11:46.538322+00:00,raw,
YT_UgzzSHdy8rV9GKjYpa94AaABAg,YouTube,top_level_comment,UgzzSHdy8rV9GKjYpa94AaABAg,UgzzSHdy8rV9GKjYpa94AaABAg,MpBToZaCuWE,LRT derailment: Commuters want track and train maintenance to be enhanced,The Star,https://www.youtube.com/watch?v=MpBToZaCuWE,2026-05-28T08:54:43Z,transport_public_services,Anthony Joke said LRT not built by me.,119454857d767dfdd379,2026-05-29T07:40:54Z,2026-05-29T07:40:54Z,3,0,True,True,none,,2026-06-17T15:11:46.538335+00:00,raw,
YT_Ugx05ylVfbfkibv3ZF94AaABAg,YouTube,top_level_comment,Ugx05ylVfbfkibv3ZF94AaABAg,Ugx05ylVfbfkibv3ZF94AaABAg,MpBToZaCuWE,LRT derailment: Commuters want track and train maintenance to be enhanced,The Star,https://www.youtube.com/watch?v=MpBToZaCuWE,2026-05-28T08:54:43Z,transport_public_services,No deaths means no problem.,a37f0df03de8565de668,2026-05-29T07:09:29Z,2026-05-29T07:09:29Z,0,0,True,True,none,,2026-06-17T15:11:46.538347+00:00,raw,
YT_Ugz8nYKF07osYkvMa794AaABAg,YouTube,top_level_comment,Ugz8nYKF07osYkvMa794AaABAg,Ugz8nYKF07osYkvMa794AaABAg,MpBToZaCuWE,LRT derailment: Commuters want track and train maintenance to be enhanced,The Star,https://www.youtube.com/watch?v=MpBToZaCuWE,2026-05-28T08:54:43Z,transport_public_services,Bila last tahun diaorg buat insepction untuk track?,44f30e06d4651a3f04ae,2026-05-29T06:42:04Z,2026-05-29T06:42:04Z,0,0,True,True,none,,2026-06-17T15:11:46.538359+00:00,raw,
YT_Ugy4STlfFR1G10Dfwdt4AaABAg,YouTube,top_level_comment,Ugy4STlfFR1G10Dfwdt4AaABAg,Ugy4STlfFR1G10Dfwdt4AaABAg,MpBToZaCuWE,LRT derailment: Commuters want track and train maintenance to be enhanced,The Star,https://www.youtube.com/watch?v=MpBToZaCuWE,2026-05-28T08:54:43Z,transport_public_services,Anthony Loke should start selling lrt plate numbers,400e489182c8ed3ca094,2026-05-29T05:13:44Z,2026-05-29T05:13:44Z,0,1,True,True,none,,2026-06-17T15:11:46.538372+00:00,raw,
YT_UgwJDueJ1ww-xLOb9jx4AaABAg,YouTube,top_level_comment,UgwJDueJ1ww-xLOb9jx4AaABAg,UgwJDueJ1ww-xLOb9jx4AaABAg,MpBToZaCuWE,LRT derailment: Commuters want track and train maintenance to be enhanced,The Star,https://www.youtube.com/watch?v=MpBToZaCuWE,2026-05-28T08:54:43Z,transport_public_services,How does the penalty work? Sendiri saman sendiri? Anyone knows?,2c8c9179db8b03eb1b0d,2026-05-29T05:09:01Z,2026-05-29T05:09:01Z,0,0,True,True,none,,2026-06-17T15:11:46.538385+00:00,raw,
YT_UgwvxUd5SqBFK76Bp3F4AaABAg,YouTube,top_level_comment,UgwvxUd5SqBFK76Bp3F4AaABAg,UgwvxUd5SqBFK76Bp3F4AaABAg,MpBToZaCuWE,LRT derailment: Commuters want track and train maintenance to be enhanced,The Star,https://www.youtube.com/watch?v=MpBToZaCuWE,2026-05-28T08:54:43Z,transport_public_services,"Recently I took MRT and found loud sounds along the route, I dun know why ?? When it first started , there is no such strange sound !!!",60a7d57c50f61c77471c,2026-05-29T01:56:09Z,2026-05-29T01:56:09Z,1,0,True,True,none,,2026-06-17T15:11:46.538400+00:00,raw,
YT_UgxLtrVlWFfiEVmHRCZ4AaABAg,YouTube,top_level_comment,UgxLtrVlWFfiEVmHRCZ4AaABAg,UgxLtrVlWFfiEVmHRCZ4AaABAg,MpBToZaCuWE,LRT derailment: Commuters want track and train maintenance to be enhanced,The Star,https://www.youtube.com/watch?v=MpBToZaCuWE,2026-05-28T08:54:43Z,transport_public_services,The whole system in malaysia is falling apart. This is why meritocracy is very important in all sector of the economy not just the Bumiputeras sector. Why not tell Jakim to manage the country's management as they allocated 2 Billion Ringgit by PMX and furthermore allocated space in government departments to monitor and look after its employees. God help Malaysia.,8229a4dd34e2a5064676,2026-05-28T23:22:46Z,2026-05-28T23:22:46Z,0,0,True,True,none,,2026-06-17T15:11:46.538422+00:00,raw,
YT_UgyVQqrUG3aglJLAapV4AaABAg,YouTube,top_level_comment,UgyVQqrUG3aglJLAapV4AaABAg,UgyVQqrUG3aglJLAapV4AaABAg,MpBToZaCuWE,LRT derailment: Commuters want track and train maintenance to be enhanced,The Star,https://www.youtube.com/watch?v=MpBToZaCuWE,2026-05-28T08:54:43Z,transport_public_services,zero maintenance culture!!!,9032337809b017b6d156,2026-05-28T22:35:36Z,2026-05-28T22:35:36Z,0,1,True,True,none,,2026-06-17T15:11:46.538433+00:00,raw,
YT_UgwX6gpa_SaPkOrBM5Z4AaABAg,YouTube,top_level_comment,UgwX6gpa_SaPkOrBM5Z4AaABAg,UgwX6gpa_SaPkOrBM5Z4AaABAg,MpBToZaCuWE,LRT derailment: Commuters want track and train maintenance to be enhanced,The Star,https://www.youtube.com/watch?v=MpBToZaCuWE,2026-05-28T08:54:43Z,transport_public_services,"DEMANDING ""TANGUNGJOLI 2"" ...TONY ITSELF...",5d29db981258fed76cd9,2026-05-28T22:26:32Z,2026-05-28T22:26:32Z,1,0,True,True,none,,2026-06-17T15:11:46.538445+00:00,raw,
YT_Ugy4-ofRuuQiMBzAksh4AaABAg,YouTube,top_level_comment,Ugy4-ofRuuQiMBzAksh4AaABAg,Ugy4-ofRuuQiMBzAksh4AaABAg,MpBToZaCuWE,LRT derailment: Commuters want track and train maintenance to be enhanced,The Star,https://www.youtube.com/watch?v=MpBToZaCuWE,2026-05-28T08:54:43Z,transport_public_services,This is very serious!!! What if it happens during another train at the side track or at any height lifted track? Are you guys serious???,6661f94ad6d56ec27b0f,2026-05-28T21:38:19Z,2026-05-28T21:38:19Z,0,0,True,True,none,,2026-06-17T15:11:46.538460+00:00,raw,
YT_Ugx4ObP7f_fVYbacXcV4AaABAg,YouTube,top_level_comment,Ugx4ObP7f_fVYbacXcV4AaABAg,Ugx4ObP7f_fVYbacXcV4AaABAg,MpBToZaCuWE,LRT derailment: Commuters want track and train maintenance to be enhanced,The Star,https://www.youtube.com/watch?v=MpBToZaCuWE,2026-05-28T08:54:43Z,transport_public_services,Tracks look wrinkled….replacement overdue,f2e1ab01ed2afb9b9682,2026-05-28T20:09:43Z,2026-05-28T20:09:43Z,0,0,True,True,none,,2026-06-17T15:11:46.538473+00:00,raw,
YT_Ugz-nvAyJq0tkKFsNCt4AaABAg,YouTube,top_level_comment,Ugz-nvAyJq0tkKFsNCt4AaABAg,Ugz-nvAyJq0tkKFsNCt4AaABAg,MpBToZaCuWE,LRT derailment: Commuters want track and train maintenance to be enhanced,The Star,https://www.youtube.com/watch?v=MpBToZaCuWE,2026-05-28T08:54:43Z,transport_public_services,Useless dap minister.....aero train and now this ....no ending...,54a401cafd904ffd9ea9,2026-05-28T19:32:13Z,2026-05-28T19:32:13Z,1,1,True,True,none,,2026-06-17T15:11:46.538485+00:00,raw,
YT_Ugx_-0b4EokzEfb0uP14AaABAg,YouTube,top_level_comment,Ugx_-0b4EokzEfb0uP14AaABAg,Ugx_-0b4EokzEfb0uP14AaABAg,MpBToZaCuWE,LRT derailment: Commuters want track and train maintenance to be enhanced,The Star,https://www.youtube.com/watch?v=MpBToZaCuWE,2026-05-28T08:54:43Z,transport_public_services,Anthony Loke needs to resign his position.,80123b775ebc79757e26,2026-05-28T16:37:49Z,2026-05-28T16:37:49Z,5,5,True,True,none,,2026-06-17T15:11:46.538498+00:00,raw,
YT_Ugxsj14Bm5UoqX196jd4AaABAg,YouTube,top_level_comment,Ugxsj14Bm5UoqX196jd4AaABAg,Ugxsj14Bm5UoqX196jd4AaABAg,MpBToZaCuWE,LRT derailment: Commuters want track and train maintenance to be enhanced,The Star,https://www.youtube.com/watch?v=MpBToZaCuWE,2026-05-28T08:54:43Z,transport_public_services,Nasib baik aku naik ETS,66d2fd1bccda0b4dce62,2026-05-28T15:53:33Z,2026-05-28T15:53:33Z,1,0,True,True,none,,2026-06-17T15:11:46.538510+00:00,raw,
YT_UgzxX2Haqwx_F1xKywl4AaABAg,YouTube,top_level_comment,UgzxX2Haqwx_F1xKywl4AaABAg,UgzxX2Haqwx_F1xKywl4AaABAg,MpBToZaCuWE,LRT derailment: Commuters want track and train maintenance to be enhanced,The Star,https://www.youtube.com/watch?v=MpBToZaCuWE,2026-05-28T08:54:43Z,transport_public_services,Derailment do not usually happen along straight tracks. Can it be rail buckling due to extreme weather despite expansion gaps.,022e6d3bd466bbf6022f,2026-05-28T14:57:14Z,2026-05-28T14:57:14Z,0,0,True,True,none,,2026-06-17T15:11:46.538525+00:00,raw,
YT_UgycJhvt2ekn4glHyXF4AaABAg,YouTube,top_level_comment,UgycJhvt2ekn4glHyXF4AaABAg,UgycJhvt2ekn4glHyXF4AaABAg,MpBToZaCuWE,LRT derailment: Commuters want track and train maintenance to be enhanced,The Star,https://www.youtube.com/watch?v=MpBToZaCuWE,2026-05-28T08:54:43Z,transport_public_services,Cannot blame accident? Of course you can prevent accident by carrying out maintenance diligently without fail,c267623252630e3d2d1e,2026-05-28T14:05:22Z,2026-05-28T14:05:50Z,2,0,True,True,none,,2026-06-17T15:11:46.538541+00:00,raw,
YT_Ugx95E94XU0SKo867jd4AaABAg,YouTube,top_level_comment,Ugx95E94XU0SKo867jd4AaABAg,Ugx95E94XU0SKo867jd4AaABAg,MpBToZaCuWE,LRT derailment: Commuters want track and train maintenance to be enhanced,The Star,https://www.youtube.com/watch?v=MpBToZaCuWE,2026-05-28T08:54:43Z,transport_public_services,"Anyway, LRT better service than Aerobridge train at KLIA that often brokedown. Anthony what are you doing?",a3a0a857af956931d4c1,2026-05-28T13:58:06Z,2026-05-28T13:58:06Z,0,0,True,True,none,,2026-06-17T15:11:46.538555+00:00,raw,
YT_UgzHxcYAE-KiForhXil4AaABAg,YouTube,top_level_comment,UgzHxcYAE-KiForhXil4AaABAg,UgzHxcYAE-KiForhXil4AaABAg,MpBToZaCuWE,LRT derailment: Commuters want track and train maintenance to be enhanced,The Star,https://www.youtube.com/watch?v=MpBToZaCuWE,2026-05-28T08:54:43Z,transport_public_services,"So scary like this, already",5e6c92579e87148b679e,2026-05-28T13:47:16Z,2026-05-28T13:47:16Z,3,0,True,True,none,,2026-06-17T15:11:46.538567+00:00,raw,
YT_UgzW92ENe_e_uEZVSit4AaABAg,YouTube,top_level_comment,UgzW92ENe_e_uEZVSit4AaABAg,UgzW92ENe_e_uEZVSit4AaABAg,MpBToZaCuWE,LRT derailment: Commuters want track and train maintenance to be enhanced,The Star,https://www.youtube.com/watch?v=MpBToZaCuWE,2026-05-28T08:54:43Z,transport_public_services,They should have inspect and check if there's any cable thieves happen again !! Yet they do nothing and let it happen. Bravado to our Prasarana and PDRM endless effort 😂. They are really fcuking clowns for sure,4d46bc50d5b6fe333a31,2026-05-28T13:37:03Z,2026-05-28T13:37:03Z,0,0,True,True,none,,2026-06-17T15:11:46.538586+00:00,raw,
YT_UgxFqamrSVW8sqUFvSF4AaABAg,YouTube,top_level_comment,UgxFqamrSVW8sqUFvSF4AaABAg,UgxFqamrSVW8sqUFvSF4AaABAg,MpBToZaCuWE,LRT derailment: Commuters want track and train maintenance to be enhanced,The Star,https://www.youtube.com/watch?v=MpBToZaCuWE,2026-05-28T08:54:43Z,transport_public_services,"All this activities are sabotage of Malaysia economy, fuel cost expensive, peoples have take buses, same stupid activities geng Geng PAS performed Motor convoy to waste government subsidi",83bb220b0804ab54536d,2026-05-28T13:29:19Z,2026-05-28T13:29:19Z,0,0,True,True,none,,2026-06-17T15:11:46.538602+00:00,raw,
YT_UgyCkmgLeNnj5rpx71p4AaABAg,YouTube,top_level_comment,UgyCkmgLeNnj5rpx71p4AaABAg,UgyCkmgLeNnj5rpx71p4AaABAg,MpBToZaCuWE,LRT derailment: Commuters want track and train maintenance to be enhanced,The Star,https://www.youtube.com/watch?v=MpBToZaCuWE,2026-05-28T08:54:43Z,transport_public_services,Only in Malaysia,fd6e002418f2b1d16ec3,2026-05-28T13:17:44Z,2026-05-28T13:17:44Z,1,0,True,True,none,,2026-06-17T15:11:46.538623+00:00,raw,
YT_Ugw6I_RpsDddzvy7xmh4AaABAg,YouTube,top_level_comment,Ugw6I_RpsDddzvy7xmh4AaABAg,Ugw6I_RpsDddzvy7xmh4AaABAg,MpBToZaCuWE,LRT derailment: Commuters want track and train maintenance to be enhanced,The Star,https://www.youtube.com/watch?v=MpBToZaCuWE,2026-05-28T08:54:43Z,transport_public_services,"got money to donate Palestine, no money for renew railway, Malaysia boleh",56adfb7c554d3a15a801,2026-05-28T13:13:52Z,2026-05-28T13:13:52Z,0,1,True,True,none,,2026-06-17T15:11:46.538637+00:00,raw,
YT_UgxrsiEjH3efW5IKXKh4AaABAg,YouTube,top_level_comment,UgxrsiEjH3efW5IKXKh4AaABAg,UgxrsiEjH3efW5IKXKh4AaABAg,MpBToZaCuWE,LRT derailment: Commuters want track and train maintenance to be enhanced,The Star,https://www.youtube.com/watch?v=MpBToZaCuWE,2026-05-28T08:54:43Z,transport_public_services,Impact consumer confidence extreme low..more people start buying car,d2a1a73ec0a467fcf291,2026-05-28T13:05:49Z,2026-05-28T13:05:49Z,0,0,True,True,none,,2026-06-17T15:11:46.538650+00:00,raw,
YT_Ugym1IADeUoj1tL3kDN4AaABAg,YouTube,top_level_comment,Ugym1IADeUoj1tL3kDN4AaABAg,Ugym1IADeUoj1tL3kDN4AaABAg,MpBToZaCuWE,LRT derailment: Commuters want track and train maintenance to be enhanced,The Star,https://www.youtube.com/watch?v=MpBToZaCuWE,2026-05-28T08:54:43Z,transport_public_services,Good luck with JB-SG RTS.,f6709c2d270cf033c3b8,2026-05-28T12:59:38Z,2026-05-28T12:59:38Z,0,0,True,True,none,,2026-06-17T15:11:46.538661+00:00,raw,
YT_Ugx3ER5gvpIbAkDUFL54AaABAg,YouTube,top_level_comment,Ugx3ER5gvpIbAkDUFL54AaABAg,Ugx3ER5gvpIbAkDUFL54AaABAg,MpBToZaCuWE,LRT derailment: Commuters want track and train maintenance to be enhanced,The Star,https://www.youtube.com/watch?v=MpBToZaCuWE,2026-05-28T08:54:43Z,transport_public_services,Huh i seen this area before,a99c1a713f2c45b9f464,2026-05-28T12:57:51Z,2026-05-28T12:57:51Z,0,0,True,True,none,,2026-06-17T15:11:46.538673+00:00,raw,
YT_UgxoE-QWTYow_jqt2vV4AaABAg,YouTube,top_level_comment,UgxoE-QWTYow_jqt2vV4AaABAg,UgxoE-QWTYow_jqt2vV4AaABAg,MpBToZaCuWE,LRT derailment: Commuters want track and train maintenance to be enhanced,The Star,https://www.youtube.com/watch?v=MpBToZaCuWE,2026-05-28T08:54:43Z,transport_public_services,"Its so sad to hear all these matters. The Government buys expensive machineries and equipments, But always management and maintenance is never abided. Sad, always Rakyat are the victims.😮",3d31ce37ab097898bc9e,2026-05-28T12:54:02Z,2026-05-28T12:54:43Z,0,0,True,True,none,,2026-06-17T15:11:46.538691+00:00,raw,
YT_UgwxrFnIr5sSQHhovEZ4AaABAg,YouTube,top_level_comment,UgwxrFnIr5sSQHhovEZ4AaABAg,UgwxrFnIr5sSQHhovEZ4AaABAg,MpBToZaCuWE,LRT derailment: Commuters want track and train maintenance to be enhanced,The Star,https://www.youtube.com/watch?v=MpBToZaCuWE,2026-05-28T08:54:43Z,transport_public_services,Multi drift *play deja vu*,e61b49606547a07128c0,2026-05-28T12:41:20Z,2026-05-28T12:41:20Z,0,0,True,True,none,,2026-06-17T15:11:46.538703+00:00,raw,
YT_UgwnF_h8JuDUcgQ9zS54AaABAg,YouTube,top_level_comment,UgwnF_h8JuDUcgQ9zS54AaABAg,UgwnF_h8JuDUcgQ9zS54AaABAg,MpBToZaCuWE,LRT derailment: Commuters want track and train maintenance to be enhanced,The Star,https://www.youtube.com/watch?v=MpBToZaCuWE,2026-05-28T08:54:43Z,transport_public_services,What is Anthony loke doings,eac0fae9506e27c4f6e3,2026-05-28T12:35:30Z,2026-05-28T12:35:30Z,0,0,True,True,none,,2026-06-17T15:11:46.538714+00:00,raw,
YT_UgyIyhSrkmKtIO5QJuR4AaABAg,YouTube,top_level_comment,UgyIyhSrkmKtIO5QJuR4AaABAg,UgyIyhSrkmKtIO5QJuR4AaABAg,MpBToZaCuWE,LRT derailment: Commuters want track and train maintenance to be enhanced,The Star,https://www.youtube.com/watch?v=MpBToZaCuWE,2026-05-28T08:54:43Z,transport_public_services,"More apartments need to be built, it will stop train derailment.",cdc03b4a9985a1788e78,2026-05-28T12:21:36Z,2026-05-28T12:21:36Z,1,0,True,True,none,,2026-06-17T15:11:46.538727+00:00,raw,
YT_UgwjmMTriEdW3zP7Td14AaABAg,YouTube,top_level_comment,UgwjmMTriEdW3zP7Td14AaABAg,UgwjmMTriEdW3zP7Td14AaABAg,MpBToZaCuWE,LRT derailment: Commuters want track and train maintenance to be enhanced,The Star,https://www.youtube.com/watch?v=MpBToZaCuWE,2026-05-28T08:54:43Z,transport_public_services,Well the train is drifting 😭😭😭😭,2daeded0a908794f9f9d,2026-05-28T12:18:46Z,2026-05-28T12:18:46Z,0,1,True,True,none,,2026-06-17T15:11:46.538739+00:00,raw,
YT_UgyHFrnq2DDdbcebh1t4AaABAg,YouTube,top_level_comment,UgyHFrnq2DDdbcebh1t4AaABAg,UgyHFrnq2DDdbcebh1t4AaABAg,MpBToZaCuWE,LRT derailment: Commuters want track and train maintenance to be enhanced,The Star,https://www.youtube.com/watch?v=MpBToZaCuWE,2026-05-28T08:54:43Z,transport_public_services,Budol Malaysia lrt Banya orang disturbing for going to work Mo money repair Banya orang foreigner gaji Bayat government Malaysia Bodo,cae84c8a0ac5dddd27ad,2026-05-28T12:18:23Z,2026-05-28T12:18:23Z,0,0,True,True,none,,2026-06-17T15:11:46.538754+00:00,raw,
YT_Ugz0OGdkBLCLf_C5I8l4AaABAg,YouTube,top_level_comment,Ugz0OGdkBLCLf_C5I8l4AaABAg,Ugz0OGdkBLCLf_C5I8l4AaABAg,MpBToZaCuWE,LRT derailment: Commuters want track and train maintenance to be enhanced,The Star,https://www.youtube.com/watch?v=MpBToZaCuWE,2026-05-28T08:54:43Z,transport_public_services,Sudah terang lagi bersuluh! Yang Maha Kuasa cuma tunjuk sedikit sahaja. ✌️,6d0ade1ea81f57fe0149,2026-05-28T12:12:14Z,2026-05-28T12:12:14Z,1,0,True,True,none,,2026-06-17T15:11:46.538768+00:00,raw,
YT_Ugxr2_xzkD42hw-Sxed4AaABAg,YouTube,top_level_comment,Ugxr2_xzkD42hw-Sxed4AaABAg,Ugxr2_xzkD42hw-Sxed4AaABAg,MpBToZaCuWE,LRT derailment: Commuters want track and train maintenance to be enhanced,The Star,https://www.youtube.com/watch?v=MpBToZaCuWE,2026-05-28T08:54:43Z,transport_public_services,"Just throw money to fix it, even before madani government take over it never been fixed like what more than 20 years",c97575a00151daa6055a,2026-05-28T12:11:46Z,2026-05-28T12:11:46Z,1,0,True,True,none,,2026-06-17T15:11:46.538783+00:00,raw,
YT_UgwGksdwHBPzPC8jFIt4AaABAg,YouTube,top_level_comment,UgwGksdwHBPzPC8jFIt4AaABAg,UgwGksdwHBPzPC8jFIt4AaABAg,MpBToZaCuWE,LRT derailment: Commuters want track and train maintenance to be enhanced,The Star,https://www.youtube.com/watch?v=MpBToZaCuWE,2026-05-28T08:54:43Z,transport_public_services,"Relevant authorities please do something about our metro system. They are showing warnings already, we do not want any fatal accidents to happen.",b84630c0a52116606d2a,2026-05-28T12:00:24Z,2026-05-28T12:00:24Z,0,0,True,True,none,,2026-06-17T15:11:46.538797+00:00,raw,
YT_UgxAdJALgkMRU-1BxOZ4AaABAg,YouTube,top_level_comment,UgxAdJALgkMRU-1BxOZ4AaABAg,UgxAdJALgkMRU-1BxOZ4AaABAg,MpBToZaCuWE,LRT derailment: Commuters want track and train maintenance to be enhanced,The Star,https://www.youtube.com/watch?v=MpBToZaCuWE,2026-05-28T08:54:43Z,transport_public_services,Rasuah - Binasa satu negara ...,9d23062e5f1111807e4d,2026-05-28T11:58:27Z,2026-05-28T11:58:27Z,4,0,True,True,none,,2026-06-17T15:11:46.538809+00:00,raw,
YT_UgwXQWcBCxITiqIAie94AaABAg,YouTube,top_level_comment,UgwXQWcBCxITiqIAie94AaABAg,UgwXQWcBCxITiqIAie94AaABAg,MpBToZaCuWE,LRT derailment: Commuters want track and train maintenance to be enhanced,The Star,https://www.youtube.com/watch?v=MpBToZaCuWE,2026-05-28T08:54:43Z,transport_public_services,Like what Anthony Loke said: we have first class facility but third class maintenance.,4069d119c297b2b42af2,2026-05-28T11:53:37Z,2026-05-28T11:53:37Z,4,1,True,True,none,,2026-06-17T15:11:46.538822+00:00,raw,
YT_Ugx5-Wol7r3xMglzVBB4AaABAg,YouTube,top_level_comment,Ugx5-Wol7r3xMglzVBB4AaABAg,Ugx5-Wol7r3xMglzVBB4AaABAg,MpBToZaCuWE,LRT derailment: Commuters want track and train maintenance to be enhanced,The Star,https://www.youtube.com/watch?v=MpBToZaCuWE,2026-05-28T08:54:43Z,transport_public_services,damn i take the Ampang train to school im so glad that it was a 2 week holiday i wouldve gotten slightly injured by that sudden stop/crash,922e80fb97adf1072952,2026-05-28T11:52:51Z,2026-05-28T11:52:51Z,1,1,True,True,none,,2026-06-17T15:11:46.538838+00:00,raw,
YT_UgxTwWkrIJwnvackkoh4AaABAg,YouTube,top_level_comment,UgxTwWkrIJwnvackkoh4AaABAg,UgxTwWkrIJwnvackkoh4AaABAg,MpBToZaCuWE,LRT derailment: Commuters want track and train maintenance to be enhanced,The Star,https://www.youtube.com/watch?v=MpBToZaCuWE,2026-05-28T08:54:43Z,transport_public_services,Somoga semua baik semula,b67e5a39cd2a67caad1f,2026-05-28T11:48:26Z,2026-05-28T11:48:26Z,0,0,True,True,none,,2026-06-17T15:11:46.538849+00:00,raw,
YT_Ugzb7tZLi4E--GA4QRB4AaABAg,YouTube,top_level_comment,Ugzb7tZLi4E--GA4QRB4AaABAg,Ugzb7tZLi4E--GA4QRB4AaABAg,MpBToZaCuWE,LRT derailment: Commuters want track and train maintenance to be enhanced,The Star,https://www.youtube.com/watch?v=MpBToZaCuWE,2026-05-28T08:54:43Z,transport_public_services,Dalam masa 1 bulan 2 kejadian😵‍💫😵‍💫😵‍💫,a7453b9efda19104fac4,2026-05-28T11:39:53Z,2026-05-28T11:39:53Z,0,0,True,True,none,,2026-06-17T15:11:46.538862+00:00,raw,
YT_Ugw4S2-eWEp8-b7_xWh4AaABAg,YouTube,top_level_comment,Ugw4S2-eWEp8-b7_xWh4AaABAg,Ugw4S2-eWEp8-b7_xWh4AaABAg,MpBToZaCuWE,LRT derailment: Commuters want track and train maintenance to be enhanced,The Star,https://www.youtube.com/watch?v=MpBToZaCuWE,2026-05-28T08:54:43Z,transport_public_services,What? Multi track drifting!,d61526d56b564b261d40,2026-05-28T11:26:29Z,2026-05-28T11:26:29Z,2,0,True,True,none,,2026-06-17T15:11:46.538873+00:00,raw,
YT_Ugx4N5LD1HEVnk_Ishl4AaABAg,YouTube,top_level_comment,Ugx4N5LD1HEVnk_Ishl4AaABAg,Ugx4N5LD1HEVnk_Ishl4AaABAg,MpBToZaCuWE,LRT derailment: Commuters want track and train maintenance to be enhanced,The Star,https://www.youtube.com/watch?v=MpBToZaCuWE,2026-05-28T08:54:43Z,transport_public_services,"As usual no one is responsible, accident is to be blame",3a1f3b3ffa63db9c83f1,2026-05-28T11:20:01Z,2026-05-28T11:20:58Z,0,0,True,True,none,,2026-06-17T15:11:46.538886+00:00,raw,
YT_UgwZVOds3MNS19x9Jyx4AaABAg,YouTube,top_level_comment,UgwZVOds3MNS19x9Jyx4AaABAg,UgwZVOds3MNS19x9Jyx4AaABAg,MpBToZaCuWE,LRT derailment: Commuters want track and train maintenance to be enhanced,The Star,https://www.youtube.com/watch?v=MpBToZaCuWE,2026-05-28T08:54:43Z,transport_public_services,Cok² ada lah solution... Sampai Abg Jamil mampos..,e710f3b909d41be02d5c,2026-05-28T11:01:46Z,2026-05-28T11:01:46Z,0,0,True,True,none,,2026-06-17T15:11:46.538898+00:00,raw,
YT_UgynU8Pw1HcTMJQvZG14AaABAg,YouTube,top_level_comment,UgynU8Pw1HcTMJQvZG14AaABAg,UgynU8Pw1HcTMJQvZG14AaABAg,MpBToZaCuWE,LRT derailment: Commuters want track and train maintenance to be enhanced,The Star,https://www.youtube.com/watch?v=MpBToZaCuWE,2026-05-28T08:54:43Z,transport_public_services,Apa kata mintri?,2c6e7f27544d9b220e46,2026-05-28T10:55:44Z,2026-05-28T10:55:44Z,0,0,True,True,none,,2026-06-17T15:11:46.538910+00:00,raw,
YT_UgzUI_Q1wdwnHPoUQpB4AaABAg,YouTube,top_level_comment,UgzUI_Q1wdwnHPoUQpB4AaABAg,UgzUI_Q1wdwnHPoUQpB4AaABAg,MpBToZaCuWE,LRT derailment: Commuters want track and train maintenance to be enhanced,The Star,https://www.youtube.com/watch?v=MpBToZaCuWE,2026-05-28T08:54:43Z,transport_public_services,Kerajaan amnbil duit 30 puluh tan,0a943c0c4df1dae36320,2026-05-28T10:55:36Z,2026-05-28T10:55:36Z,2,0,True,True,none,,2026-06-17T15:11:46.538922+00:00,raw,
YT_UgxqWJQaN1ndkttcdwR4AaABAg,YouTube,top_level_comment,UgxqWJQaN1ndkttcdwR4AaABAg,UgxqWJQaN1ndkttcdwR4AaABAg,MpBToZaCuWE,LRT derailment: Commuters want track and train maintenance to be enhanced,The Star,https://www.youtube.com/watch?v=MpBToZaCuWE,2026-05-28T08:54:43Z,transport_public_services,MR. Loke left the chat. 😏,a0a9a973492501796acb,2026-05-28T10:47:27Z,2026-05-28T10:47:27Z,9,1,True,True,none,,2026-06-17T15:11:46.538934+00:00,raw,
YT_UgxK-Mv2jyAvzC3MaNZ4AaABAg,YouTube,top_level_comment,UgxK-Mv2jyAvzC3MaNZ4AaABAg,UgxK-Mv2jyAvzC3MaNZ4AaABAg,MpBToZaCuWE,LRT derailment: Commuters want track and train maintenance to be enhanced,The Star,https://www.youtube.com/watch?v=MpBToZaCuWE,2026-05-28T08:54:43Z,transport_public_services,SG mrt brokedown CEO had to resign.,0c773582c5b0f9b1a558,2026-05-28T10:44:17Z,2026-05-28T10:44:17Z,3,0,True,True,none,,2026-06-17T15:11:46.538946+00:00,raw,
YT_UgxGLLmepl8AG07leMJ4AaABAg,YouTube,top_level_comment,UgxGLLmepl8AG07leMJ4AaABAg,UgxGLLmepl8AG07leMJ4AaABAg,MpBToZaCuWE,LRT derailment: Commuters want track and train maintenance to be enhanced,The Star,https://www.youtube.com/watch?v=MpBToZaCuWE,2026-05-28T08:54:43Z,transport_public_services,what commuters want is for the MCA owned The Star media to overhaul itself and WKS,961f43bfb99a7b20a9ba,2026-05-28T10:43:45Z,2026-05-28T10:43:45Z,1,0,True,True,none,,2026-06-17T15:11:46.538960+00:00,raw,
YT_UgxRjc0kI_AUN12vaiV4AaABAg,YouTube,top_level_comment,UgxRjc0kI_AUN12vaiV4AaABAg,UgxRjc0kI_AUN12vaiV4AaABAg,MpBToZaCuWE,LRT derailment: Commuters want track and train maintenance to be enhanced,The Star,https://www.youtube.com/watch?v=MpBToZaCuWE,2026-05-28T08:54:43Z,transport_public_services,Bale2 kecik yg tuhanturin ksn akibatm mengangkat pemimpin kaki jubo rosak skhlak.. dari nk rawat trek2 kenderaan awam yu bagai bsik duit yu di kski jibo bgi2 ngan snk dia atau dimpan flm acc nama dia dlm bank yahudi sana... Rakyat nk msmpos flm yrain ke lsntak ko lsh situ..ada sku kesah kata si kaki jubo madanon..,bb60a0742c67ad40dda2,2026-05-28T10:43:26Z,2026-05-28T10:43:26Z,0,0,True,True,none,,2026-06-17T15:11:46.538980+00:00,raw,
YT_UgwB5FfllSfjcJmW4Ap4AaABAg,YouTube,top_level_comment,UgwB5FfllSfjcJmW4Ap4AaABAg,UgwB5FfllSfjcJmW4Ap4AaABAg,MpBToZaCuWE,LRT derailment: Commuters want track and train maintenance to be enhanced,The Star,https://www.youtube.com/watch?v=MpBToZaCuWE,2026-05-28T08:54:43Z,transport_public_services,BBQed,b8954c7ca55b20b9a109,2026-05-28T10:42:46Z,2026-05-28T10:42:46Z,0,0,True,True,none,,2026-06-17T15:11:46.538991+00:00,raw,
YT_UgzKEmc1QnU8XkEm2BF4AaABAg,YouTube,top_level_comment,UgzKEmc1QnU8XkEm2BF4AaABAg,UgzKEmc1QnU8XkEm2BF4AaABAg,MpBToZaCuWE,LRT derailment: Commuters want track and train maintenance to be enhanced,The Star,https://www.youtube.com/watch?v=MpBToZaCuWE,2026-05-28T08:54:43Z,transport_public_services,Anthony Loke menteri paling gagal..xde 5% pun dari pencapaian Dato Seri Ling Liong Sik,c51e8a4f8334d8b9cdbe,2026-05-28T10:34:55Z,2026-05-28T10:34:55Z,3,0,True,True,none,,2026-06-17T15:11:46.539004+00:00,raw,
YT_UgyaGxMJMYUfpdWU4U54AaABAg,YouTube,top_level_comment,UgyaGxMJMYUfpdWU4U54AaABAg,UgyaGxMJMYUfpdWU4U54AaABAg,MpBToZaCuWE,LRT derailment: Commuters want track and train maintenance to be enhanced,The Star,https://www.youtube.com/watch?v=MpBToZaCuWE,2026-05-28T08:54:43Z,transport_public_services,Apa2 benda pun akan rosak kalau dah lama...aircraft pun jatuh....,08fca1bfdd71bbeab53a,2026-05-28T10:33:09Z,2026-05-28T10:33:09Z,2,2,True,True,none,,2026-06-17T15:11:46.539017+00:00,raw,
YT_UgzjoYiz266Xv65u4XN4AaABAg,YouTube,top_level_comment,UgzjoYiz266Xv65u4XN4AaABAg,UgzjoYiz266Xv65u4XN4AaABAg,MpBToZaCuWE,LRT derailment: Commuters want track and train maintenance to be enhanced,The Star,https://www.youtube.com/watch?v=MpBToZaCuWE,2026-05-28T08:54:43Z,transport_public_services,Weei hello! This is too much oredi! Hancur man! Transport Minister how now! R u angry or happy?,14dd0b1c1f99eb850f2a,2026-05-28T10:30:08Z,2026-05-28T10:30:08Z,0,0,True,True,none,,2026-06-17T15:11:46.539031+00:00,raw,
YT_UgxgqcsJctRmDfv3ihR4AaABAg,YouTube,top_level_comment,UgxgqcsJctRmDfv3ihR4AaABAg,UgxgqcsJctRmDfv3ihR4AaABAg,MpBToZaCuWE,LRT derailment: Commuters want track and train maintenance to be enhanced,The Star,https://www.youtube.com/watch?v=MpBToZaCuWE,2026-05-28T08:54:43Z,transport_public_services,tell me! who threw the coin into the rail not on purposely?! iykyk,e91aa1e1f6d8e5f9df57,2026-05-28T10:28:02Z,2026-05-28T10:28:02Z,0,0,True,True,none,,2026-06-17T15:11:46.539043+00:00,raw,
YT_Ugydyv2rp_LkMzx_qVN4AaABAg,YouTube,top_level_comment,Ugydyv2rp_LkMzx_qVN4AaABAg,Ugydyv2rp_LkMzx_qVN4AaABAg,MpBToZaCuWE,LRT derailment: Commuters want track and train maintenance to be enhanced,The Star,https://www.youtube.com/watch?v=MpBToZaCuWE,2026-05-28T08:54:43Z,transport_public_services,"These tracks needs continuous maintenance. Politicians are to busy attacking each others with 3 R issues, no time for all the things that concern the public.",4d0ba699b0c803666b51,2026-05-28T10:20:11Z,2026-05-28T10:20:11Z,60,3,True,True,none,,2026-06-17T15:11:46.539059+00:00,raw,
YT_UgwPRzQnnzS8PZMMAYV4AaABAg,YouTube,top_level_comment,UgwPRzQnnzS8PZMMAYV4AaABAg,UgwPRzQnnzS8PZMMAYV4AaABAg,MpBToZaCuWE,LRT derailment: Commuters want track and train maintenance to be enhanced,The Star,https://www.youtube.com/watch?v=MpBToZaCuWE,2026-05-28T08:54:43Z,transport_public_services,Yaaarabi faraj,2bde951c2cf55e518bbb,2026-05-28T10:11:09Z,2026-05-28T10:11:09Z,0,0,True,True,none,,2026-06-17T15:11:46.539070+00:00,raw,
YT_UgwjHgAgwaRo4ODLUDp4AaABAg,YouTube,top_level_comment,UgwjHgAgwaRo4ODLUDp4AaABAg,UgwjHgAgwaRo4ODLUDp4AaABAg,MpBToZaCuWE,LRT derailment: Commuters want track and train maintenance to be enhanced,The Star,https://www.youtube.com/watch?v=MpBToZaCuWE,2026-05-28T08:54:43Z,transport_public_services,The cinas are so competent!,d89aaa3d6c9adad85c44,2026-05-28T10:09:01Z,2026-05-28T10:09:01Z,2,1,True,True,none,,2026-06-17T15:11:46.539081+00:00,raw,
YT_Ugxor8K7DUQfPxZUZqp4AaABAg,YouTube,top_level_comment,Ugxor8K7DUQfPxZUZqp4AaABAg,Ugxor8K7DUQfPxZUZqp4AaABAg,MpBToZaCuWE,LRT derailment: Commuters want track and train maintenance to be enhanced,The Star,https://www.youtube.com/watch?v=MpBToZaCuWE,2026-05-28T08:54:43Z,transport_public_services,Ok la sikit sebab platform 1A tak di pakai selamanya sekarang baru ada,8e7155690d599f4120f3,2026-05-28T10:07:27Z,2026-05-28T10:07:27Z,4,0,True,True,none,,2026-06-17T15:11:46.539094+00:00,raw,
YT_UgwldmmkVwqQPRexltd4AaABAg,YouTube,top_level_comment,UgwldmmkVwqQPRexltd4AaABAg,UgwldmmkVwqQPRexltd4AaABAg,MpBToZaCuWE,LRT derailment: Commuters want track and train maintenance to be enhanced,The Star,https://www.youtube.com/watch?v=MpBToZaCuWE,2026-05-28T08:54:43Z,transport_public_services,"What's up with all these recent trains accidents? Thailand, Indonesia, and just the other day in Belgium. Something ain't right.",5b68291ffe2d19854ac3,2026-05-28T10:06:30Z,2026-05-28T10:06:30Z,14,4,True,True,none,,2026-06-17T15:11:46.539108+00:00,raw,
YT_UgyC9HWbtJchvL0eRfN4AaABAg,YouTube,top_level_comment,UgyC9HWbtJchvL0eRfN4AaABAg,UgyC9HWbtJchvL0eRfN4AaABAg,MpBToZaCuWE,LRT derailment: Commuters want track and train maintenance to be enhanced,The Star,https://www.youtube.com/watch?v=MpBToZaCuWE,2026-05-28T08:54:43Z,transport_public_services,"Buat parti dekat pavi, lrt biar mati. 🤭",1d1a4635f2f54cff08bf,2026-05-28T10:05:20Z,2026-05-28T10:05:20Z,0,0,True,True,none,,2026-06-17T15:11:46.539120+00:00,raw,
YT_Ugw8CS8R51NuTKd-7994AaABAg,YouTube,top_level_comment,Ugw8CS8R51NuTKd-7994AaABAg,Ugw8CS8R51NuTKd-7994AaABAg,MpBToZaCuWE,LRT derailment: Commuters want track and train maintenance to be enhanced,The Star,https://www.youtube.com/watch?v=MpBToZaCuWE,2026-05-28T08:54:43Z,transport_public_services,"2 weeks ago: Kelana Jaya line LRT service disruption Today: Ampang & Sri Petaling lines LRT service disruption What's next? Kajang line MRT, Putrajaya line MRT, monorail, KTM, ERL or ETS service disruption?",b028b177d255b63158d3,2026-05-28T10:04:55Z,2026-05-28T10:04:55Z,11,2,True,True,none,,2026-06-17T15:11:46.539137+00:00,raw,
YT_UgwHcIDoaLXlqSI8fGh4AaABAg,YouTube,top_level_comment,UgwHcIDoaLXlqSI8fGh4AaABAg,UgwHcIDoaLXlqSI8fGh4AaABAg,MpBToZaCuWE,LRT derailment: Commuters want track and train maintenance to be enhanced,The Star,https://www.youtube.com/watch?v=MpBToZaCuWE,2026-05-28T08:54:43Z,transport_public_services,"Think about it. Madani govt sends money to middle east, they spend money on new ic, new passport what Malaysian problems are they solving by spending tax payer moneys. I go overseas auto counter never work when I pass. Why need new ic when got digital id & mysejahtera? If no benefit, then why waste money? Pot holes remain, every year flood, don't do enough for east Malaysia when putrajaya take their resources for granted. Who profits if not rakyat. I used have pkr flag and support dap. Will I vote for them again? I'm not crazy. Think for yourself",3ac6bcb7ee623d7c921a,2026-05-28T10:03:28Z,2026-05-28T10:10:23Z,3,2,True,True,none,,2026-06-17T15:11:46.539165+00:00,raw,
YT_UgwRgtEcG0XrkGr5C9l4AaABAg,YouTube,top_level_comment,UgwRgtEcG0XrkGr5C9l4AaABAg,UgwRgtEcG0XrkGr5C9l4AaABAg,MpBToZaCuWE,LRT derailment: Commuters want track and train maintenance to be enhanced,The Star,https://www.youtube.com/watch?v=MpBToZaCuWE,2026-05-28T08:54:43Z,transport_public_services,Aiyah Better change the ageing & outdated train & signaling system Already more than 30 yr old,30ecd674d867f27b665f,2026-05-28T09:57:56Z,2026-05-28T09:57:56Z,18,1,True,True,none,,2026-06-17T15:11:46.539313+00:00,raw,
YT_UgynwgKTWygPf5K1nDJ4AaABAg,YouTube,top_level_comment,UgynwgKTWygPf5K1nDJ4AaABAg,UgynwgKTWygPf5K1nDJ4AaABAg,MpBToZaCuWE,LRT derailment: Commuters want track and train maintenance to be enhanced,The Star,https://www.youtube.com/watch?v=MpBToZaCuWE,2026-05-28T08:54:43Z,transport_public_services,Derailed? Never happened before has it.,ee2c173d9c9caae9d68f,2026-05-28T09:55:32Z,2026-05-28T09:55:32Z,5,1,True,True,none,,2026-06-17T15:11:46.539336+00:00,raw,
YT_UgwyB7gLbCUNa7padNJ4AaABAg,YouTube,top_level_comment,UgwyB7gLbCUNa7padNJ4AaABAg,UgwyB7gLbCUNa7padNJ4AaABAg,MpBToZaCuWE,LRT derailment: Commuters want track and train maintenance to be enhanced,The Star,https://www.youtube.com/watch?v=MpBToZaCuWE,2026-05-28T08:54:43Z,transport_public_services,This is exactly the reason why I stopped taking LRT to anywhere! Please fix it already my god,847782b9ffa1a3b2c20f,2026-05-28T09:29:53Z,2026-05-28T09:29:53Z,22,8,True,True,none,,2026-06-17T15:11:46.539352+00:00,raw,
YT_UgzawMzaUUtqqjKCJkp4AaABAg,YouTube,top_level_comment,UgzawMzaUUtqqjKCJkp4AaABAg,UgzawMzaUUtqqjKCJkp4AaABAg,MpBToZaCuWE,LRT derailment: Commuters want track and train maintenance to be enhanced,The Star,https://www.youtube.com/watch?v=MpBToZaCuWE,2026-05-28T08:54:43Z,transport_public_services,Too much corruption this stupid MALAYSIA.....created by the one and only 100yo dictator...Malaysia will never progress due to wrong fundamental,c0d0d9ddaa540e49695f,2026-05-28T09:22:11Z,2026-05-28T09:22:11Z,0,0,True,True,none,,2026-06-17T15:11:46.539367+00:00,raw,
YT_UgzAwtPrrKvi4GEgkj94AaABAg,YouTube,top_level_comment,UgzAwtPrrKvi4GEgkj94AaABAg,UgzAwtPrrKvi4GEgkj94AaABAg,MpBToZaCuWE,LRT derailment: Commuters want track and train maintenance to be enhanced,The Star,https://www.youtube.com/watch?v=MpBToZaCuWE,2026-05-28T08:54:43Z,transport_public_services,"The roads are full of potholes, and the MRT/LRT causes delays during peak hours. Please redefine “Harapan” and “Madani”!?""",1e5fe5314622a505e84c,2026-05-28T09:15:59Z,2026-05-28T09:15:59Z,40,5,True,True,none,,2026-06-17T15:11:46.539457+00:00,raw,
YT_UgxF1t0xcYPKrWegQi54AaABAg,YouTube,top_level_comment,UgxF1t0xcYPKrWegQi54AaABAg,UgxF1t0xcYPKrWegQi54AaABAg,MpBToZaCuWE,LRT derailment: Commuters want track and train maintenance to be enhanced,The Star,https://www.youtube.com/watch?v=MpBToZaCuWE,2026-05-28T08:54:43Z,transport_public_services,"No money to repair.!!!!!! Money to tight, all go to Pockets.",6751b908956ea180a67e,2026-05-28T09:11:35Z,2026-05-28T09:11:35Z,70,13,True,True,none,,2026-06-17T15:11:46.539478+00:00,raw,
YT_UgzRKrMMMq54GuJKwAl4AaABAg,YouTube,top_level_comment,UgzRKrMMMq54GuJKwAl4AaABAg,UgzRKrMMMq54GuJKwAl4AaABAg,MpBToZaCuWE,LRT derailment: Commuters want track and train maintenance to be enhanced,The Star,https://www.youtube.com/watch?v=MpBToZaCuWE,2026-05-28T08:54:43Z,transport_public_services,"Prasanara group president CEO Amir Hamdan koyakkk!!! Tolong RESIGN 😒😒 not only weekly disruption, getting worse is very alarming now public not dare to take LRT already.😡😡",6a1127b9f58402ef3867,2026-05-28T09:07:11Z,2026-05-28T09:07:11Z,28,14,True,True,none,,2026-06-17T15:11:46.539500+00:00,raw,
YT_UgxeOQ1q3bWjr3uTjIR4AaABAg,YouTube,top_level_comment,UgxeOQ1q3bWjr3uTjIR4AaABAg,UgxeOQ1q3bWjr3uTjIR4AaABAg,ePfJmLXfPwU,JPJ perkenal wajah baharu lesen memandu,Harian Metro,https://www.youtube.com/watch?v=ePfJmLXfPwU,2025-05-21T11:30:02Z,transport_public_services,"Donlod my jpj,dh isi semua data..tapi x blh guna smpai skg,siap srh pegawai jpj tolong daftar lg,dia pun penin.tu pun x blh jgk,last gitau xpa la cik,kalau kena tahan saya tunjuk ja kertas yg dh bayo tu😂,menyusahkan ja dema ni,",0099704d805a103ba3a3,2025-10-31T06:48:02Z,2025-10-31T06:48:02Z,0,0,True,True,none,,2026-06-17T15:11:47.298769+00:00,raw,
YT_UgzTTj_LaEhhdStby9B4AaABAg,YouTube,top_level_comment,UgzTTj_LaEhhdStby9B4AaABAg,UgzTTj_LaEhhdStby9B4AaABAg,ePfJmLXfPwU,JPJ perkenal wajah baharu lesen memandu,Harian Metro,https://www.youtube.com/watch?v=ePfJmLXfPwU,2025-05-21T11:30:02Z,transport_public_services,Tidak Flexibel.Harap Di Gubal Semula.Kad Fizikal Lebih Baik Dan Mudah Di Bawa Kemana Mana.,831ba8d53986364e3872,2025-08-19T02:29:37Z,2025-08-19T02:29:37Z,0,0,True,True,none,,2026-06-17T15:11:47.298819+00:00,raw,
YT_UgyG6Hha4iyYBQixZCF4AaABAg,YouTube,top_level_comment,UgyG6Hha4iyYBQixZCF4AaABAg,UgyG6Hha4iyYBQixZCF4AaABAg,ePfJmLXfPwU,JPJ perkenal wajah baharu lesen memandu,Harian Metro,https://www.youtube.com/watch?v=ePfJmLXfPwU,2025-05-21T11:30:02Z,transport_public_services,Aku org asli lebih suka lesen fizikal yg dulu senang tk susah kan rakyat..,093197d16d037a6d313d,2025-07-23T14:36:07Z,2025-07-23T14:36:07Z,0,0,True,True,none,,2026-06-17T15:11:47.298858+00:00,raw,
YT_UgwClcCN7QnBcc_yWqF4AaABAg,YouTube,top_level_comment,UgwClcCN7QnBcc_yWqF4AaABAg,UgwClcCN7QnBcc_yWqF4AaABAg,ePfJmLXfPwU,JPJ perkenal wajah baharu lesen memandu,Harian Metro,https://www.youtube.com/watch?v=ePfJmLXfPwU,2025-05-21T11:30:02Z,transport_public_services,Apsal aku punya lesen digital tak ada gambar??? Menyusahkan org jee jpj ni nak kena update g jpj ..bodohh!! mmg badan uniform satu ni tahikk tak ada guna... Nak urus lesen memandu pon carca marba..,1c86042055baba812386,2025-07-21T17:59:42Z,2025-07-21T17:59:42Z,0,0,True,True,none,,2026-06-17T15:11:47.298899+00:00,raw,
YT_Ugzsj3Mm6T_YxSnibtJ4AaABAg,YouTube,top_level_comment,Ugzsj3Mm6T_YxSnibtJ4AaABAg,Ugzsj3Mm6T_YxSnibtJ4AaABAg,ePfJmLXfPwU,JPJ perkenal wajah baharu lesen memandu,Harian Metro,https://www.youtube.com/watch?v=ePfJmLXfPwU,2025-05-21T11:30:02Z,transport_public_services,"urusan di kaunter jpj pun perlu kemas kini,tak perlu ambil no giliran pun online.cara pembayaran pun tak perlu terpaling cashless. paling mengarut urusan kaunter jpj sekarang. menyusahkan.",69a2a2864d6e9999d05f,2025-07-20T17:50:34Z,2025-07-20T17:50:34Z,0,0,True,True,none,,2026-06-17T15:11:47.298938+00:00,raw,
YT_Ugz2j1fd1P63CeI2hth4AaABAg,YouTube,top_level_comment,Ugz2j1fd1P63CeI2hth4AaABAg,Ugz2j1fd1P63CeI2hth4AaABAg,ePfJmLXfPwU,JPJ perkenal wajah baharu lesen memandu,Harian Metro,https://www.youtube.com/watch?v=ePfJmLXfPwU,2025-05-21T11:30:02Z,transport_public_services,Dah lah selalu lupa password my jpj,45183908d4ea628fad42,2025-07-09T17:46:21Z,2025-07-09T17:46:21Z,0,0,True,True,none,,2026-06-17T15:11:47.298970+00:00,raw,
YT_UgwnaoFfLElzm9um1Mt4AaABAg,YouTube,top_level_comment,UgwnaoFfLElzm9um1Mt4AaABAg,UgwnaoFfLElzm9um1Mt4AaABAg,ePfJmLXfPwU,JPJ perkenal wajah baharu lesen memandu,Harian Metro,https://www.youtube.com/watch?v=ePfJmLXfPwU,2025-05-21T11:30:02Z,transport_public_services,Pelik la... Bukan lesen boleh renew kat Pos Malaysia... Benda yg jpj sesaknye😅😅😅,3071de48bc4898e164ce,2025-07-04T23:42:10Z,2025-07-04T23:42:10Z,0,1,True,True,none,,2026-06-17T15:11:47.299004+00:00,raw,
YT_UgxtLHlNyD4fRpHTpGx4AaABAg,YouTube,top_level_comment,UgxtLHlNyD4fRpHTpGx4AaABAg,UgxtLHlNyD4fRpHTpGx4AaABAg,ePfJmLXfPwU,JPJ perkenal wajah baharu lesen memandu,Harian Metro,https://www.youtube.com/watch?v=ePfJmLXfPwU,2025-05-21T11:30:02Z,transport_public_services,TAK PERLU KAD BARU....KAWAL RASUAH BERLUAS...LUASAAN,9a130300ef27c5971dc8,2025-06-21T06:19:45Z,2025-06-21T06:19:45Z,0,0,True,True,none,,2026-06-17T15:11:47.299035+00:00,raw,
YT_Ugxv9E1yRBGA3s0ooBJ4AaABAg,YouTube,top_level_comment,Ugxv9E1yRBGA3s0ooBJ4AaABAg,Ugxv9E1yRBGA3s0ooBJ4AaABAg,ePfJmLXfPwU,JPJ perkenal wajah baharu lesen memandu,Harian Metro,https://www.youtube.com/watch?v=ePfJmLXfPwU,2025-05-21T11:30:02Z,transport_public_services,"Lesen memandu, paspot, ic dan dokumen2 penting jgnlah nak buat pandai buat magic...sampai menyusahkan orang ramai. Nak masuk bangunan kalau tak bagi IC takkan laku bagi lesen xda gambar...",bfb9dd84fc45b809bf80,2025-06-14T09:14:20Z,2025-06-14T09:14:20Z,0,0,True,True,none,,2026-06-17T15:11:47.299073+00:00,raw,
YT_UgwUd3C-UAmjTRweRNZ4AaABAg,YouTube,top_level_comment,UgwUd3C-UAmjTRweRNZ4AaABAg,UgwUd3C-UAmjTRweRNZ4AaABAg,ePfJmLXfPwU,JPJ perkenal wajah baharu lesen memandu,Harian Metro,https://www.youtube.com/watch?v=ePfJmLXfPwU,2025-05-21T11:30:02Z,transport_public_services,Patut nya lesen kena ada gmbar,7f47a21cd6fb67c54929,2025-06-02T02:10:25Z,2025-06-02T02:10:25Z,0,0,True,True,none,,2026-06-17T15:11:47.299102+00:00,raw,
YT_Ugw2EWue0e-ZApwP7D54AaABAg,YouTube,top_level_comment,Ugw2EWue0e-ZApwP7D54AaABAg,Ugw2EWue0e-ZApwP7D54AaABAg,ePfJmLXfPwU,JPJ perkenal wajah baharu lesen memandu,Harian Metro,https://www.youtube.com/watch?v=ePfJmLXfPwU,2025-05-21T11:30:02Z,transport_public_services,"UPGRADE SEKALI SYSTEM KERJA APA LEMBAB SANGAT!!BERATUR SAMPAI KELUAR KAUNTER,,ULAT EJEN KAU DAHULUKAN..ORANG AWAM KAU SIDAI LAMA2",0ad1db09959644613fc1,2025-05-31T17:54:19Z,2025-05-31T17:54:19Z,0,0,True,True,none,,2026-06-17T15:11:47.299136+00:00,raw,
YT_UgyjI8RCt1O-SitATLR4AaABAg,YouTube,top_level_comment,UgyjI8RCt1O-SitATLR4AaABAg,UgyjI8RCt1O-SitATLR4AaABAg,ePfJmLXfPwU,JPJ perkenal wajah baharu lesen memandu,Harian Metro,https://www.youtube.com/watch?v=ePfJmLXfPwU,2025-05-21T11:30:02Z,transport_public_services,Klau fon rosak canne..?,6b85b348e25b8edc3abc,2025-05-30T04:52:45Z,2025-05-30T04:52:45Z,0,0,True,True,none,,2026-06-17T15:11:47.299165+00:00,raw,
YT_Ugx4PLi4iBSKMMOaV1l4AaABAg,YouTube,top_level_comment,Ugx4PLi4iBSKMMOaV1l4AaABAg,Ugx4PLi4iBSKMMOaV1l4AaABAg,ePfJmLXfPwU,JPJ perkenal wajah baharu lesen memandu,Harian Metro,https://www.youtube.com/watch?v=ePfJmLXfPwU,2025-05-21T11:30:02Z,transport_public_services,Kami nk lesen seperti dulu..jpj ingat kami x akan ke luar negara juga ke klu rezeki kami nk ke luar negara..,cd8bf503ed5172088e50,2025-05-24T11:01:30Z,2025-05-24T11:01:30Z,4,0,True,True,none,,2026-06-17T15:11:47.299199+00:00,raw,
YT_UgxAJfr1x8zoQeDXP1J4AaABAg,YouTube,top_level_comment,UgxAJfr1x8zoQeDXP1J4AaABAg,UgxAJfr1x8zoQeDXP1J4AaABAg,ePfJmLXfPwU,JPJ perkenal wajah baharu lesen memandu,Harian Metro,https://www.youtube.com/watch?v=ePfJmLXfPwU,2025-05-21T11:30:02Z,transport_public_services,"Berapa banyak JPJ perkenalkan lesen baru setiap tahun,,,360%",c3cb4d7f53b6b29d00ae,2025-05-24T05:29:53Z,2025-05-24T05:29:53Z,0,1,True,True,none,,2026-06-17T15:11:47.299229+00:00,raw,
YT_UgxIx3OGxX7e-kDWPAR4AaABAg,YouTube,top_level_comment,UgxIx3OGxX7e-kDWPAR4AaABAg,UgxIx3OGxX7e-kDWPAR4AaABAg,ePfJmLXfPwU,JPJ perkenal wajah baharu lesen memandu,Harian Metro,https://www.youtube.com/watch?v=ePfJmLXfPwU,2025-05-21T11:30:02Z,transport_public_services,"KITA WARGANEGARA PERLU LESEN BERBAGAI BENTUK BARU, TP WARGA ASING TIADA LESEN BEBAS KESANA KESINI. 😡😡😡",bf4182386ca6f71761d2,2025-05-23T00:11:41Z,2025-05-23T00:11:41Z,3,0,True,True,none,,2026-06-17T15:11:47.299265+00:00,raw,
YT_UgyaQWZNyPsqfTmPuBd4AaABAg,YouTube,top_level_comment,UgyaQWZNyPsqfTmPuBd4AaABAg,UgyaQWZNyPsqfTmPuBd4AaABAg,ePfJmLXfPwU,JPJ perkenal wajah baharu lesen memandu,Harian Metro,https://www.youtube.com/watch?v=ePfJmLXfPwU,2025-05-21T11:30:02Z,transport_public_services,"Patut background lesen tu letak gambar KLCC, menara Merdeka 118 atau nasik lemak. Baru kuat identiti Malaysia. Pihak berkuasa luar negara tengok lesen kita pun tahu dah tu orang Malaysia.",b154cf341f615972e776,2025-05-22T16:47:40Z,2025-05-22T16:47:40Z,0,0,True,True,none,,2026-06-17T15:11:47.299302+00:00,raw,
YT_UgzUdz8jbIov3cAVcMp4AaABAg,YouTube,top_level_comment,UgzUdz8jbIov3cAVcMp4AaABAg,UgzUdz8jbIov3cAVcMp4AaABAg,ePfJmLXfPwU,JPJ perkenal wajah baharu lesen memandu,Harian Metro,https://www.youtube.com/watch?v=ePfJmLXfPwU,2025-05-21T11:30:02Z,transport_public_services,"Menyusah kan rakyat,mereka fikir sistem mereka ni la yang terbaik, sebab da canggih dengan teknologi, tapi sebenar nya tak sesimple itu lesen digital ni,nfon hbis cas,nfon jatuh screen pecah time nak keluar kan dari poket, trus tak dpt buka fon,di banding fizikal, lebih fleksibel,betul2 senang..tak menyusahkan, tak perlu login ni.. Idea gila siapa la ni..",2f1b3c0bb963d2127cc5,2025-05-22T13:14:03Z,2025-05-22T13:14:03Z,1,0,True,True,none,,2026-06-17T15:11:47.299351+00:00,raw,
YT_Ugw3ZedJJl8ZMZa3wMF4AaABAg,YouTube,top_level_comment,Ugw3ZedJJl8ZMZa3wMF4AaABAg,Ugw3ZedJJl8ZMZa3wMF4AaABAg,ePfJmLXfPwU,JPJ perkenal wajah baharu lesen memandu,Harian Metro,https://www.youtube.com/watch?v=ePfJmLXfPwU,2025-05-21T11:30:02Z,transport_public_services,"Aku paling rasa cam tak puas hati kalo lesen fizikal takda dalam wallet. Cuba kalo buat kebijakan tu biar rakyat ada pilihan, sama ada nk lesen digital atau lesen fizikal! Aku yakin ramai yg nk lesen fizikal.",e1bfc215ee0a98f70c0b,2025-05-22T12:27:19Z,2025-05-22T12:27:19Z,9,2,True,True,none,,2026-06-17T15:11:47.299389+00:00,raw,
YT_UgwhphdvDL58LzhUlBl4AaABAg,YouTube,top_level_comment,UgwhphdvDL58LzhUlBl4AaABAg,UgwhphdvDL58LzhUlBl4AaABAg,ePfJmLXfPwU,JPJ perkenal wajah baharu lesen memandu,Harian Metro,https://www.youtube.com/watch?v=ePfJmLXfPwU,2025-05-21T11:30:02Z,transport_public_services,itu aje la.. gi tgk lori sana.. dah berapa byk nyawa hilang..,527d361e4e0c2ff1ea30,2025-05-22T11:35:33Z,2025-05-22T11:35:33Z,0,0,True,True,none,,2026-06-17T15:11:47.299420+00:00,raw,
YT_UgxCLhv5NUP9beCL_tF4AaABAg,YouTube,top_level_comment,UgxCLhv5NUP9beCL_tF4AaABAg,UgxCLhv5NUP9beCL_tF4AaABAg,ePfJmLXfPwU,JPJ perkenal wajah baharu lesen memandu,Harian Metro,https://www.youtube.com/watch?v=ePfJmLXfPwU,2025-05-21T11:30:02Z,transport_public_services,Upgrade lah sistem urusan kt kaunter to sekali. Jgn biarkan org ramai beratur smpai keluar,52961fd39b95b8cbcc23,2025-05-22T10:30:02Z,2025-05-22T10:30:02Z,11,0,True,True,none,,2026-06-17T15:11:47.299452+00:00,raw,
YT_Ugyet8uem4bcYZnfZ6Z4AaABAg,YouTube,top_level_comment,Ugyet8uem4bcYZnfZ6Z4AaABAg,Ugyet8uem4bcYZnfZ6Z4AaABAg,ePfJmLXfPwU,JPJ perkenal wajah baharu lesen memandu,Harian Metro,https://www.youtube.com/watch?v=ePfJmLXfPwU,2025-05-21T11:30:02Z,transport_public_services,Limined je ke???,209885d37b08a417eb24,2025-05-22T10:05:01Z,2025-05-22T10:05:01Z,1,1,True,True,none,,2026-06-17T15:11:47.299480+00:00,raw,
YT_UgxDG_U7ZCYpX-uIIDZ4AaABAg,YouTube,top_level_comment,UgxDG_U7ZCYpX-uIIDZ4AaABAg,UgxDG_U7ZCYpX-uIIDZ4AaABAg,ePfJmLXfPwU,JPJ perkenal wajah baharu lesen memandu,Harian Metro,https://www.youtube.com/watch?v=ePfJmLXfPwU,2025-05-21T11:30:02Z,transport_public_services,mcm2,10c33256188283abe447,2025-05-22T09:24:12Z,2025-05-22T09:24:12Z,0,0,True,True,none,,2026-06-17T15:11:47.299507+00:00,raw,
YT_Ugxe0gLyQh1eV9VSTEZ4AaABAg,YouTube,top_level_comment,Ugxe0gLyQh1eV9VSTEZ4AaABAg,Ugxe0gLyQh1eV9VSTEZ4AaABAg,ePfJmLXfPwU,JPJ perkenal wajah baharu lesen memandu,Harian Metro,https://www.youtube.com/watch?v=ePfJmLXfPwU,2025-05-21T11:30:02Z,transport_public_services,mcm mana nak bawa kalau lesen besa ni..kenalah beli beg yang besa meja tu,3574f382f98581769673,2025-05-22T08:56:32Z,2025-05-22T08:56:32Z,4,0,True,True,none,,2026-06-17T15:11:47.299539+00:00,raw,
YT_UgwnrL9IxGQz6r9FHOt4AaABAg,YouTube,top_level_comment,UgwnrL9IxGQz6r9FHOt4AaABAg,UgwnrL9IxGQz6r9FHOt4AaABAg,ePfJmLXfPwU,JPJ perkenal wajah baharu lesen memandu,Harian Metro,https://www.youtube.com/watch?v=ePfJmLXfPwU,2025-05-21T11:30:02Z,transport_public_services,haha.. mcm2 laaaa dah canggih kembali zaman lama,92aa069473ebc49abb57,2025-05-22T06:17:00Z,2025-05-22T06:17:00Z,0,0,True,True,none,,2026-06-17T15:11:47.299569+00:00,raw,
YT_UgwfcTRHUSivOJWQXil4AaABAg,YouTube,top_level_comment,UgwfcTRHUSivOJWQXil4AaABAg,UgwfcTRHUSivOJWQXil4AaABAg,ePfJmLXfPwU,JPJ perkenal wajah baharu lesen memandu,Harian Metro,https://www.youtube.com/watch?v=ePfJmLXfPwU,2025-05-21T11:30:02Z,transport_public_services,Lesen p tp muka tak dak..bila kena tahan siap nk saman sebab dlm aplikasi tak ada gambar muka..cilaka betoi dia orang punya kerja..,32ed230b7e3504029d2c,2025-05-22T06:14:52Z,2025-05-22T06:14:52Z,0,0,True,True,none,,2026-06-17T15:11:47.299603+00:00,raw,
YT_UgxRjYWLeFbzSuHqiSR4AaABAg,YouTube,top_level_comment,UgxRjYWLeFbzSuHqiSR4AaABAg,UgxRjYWLeFbzSuHqiSR4AaABAg,ePfJmLXfPwU,JPJ perkenal wajah baharu lesen memandu,Harian Metro,https://www.youtube.com/watch?v=ePfJmLXfPwU,2025-05-21T11:30:02Z,transport_public_services,Kena hantar kedai buat *laminate* 🤑,983a1473ab2f33fe863d,2025-05-22T04:56:37Z,2025-05-22T04:56:37Z,0,0,True,True,none,,2026-06-17T15:11:47.299639+00:00,raw,
YT_Ugw5CIzLSb5LM_5gIsx4AaABAg,YouTube,top_level_comment,Ugw5CIzLSb5LM_5gIsx4AaABAg,Ugw5CIzLSb5LM_5gIsx4AaABAg,ePfJmLXfPwU,JPJ perkenal wajah baharu lesen memandu,Harian Metro,https://www.youtube.com/watch?v=ePfJmLXfPwU,2025-05-21T11:30:02Z,transport_public_services,Bnyk walaun2 tak setuju... Cuba walaun pas yg buat mesti walaun terpaksa setuju...😂😂😂,8a0c6e2310200ce3d02e,2025-05-22T03:23:52Z,2025-05-22T03:23:52Z,0,3,True,True,none,,2026-06-17T15:11:47.299743+00:00,raw,
YT_Ugx1UKrUZm7MBF1rBBV4AaABAg,YouTube,top_level_comment,Ugx1UKrUZm7MBF1rBBV4AaABAg,Ugx1UKrUZm7MBF1rBBV4AaABAg,ePfJmLXfPwU,JPJ perkenal wajah baharu lesen memandu,Harian Metro,https://www.youtube.com/watch?v=ePfJmLXfPwU,2025-05-21T11:30:02Z,transport_public_services,"Memang wajah baru, lesen sy wajah masih budak comel, skrg wajah dah beruban.",eb4f3e3f65e2f8c255fd,2025-05-22T00:54:21Z,2025-05-22T00:54:21Z,4,0,True,True,none,,2026-06-17T15:11:47.299820+00:00,raw,
YT_UgwROUbPwtVSp6qq1254AaABAg,YouTube,top_level_comment,UgwROUbPwtVSp6qq1254AaABAg,UgwROUbPwtVSp6qq1254AaABAg,ePfJmLXfPwU,JPJ perkenal wajah baharu lesen memandu,Harian Metro,https://www.youtube.com/watch?v=ePfJmLXfPwU,2025-05-21T11:30:02Z,transport_public_services,Benda bodih apa ni.......kalau dah ada dalam my jpj......buat apa nak ubah lagi.....lyg patut ubah undang2 tu...penguatkuasaan terhadap pesalah trafic......isu pemandu warga asing.....puak hanyut......yg boleh sesuka hati memandu dijalan raya......,b0848dd24a187afb1327,2025-05-22T00:27:10Z,2025-05-22T00:27:10Z,4,1,True,True,none,,2026-06-17T15:11:47.299910+00:00,raw,
YT_UgxEqq7KPvXQlHS2HFd4AaABAg,YouTube,top_level_comment,UgxEqq7KPvXQlHS2HFd4AaABAg,UgxEqq7KPvXQlHS2HFd4AaABAg,ePfJmLXfPwU,JPJ perkenal wajah baharu lesen memandu,Harian Metro,https://www.youtube.com/watch?v=ePfJmLXfPwU,2025-05-21T11:30:02Z,transport_public_services,"Lesan bagi percuma aja utk rakyat mysia,warga asing patut kena bayaran.",a3a35f207cdf3aa4c31b,2025-05-22T00:06:15Z,2025-05-22T00:06:15Z,3,0,True,True,none,,2026-06-17T15:11:47.299983+00:00,raw,
YT_UgxJOyybC9C32byeSDp4AaABAg,YouTube,top_level_comment,UgxJOyybC9C32byeSDp4AaABAg,UgxJOyybC9C32byeSDp4AaABAg,ePfJmLXfPwU,JPJ perkenal wajah baharu lesen memandu,Harian Metro,https://www.youtube.com/watch?v=ePfJmLXfPwU,2025-05-21T11:30:02Z,transport_public_services,What a joke 😂😂😂😂😂😂,d7bd0b849eeb3089f650,2025-05-21T23:23:17Z,2025-05-21T23:23:17Z,1,0,True,True,none,,2026-06-17T15:11:47.300051+00:00,raw,
YT_UgyXtJEugWqhhNz6jj94AaABAg,YouTube,top_level_comment,UgyXtJEugWqhhNz6jj94AaABAg,UgyXtJEugWqhhNz6jj94AaABAg,ePfJmLXfPwU,JPJ perkenal wajah baharu lesen memandu,Harian Metro,https://www.youtube.com/watch?v=ePfJmLXfPwU,2025-05-21T11:30:02Z,transport_public_services,"Cap jari tak tipu pendaftaran negara..,.JPJ",18dd670112dadfe4e9e8,2025-05-21T23:09:41Z,2025-05-21T23:09:41Z,0,0,True,True,none,,2026-06-17T15:11:47.300120+00:00,raw,
YT_UgyTy6RUAAR-2QKW5XF4AaABAg,YouTube,top_level_comment,UgyTy6RUAAR-2QKW5XF4AaABAg,UgyTy6RUAAR-2QKW5XF4AaABAg,ePfJmLXfPwU,JPJ perkenal wajah baharu lesen memandu,Harian Metro,https://www.youtube.com/watch?v=ePfJmLXfPwU,2025-05-21T11:30:02Z,transport_public_services,yang rohinya tayar tiga takyah lesen kesana kemari.pendatang haram berkeliaran atas jalan takda lesen road tax bagai....banteras yg tu dulu baru sembang,140d02fe0b6755022709,2025-05-21T23:01:15Z,2025-05-21T23:01:15Z,0,0,True,True,none,,2026-06-17T15:11:47.300201+00:00,raw,
YT_UgyyFWxPyHD9flv625x4AaABAg,YouTube,top_level_comment,UgyyFWxPyHD9flv625x4AaABAg,UgyyFWxPyHD9flv625x4AaABAg,ePfJmLXfPwU,JPJ perkenal wajah baharu lesen memandu,Harian Metro,https://www.youtube.com/watch?v=ePfJmLXfPwU,2025-05-21T11:30:02Z,transport_public_services,Nampak tak otak geliga mereka bekerja? 😂. Buat app x payah lesen fizikal dah untung dah. Sekarang buat balik lesen fizikal yg baru untung lagi kot atas. Mereka hari2 fikir macam mana nak carass duit rakyat. Kita rakyat pula fikir macam mana nk survive. 8481 betul lahh,51af6548ca1bdbff1c98,2025-05-21T19:03:11Z,2025-05-21T19:03:11Z,8,1,True,True,none,,2026-06-17T15:11:47.300306+00:00,raw,
YT_Ugx-F1FCO9zrJa4zZNR4AaABAg,YouTube,top_level_comment,Ugx-F1FCO9zrJa4zZNR4AaABAg,Ugx-F1FCO9zrJa4zZNR4AaABAg,ePfJmLXfPwU,JPJ perkenal wajah baharu lesen memandu,Harian Metro,https://www.youtube.com/watch?v=ePfJmLXfPwU,2025-05-21T11:30:02Z,transport_public_services,nak buat duit..bro..ada lah pembekal..yg senyum,6d6869b8e6faf3593bf1,2025-05-21T18:31:24Z,2025-05-21T18:31:24Z,0,0,True,True,none,,2026-06-17T15:11:47.300373+00:00,raw,
YT_UgxA0wH53t-7f4woRUt4AaABAg,YouTube,top_level_comment,UgxA0wH53t-7f4woRUt4AaABAg,UgxA0wH53t-7f4woRUt4AaABAg,ePfJmLXfPwU,JPJ perkenal wajah baharu lesen memandu,Harian Metro,https://www.youtube.com/watch?v=ePfJmLXfPwU,2025-05-21T11:30:02Z,transport_public_services,Pak cik nak kena tukar ke?,bb89d4376408934b323b,2025-05-21T17:51:08Z,2025-05-21T17:51:08Z,1,0,True,True,none,,2026-06-17T15:11:47.300439+00:00,raw,
YT_UgzCpFMRCSv13OoS7vZ4AaABAg,YouTube,top_level_comment,UgzCpFMRCSv13OoS7vZ4AaABAg,UgzCpFMRCSv13OoS7vZ4AaABAg,ePfJmLXfPwU,JPJ perkenal wajah baharu lesen memandu,Harian Metro,https://www.youtube.com/watch?v=ePfJmLXfPwU,2025-05-21T11:30:02Z,transport_public_services,"tak cantik la, buat la elok2",deba5c9e735f2244e4dc,2025-05-21T17:37:39Z,2025-05-21T17:37:39Z,2,0,True,True,none,,2026-06-17T15:11:47.300505+00:00,raw,
YT_UgxxAsOq_cMcsdBMUCN4AaABAg,YouTube,top_level_comment,UgxxAsOq_cMcsdBMUCN4AaABAg,UgxxAsOq_cMcsdBMUCN4AaABAg,ePfJmLXfPwU,JPJ perkenal wajah baharu lesen memandu,Harian Metro,https://www.youtube.com/watch?v=ePfJmLXfPwU,2025-05-21T11:30:02Z,transport_public_services,"lebih baik lesen fizikal la senang, digital nak kena login. lupa password susah. adoi",bbfab20087e3234143df,2025-05-21T16:55:32Z,2025-05-21T16:55:32Z,5,0,True,True,none,,2026-06-17T15:11:47.300577+00:00,raw,
YT_UgybyoqgfokLMrLv1Wx4AaABAg,YouTube,top_level_comment,UgybyoqgfokLMrLv1Wx4AaABAg,UgybyoqgfokLMrLv1Wx4AaABAg,ePfJmLXfPwU,JPJ perkenal wajah baharu lesen memandu,Harian Metro,https://www.youtube.com/watch?v=ePfJmLXfPwU,2025-05-21T11:30:02Z,transport_public_services,Digital menyusahkan...nak kena bukak phone laa ..entah apa2,8ab7aded756b8918a047,2025-05-21T16:25:40Z,2025-05-21T16:25:40Z,12,2,True,True,none,,2026-06-17T15:11:47.300645+00:00,raw,
YT_UgzDhBuWkbmLSS7gtRp4AaABAg,YouTube,top_level_comment,UgzDhBuWkbmLSS7gtRp4AaABAg,UgzDhBuWkbmLSS7gtRp4AaABAg,ePfJmLXfPwU,JPJ perkenal wajah baharu lesen memandu,Harian Metro,https://www.youtube.com/watch?v=ePfJmLXfPwU,2025-05-21T11:30:02Z,transport_public_services,"System membongak je kje korang ni, kejap fizikal kejap system..aku ni renew lesen bulan lepas guna apps myjpj xdi bgpun yg fizikal..biasa aku renew dekat pos office..sekarang dah xboleh..nak ke jpj jauh amat kematu bontot nak boleh sampai..nak renew lesen rm30 hengget je..kos petrol nak p jpj rm50 hengget..xabis² nak susahkan rakyat..kekal je yg fizikal mcm dulu² lg senang dan berkesan..system sekarang byk susahkan rakyat dari senangkan rakyat yg dah susah..org yg senang² duk dlm bandar tu ok la...yg majority duk pendalaman ni korang kena buat kajian balik..jgn keje nak membongakkan rakyat je.",1c30c2b8dd4ced521d40,2025-05-21T16:12:13Z,2025-05-21T16:12:13Z,0,0,True,True,none,,2026-06-17T15:11:47.300789+00:00,raw,
YT_UgxeDtuYb0HCZoFEIe94AaABAg,YouTube,top_level_comment,UgxeDtuYb0HCZoFEIe94AaABAg,UgxeDtuYb0HCZoFEIe94AaABAg,ePfJmLXfPwU,JPJ perkenal wajah baharu lesen memandu,Harian Metro,https://www.youtube.com/watch?v=ePfJmLXfPwU,2025-05-21T11:30:02Z,transport_public_services,Selagi benda yg mendatangkan duit itulah kerajaan mau dr rakyat.. harap ada rakyat Malaysia yg kreatif cipta id tercanggih nanti,d5666ed8adc6186bb7de,2025-05-21T16:05:12Z,2025-05-21T16:05:12Z,4,0,True,True,none,,2026-06-17T15:11:47.300868+00:00,raw,
YT_UgxXdm474mdCq4xjgAd4AaABAg,YouTube,top_level_comment,UgxXdm474mdCq4xjgAd4AaABAg,UgxXdm474mdCq4xjgAd4AaABAg,ePfJmLXfPwU,JPJ perkenal wajah baharu lesen memandu,Harian Metro,https://www.youtube.com/watch?v=ePfJmLXfPwU,2025-05-21T11:30:02Z,transport_public_services,Buat ic baru...baru boleh tahu ic palsu dalam Malaysia ni berapa ratus juta...,813f449eadd12282d472,2025-05-21T15:53:48Z,2025-05-21T15:53:48Z,1,1,True,True,none,,2026-06-17T15:11:47.300940+00:00,raw,
YT_UgzHsPpOJPdozhuoz-l4AaABAg,YouTube,top_level_comment,UgzHsPpOJPdozhuoz-l4AaABAg,UgzHsPpOJPdozhuoz-l4AaABAg,ePfJmLXfPwU,JPJ perkenal wajah baharu lesen memandu,Harian Metro,https://www.youtube.com/watch?v=ePfJmLXfPwU,2025-05-21T11:30:02Z,transport_public_services,waste of people's taxpayers money but will they cost additional surcharge for obtaining physical licence card if so better don't ask for it,e87fc279a36280f379f3,2025-05-21T15:41:32Z,2025-05-21T15:41:32Z,1,0,True,True,none,,2026-06-17T15:11:47.301020+00:00,raw,
YT_UgySP7CsTdbBfR417EF4AaABAg,YouTube,top_level_comment,UgySP7CsTdbBfR417EF4AaABAg,UgySP7CsTdbBfR417EF4AaABAg,ePfJmLXfPwU,JPJ perkenal wajah baharu lesen memandu,Harian Metro,https://www.youtube.com/watch?v=ePfJmLXfPwU,2025-05-21T11:30:02Z,transport_public_services,Lah..ku baru buat minggu lepas ..xde gambo pun...kena buat lagi ke,457f84a5c2cfdffd3240,2025-05-21T15:25:02Z,2025-05-21T15:25:02Z,7,0,True,True,none,,2026-06-17T15:11:47.301090+00:00,raw,
YT_UgzdIO7VZX_vIu4hhuF4AaABAg,YouTube,top_level_comment,UgzdIO7VZX_vIu4hhuF4AaABAg,UgzdIO7VZX_vIu4hhuF4AaABAg,ePfJmLXfPwU,JPJ perkenal wajah baharu lesen memandu,Harian Metro,https://www.youtube.com/watch?v=ePfJmLXfPwU,2025-05-21T11:30:02Z,transport_public_services,Mesti kena bayar lebih nie..apa² pun terbaikk laaa jpj..,4fa309e403a27810b118,2025-05-21T15:22:59Z,2025-05-21T15:22:59Z,1,0,True,True,none,,2026-06-17T15:11:47.301159+00:00,raw,
YT_UgxOziBJOg0kDJlSant4AaABAg,YouTube,top_level_comment,UgxOziBJOg0kDJlSant4AaABAg,UgxOziBJOg0kDJlSant4AaABAg,ePfJmLXfPwU,JPJ perkenal wajah baharu lesen memandu,Harian Metro,https://www.youtube.com/watch?v=ePfJmLXfPwU,2025-05-21T11:30:02Z,transport_public_services,Buat fizikal lesen mcm dulu2 senang orang awam.,a9ea3fb47511d1005b68,2025-05-21T14:14:16Z,2025-05-21T14:14:16Z,12,1,True,True,none,,2026-06-17T15:11:47.301226+00:00,raw,
YT_Ugzkz97Fgrc82NkRwa94AaABAg,YouTube,top_level_comment,Ugzkz97Fgrc82NkRwa94AaABAg,Ugzkz97Fgrc82NkRwa94AaABAg,ePfJmLXfPwU,JPJ perkenal wajah baharu lesen memandu,Harian Metro,https://www.youtube.com/watch?v=ePfJmLXfPwU,2025-05-21T11:30:02Z,transport_public_services,goood JPJ,3593635e1488491cfcbc,2025-05-21T14:12:09Z,2025-05-21T14:12:09Z,1,0,True,True,none,,2026-06-17T15:11:47.301289+00:00,raw,
YT_Ugxs-7_Uxao1iktrxTB4AaABAg,YouTube,top_level_comment,Ugxs-7_Uxao1iktrxTB4AaABAg,Ugxs-7_Uxao1iktrxTB4AaABAg,ePfJmLXfPwU,JPJ perkenal wajah baharu lesen memandu,Harian Metro,https://www.youtube.com/watch?v=ePfJmLXfPwU,2025-05-21T11:30:02Z,transport_public_services,Babi KNPE X buat fizikal untuk kegunaan sendiri dalam Malaysia untuk warga emas,f66b040bed7c3d869635,2025-05-21T14:09:22Z,2025-05-21T14:09:22Z,1,0,True,True,none,,2026-06-17T15:11:47.301361+00:00,raw,
YT_Ugx1FaxyOhxrA7mye9x4AaABAg,YouTube,top_level_comment,Ugx1FaxyOhxrA7mye9x4AaABAg,Ugx1FaxyOhxrA7mye9x4AaABAg,hXMCJ90cK7M,Car vs Public Transport in Malaysia. Who Wins?,Mr Money TV,https://www.youtube.com/watch?v=hXMCJ90cK7M,2025-05-23T12:42:56Z,transport_public_services,5:41 why did u exit the station? U should walk to the connecting MRT station. Waste of money and time,29357edea3612805f73d,2026-01-26T10:42:03Z,2026-01-26T10:42:03Z,0,0,True,True,none,,2026-06-17T15:11:46.922783+00:00,raw,
YT_UgxYOo9j6GgMdQHUc7h4AaABAg,YouTube,top_level_comment,UgxYOo9j6GgMdQHUc7h4AaABAg,UgxYOo9j6GgMdQHUc7h4AaABAg,hXMCJ90cK7M,Car vs Public Transport in Malaysia. Who Wins?,Mr Money TV,https://www.youtube.com/watch?v=hXMCJ90cK7M,2025-05-23T12:42:56Z,transport_public_services,"the additional coffee break added additional time to frankie.. without the extra time for coffee, he would have reached first.",04f8686b58313897c4cf,2025-07-28T08:14:13Z,2025-07-28T08:14:13Z,1,0,True,True,none,,2026-06-17T15:11:46.922899+00:00,raw,
YT_UgwLC7EIyymWCCj1oI14AaABAg,YouTube,top_level_comment,UgwLC7EIyymWCCj1oI14AaABAg,UgwLC7EIyymWCCj1oI14AaABAg,hXMCJ90cK7M,Car vs Public Transport in Malaysia. Who Wins?,Mr Money TV,https://www.youtube.com/watch?v=hXMCJ90cK7M,2025-05-23T12:42:56Z,transport_public_services,In Malaysia car will win....Unless you tilt everything to favor public transport....,c9104f422eb881b6a310,2025-06-13T17:25:02Z,2025-06-13T17:30:35Z,0,0,True,True,none,,2026-06-17T15:11:46.922986+00:00,raw,
YT_UgxgteUOMqEXfF3lZjd4AaABAg,YouTube,top_level_comment,UgxgteUOMqEXfF3lZjd4AaABAg,UgxgteUOMqEXfF3lZjd4AaABAg,hXMCJ90cK7M,Car vs Public Transport in Malaysia. Who Wins?,Mr Money TV,https://www.youtube.com/watch?v=hXMCJ90cK7M,2025-05-23T12:42:56Z,transport_public_services,"try doing this during peak hours, you won't be this chill taking public transport 🤣",9427803bdac8e8830d73,2025-06-13T06:00:32Z,2025-06-13T06:00:32Z,1,0,True,True,none,,2026-06-17T15:11:46.923076+00:00,raw,
YT_UgyWAZz0_hl4GXhS6t94AaABAg,YouTube,top_level_comment,UgyWAZz0_hl4GXhS6t94AaABAg,UgyWAZz0_hl4GXhS6t94AaABAg,hXMCJ90cK7M,Car vs Public Transport in Malaysia. Who Wins?,Mr Money TV,https://www.youtube.com/watch?v=hXMCJ90cK7M,2025-05-23T12:42:56Z,transport_public_services,I’m guessing car wins,49b2a3f35f172fa75931,2025-06-13T01:53:31Z,2025-06-13T01:53:31Z,0,0,True,True,none,,2026-06-17T15:11:46.923151+00:00,raw,
YT_Ugw_c2S87lXwVjROARx4AaABAg,YouTube,top_level_comment,Ugw_c2S87lXwVjROARx4AaABAg,Ugw_c2S87lXwVjROARx4AaABAg,hXMCJ90cK7M,Car vs Public Transport in Malaysia. Who Wins?,Mr Money TV,https://www.youtube.com/watch?v=hXMCJ90cK7M,2025-05-23T12:42:56Z,transport_public_services,Good luck trying to come from PJ to Puchong or Vice Versa via LRT or MRT...,d4a0f0d43320ec0d2f84,2025-06-11T12:21:58Z,2025-06-11T12:21:58Z,0,0,True,True,none,,2026-06-17T15:11:46.923232+00:00,raw,
YT_UgwZITzbS9y45vCd9zp4AaABAg,YouTube,top_level_comment,UgwZITzbS9y45vCd9zp4AaABAg,UgwZITzbS9y45vCd9zp4AaABAg,hXMCJ90cK7M,Car vs Public Transport in Malaysia. Who Wins?,Mr Money TV,https://www.youtube.com/watch?v=hXMCJ90cK7M,2025-05-23T12:42:56Z,transport_public_services,"the moment i heard lot 10 i know the car team is going to stuck a lot 🤣 bukit bintang, the well know place for jam",4f5d8320af1240728a25,2025-06-10T09:16:27Z,2025-06-10T09:16:27Z,1,0,True,True,none,,2026-06-17T15:11:46.923345+00:00,raw,
YT_UgxrGL_71T8wNvidX4N4AaABAg,YouTube,top_level_comment,UgxrGL_71T8wNvidX4N4AaABAg,UgxrGL_71T8wNvidX4N4AaABAg,hXMCJ90cK7M,Car vs Public Transport in Malaysia. Who Wins?,Mr Money TV,https://www.youtube.com/watch?v=hXMCJ90cK7M,2025-05-23T12:42:56Z,transport_public_services,"Probably try the challenge during 7am weekday Monday. Where the train is loaded, the traffic too, more realistic, as time crunching is the most realistic by then .",b6a3f3d6b6bdd3635b3a,2025-06-08T07:48:01Z,2025-06-08T07:48:01Z,5,0,True,True,none,,2026-06-17T15:11:46.923437+00:00,raw,
YT_UgwA3ib6eHCusJrJEJ54AaABAg,YouTube,top_level_comment,UgwA3ib6eHCusJrJEJ54AaABAg,UgwA3ib6eHCusJrJEJ54AaABAg,hXMCJ90cK7M,Car vs Public Transport in Malaysia. Who Wins?,Mr Money TV,https://www.youtube.com/watch?v=hXMCJ90cK7M,2025-05-23T12:42:56Z,transport_public_services,Car win,42077bc6acfa8dc41f2a,2025-06-07T12:05:20Z,2025-06-07T12:05:20Z,0,0,True,True,none,,2026-06-17T15:11:46.923502+00:00,raw,
YT_UgxuEI0P3mj9bI3VkS14AaABAg,YouTube,top_level_comment,UgxuEI0P3mj9bI3VkS14AaABAg,UgxuEI0P3mj9bI3VkS14AaABAg,hXMCJ90cK7M,Car vs Public Transport in Malaysia. Who Wins?,Mr Money TV,https://www.youtube.com/watch?v=hXMCJ90cK7M,2025-05-23T12:42:56Z,transport_public_services,"For working of course drive,for life public transport is simple ways to save your time&parking situation",619c6a4886df79b6afc6,2025-06-04T09:40:36Z,2025-06-04T09:40:36Z,0,0,True,True,none,,2026-06-17T15:11:46.923580+00:00,raw,
YT_UgxPQ6gv_AUT0ntjHwd4AaABAg,YouTube,top_level_comment,UgxPQ6gv_AUT0ntjHwd4AaABAg,UgxPQ6gv_AUT0ntjHwd4AaABAg,hXMCJ90cK7M,Car vs Public Transport in Malaysia. Who Wins?,Mr Money TV,https://www.youtube.com/watch?v=hXMCJ90cK7M,2025-05-23T12:42:56Z,transport_public_services,He do not use the public transport regularly that why he a bit cinfuse,cc197ef1d8ba94eb06b9,2025-06-04T08:17:16Z,2025-06-04T08:17:16Z,0,0,True,True,none,,2026-06-17T15:11:46.923655+00:00,raw,
YT_Ugz2haYKky1BnttB6z94AaABAg,YouTube,top_level_comment,Ugz2haYKky1BnttB6z94AaABAg,Ugz2haYKky1BnttB6z94AaABAg,hXMCJ90cK7M,Car vs Public Transport in Malaysia. Who Wins?,Mr Money TV,https://www.youtube.com/watch?v=hXMCJ90cK7M,2025-05-23T12:42:56Z,transport_public_services,Public transportation like MRT LRT is generally not bad and efficient except the lousy KTM inconsistent and always late 😂,747f9b4e48d0c8dc32e8,2025-06-03T21:06:16Z,2025-06-03T21:06:16Z,1,0,True,True,none,,2026-06-17T15:11:46.923740+00:00,raw,
YT_UgzpYZu9tagzdXgWdkt4AaABAg,YouTube,top_level_comment,UgzpYZu9tagzdXgWdkt4AaABAg,UgzpYZu9tagzdXgWdkt4AaABAg,hXMCJ90cK7M,Car vs Public Transport in Malaysia. Who Wins?,Mr Money TV,https://www.youtube.com/watch?v=hXMCJ90cK7M,2025-05-23T12:42:56Z,transport_public_services,Public transport is convenient when you dont need to interchange the transport and let's hope it wont break down frequently. Prefer to use TnG card to take these transport. The reload kiosk and ticket machine sucks weyyy. Always offline or break down or not accepting the bank notes. Plus some destination we are going is not walkable or dangerous to walk.,7aadebedae45aec3e034,2025-06-03T08:16:06Z,2025-06-03T08:16:06Z,0,0,True,True,none,,2026-06-17T15:11:46.923855+00:00,raw,
YT_UgyiPDfsq6EVnFDo8it4AaABAg,YouTube,top_level_comment,UgyiPDfsq6EVnFDo8it4AaABAg,UgyiPDfsq6EVnFDo8it4AaABAg,hXMCJ90cK7M,Car vs Public Transport in Malaysia. Who Wins?,Mr Money TV,https://www.youtube.com/watch?v=hXMCJ90cK7M,2025-05-23T12:42:56Z,transport_public_services,This wasn't a good comparison- you didn't know where to change trains or had the correct payment method. The fact is we should be making public transport more of a viable option than a car and looking to continue to improve the infrastructure.,ff618ca046d173f3f561,2025-06-03T04:19:25Z,2025-06-03T04:19:25Z,0,0,True,True,none,,2026-06-17T15:11:46.923953+00:00,raw,
YT_UgytEwKqSBbd_V4ggE54AaABAg,YouTube,top_level_comment,UgytEwKqSBbd_V4ggE54AaABAg,UgytEwKqSBbd_V4ggE54AaABAg,hXMCJ90cK7M,Car vs Public Transport in Malaysia. Who Wins?,Mr Money TV,https://www.youtube.com/watch?v=hXMCJ90cK7M,2025-05-23T12:42:56Z,transport_public_services,it's still down to our personal preference. If you are single obviously public transport is the best choice. But imagine you have children gotta be sent to daycare/school etc then you have to drive a car,7879d7a79772f1acac95,2025-06-03T02:14:17Z,2025-06-03T02:14:17Z,0,0,True,True,none,,2026-06-17T15:11:46.924045+00:00,raw,
YT_UgwynW1T43U66ZdMqyV4AaABAg,YouTube,top_level_comment,UgwynW1T43U66ZdMqyV4AaABAg,UgwynW1T43U66ZdMqyV4AaABAg,hXMCJ90cK7M,Car vs Public Transport in Malaysia. Who Wins?,Mr Money TV,https://www.youtube.com/watch?v=hXMCJ90cK7M,2025-05-23T12:42:56Z,transport_public_services,Now also government introduced Rapid on demand using van to bring you to MRT/LRT only RM1. LEARN IT,23521130ddf946612fec,2025-06-02T09:50:42Z,2025-06-02T09:50:42Z,0,0,True,True,none,,2026-06-17T15:11:46.924121+00:00,raw,
YT_UgxOOzD7769Dkpaeod54AaABAg,YouTube,top_level_comment,UgxOOzD7769Dkpaeod54AaABAg,UgxOOzD7769Dkpaeod54AaABAg,hXMCJ90cK7M,Car vs Public Transport in Malaysia. Who Wins?,Mr Money TV,https://www.youtube.com/watch?v=hXMCJ90cK7M,2025-05-23T12:42:56Z,transport_public_services,I had good experience taking MRT and LRT to work during ASEAN meeting last few days. Park and Rides only RM 4 and RM6 daily pass to and come back from my working place. Clean and comfort the MRT and LRT👍,23521130ddf946612fec,2025-06-02T09:49:15Z,2025-06-02T09:49:15Z,0,0,True,True,none,,2026-06-17T15:11:46.924221+00:00,raw,
YT_UgxbfIIAckx33E6i2UN4AaABAg,YouTube,top_level_comment,UgxbfIIAckx33E6i2UN4AaABAg,UgxbfIIAckx33E6i2UN4AaABAg,hXMCJ90cK7M,Car vs Public Transport in Malaysia. Who Wins?,Mr Money TV,https://www.youtube.com/watch?v=hXMCJ90cK7M,2025-05-23T12:42:56Z,transport_public_services,"As a fresh grad who came from a humble family, I actually appreciate the public transport in KL, I can easily survive and access to most places in KL with just RM50 a month and some occasional Grab. Sure it's not perfect but it's definitely not in any way bad. I understand the complaint about the last mile but tbh Malaysians are just spoiled by cars over these years, and hearing those who have never used public transport in their lives complaining are just hilarious. I mean have they even seen how many people are using the MRT to commute daily? I am glad that there won't be more ppl taking MRT as it is already damn crowded lol. Planning to work a few more years before buying an affordable car just to travel to other states and cities, pretty sure I can save a bunch before that by taking public transport",385ad58159ebfbae2a41,2025-06-02T09:26:49Z,2025-06-02T09:28:57Z,0,0,True,True,none,,2026-06-17T15:11:46.924412+00:00,raw,
YT_Ugw7fpRWZ51-gpH-rV94AaABAg,YouTube,top_level_comment,Ugw7fpRWZ51-gpH-rV94AaABAg,Ugw7fpRWZ51-gpH-rV94AaABAg,hXMCJ90cK7M,Car vs Public Transport in Malaysia. Who Wins?,Mr Money TV,https://www.youtube.com/watch?v=hXMCJ90cK7M,2025-05-23T12:42:56Z,transport_public_services,More like TAD not TOD,86d47a3a040c92c3c163,2025-06-01T13:20:20Z,2025-06-01T13:20:20Z,0,0,True,True,none,,2026-06-17T15:11:46.924484+00:00,raw,
YT_UgyG16CAE-fWBUrDEQN4AaABAg,YouTube,top_level_comment,UgyG16CAE-fWBUrDEQN4AaABAg,UgyG16CAE-fWBUrDEQN4AaABAg,hXMCJ90cK7M,Car vs Public Transport in Malaysia. Who Wins?,Mr Money TV,https://www.youtube.com/watch?v=hXMCJ90cK7M,2025-05-23T12:42:56Z,transport_public_services,3:07 you can ask them nicely to load the day pass on your t&g card instead. You’ll just show your IC that you’re Msian and they’ll usually allow it. At least they still allowed it last year anyway.,e643f15a5ae18d817e21,2025-05-31T17:10:58Z,2025-05-31T17:10:58Z,2,0,True,True,none,,2026-06-17T15:11:46.924590+00:00,raw,
YT_Ugz-ErgmXJli-zoSNAN4AaABAg,YouTube,top_level_comment,Ugz-ErgmXJli-zoSNAN4AaABAg,Ugz-ErgmXJli-zoSNAN4AaABAg,hXMCJ90cK7M,Car vs Public Transport in Malaysia. Who Wins?,Mr Money TV,https://www.youtube.com/watch?v=hXMCJ90cK7M,2025-05-23T12:42:56Z,transport_public_services,"Public transportation only works in big cities, outside of KL & Penang good luck going anywhere without any cars or motorcycle",ff5b9f59f0173a192a27,2025-05-31T01:02:53Z,2025-05-31T01:02:53Z,0,0,True,True,none,,2026-06-17T15:11:46.924676+00:00,raw,
YT_UgwMyTVmlb9rhbegtrZ4AaABAg,YouTube,top_level_comment,UgwMyTVmlb9rhbegtrZ4AaABAg,UgwMyTVmlb9rhbegtrZ4AaABAg,hXMCJ90cK7M,Car vs Public Transport in Malaysia. Who Wins?,Mr Money TV,https://www.youtube.com/watch?v=hXMCJ90cK7M,2025-05-23T12:42:56Z,transport_public_services,Ride a bike la...settlelaaa...lot 10 to one utama max 15mins on bike...save walking save traffic parking all...,b412bf807596a6505984,2025-05-30T14:05:33Z,2025-05-30T14:05:33Z,2,0,True,True,none,,2026-06-17T15:11:46.924760+00:00,raw,
YT_UgypR_9FhyxBwznT0Jp4AaABAg,YouTube,top_level_comment,UgypR_9FhyxBwznT0Jp4AaABAg,UgypR_9FhyxBwznT0Jp4AaABAg,hXMCJ90cK7M,Car vs Public Transport in Malaysia. Who Wins?,Mr Money TV,https://www.youtube.com/watch?v=hXMCJ90cK7M,2025-05-23T12:42:56Z,transport_public_services,Subhanallah. Interesting. 4 myself there are pro and cons. Public transport is good if public are taught to use it. A person who uses it must be able to have the knowledge. The ones who doesn't know you have someone or something to help. Basically it's like muslims performing the haj. Wallahwualam.,8db2806e8c4ad00a0bd4,2025-05-29T21:54:52Z,2025-05-29T21:54:52Z,0,0,True,True,none,,2026-06-17T15:11:46.924870+00:00,raw,
YT_Ugwr7NQSOtxNqm_TQYJ4AaABAg,YouTube,top_level_comment,Ugwr7NQSOtxNqm_TQYJ4AaABAg,Ugwr7NQSOtxNqm_TQYJ4AaABAg,hXMCJ90cK7M,Car vs Public Transport in Malaysia. Who Wins?,Mr Money TV,https://www.youtube.com/watch?v=hXMCJ90cK7M,2025-05-23T12:42:56Z,transport_public_services,the kelana jaya line is one of the worst to use if work in KL. trains are always already packed when reach PJ area especially after extend line to cover subang-putra heights and the lrt system is aging and prone to breakdown.,9c64b2c41d7ef4ab70bf,2025-05-29T07:32:44Z,2025-05-29T07:32:44Z,2,0,True,True,none,,2026-06-17T15:11:46.924972+00:00,raw,
YT_UgyWZKclXZGwXOjkZtF4AaABAg,YouTube,top_level_comment,UgyWZKclXZGwXOjkZtF4AaABAg,UgyWZKclXZGwXOjkZtF4AaABAg,hXMCJ90cK7M,Car vs Public Transport in Malaysia. Who Wins?,Mr Money TV,https://www.youtube.com/watch?v=hXMCJ90cK7M,2025-05-23T12:42:56Z,transport_public_services,Using Public transport from last 5 years and definitely it is far better than car and cheaper as well.,6fef5543e4e7104189dc,2025-05-29T06:35:57Z,2025-05-29T06:35:57Z,2,0,True,True,none,,2026-06-17T15:11:46.925056+00:00,raw,
YT_UgwS3NDfY_BjMQvni9d4AaABAg,YouTube,top_level_comment,UgwS3NDfY_BjMQvni9d4AaABAg,UgwS3NDfY_BjMQvni9d4AaABAg,hXMCJ90cK7M,Car vs Public Transport in Malaysia. Who Wins?,Mr Money TV,https://www.youtube.com/watch?v=hXMCJ90cK7M,2025-05-23T12:42:56Z,transport_public_services,this kind of video is fun to watch~,e152957e16ffb089e360,2025-05-28T04:23:59Z,2025-05-28T04:23:59Z,0,0,True,True,none,,2026-06-17T15:11:46.925129+00:00,raw,
YT_Ugw6Kufpn9a9bNZUeB14AaABAg,YouTube,top_level_comment,Ugw6Kufpn9a9bNZUeB14AaABAg,Ugw6Kufpn9a9bNZUeB14AaABAg,hXMCJ90cK7M,Car vs Public Transport in Malaysia. Who Wins?,Mr Money TV,https://www.youtube.com/watch?v=hXMCJ90cK7M,2025-05-23T12:42:56Z,transport_public_services,Should add Motorbike. Motor Vs Car Vs Public Transport.,429ba7a23e88ed6f25a2,2025-05-27T15:19:15Z,2025-05-27T15:19:15Z,1,0,True,True,none,,2026-06-17T15:11:46.925204+00:00,raw,
YT_UgyGUqlGdW77Dx7G3I14AaABAg,YouTube,top_level_comment,UgyGUqlGdW77Dx7G3I14AaABAg,UgyGUqlGdW77Dx7G3I14AaABAg,hXMCJ90cK7M,Car vs Public Transport in Malaysia. Who Wins?,Mr Money TV,https://www.youtube.com/watch?v=hXMCJ90cK7M,2025-05-23T12:42:56Z,transport_public_services,3:04 On the Kajang MRT line you can still buy the day pass even if the ic chip is spoiled.,932804254309df385780,2025-05-27T10:25:48Z,2025-05-27T10:25:48Z,0,0,True,True,none,,2026-06-17T15:11:46.925306+00:00,raw,
YT_UgzYhE3sS1w72pfymH94AaABAg,YouTube,top_level_comment,UgzYhE3sS1w72pfymH94AaABAg,UgzYhE3sS1w72pfymH94AaABAg,hXMCJ90cK7M,Car vs Public Transport in Malaysia. Who Wins?,Mr Money TV,https://www.youtube.com/watch?v=hXMCJ90cK7M,2025-05-23T12:42:56Z,transport_public_services,"Living in Cheras, public transport is not efficient. For four years I have been missing my classes even I wake up early morning. Public transport heading to Bukit Jalil, Damansara or any places deeper is such a time consuming process. Heading home from Bukit Jalil always will come back late. No freedom to head anywhere with public transport, still need Grab to access uncharted destinations. Surprisingly, driving to Bukit Jalil from home is much faster, can reach on time, as well as any other destinations.",ca23eff487b2c7f4bce0,2025-05-27T09:40:35Z,2025-05-27T09:40:35Z,4,0,True,True,none,,2026-06-17T15:11:46.925447+00:00,raw,
YT_UgwEB_CJMLO8G6G3S994AaABAg,YouTube,top_level_comment,UgwEB_CJMLO8G6G3S994AaABAg,UgwEB_CJMLO8G6G3S994AaABAg,hXMCJ90cK7M,Car vs Public Transport in Malaysia. Who Wins?,Mr Money TV,https://www.youtube.com/watch?v=hXMCJ90cK7M,2025-05-23T12:42:56Z,transport_public_services,Next time add a VS Motorcycle :P,86af577d582170d1d35a,2025-05-27T07:07:44Z,2025-05-27T07:07:44Z,0,0,True,True,none,,2026-06-17T15:11:46.925520+00:00,raw,
YT_Ugx0AHYWVV0pMaKEVsh4AaABAg,YouTube,top_level_comment,Ugx0AHYWVV0pMaKEVsh4AaABAg,Ugx0AHYWVV0pMaKEVsh4AaABAg,hXMCJ90cK7M,Car vs Public Transport in Malaysia. Who Wins?,Mr Money TV,https://www.youtube.com/watch?v=hXMCJ90cK7M,2025-05-23T12:42:56Z,transport_public_services,"driving cost alot, not only you are spending on tolls, petrol, parking fees, you also need reserve some amount for car maintenance. thats why people always say Car is a liability. Why use car when government is sponsoring some amount of public transport cost (eg My50)? Im working in KLCC area and just spend RM50 per month for transport, compared to my colleagues that spend around RM500-800 for transport (just monthly parking alone in KLCC minimum RM300). Thats why my savings are more than them🤣",043de80a609db0846414,2025-05-27T04:44:36Z,2025-05-27T04:44:36Z,7,0,True,True,none,,2026-06-17T15:11:46.925669+00:00,raw,
YT_Ugx_EXkYK0mHhGAl4XZ4AaABAg,YouTube,top_level_comment,Ugx_EXkYK0mHhGAl4XZ4AaABAg,Ugx_EXkYK0mHhGAl4XZ4AaABAg,hXMCJ90cK7M,Car vs Public Transport in Malaysia. Who Wins?,Mr Money TV,https://www.youtube.com/watch?v=hXMCJ90cK7M,2025-05-23T12:42:56Z,transport_public_services,my office is nearby because of this development being built they have blocked off the access bridge from the amway's parking lot. this added time to my commute and news flash you cant access asia jaya station from anywhere without a car. walking there via alternative route is just impossible,44265a1110c79ae070b7,2025-05-27T03:52:58Z,2025-05-27T03:52:58Z,0,0,True,True,none,,2026-06-17T15:11:46.925779+00:00,raw,
YT_UgxABPXlUMfd99bBsB54AaABAg,YouTube,top_level_comment,UgxABPXlUMfd99bBsB54AaABAg,UgxABPXlUMfd99bBsB54AaABAg,hXMCJ90cK7M,Car vs Public Transport in Malaysia. Who Wins?,Mr Money TV,https://www.youtube.com/watch?v=hXMCJ90cK7M,2025-05-23T12:42:56Z,transport_public_services,This is a advertisment,a94e2536d1a5e4ca5ed2,2025-05-26T09:49:14Z,2025-05-26T09:49:14Z,2,0,True,True,none,,2026-06-17T15:11:46.925850+00:00,raw,
YT_UgwqvwRV_IBd1wpu1Nh4AaABAg,YouTube,top_level_comment,UgwqvwRV_IBd1wpu1Nh4AaABAg,UgwqvwRV_IBd1wpu1Nh4AaABAg,hXMCJ90cK7M,Car vs Public Transport in Malaysia. Who Wins?,Mr Money TV,https://www.youtube.com/watch?v=hXMCJ90cK7M,2025-05-23T12:42:56Z,transport_public_services,both of you guys dont carry tng card. what a clown world,cdf7154f7745a130e76c,2025-05-26T09:36:23Z,2025-05-26T09:36:23Z,0,0,True,True,none,,2026-06-17T15:11:46.925926+00:00,raw,
YT_UgyAAZ3HJnbbjK8P6_F4AaABAg,YouTube,top_level_comment,UgyAAZ3HJnbbjK8P6_F4AaABAg,UgyAAZ3HJnbbjK8P6_F4AaABAg,hXMCJ90cK7M,Car vs Public Transport in Malaysia. Who Wins?,Mr Money TV,https://www.youtube.com/watch?v=hXMCJ90cK7M,2025-05-23T12:42:56Z,transport_public_services,"Definitely for this time round by train is way more efficient and faster as those area served by MRT / LRT. In fact for this video, by train can be even more faster ----> wasting so much time in buying ticket, just tap TnG will do, and don't come out from Pasar Seni LRT station for the transit from LRT to MRT. Driving is way too much to pay off compared with taking the train by considering the cost of the car wear and tear, fuel cost, parking fee, and CO2 emission. Too much negative side by driving.",6eb1cb73bb5902c378e3,2025-05-26T09:34:15Z,2025-05-26T09:35:54Z,9,1,True,True,none,,2026-06-17T15:11:46.926070+00:00,raw,
YT_Ugy9-Jqch2mgX5S1fgh4AaABAg,YouTube,top_level_comment,Ugy9-Jqch2mgX5S1fgh4AaABAg,Ugy9-Jqch2mgX5S1fgh4AaABAg,hXMCJ90cK7M,Car vs Public Transport in Malaysia. Who Wins?,Mr Money TV,https://www.youtube.com/watch?v=hXMCJ90cK7M,2025-05-23T12:42:56Z,transport_public_services,Car,2f99801265fbcae33641,2025-05-26T08:55:31Z,2025-05-26T08:55:31Z,0,0,True,True,none,,2026-06-17T15:11:46.926167+00:00,raw,
YT_UgxFxt84_QclZZHR2MF4AaABAg,YouTube,top_level_comment,UgxFxt84_QclZZHR2MF4AaABAg,UgxFxt84_QclZZHR2MF4AaABAg,hXMCJ90cK7M,Car vs Public Transport in Malaysia. Who Wins?,Mr Money TV,https://www.youtube.com/watch?v=hXMCJ90cK7M,2025-05-23T12:42:56Z,transport_public_services,9:07 Buy a Transit card lah haiyaaaaa 🤣🤣🤣🤣,109d6ca103c5d60a5b90,2025-05-26T08:32:08Z,2025-05-26T08:32:08Z,3,0,True,True,none,,2026-06-17T15:11:46.926248+00:00,raw,
YT_Ugz2Y4uOmy4F8ha_-u54AaABAg,YouTube,top_level_comment,Ugz2Y4uOmy4F8ha_-u54AaABAg,Ugz2Y4uOmy4F8ha_-u54AaABAg,hXMCJ90cK7M,Car vs Public Transport in Malaysia. Who Wins?,Mr Money TV,https://www.youtube.com/watch?v=hXMCJ90cK7M,2025-05-23T12:42:56Z,transport_public_services,"public transport: i can watch video, play games, chat with friends etc car = traffic jam die. hours of life wasted. if traffic jam don't exist then car win but that's impossible. money not an issue i just don't want jam",cf839261e407cc9702b6,2025-05-26T07:55:05Z,2025-05-26T07:55:05Z,3,0,True,True,none,,2026-06-17T15:11:46.926324+00:00,raw,
YT_UgyAr7X2W57jq5FnzvB4AaABAg,YouTube,top_level_comment,UgyAr7X2W57jq5FnzvB4AaABAg,UgyAr7X2W57jq5FnzvB4AaABAg,hXMCJ90cK7M,Car vs Public Transport in Malaysia. Who Wins?,Mr Money TV,https://www.youtube.com/watch?v=hXMCJ90cK7M,2025-05-23T12:42:56Z,transport_public_services,"I enquired on a TOD project near jelatek. D deal breaker for me was, it doesnt come with a car park space for the unit. For me, while i may not drive on weekday, it doesn't mean that weekend i dont need a car While grab is an option, there was once i was charged rm50 for a trip from pavillion bukit jalil to cyberjaya presint 8 at 2pm on a weekday. Not having a car and not much ofnother choice, i felt i was held ransom. So yeah, developers - car park space iss still crucial",c4f80a3d6f28c6933fdd,2025-05-26T05:50:39Z,2025-05-26T05:56:49Z,0,0,True,True,none,,2026-06-17T15:11:46.926467+00:00,raw,
YT_Ugx5rgMQ0nHfcEX_jIV4AaABAg,YouTube,top_level_comment,Ugx5rgMQ0nHfcEX_jIV4AaABAg,Ugx5rgMQ0nHfcEX_jIV4AaABAg,hXMCJ90cK7M,Car vs Public Transport in Malaysia. Who Wins?,Mr Money TV,https://www.youtube.com/watch?v=hXMCJ90cK7M,2025-05-23T12:42:56Z,transport_public_services,Need more videos like this. Great to watch hahaha,a11b91f7556c8164335b,2025-05-26T05:44:20Z,2025-05-26T05:44:20Z,0,1,True,True,none,,2026-06-17T15:11:46.926542+00:00,raw,
YT_UgzUQ2aVEtxVYgxOcFd4AaABAg,YouTube,top_level_comment,UgzUQ2aVEtxVYgxOcFd4AaABAg,UgzUQ2aVEtxVYgxOcFd4AaABAg,hXMCJ90cK7M,Car vs Public Transport in Malaysia. Who Wins?,Mr Money TV,https://www.youtube.com/watch?v=hXMCJ90cK7M,2025-05-23T12:42:56Z,transport_public_services,But The Atera is a leasehold condo =(,84d7d2282368b833e9ae,2025-05-25T14:52:51Z,2025-05-25T14:52:51Z,0,0,True,True,none,,2026-06-17T15:11:46.926615+00:00,raw,
YT_UgwuAPsD6cU5In0l5KN4AaABAg,YouTube,top_level_comment,UgwuAPsD6cU5In0l5KN4AaABAg,UgwuAPsD6cU5In0l5KN4AaABAg,hXMCJ90cK7M,Car vs Public Transport in Malaysia. Who Wins?,Mr Money TV,https://www.youtube.com/watch?v=hXMCJ90cK7M,2025-05-23T12:42:56Z,transport_public_services,This is not a fair comparison😅,c1f6987208cd7daa9c0b,2025-05-25T14:21:16Z,2025-05-25T14:21:16Z,0,0,True,True,none,,2026-06-17T15:11:46.926689+00:00,raw,
YT_UgwbYIEFb4BeqRxEyI54AaABAg,YouTube,top_level_comment,UgwbYIEFb4BeqRxEyI54AaABAg,UgwbYIEFb4BeqRxEyI54AaABAg,hXMCJ90cK7M,Car vs Public Transport in Malaysia. Who Wins?,Mr Money TV,https://www.youtube.com/watch?v=hXMCJ90cK7M,2025-05-23T12:42:56Z,transport_public_services,The rabbit 🐇 vs tortoise 🐢 story is always true... Never relax until you end the game... Hahaha...,f35a61f84bea788bb03f,2025-05-25T13:58:10Z,2025-05-25T14:02:19Z,1,0,True,True,none,,2026-06-17T15:11:46.926776+00:00,raw,
YT_UgwcyGnwfyO_Mx0jWnx4AaABAg,YouTube,top_level_comment,UgwcyGnwfyO_Mx0jWnx4AaABAg,UgwcyGnwfyO_Mx0jWnx4AaABAg,hXMCJ90cK7M,Car vs Public Transport in Malaysia. Who Wins?,Mr Money TV,https://www.youtube.com/watch?v=hXMCJ90cK7M,2025-05-23T12:42:56Z,transport_public_services,"For the time being....if you are going into the middle of KL and only around the middle of the city, public transport may make good sense. The system works just good enough to be viable because the area covered isn't large that you need to walk from one place to another place. i.e MRT/LRT stations are just enough and buses are fairly frequent enough. For outskirts, i.e PJ/Cheras/Kajang/Segamat/Melawati etc. this is still unworkable. The first and last mile distance, public transport is rubbish. Just look at the bus and KTM, and its easily explained. Yes I know there is rapidKL on demand vans, but right now the service area is still very limited. This experiment won't tell the whole story because they are case-by-case basis. What we know is for certain, Anthony Loke, buck up la! U not fooling anyone introducing congestion charge la.",f3ecb8c36c38a0c5225b,2025-05-25T09:40:31Z,2025-05-25T09:43:42Z,1,1,True,True,none,,2026-06-17T15:11:46.926963+00:00,raw,
YT_Ugy1A8Ug7MTVJj1kobp4AaABAg,YouTube,top_level_comment,Ugy1A8Ug7MTVJj1kobp4AaABAg,Ugy1A8Ug7MTVJj1kobp4AaABAg,hXMCJ90cK7M,Car vs Public Transport in Malaysia. Who Wins?,Mr Money TV,https://www.youtube.com/watch?v=hXMCJ90cK7M,2025-05-23T12:42:56Z,transport_public_services,"Bro live in KL, bro don't have TnG card. How????",2917b09058af927bc44e,2025-05-25T07:13:15Z,2025-05-25T07:13:15Z,1,0,True,True,none,,2026-06-17T15:11:46.927038+00:00,raw,
YT_UgxC6iNaBWuXy91siO14AaABAg,YouTube,top_level_comment,UgxC6iNaBWuXy91siO14AaABAg,UgxC6iNaBWuXy91siO14AaABAg,hXMCJ90cK7M,Car vs Public Transport in Malaysia. Who Wins?,Mr Money TV,https://www.youtube.com/watch?v=hXMCJ90cK7M,2025-05-23T12:42:56Z,transport_public_services,good comparison.i prefer both but if im with my family i still prefer using car.btw nice BYD car.what model is that?,e03ad1be73b66ce146b6,2025-05-24T09:10:13Z,2025-05-24T09:10:13Z,0,1,True,True,none,,2026-06-17T15:11:46.927124+00:00,raw,
YT_Ugy3yGHcX5iI0FIeyiJ4AaABAg,YouTube,top_level_comment,Ugy3yGHcX5iI0FIeyiJ4AaABAg,Ugy3yGHcX5iI0FIeyiJ4AaABAg,hXMCJ90cK7M,Car vs Public Transport in Malaysia. Who Wins?,Mr Money TV,https://www.youtube.com/watch?v=hXMCJ90cK7M,2025-05-23T12:42:56Z,transport_public_services,Same black shirt and blue jeans?,115c243fc09a4c376075,2025-05-24T06:51:56Z,2025-05-24T06:51:56Z,0,0,True,True,none,,2026-06-17T15:11:46.927185+00:00,raw,
YT_UgwnmvmunzIydbezHJx4AaABAg,YouTube,top_level_comment,UgwnmvmunzIydbezHJx4AaABAg,UgwnmvmunzIydbezHJx4AaABAg,hXMCJ90cK7M,Car vs Public Transport in Malaysia. Who Wins?,Mr Money TV,https://www.youtube.com/watch?v=hXMCJ90cK7M,2025-05-23T12:42:56Z,transport_public_services,"You can just buy a TNG card from the counter? Yes, additional RM10 for card and then you have to reload, but an extra card is always useful?",af71d804d19855f3aa04,2025-05-24T04:57:53Z,2025-05-24T04:57:53Z,1,1,True,True,none,,2026-06-17T15:11:46.927239+00:00,raw,
YT_UgxFt5uvs4HgzXyXhZZ4AaABAg,YouTube,top_level_comment,UgxFt5uvs4HgzXyXhZZ4AaABAg,UgxFt5uvs4HgzXyXhZZ4AaABAg,hXMCJ90cK7M,Car vs Public Transport in Malaysia. Who Wins?,Mr Money TV,https://www.youtube.com/watch?v=hXMCJ90cK7M,2025-05-23T12:42:56Z,transport_public_services,"In term of driving, you can said comfortable , faster but everyone do this it will be jam in the future. Actually KL now is very convenient, yes is not direct but with MY50 per month, you won't get this service in the whole world. Now there is DRT also can connect to the LRT and MRT station already",0116f9ba2903383d2e53,2025-05-24T04:37:23Z,2025-05-24T04:37:23Z,6,2,True,True,none,,2026-06-17T15:11:46.927370+00:00,raw,
YT_UgxYJn_gRg8FDjQDitx4AaABAg,YouTube,top_level_comment,UgxYJn_gRg8FDjQDitx4AaABAg,UgxYJn_gRg8FDjQDitx4AaABAg,hXMCJ90cK7M,Car vs Public Transport in Malaysia. Who Wins?,Mr Money TV,https://www.youtube.com/watch?v=hXMCJ90cK7M,2025-05-23T12:42:56Z,transport_public_services,traffic jammed making car user late over public transport user,f703c4617d46a2d8a30a,2025-05-24T04:25:40Z,2025-05-24T04:25:40Z,2,0,True,True,none,,2026-06-17T15:11:46.927449+00:00,raw,
YT_UgwUGJqnPo8ms-CcnZ14AaABAg,YouTube,top_level_comment,UgwUGJqnPo8ms-CcnZ14AaABAg,UgwUGJqnPo8ms-CcnZ14AaABAg,hXMCJ90cK7M,Car vs Public Transport in Malaysia. Who Wins?,Mr Money TV,https://www.youtube.com/watch?v=hXMCJ90cK7M,2025-05-23T12:42:56Z,transport_public_services,At 4:09 Frankie avoided the question of his current property price by saying it's holding up well. Really?😅,e16fa650f0aee68dd738,2025-05-24T03:14:14Z,2025-05-24T03:14:14Z,0,0,True,True,none,,2026-06-17T15:11:46.927534+00:00,raw,
YT_UgyUUmD83fO6u3Syfrd4AaABAg,YouTube,top_level_comment,UgyUUmD83fO6u3Syfrd4AaABAg,UgyUUmD83fO6u3Syfrd4AaABAg,hXMCJ90cK7M,Car vs Public Transport in Malaysia. Who Wins?,Mr Money TV,https://www.youtube.com/watch?v=hXMCJ90cK7M,2025-05-23T12:42:56Z,transport_public_services,"living in PJ, working in PJ. Married and have one daughter without a car or motorcycle. Second child in Sept. It is doable",13e0ba69a51c9127aa4f,2025-05-24T02:37:38Z,2025-05-24T02:37:38Z,53,6,True,True,none,,2026-06-17T15:11:46.927619+00:00,raw,
YT_UgyZK7eCeSWnqV0pmll4AaABAg,YouTube,top_level_comment,UgyZK7eCeSWnqV0pmll4AaABAg,UgyZK7eCeSWnqV0pmll4AaABAg,hXMCJ90cK7M,Car vs Public Transport in Malaysia. Who Wins?,Mr Money TV,https://www.youtube.com/watch?v=hXMCJ90cK7M,2025-05-23T12:42:56Z,transport_public_services,Haiz....this challenge macam not relevant to the Penang context...,449da2daf27ce9684540,2025-05-24T02:00:53Z,2025-05-24T02:00:53Z,0,0,True,True,none,,2026-06-17T15:11:46.927694+00:00,raw,
YT_Ugy-zLzYPdO1VivsLFp4AaABAg,YouTube,top_level_comment,Ugy-zLzYPdO1VivsLFp4AaABAg,Ugy-zLzYPdO1VivsLFp4AaABAg,hXMCJ90cK7M,Car vs Public Transport in Malaysia. Who Wins?,Mr Money TV,https://www.youtube.com/watch?v=hXMCJ90cK7M,2025-05-23T12:42:56Z,transport_public_services,Looking forward to petrol subsidies being removed so that more will be encouraged to take public transport or at least plan their journeys to reduce car usage.,ea01454d13e14b73f846,2025-05-24T01:55:33Z,2025-05-24T01:55:33Z,0,0,True,True,none,,2026-06-17T15:11:46.927782+00:00,raw,
YT_Ugyie_PfUfZNcwOk1Td4AaABAg,YouTube,top_level_comment,Ugyie_PfUfZNcwOk1Td4AaABAg,Ugyie_PfUfZNcwOk1Td4AaABAg,hXMCJ90cK7M,Car vs Public Transport in Malaysia. Who Wins?,Mr Money TV,https://www.youtube.com/watch?v=hXMCJ90cK7M,2025-05-23T12:42:56Z,transport_public_services,Lamest challenge of this aort ever. The BYD M6 ruin everything 🤮 Skip,bf61e68233fa81cd2baa,2025-05-23T21:26:31Z,2025-05-23T21:26:31Z,0,0,True,True,none,,2026-06-17T15:11:46.927865+00:00,raw,
YT_UgwAIeyKGaIikGeZUah4AaABAg,YouTube,top_level_comment,UgwAIeyKGaIikGeZUah4AaABAg,UgwAIeyKGaIikGeZUah4AaABAg,hXMCJ90cK7M,Car vs Public Transport in Malaysia. Who Wins?,Mr Money TV,https://www.youtube.com/watch?v=hXMCJ90cK7M,2025-05-23T12:42:56Z,transport_public_services,"Try doing one with bus connection, then the whole thing will tip toward car. You gotta remember big majority of journeys (70-85% of journeys) don't have origin-destination start/end in a place that is a stone's throw away from LRT or MRT station. Each bus connection/transfer will set you back a minimum 15mins additional (this is in the situation of transferring to the bus that comes every 5- 10 minutes). If put in Klang Valley context, most bus service for your last-mile connection runs every 30-40mins.",057c52a351b784b3e421,2025-05-23T19:06:32Z,2025-05-23T19:07:29Z,61,1,True,True,none,,2026-06-17T15:11:46.927932+00:00,raw,
YT_UgzF4cAVePVYxmYHFQt4AaABAg,YouTube,top_level_comment,UgzF4cAVePVYxmYHFQt4AaABAg,UgzF4cAVePVYxmYHFQt4AaABAg,hXMCJ90cK7M,Car vs Public Transport in Malaysia. Who Wins?,Mr Money TV,https://www.youtube.com/watch?v=hXMCJ90cK7M,2025-05-23T12:42:56Z,transport_public_services,"building highway push development too far from city centre low density sprawl, making it harder to justify building public transport",7cd186f5024ac9d44290,2025-05-23T17:39:02Z,2025-05-23T17:39:02Z,4,0,True,True,none,,2026-06-17T15:11:46.927970+00:00,raw,
YT_UgxJHtGjdMt0fqr1x6R4AaABAg,YouTube,top_level_comment,UgxJHtGjdMt0fqr1x6R4AaABAg,UgxJHtGjdMt0fqr1x6R4AaABAg,hXMCJ90cK7M,Car vs Public Transport in Malaysia. Who Wins?,Mr Money TV,https://www.youtube.com/watch?v=hXMCJ90cK7M,2025-05-23T12:42:56Z,transport_public_services,"Fun little episode but the harsh reality is that we still need car at the end of the day. This scenario is basically the best case for public transport as all destinations and the starting point are near train stations. If the starting point were Bandar Bukit Puchong the story would have been very different haha... BUT at the same time, if you are lucky and your starting point and destination are near train stations, I'd whole heatedly take it. No stress from jam, no stress from parking, can do other things whilst in the train.",090bf712c040756308c0,2025-05-23T17:34:49Z,2025-05-23T17:36:00Z,37,2,True,True,none,,2026-06-17T15:11:46.928036+00:00,raw,
YT_UgzlSHOsLqjZGNVYSg94AaABAg,YouTube,top_level_comment,UgzlSHOsLqjZGNVYSg94AaABAg,UgzlSHOsLqjZGNVYSg94AaABAg,hXMCJ90cK7M,Car vs Public Transport in Malaysia. Who Wins?,Mr Money TV,https://www.youtube.com/watch?v=hXMCJ90cK7M,2025-05-23T12:42:56Z,transport_public_services,😮😮😮,8ed3f2ed371b48334fc7,2025-05-23T15:56:34Z,2025-05-23T15:56:34Z,0,0,True,True,none,,2026-06-17T15:11:46.928102+00:00,raw,
YT_UgwByDHI3Z0OkAM6Oop4AaABAg,YouTube,top_level_comment,UgwByDHI3Z0OkAM6Oop4AaABAg,UgwByDHI3Z0OkAM6Oop4AaABAg,hXMCJ90cK7M,Car vs Public Transport in Malaysia. Who Wins?,Mr Money TV,https://www.youtube.com/watch?v=hXMCJ90cK7M,2025-05-23T12:42:56Z,transport_public_services,Why is the traffic so bad? This is the effect of sprawling city. New landed properties are mushrooming at suburban area. And Malaysians love their nasi lemak landed house. And these are not served by public transports,582c4ed9338a7b2ffe55,2025-05-23T15:47:33Z,2025-05-23T15:47:33Z,3,1,True,True,none,,2026-06-17T15:11:46.928203+00:00,raw,
YT_UgyhfKF5u18YTjs-Z3R4AaABAg,YouTube,top_level_comment,UgyhfKF5u18YTjs-Z3R4AaABAg,UgyhfKF5u18YTjs-Z3R4AaABAg,hXMCJ90cK7M,Car vs Public Transport in Malaysia. Who Wins?,Mr Money TV,https://www.youtube.com/watch?v=hXMCJ90cK7M,2025-05-23T12:42:56Z,transport_public_services,"Klang, shah alam puchong subang pj bandar sungai long elmina ampang, taman muda hospital ampang bandar baru ampang hulu klang bukit antarbangsar kapar puncak jalil puncak alam bukit jelutong setia ALAM kota kemuning pandan perdana, pandan prima, pandan utama shamelin perkasa kg cheras baru desa pandan, desa tasik desa tun razak desa petaling alam damai damai perdana pulau indah hulu langat kuala langat kuala selangor hulu selangor hulu langat kuala langat semenyih bangi kajang cheras hartamas pudu ulu rawang selayang banting sungai pelek tanjubg sepat sungai besar sri kembangan/ serdang dont have any lrt mrt stn",246824094ac50dab04c2,2025-05-23T14:54:03Z,2025-05-23T14:54:03Z,0,1,True,True,none,,2026-06-17T15:11:46.928341+00:00,raw,
YT_Ugxh4zjcjAl6oq33pxl4AaABAg,YouTube,top_level_comment,Ugxh4zjcjAl6oq33pxl4AaABAg,Ugxh4zjcjAl6oq33pxl4AaABAg,hXMCJ90cK7M,Car vs Public Transport in Malaysia. Who Wins?,Mr Money TV,https://www.youtube.com/watch?v=hXMCJ90cK7M,2025-05-23T12:42:56Z,transport_public_services,"Actually you Mr Money rigged it favour of the car by stopping and talking everywhere, NOT using a Touch n Go card and not researching on how to switch trains. Easily wasted 20 minutes.",59f92f6a971729df31c1,2025-05-23T14:48:37Z,2025-05-23T14:48:37Z,105,5,True,True,none,,2026-06-17T15:11:46.928421+00:00,raw,
YT_UgzXyqxkvfDMj9Gn2TR4AaABAg,YouTube,top_level_comment,UgzXyqxkvfDMj9Gn2TR4AaABAg,UgzXyqxkvfDMj9Gn2TR4AaABAg,hXMCJ90cK7M,Car vs Public Transport in Malaysia. Who Wins?,Mr Money TV,https://www.youtube.com/watch?v=hXMCJ90cK7M,2025-05-23T12:42:56Z,transport_public_services,Lrt3 coming soon,246824094ac50dab04c2,2025-05-23T14:47:25Z,2025-05-23T14:47:25Z,5,0,True,True,none,,2026-06-17T15:11:46.928492+00:00,raw,
YT_Ugy4fu0OsV6nfkuFs6B4AaABAg,YouTube,top_level_comment,Ugy4fu0OsV6nfkuFs6B4AaABAg,Ugy4fu0OsV6nfkuFs6B4AaABAg,hXMCJ90cK7M,Car vs Public Transport in Malaysia. Who Wins?,Mr Money TV,https://www.youtube.com/watch?v=hXMCJ90cK7M,2025-05-23T12:42:56Z,transport_public_services,Klang valley traffic congestion is very bad now a days,246824094ac50dab04c2,2025-05-23T14:46:21Z,2025-05-23T14:46:21Z,3,0,True,True,none,,2026-06-17T15:11:46.928567+00:00,raw,
YT_UgzP8NtP6q-OzBoiNdV4AaABAg,YouTube,top_level_comment,UgzP8NtP6q-OzBoiNdV4AaABAg,UgzP8NtP6q-OzBoiNdV4AaABAg,hXMCJ90cK7M,Car vs Public Transport in Malaysia. Who Wins?,Mr Money TV,https://www.youtube.com/watch?v=hXMCJ90cK7M,2025-05-23T12:42:56Z,transport_public_services,Public transport outside the city centre outskirt area need to build railway station not only in city centre kuala lumpur,246824094ac50dab04c2,2025-05-23T14:45:56Z,2025-05-23T14:45:56Z,1,0,True,True,none,,2026-06-17T15:11:46.928649+00:00,raw,
YT_UgwoOry36cpDPjzy7d14AaABAg,YouTube,top_level_comment,UgwoOry36cpDPjzy7d14AaABAg,UgwoOry36cpDPjzy7d14AaABAg,hXMCJ90cK7M,Car vs Public Transport in Malaysia. Who Wins?,Mr Money TV,https://www.youtube.com/watch?v=hXMCJ90cK7M,2025-05-23T12:42:56Z,transport_public_services,Public transport can access shopping mall around klang valley,246824094ac50dab04c2,2025-05-23T14:44:01Z,2025-05-23T14:44:01Z,4,0,True,True,none,,2026-06-17T15:11:46.928683+00:00,raw,
YT_Ugzeta75Qd_R3s5YMCl4AaABAg,YouTube,top_level_comment,Ugzeta75Qd_R3s5YMCl4AaABAg,Ugzeta75Qd_R3s5YMCl4AaABAg,hXMCJ90cK7M,Car vs Public Transport in Malaysia. Who Wins?,Mr Money TV,https://www.youtube.com/watch?v=hXMCJ90cK7M,2025-05-23T12:42:56Z,transport_public_services,"Build more public transport in klang valley, sabah sarawak jb melaka negeri sembilan east coast area Pahang Kelantan terrengganu Ipoh penang kedah & perlis",246824094ac50dab04c2,2025-05-23T14:43:35Z,2025-05-23T14:43:35Z,2,3,True,True,none,,2026-06-17T15:11:46.928723+00:00,raw,
YT_UgyBlOrr7TJE50zORoN4AaABAg,YouTube,top_level_comment,UgyBlOrr7TJE50zORoN4AaABAg,UgyBlOrr7TJE50zORoN4AaABAg,hXMCJ90cK7M,Car vs Public Transport in Malaysia. Who Wins?,Mr Money TV,https://www.youtube.com/watch?v=hXMCJ90cK7M,2025-05-23T12:42:56Z,transport_public_services,"Unless you buy TOD, for regular housing areas, public transport is just not viable. There might be a MRT/LRT station within a 2km radius...but the last mile sucks. Feeder buses don't operate on a regular basis and doesn't go into the tamans.",7dbcd9940e54014406f7,2025-05-23T14:42:15Z,2025-05-23T14:42:15Z,10,1,True,True,none,,2026-06-17T15:11:46.928768+00:00,raw,
YT_UgyHTA6jPKlYs0pW0e54AaABAg,YouTube,top_level_comment,UgyHTA6jPKlYs0pW0e54AaABAg,UgyHTA6jPKlYs0pW0e54AaABAg,hXMCJ90cK7M,Car vs Public Transport in Malaysia. Who Wins?,Mr Money TV,https://www.youtube.com/watch?v=hXMCJ90cK7M,2025-05-23T12:42:56Z,transport_public_services,The City of Elmina really missed the opportunity to roll up public transportation all across it. I’ve noticed that Elmina is very car centric but even thought they have sidewalks everywhere. It’s not that fun walking if everyone will be driving. Adding multiple bus routes with high frequency and possibly even better an extension of MRT Kajang line to Elmina and around it would be such a hit!!,d476687c089c60e2631f,2025-05-23T14:37:12Z,2025-05-23T14:37:12Z,13,7,True,True,none,,2026-06-17T15:11:46.928831+00:00,raw,
YT_UgwlXH-dijyJcnC80dp4AaABAg,YouTube,top_level_comment,UgwlXH-dijyJcnC80dp4AaABAg,UgwlXH-dijyJcnC80dp4AaABAg,hXMCJ90cK7M,Car vs Public Transport in Malaysia. Who Wins?,Mr Money TV,https://www.youtube.com/watch?v=hXMCJ90cK7M,2025-05-23T12:42:56Z,transport_public_services,Public transport need build more railway line lrt mrt monorail brt ktm klia Lrt3 Shah alam line opening soon 30.9.25,246824094ac50dab04c2,2025-05-23T14:36:16Z,2025-05-23T14:36:16Z,1,1,True,True,none,,2026-06-17T15:11:46.928904+00:00,raw,
YT_Ugw1-94Jrbkpm4oIg-R4AaABAg,YouTube,top_level_comment,Ugw1-94Jrbkpm4oIg-R4AaABAg,Ugw1-94Jrbkpm4oIg-R4AaABAg,hXMCJ90cK7M,Car vs Public Transport in Malaysia. Who Wins?,Mr Money TV,https://www.youtube.com/watch?v=hXMCJ90cK7M,2025-05-23T12:42:56Z,transport_public_services,Klang valley drive Vs public transport,246824094ac50dab04c2,2025-05-23T14:35:00Z,2025-05-23T14:44:50Z,3,0,True,True,none,,2026-06-17T15:11:46.928976+00:00,raw,
YT_UgyxZA7iHrYimRJWegR4AaABAg,YouTube,top_level_comment,UgyxZA7iHrYimRJWegR4AaABAg,UgyxZA7iHrYimRJWegR4AaABAg,hXMCJ90cK7M,Car vs Public Transport in Malaysia. Who Wins?,Mr Money TV,https://www.youtube.com/watch?v=hXMCJ90cK7M,2025-05-23T12:42:56Z,transport_public_services,Did you all notice that Frankie has lost some weight? Or is it just me?,03ddb2bbed3120a63a6b,2025-05-23T14:30:39Z,2025-05-23T14:30:39Z,3,0,True,True,none,,2026-06-17T15:11:46.929054+00:00,raw,
YT_UgwhsttGzzYhQrx0o5R4AaABAg,YouTube,top_level_comment,UgwhsttGzzYhQrx0o5R4AaABAg,UgwhsttGzzYhQrx0o5R4AaABAg,hXMCJ90cK7M,Car vs Public Transport in Malaysia. Who Wins?,Mr Money TV,https://www.youtube.com/watch?v=hXMCJ90cK7M,2025-05-23T12:42:56Z,transport_public_services,To be honest...i dont need to watch 17mins of this video. Already gave up hope Malaysian Public Transport and my opinion on Malaysian public transport 20 years of national car policy and building highways killed the Malaysian public transport system....and im from time where Mini buses were once the king public of transport...whatever effort the goverment's goal will fail if they dont intend to make public transport the 'Preferred Choice of transport' in Klang Valley.,b64eb8aed28d86a85ab3,2025-05-23T14:26:28Z,2025-05-23T14:26:28Z,4,0,True,True,none,,2026-06-17T15:11:46.929166+00:00,raw,
YT_UgyE-CPBJ7ijUPd6WxV4AaABAg,YouTube,top_level_comment,UgyE-CPBJ7ijUPd6WxV4AaABAg,UgyE-CPBJ7ijUPd6WxV4AaABAg,hXMCJ90cK7M,Car vs Public Transport in Malaysia. Who Wins?,Mr Money TV,https://www.youtube.com/watch?v=hXMCJ90cK7M,2025-05-23T12:42:56Z,transport_public_services,"I stay outside KL, and take the ERL to work! The traffic jams have recently been so terrible, with traffic jam being almost 1 & a half hours... To me, it became a safety thing - with so much driving time, microsleep is no joke!",2663524019a926b61a01,2025-05-23T14:25:56Z,2025-05-23T14:25:56Z,26,1,True,True,none,,2026-06-17T15:11:46.929214+00:00,raw,
YT_UgyoZY0ceYyBH5xVtd14AaABAg,YouTube,top_level_comment,UgyoZY0ceYyBH5xVtd14AaABAg,UgyoZY0ceYyBH5xVtd14AaABAg,hXMCJ90cK7M,Car vs Public Transport in Malaysia. Who Wins?,Mr Money TV,https://www.youtube.com/watch?v=hXMCJ90cK7M,2025-05-23T12:42:56Z,transport_public_services,Motorbike is 👑,cc492beac3cdf8de0011,2025-05-23T13:37:49Z,2025-05-23T13:37:49Z,4,10,True,True,none,,2026-06-17T15:11:46.929247+00:00,raw,
YT_Ugyy4vgnk-njpFGAlP94AaABAg,YouTube,top_level_comment,Ugyy4vgnk-njpFGAlP94AaABAg,Ugyy4vgnk-njpFGAlP94AaABAg,hXMCJ90cK7M,Car vs Public Transport in Malaysia. Who Wins?,Mr Money TV,https://www.youtube.com/watch?v=hXMCJ90cK7M,2025-05-23T12:42:56Z,transport_public_services,"Loving these budget challenges vlog across KL PJ and Klang area, keep it up mmtv!!",02448f1c7d0223ec24d5,2025-05-23T13:17:27Z,2025-05-23T13:17:38Z,9,1,True,True,none,,2026-06-17T15:11:46.929290+00:00,raw,
YT_Ugwi0s2h7Tnb0Yl-8Y14AaABAg,YouTube,top_level_comment,Ugwi0s2h7Tnb0Yl-8Y14AaABAg,Ugwi0s2h7Tnb0Yl-8Y14AaABAg,oULUeT07fa0,JPJ MALAYSIA? ADA APA APA JAWAPAN KE? SITA KENDERAAN ORANG SAMPAI BERBULAN BULAN? TERIMA KASIH SINGH,Bossrul Channel,https://www.youtube.com/watch?v=oULUeT07fa0,2025-07-01T02:14:17Z,transport_public_services,Kesian kat pemilik tengok kendaraan belum ada part2 hilang lagi semua kos under pemilik pulak😢,f5e6dfbd0f57902fa6a0,2025-09-26T00:25:45Z,2025-09-26T00:25:45Z,1,0,True,True,none,,2026-06-17T15:11:48.875045+00:00,raw,
YT_Ugxf61jFZKvZvaeAr2h4AaABAg,YouTube,top_level_comment,Ugxf61jFZKvZvaeAr2h4AaABAg,Ugxf61jFZKvZvaeAr2h4AaABAg,oULUeT07fa0,JPJ MALAYSIA? ADA APA APA JAWAPAN KE? SITA KENDERAAN ORANG SAMPAI BERBULAN BULAN? TERIMA KASIH SINGH,Bossrul Channel,https://www.youtube.com/watch?v=oULUeT07fa0,2025-07-01T02:14:17Z,transport_public_services,Jual scrap..dpt duit byk,3951ac7b01456ec74d86,2025-07-26T10:31:18Z,2025-07-26T10:31:18Z,1,0,True,True,none,,2026-06-17T15:11:48.875107+00:00,raw,
YT_Ugx_JHB_32yqC74LTdh4AaABAg,YouTube,top_level_comment,Ugx_JHB_32yqC74LTdh4AaABAg,Ugx_JHB_32yqC74LTdh4AaABAg,oULUeT07fa0,JPJ MALAYSIA? ADA APA APA JAWAPAN KE? SITA KENDERAAN ORANG SAMPAI BERBULAN BULAN? TERIMA KASIH SINGH,Bossrul Channel,https://www.youtube.com/watch?v=oULUeT07fa0,2025-07-01T02:14:17Z,transport_public_services,Jpj ni xde lg bagus..buang duit rakyat je.,3951ac7b01456ec74d86,2025-07-26T10:29:19Z,2025-07-26T10:29:19Z,1,0,True,True,none,,2026-06-17T15:11:48.875152+00:00,raw,
YT_UgyzVlPxx9Z5Ex2-YTZ4AaABAg,YouTube,top_level_comment,UgyzVlPxx9Z5Ex2-YTZ4AaABAg,UgyzVlPxx9Z5Ex2-YTZ4AaABAg,oULUeT07fa0,JPJ MALAYSIA? ADA APA APA JAWAPAN KE? SITA KENDERAAN ORANG SAMPAI BERBULAN BULAN? TERIMA KASIH SINGH,Bossrul Channel,https://www.youtube.com/watch?v=oULUeT07fa0,2025-07-01T02:14:17Z,transport_public_services,Ringggiitt,4c176202b4671d9d01ff,2025-07-26T09:14:11Z,2025-07-26T09:14:11Z,1,0,True,True,none,,2026-06-17T15:11:48.875190+00:00,raw,
YT_UgweCUtAyZiuKR1EsiJ4AaABAg,YouTube,top_level_comment,UgweCUtAyZiuKR1EsiJ4AaABAg,UgweCUtAyZiuKR1EsiJ4AaABAg,oULUeT07fa0,JPJ MALAYSIA? ADA APA APA JAWAPAN KE? SITA KENDERAAN ORANG SAMPAI BERBULAN BULAN? TERIMA KASIH SINGH,Bossrul Channel,https://www.youtube.com/watch?v=oULUeT07fa0,2025-07-01T02:14:17Z,transport_public_services,"Sme mcm motor exsiden org tua aku..balai polis raub..xde persetujuan dibawk moto tu nk repair kt bengkel melayu,org2 dorg jgk..xblh repair dirembat part2 motor.drpd blh hidup mse exsiden dh xblh hidup sbb ecu semua kne rembat..balai polis raub punye penangan..bodohnye dorg tahap gaban..",a7440cbe547ada7f5dbd,2025-07-22T15:34:11Z,2025-07-22T15:34:11Z,1,1,True,True,none,,2026-06-17T15:11:48.875247+00:00,raw,
YT_Ugxai86IaaDL4YLSwAt4AaABAg,YouTube,top_level_comment,Ugxai86IaaDL4YLSwAt4AaABAg,Ugxai86IaaDL4YLSwAt4AaABAg,oULUeT07fa0,JPJ MALAYSIA? ADA APA APA JAWAPAN KE? SITA KENDERAAN ORANG SAMPAI BERBULAN BULAN? TERIMA KASIH SINGH,Bossrul Channel,https://www.youtube.com/watch?v=oULUeT07fa0,2025-07-01T02:14:17Z,transport_public_services,Betul la tu mansuhkan je JPJ sebab dia bukan boleh tembak orang baik polis je jadi kuatkuasa semua tapi ada bahagian bahagian dia la. Sebab JPJ tak nampak fungsi dia melaikan kerja Lori dekat selekoh baru baru ni hampir kemalangan tu bahaya kan rakyat semata Mata. #RAKYATJAGARAKYAT,1854ee24d5e3e72aecf7,2025-07-22T09:57:26Z,2025-07-22T09:57:26Z,1,0,True,True,none,,2026-06-17T15:11:48.875302+00:00,raw,
YT_UgwBDUbt_rCrejz2iAl4AaABAg,YouTube,top_level_comment,UgwBDUbt_rCrejz2iAl4AaABAg,UgwBDUbt_rCrejz2iAl4AaABAg,oULUeT07fa0,JPJ MALAYSIA? ADA APA APA JAWAPAN KE? SITA KENDERAAN ORANG SAMPAI BERBULAN BULAN? TERIMA KASIH SINGH,Bossrul Channel,https://www.youtube.com/watch?v=oULUeT07fa0,2025-07-01T02:14:17Z,transport_public_services,JPJ ni sebenarnya xda fungsi pun,9f88de2adf8d79ba9cdc,2025-07-22T09:12:25Z,2025-07-22T09:12:25Z,0,0,True,True,none,,2026-06-17T15:11:48.875339+00:00,raw,
YT_UgxLHwVrwo-bxt821iZ4AaABAg,YouTube,top_level_comment,UgxLHwVrwo-bxt821iZ4AaABAg,UgxLHwVrwo-bxt821iZ4AaABAg,oULUeT07fa0,JPJ MALAYSIA? ADA APA APA JAWAPAN KE? SITA KENDERAAN ORANG SAMPAI BERBULAN BULAN? TERIMA KASIH SINGH,Bossrul Channel,https://www.youtube.com/watch?v=oULUeT07fa0,2025-07-01T02:14:17Z,transport_public_services,Bubar saja JPJ....,414b251fd946ec70ac6e,2025-07-22T05:59:29Z,2025-07-22T05:59:29Z,0,0,True,True,none,,2026-06-17T15:11:48.875375+00:00,raw,
YT_Ugxzizlmkn-4QBB-KLV4AaABAg,YouTube,top_level_comment,Ugxzizlmkn-4QBB-KLV4AaABAg,Ugxzizlmkn-4QBB-KLV4AaABAg,oULUeT07fa0,JPJ MALAYSIA? ADA APA APA JAWAPAN KE? SITA KENDERAAN ORANG SAMPAI BERBULAN BULAN? TERIMA KASIH SINGH,Bossrul Channel,https://www.youtube.com/watch?v=oULUeT07fa0,2025-07-01T02:14:17Z,transport_public_services,🎉🎉abg j😅😂,830e48f70b1b9625c0ff,2025-07-19T02:56:06Z,2025-07-19T02:56:06Z,0,0,True,True,none,,2026-06-17T15:11:48.875411+00:00,raw,
YT_UgzbNd8VpSzD8qzJs4J4AaABAg,YouTube,top_level_comment,UgzbNd8VpSzD8qzJs4J4AaABAg,UgzbNd8VpSzD8qzJs4J4AaABAg,oULUeT07fa0,JPJ MALAYSIA? ADA APA APA JAWAPAN KE? SITA KENDERAAN ORANG SAMPAI BERBULAN BULAN? TERIMA KASIH SINGH,Bossrul Channel,https://www.youtube.com/watch?v=oULUeT07fa0,2025-07-01T02:14:17Z,transport_public_services,Saya pun pernah kena sita moto setahun baru nak ambik balik moto brrjemur matahari warna pudar lepas tu kena servis baru moto boleh start diaorang tak kisah pun pasal motor atau kenderaan kita yang tersidai kejamnya 😂,29ac3a48ae1a1018d97c,2025-07-19T00:31:30Z,2025-07-19T00:31:30Z,0,0,True,True,none,,2026-06-17T15:11:48.875467+00:00,raw,
YT_UgzFtVe9ZGCZ-1MMZm94AaABAg,YouTube,top_level_comment,UgzFtVe9ZGCZ-1MMZm94AaABAg,UgzFtVe9ZGCZ-1MMZm94AaABAg,oULUeT07fa0,JPJ MALAYSIA? ADA APA APA JAWAPAN KE? SITA KENDERAAN ORANG SAMPAI BERBULAN BULAN? TERIMA KASIH SINGH,Bossrul Channel,https://www.youtube.com/watch?v=oULUeT07fa0,2025-07-01T02:14:17Z,transport_public_services,very good sir 👍🏻,aade7b6c86c0b65dda60,2025-07-18T21:08:17Z,2025-07-18T21:08:17Z,0,0,True,True,none,,2026-06-17T15:11:48.875505+00:00,raw,
YT_Ugz5NjtKndnhKl3Pe2d4AaABAg,YouTube,top_level_comment,Ugz5NjtKndnhKl3Pe2d4AaABAg,Ugz5NjtKndnhKl3Pe2d4AaABAg,oULUeT07fa0,JPJ MALAYSIA? ADA APA APA JAWAPAN KE? SITA KENDERAAN ORANG SAMPAI BERBULAN BULAN? TERIMA KASIH SINGH,Bossrul Channel,https://www.youtube.com/watch?v=oULUeT07fa0,2025-07-01T02:14:17Z,transport_public_services,Senang saja dia simpan lama2 lepas tu lelong boleh la kerajaan dapat duit bayar gaji pegawai jpj. Tangkap laju bila nak ambil balik kenderaan tu dah jadi reput pun tak dapat.,1fa4c3b4c5a25b83e9a3,2025-07-18T04:19:32Z,2025-07-18T04:19:32Z,0,0,True,True,none,,2026-06-17T15:11:48.875553+00:00,raw,
YT_UgyfU6HAaYdwxOmr7Fl4AaABAg,YouTube,top_level_comment,UgyfU6HAaYdwxOmr7Fl4AaABAg,UgyfU6HAaYdwxOmr7Fl4AaABAg,oULUeT07fa0,JPJ MALAYSIA? ADA APA APA JAWAPAN KE? SITA KENDERAAN ORANG SAMPAI BERBULAN BULAN? TERIMA KASIH SINGH,Bossrul Channel,https://www.youtube.com/watch?v=oULUeT07fa0,2025-07-01T02:14:17Z,transport_public_services,Rakyat bayar gaji ..rakyat boleh turunkn jpj... Allahhuakhbar....,a2f9a9970962eb72f7b0,2025-07-17T23:37:23Z,2025-07-17T23:37:23Z,0,0,True,True,none,,2026-06-17T15:11:48.875593+00:00,raw,
YT_UgzJ8ZHs1zR9IE0X8Mx4AaABAg,YouTube,top_level_comment,UgzJ8ZHs1zR9IE0X8Mx4AaABAg,UgzJ8ZHs1zR9IE0X8Mx4AaABAg,oULUeT07fa0,JPJ MALAYSIA? ADA APA APA JAWAPAN KE? SITA KENDERAAN ORANG SAMPAI BERBULAN BULAN? TERIMA KASIH SINGH,Bossrul Channel,https://www.youtube.com/watch?v=oULUeT07fa0,2025-07-01T02:14:17Z,transport_public_services,"Aku pemilik kenderaan... Kadang2 nak hidupkn roadtex insurence pn jadi masalah kat jpj... Kenderaan secondhand after market standert just tukar sport rim, warna baru, exous ada bunyi sikit, pn jadi masalah.... Kalau tak caye try bawa moto rxz ,krr,125z, lc, tukar cover set baru, sport rim baru shj..yg lain stendert...itu pn jadi masalah...",6801cc537b88d41ce1af,2025-07-17T19:53:58Z,2025-07-17T19:53:58Z,0,0,True,True,none,,2026-06-17T15:11:48.875766+00:00,raw,
YT_Ugxr-w0Cn58OYF28Yi94AaABAg,YouTube,top_level_comment,Ugxr-w0Cn58OYF28Yi94AaABAg,Ugxr-w0Cn58OYF28Yi94AaABAg,oULUeT07fa0,JPJ MALAYSIA? ADA APA APA JAWAPAN KE? SITA KENDERAAN ORANG SAMPAI BERBULAN BULAN? TERIMA KASIH SINGH,Bossrul Channel,https://www.youtube.com/watch?v=oULUeT07fa0,2025-07-01T02:14:17Z,transport_public_services,JPJ gaya saja berlebih2 dgn seragam nya tpi urusan kerja2 pejabat smua make do know,3fff7769de914a4be270,2025-07-17T05:43:54Z,2025-07-17T05:43:54Z,1,0,True,True,none,,2026-06-17T15:11:48.875825+00:00,raw,
YT_UgyxHKND_v7nqE9Q6F94AaABAg,YouTube,top_level_comment,UgyxHKND_v7nqE9Q6F94AaABAg,UgyxHKND_v7nqE9Q6F94AaABAg,oULUeT07fa0,JPJ MALAYSIA? ADA APA APA JAWAPAN KE? SITA KENDERAAN ORANG SAMPAI BERBULAN BULAN? TERIMA KASIH SINGH,Bossrul Channel,https://www.youtube.com/watch?v=oULUeT07fa0,2025-07-01T02:14:17Z,transport_public_services,Lama lama kena jual,e2fe9e1e7e4fbcc62480,2025-07-16T09:28:36Z,2025-07-16T09:28:36Z,0,0,True,True,none,,2026-06-17T15:11:48.875867+00:00,raw,
YT_Ugz8GTXBh7_rqFH0E5V4AaABAg,YouTube,top_level_comment,Ugz8GTXBh7_rqFH0E5V4AaABAg,Ugz8GTXBh7_rqFH0E5V4AaABAg,oULUeT07fa0,JPJ MALAYSIA? ADA APA APA JAWAPAN KE? SITA KENDERAAN ORANG SAMPAI BERBULAN BULAN? TERIMA KASIH SINGH,Bossrul Channel,https://www.youtube.com/watch?v=oULUeT07fa0,2025-07-01T02:14:17Z,transport_public_services,Lori saya pun sita. Selepas timbang katanya nail barang berat. Saya pun pergi jumpa pegawai berkenaan katanya tunggu. Tidak boleh jumpa pegawai atasan. Katanya Lori saya akan lucut. Saya pun tidak faham undang JPJ. Akhirnya Tanya RM60 ribu untuk settle. Macam rasuah.,3b4829de04df8b4a7680,2025-07-16T08:40:39Z,2025-07-16T08:40:39Z,0,0,True,True,none,,2026-06-17T15:11:48.875923+00:00,raw,
YT_UgzJto2IYizWHDWwAhd4AaABAg,YouTube,top_level_comment,UgzJto2IYizWHDWwAhd4AaABAg,UgzJto2IYizWHDWwAhd4AaABAg,oULUeT07fa0,JPJ MALAYSIA? ADA APA APA JAWAPAN KE? SITA KENDERAAN ORANG SAMPAI BERBULAN BULAN? TERIMA KASIH SINGH,Bossrul Channel,https://www.youtube.com/watch?v=oULUeT07fa0,2025-07-01T02:14:17Z,transport_public_services,Dorang kopek spare parts....,b3621515496eac6b9a8e,2025-07-16T06:12:46Z,2025-07-16T06:12:46Z,0,0,True,True,none,,2026-06-17T15:11:48.875961+00:00,raw,
YT_UgwaX772wNZQ-6Bx_XF4AaABAg,YouTube,top_level_comment,UgwaX772wNZQ-6Bx_XF4AaABAg,UgwaX772wNZQ-6Bx_XF4AaABAg,oULUeT07fa0,JPJ MALAYSIA? ADA APA APA JAWAPAN KE? SITA KENDERAAN ORANG SAMPAI BERBULAN BULAN? TERIMA KASIH SINGH,Bossrul Channel,https://www.youtube.com/watch?v=oULUeT07fa0,2025-07-01T02:14:17Z,transport_public_services,JPJ suka² buat kat negara kecil kalo kat yaman mapuslah jpj..,33ff9abc38b5720e9de9,2025-07-16T01:52:34Z,2025-07-16T01:52:34Z,0,0,True,True,none,,2026-06-17T15:11:48.876003+00:00,raw,
YT_UgxWoXVBhbXVsnCPoJ14AaABAg,YouTube,top_level_comment,UgxWoXVBhbXVsnCPoJ14AaABAg,UgxWoXVBhbXVsnCPoJ14AaABAg,oULUeT07fa0,JPJ MALAYSIA? ADA APA APA JAWAPAN KE? SITA KENDERAAN ORANG SAMPAI BERBULAN BULAN? TERIMA KASIH SINGH,Bossrul Channel,https://www.youtube.com/watch?v=oULUeT07fa0,2025-07-01T02:14:17Z,transport_public_services,Siapa setuju pendapat uncle ni sila 👍,cb14d6786fa3f44d878f,2025-07-15T15:31:01Z,2025-07-15T15:31:01Z,3,0,True,True,none,,2026-06-17T15:11:48.876046+00:00,raw,
YT_Ugz2NulEXV66nhfxb2h4AaABAg,YouTube,top_level_comment,Ugz2NulEXV66nhfxb2h4AaABAg,Ugz2NulEXV66nhfxb2h4AaABAg,oULUeT07fa0,JPJ MALAYSIA? ADA APA APA JAWAPAN KE? SITA KENDERAAN ORANG SAMPAI BERBULAN BULAN? TERIMA KASIH SINGH,Bossrul Channel,https://www.youtube.com/watch?v=oULUeT07fa0,2025-07-01T02:14:17Z,transport_public_services,"Kalo org x ambik kenderaan,lama² dia lelong..kesian pemilik kenderaan",1fcf4cb6c0ac84613e11,2025-07-15T04:50:41Z,2025-07-15T04:50:41Z,3,0,True,True,none,,2026-06-17T15:11:48.876089+00:00,raw,
YT_Ugx8OTapWUzPq0xdgYZ4AaABAg,YouTube,top_level_comment,Ugx8OTapWUzPq0xdgYZ4AaABAg,Ugx8OTapWUzPq0xdgYZ4AaABAg,oULUeT07fa0,JPJ MALAYSIA? ADA APA APA JAWAPAN KE? SITA KENDERAAN ORANG SAMPAI BERBULAN BULAN? TERIMA KASIH SINGH,Bossrul Channel,https://www.youtube.com/watch?v=oULUeT07fa0,2025-07-01T02:14:17Z,transport_public_services,Saman... Lawan jgn tak lawan,bce6c657cd62ae66cc1f,2025-07-14T08:57:00Z,2025-07-14T08:57:00Z,0,0,True,True,none,,2026-06-17T15:11:48.876128+00:00,raw,
YT_Ugw6HoOmllHjdyVwP1F4AaABAg,YouTube,top_level_comment,Ugw6HoOmllHjdyVwP1F4AaABAg,Ugw6HoOmllHjdyVwP1F4AaABAg,oULUeT07fa0,JPJ MALAYSIA? ADA APA APA JAWAPAN KE? SITA KENDERAAN ORANG SAMPAI BERBULAN BULAN? TERIMA KASIH SINGH,Bossrul Channel,https://www.youtube.com/watch?v=oULUeT07fa0,2025-07-01T02:14:17Z,transport_public_services,❤❤❤❤... indian,d09c54323c6f5e7ec9a9,2025-07-14T07:30:30Z,2025-07-14T07:30:30Z,0,0,True,True,none,,2026-06-17T15:11:48.876168+00:00,raw,
YT_UgxvGwwLBUYIHp7Cis14AaABAg,YouTube,top_level_comment,UgxvGwwLBUYIHp7Cis14AaABAg,UgxvGwwLBUYIHp7Cis14AaABAg,oULUeT07fa0,JPJ MALAYSIA? ADA APA APA JAWAPAN KE? SITA KENDERAAN ORANG SAMPAI BERBULAN BULAN? TERIMA KASIH SINGH,Bossrul Channel,https://www.youtube.com/watch?v=oULUeT07fa0,2025-07-01T02:14:17Z,transport_public_services,Jpj memang xguna menyusahkan org xguna xde funsion,0639bcfb01595be31605,2025-07-14T06:40:25Z,2025-07-14T06:40:25Z,0,0,True,True,none,,2026-06-17T15:11:48.876209+00:00,raw,
YT_UgzFcQgpXyQCTq_7hxZ4AaABAg,YouTube,top_level_comment,UgzFcQgpXyQCTq_7hxZ4AaABAg,UgzFcQgpXyQCTq_7hxZ4AaABAg,oULUeT07fa0,JPJ MALAYSIA? ADA APA APA JAWAPAN KE? SITA KENDERAAN ORANG SAMPAI BERBULAN BULAN? TERIMA KASIH SINGH,Bossrul Channel,https://www.youtube.com/watch?v=oULUeT07fa0,2025-07-01T02:14:17Z,transport_public_services,Memang betul JPJ kedang2 bikin sakit hati juga.,7564003189541eeff5d9,2025-07-13T23:02:30Z,2025-07-13T23:02:30Z,0,0,True,True,none,,2026-06-17T15:11:48.876248+00:00,raw,
YT_UgyH-0BrloAX94WzkDt4AaABAg,YouTube,top_level_comment,UgyH-0BrloAX94WzkDt4AaABAg,UgyH-0BrloAX94WzkDt4AaABAg,oULUeT07fa0,JPJ MALAYSIA? ADA APA APA JAWAPAN KE? SITA KENDERAAN ORANG SAMPAI BERBULAN BULAN? TERIMA KASIH SINGH,Bossrul Channel,https://www.youtube.com/watch?v=oULUeT07fa0,2025-07-01T02:14:17Z,transport_public_services,"Btul tu pakcik dah penuh stor jpj last jual pulak kederaan awan,",a3e9f4393c97e9c7a63f,2025-07-13T09:43:15Z,2025-07-13T09:43:15Z,1,0,True,True,none,,2026-06-17T15:11:48.876290+00:00,raw,
YT_UgwLXSPbFtJJhEPU5gZ4AaABAg,YouTube,top_level_comment,UgwLXSPbFtJJhEPU5gZ4AaABAg,UgwLXSPbFtJJhEPU5gZ4AaABAg,oULUeT07fa0,JPJ MALAYSIA? ADA APA APA JAWAPAN KE? SITA KENDERAAN ORANG SAMPAI BERBULAN BULAN? TERIMA KASIH SINGH,Bossrul Channel,https://www.youtube.com/watch?v=oULUeT07fa0,2025-07-01T02:14:17Z,transport_public_services,Yes betol2.... orang nak cari rezeki dengan kenderaan2 diorang,c810f5c09b1639f8dd2d,2025-07-13T03:44:56Z,2025-07-13T03:44:56Z,0,0,True,True,none,,2026-06-17T15:11:48.876331+00:00,raw,
YT_UgyCzmP0Rdpm6NMXHXV4AaABAg,YouTube,top_level_comment,UgyCzmP0Rdpm6NMXHXV4AaABAg,UgyCzmP0Rdpm6NMXHXV4AaABAg,oULUeT07fa0,JPJ MALAYSIA? ADA APA APA JAWAPAN KE? SITA KENDERAAN ORANG SAMPAI BERBULAN BULAN? TERIMA KASIH SINGH,Bossrul Channel,https://www.youtube.com/watch?v=oULUeT07fa0,2025-07-01T02:14:17Z,transport_public_services,JPJ yg potong double Line sita je,b6e4622bd19ed977f413,2025-07-12T09:58:03Z,2025-07-12T09:58:03Z,0,0,True,True,none,,2026-06-17T15:11:48.876371+00:00,raw,
YT_UgxmJudDUb9lIPIRSa94AaABAg,YouTube,top_level_comment,UgxmJudDUb9lIPIRSa94AaABAg,UgxmJudDUb9lIPIRSa94AaABAg,oULUeT07fa0,JPJ MALAYSIA? ADA APA APA JAWAPAN KE? SITA KENDERAAN ORANG SAMPAI BERBULAN BULAN? TERIMA KASIH SINGH,Bossrul Channel,https://www.youtube.com/watch?v=oULUeT07fa0,2025-07-01T02:14:17Z,transport_public_services,terbaik boss info...kasi kupas isu...tentang JPJ...,3593635e1488491cfcbc,2025-07-12T08:04:11Z,2025-07-12T08:04:11Z,0,0,True,True,none,,2026-06-17T15:11:48.876410+00:00,raw,
YT_Ugy3lRsjDOWZjxgzp2d4AaABAg,YouTube,top_level_comment,Ugy3lRsjDOWZjxgzp2d4AaABAg,Ugy3lRsjDOWZjxgzp2d4AaABAg,oULUeT07fa0,JPJ MALAYSIA? ADA APA APA JAWAPAN KE? SITA KENDERAAN ORANG SAMPAI BERBULAN BULAN? TERIMA KASIH SINGH,Bossrul Channel,https://www.youtube.com/watch?v=oULUeT07fa0,2025-07-01T02:14:17Z,transport_public_services,❤❤❤❤❤❤ itu boleh boleh buat tindakan tu,e373f12d2ad6c50a99a0,2025-07-12T05:09:46Z,2025-07-12T05:09:46Z,0,0,True,True,none,,2026-06-17T15:11:48.876454+00:00,raw,
YT_UgwokaNZ_6YjWp0xZyd4AaABAg,YouTube,top_level_comment,UgwokaNZ_6YjWp0xZyd4AaABAg,UgwokaNZ_6YjWp0xZyd4AaABAg,oULUeT07fa0,JPJ MALAYSIA? ADA APA APA JAWAPAN KE? SITA KENDERAAN ORANG SAMPAI BERBULAN BULAN? TERIMA KASIH SINGH,Bossrul Channel,https://www.youtube.com/watch?v=oULUeT07fa0,2025-07-01T02:14:17Z,transport_public_services,"Setuju Mr. Disita sepatutnya atas perintah mahkamah petistion drpd bank yg memberi loan. Atas kesalahan apa yg kenderaan blh disita berbulan, dah mcm hakmilil jpj pula, sita dan nk lelongkan ke. Please lah jgan permainkan hak pemilikan dgn kesalahan2 bodoh dan gunakan kuasa yahudi korang",210cf1784dfa17029ac9,2025-07-12T04:23:38Z,2025-07-12T04:23:38Z,0,0,True,True,none,,2026-06-17T15:11:48.876514+00:00,raw,
YT_UgzFlW4XVs1iEySMW0N4AaABAg,YouTube,top_level_comment,UgzFlW4XVs1iEySMW0N4AaABAg,UgzFlW4XVs1iEySMW0N4AaABAg,oULUeT07fa0,JPJ MALAYSIA? ADA APA APA JAWAPAN KE? SITA KENDERAAN ORANG SAMPAI BERBULAN BULAN? TERIMA KASIH SINGH,Bossrul Channel,https://www.youtube.com/watch?v=oULUeT07fa0,2025-07-01T02:14:17Z,transport_public_services,"Boss..Kasi teh tarik ikat tepi yer,hujung bulan bayar..😅",d9edfc8dfbac43a91083,2025-07-12T03:36:31Z,2025-07-12T03:36:31Z,0,0,True,True,none,,2026-06-17T15:11:48.876557+00:00,raw,
YT_Ugw1cfOyElPaCB157JV4AaABAg,YouTube,top_level_comment,Ugw1cfOyElPaCB157JV4AaABAg,Ugw1cfOyElPaCB157JV4AaABAg,oULUeT07fa0,JPJ MALAYSIA? ADA APA APA JAWAPAN KE? SITA KENDERAAN ORANG SAMPAI BERBULAN BULAN? TERIMA KASIH SINGH,Bossrul Channel,https://www.youtube.com/watch?v=oULUeT07fa0,2025-07-01T02:14:17Z,transport_public_services,Terbaik 👍👍👍,f4fdbaedc21ac9ec1647,2025-07-11T22:46:35Z,2025-07-11T22:46:35Z,0,0,True,True,none,,2026-06-17T15:11:48.876596+00:00,raw,
YT_UgxE2gRf2VR2KZ8xYLV4AaABAg,YouTube,top_level_comment,UgxE2gRf2VR2KZ8xYLV4AaABAg,UgxE2gRf2VR2KZ8xYLV4AaABAg,oULUeT07fa0,JPJ MALAYSIA? ADA APA APA JAWAPAN KE? SITA KENDERAAN ORANG SAMPAI BERBULAN BULAN? TERIMA KASIH SINGH,Bossrul Channel,https://www.youtube.com/watch?v=oULUeT07fa0,2025-07-01T02:14:17Z,transport_public_services,Sesuai nama JPJ ... Jabatan Paling Jahat,db60fcf7d8c862a0a5b7,2025-07-11T04:57:37Z,2025-07-11T04:57:37Z,0,0,True,True,none,,2026-06-17T15:11:48.876635+00:00,raw,
YT_UgwO7c5FnMQZ11-KO2F4AaABAg,YouTube,top_level_comment,UgwO7c5FnMQZ11-KO2F4AaABAg,UgwO7c5FnMQZ11-KO2F4AaABAg,oULUeT07fa0,JPJ MALAYSIA? ADA APA APA JAWAPAN KE? SITA KENDERAAN ORANG SAMPAI BERBULAN BULAN? TERIMA KASIH SINGH,Bossrul Channel,https://www.youtube.com/watch?v=oULUeT07fa0,2025-07-01T02:14:17Z,transport_public_services,Betol,02b6d1c64690d3ae3803,2025-07-11T02:40:18Z,2025-07-11T02:40:18Z,0,0,True,True,none,,2026-06-17T15:11:48.876673+00:00,raw,
YT_UgzIyHIXh8i1DXtcRM94AaABAg,YouTube,top_level_comment,UgzIyHIXh8i1DXtcRM94AaABAg,UgzIyHIXh8i1DXtcRM94AaABAg,oULUeT07fa0,JPJ MALAYSIA? ADA APA APA JAWAPAN KE? SITA KENDERAAN ORANG SAMPAI BERBULAN BULAN? TERIMA KASIH SINGH,Bossrul Channel,https://www.youtube.com/watch?v=oULUeT07fa0,2025-07-01T02:14:17Z,transport_public_services,Baca la seksyen 64 APJ 1987..kuasa2 utk tahan.,c9a5f26f34163f9295d3,2025-07-11T01:55:23Z,2025-07-11T01:55:23Z,0,0,True,True,none,,2026-06-17T15:11:48.876714+00:00,raw,
YT_Ugz6r1PGGr3e9U67-U54AaABAg,YouTube,top_level_comment,Ugz6r1PGGr3e9U67-U54AaABAg,Ugz6r1PGGr3e9U67-U54AaABAg,oULUeT07fa0,JPJ MALAYSIA? ADA APA APA JAWAPAN KE? SITA KENDERAAN ORANG SAMPAI BERBULAN BULAN? TERIMA KASIH SINGH,Bossrul Channel,https://www.youtube.com/watch?v=oULUeT07fa0,2025-07-01T02:14:17Z,transport_public_services,Jpj ni function apa..xdak apa pun manfaat..better polis lagi,96364e7bf1d801b40916,2025-07-11T00:11:42Z,2025-07-11T00:11:42Z,0,0,True,True,none,,2026-06-17T15:11:48.876755+00:00,raw,
YT_Ugx5C4cohEN9brEESfJ4AaABAg,YouTube,top_level_comment,Ugx5C4cohEN9brEESfJ4AaABAg,Ugx5C4cohEN9brEESfJ4AaABAg,oULUeT07fa0,JPJ MALAYSIA? ADA APA APA JAWAPAN KE? SITA KENDERAAN ORANG SAMPAI BERBULAN BULAN? TERIMA KASIH SINGH,Bossrul Channel,https://www.youtube.com/watch?v=oULUeT07fa0,2025-07-01T02:14:17Z,transport_public_services,"Bagus jpj buat gitu, rakyat yang buat salah patut di susahkan supaya jadi pengajaran supaya lain kali berhati hati, kesalahan yang mereka lakukan membabitkan nyawa orang ramai, patut di lupuskan terus supaya jln raya negara ini selamat, semua kenderaan bermasalah tidak sepatutnya berada di jalan raya Malaysia,byk sangat kes kecuaian rakyat seperti mereka hingga menyebabkan orang lain menanggung susah",a996c99cddaca17db868,2025-07-11T00:06:57Z,2025-07-11T00:06:57Z,0,0,True,True,none,,2026-06-17T15:11:48.876821+00:00,raw,
YT_Ugy4NkGjGbZ317CbXO94AaABAg,YouTube,top_level_comment,Ugy4NkGjGbZ317CbXO94AaABAg,Ugy4NkGjGbZ317CbXO94AaABAg,oULUeT07fa0,JPJ MALAYSIA? ADA APA APA JAWAPAN KE? SITA KENDERAAN ORANG SAMPAI BERBULAN BULAN? TERIMA KASIH SINGH,Bossrul Channel,https://www.youtube.com/watch?v=oULUeT07fa0,2025-07-01T02:14:17Z,transport_public_services,Rip Antony loke,16735d95876f34f83d2e,2025-07-11T00:00:21Z,2025-07-11T00:00:21Z,1,0,True,True,none,,2026-06-17T15:11:48.876859+00:00,raw,
YT_UgzoFrYMWxq4GuN-4m54AaABAg,YouTube,top_level_comment,UgzoFrYMWxq4GuN-4m54AaABAg,UgzoFrYMWxq4GuN-4m54AaABAg,oULUeT07fa0,JPJ MALAYSIA? ADA APA APA JAWAPAN KE? SITA KENDERAAN ORANG SAMPAI BERBULAN BULAN? TERIMA KASIH SINGH,Bossrul Channel,https://www.youtube.com/watch?v=oULUeT07fa0,2025-07-01T02:14:17Z,transport_public_services,JPJ makin lama makin tak guna.ingat la wahai pegawai JPJ setiap apa yang anda lakukan akan ada balasan.JPJ sendiri langgar undang undang lepastu harap rakyat nak hormat,ef92e8e9cd1fb61656e6,2025-07-10T02:45:53Z,2025-07-10T02:45:53Z,0,0,True,True,none,,2026-06-17T15:11:48.876909+00:00,raw,
YT_UgxYorzv83KZQJuyUzp4AaABAg,YouTube,top_level_comment,UgxYorzv83KZQJuyUzp4AaABAg,UgxYorzv83KZQJuyUzp4AaABAg,oULUeT07fa0,JPJ MALAYSIA? ADA APA APA JAWAPAN KE? SITA KENDERAAN ORANG SAMPAI BERBULAN BULAN? TERIMA KASIH SINGH,Bossrul Channel,https://www.youtube.com/watch?v=oULUeT07fa0,2025-07-01T02:14:17Z,transport_public_services,"Betul betul JPJ memang tidak pakai 4:15 laws di Malaysia. Orang2 membeli kenderaan pakai duit mahal2 orang beli. Kenapa di simpan lama2 di JPJ sungguh2 memalukan, kadang2 si milik setekat mampu membeli kenderaan, apa pakai turun kerja ataupun pakai cari rezeki duit untuk belanja",1938d75bf86964ffc409,2025-07-10T02:41:05Z,2025-07-10T02:42:31Z,0,0,True,True,none,,2026-06-17T15:11:48.876967+00:00,raw,
YT_UgwBg1vYprST55rNrTd4AaABAg,YouTube,top_level_comment,UgwBg1vYprST55rNrTd4AaABAg,UgwBg1vYprST55rNrTd4AaABAg,oULUeT07fa0,JPJ MALAYSIA? ADA APA APA JAWAPAN KE? SITA KENDERAAN ORANG SAMPAI BERBULAN BULAN? TERIMA KASIH SINGH,Bossrul Channel,https://www.youtube.com/watch?v=oULUeT07fa0,2025-07-01T02:14:17Z,transport_public_services,Yerlah tu tiba2 nk jd hero 😂👎👎👎,eee29e003f3d93e89525,2025-07-10T02:34:50Z,2025-07-10T02:34:50Z,0,0,True,True,none,,2026-06-17T15:11:48.877008+00:00,raw,
YT_UgzOewXVin08nvGXobl4AaABAg,YouTube,top_level_comment,UgzOewXVin08nvGXobl4AaABAg,UgzOewXVin08nvGXobl4AaABAg,oULUeT07fa0,JPJ MALAYSIA? ADA APA APA JAWAPAN KE? SITA KENDERAAN ORANG SAMPAI BERBULAN BULAN? TERIMA KASIH SINGH,Bossrul Channel,https://www.youtube.com/watch?v=oULUeT07fa0,2025-07-01T02:14:17Z,transport_public_services,🫡,fb3c7ec887369e2a4432,2025-07-10T01:31:30Z,2025-07-10T01:31:30Z,0,0,True,True,none,,2026-06-17T15:11:48.877046+00:00,raw,
YT_UgwYauljw414YoikVu14AaABAg,YouTube,top_level_comment,UgwYauljw414YoikVu14AaABAg,UgwYauljw414YoikVu14AaABAg,oULUeT07fa0,JPJ MALAYSIA? ADA APA APA JAWAPAN KE? SITA KENDERAAN ORANG SAMPAI BERBULAN BULAN? TERIMA KASIH SINGH,Bossrul Channel,https://www.youtube.com/watch?v=oULUeT07fa0,2025-07-01T02:14:17Z,transport_public_services,💯👍,a28bbfdf2afd208e3693,2025-07-10T00:02:40Z,2025-07-10T00:02:40Z,0,0,True,True,none,,2026-06-17T15:11:48.877085+00:00,raw,
YT_UgyrbWSP4timqY_WkU14AaABAg,YouTube,top_level_comment,UgyrbWSP4timqY_WkU14AaABAg,UgyrbWSP4timqY_WkU14AaABAg,oULUeT07fa0,JPJ MALAYSIA? ADA APA APA JAWAPAN KE? SITA KENDERAAN ORANG SAMPAI BERBULAN BULAN? TERIMA KASIH SINGH,Bossrul Channel,https://www.youtube.com/watch?v=oULUeT07fa0,2025-07-01T02:14:17Z,transport_public_services,Betul ...👍👍👍,643124542743420fe3de,2025-07-09T16:50:33Z,2025-07-09T16:50:33Z,0,0,True,True,none,,2026-06-17T15:11:48.877125+00:00,raw,
YT_UgxWH_tp87VCx6oFko94AaABAg,YouTube,top_level_comment,UgxWH_tp87VCx6oFko94AaABAg,UgxWH_tp87VCx6oFko94AaABAg,oULUeT07fa0,JPJ MALAYSIA? ADA APA APA JAWAPAN KE? SITA KENDERAAN ORANG SAMPAI BERBULAN BULAN? TERIMA KASIH SINGH,Bossrul Channel,https://www.youtube.com/watch?v=oULUeT07fa0,2025-07-01T02:14:17Z,transport_public_services,👍🏻,3ebc186f1d24af484cac,2025-07-09T09:11:36Z,2025-07-09T09:11:36Z,0,0,True,True,none,,2026-06-17T15:11:48.877164+00:00,raw,
YT_UgyVV7s8dJ7hSA2ewtB4AaABAg,YouTube,top_level_comment,UgyVV7s8dJ7hSA2ewtB4AaABAg,UgyVV7s8dJ7hSA2ewtB4AaABAg,oULUeT07fa0,JPJ MALAYSIA? ADA APA APA JAWAPAN KE? SITA KENDERAAN ORANG SAMPAI BERBULAN BULAN? TERIMA KASIH SINGH,Bossrul Channel,https://www.youtube.com/watch?v=oULUeT07fa0,2025-07-01T02:14:17Z,transport_public_services,MUNGKIN KERETA RAHYAT TERLAMPAU CANTIK/POWER/MAHAL NAK SIMPAN UNTUK JPJ DIRI SENDIRILAH MUNGKIN JAWAPANNYA,9745d9efd049debbda81,2025-07-09T08:42:03Z,2025-07-09T08:42:03Z,0,0,True,True,none,,2026-06-17T15:11:48.877211+00:00,raw,
YT_Ugz2CORbvDqE-ivMWe94AaABAg,YouTube,top_level_comment,Ugz2CORbvDqE-ivMWe94AaABAg,Ugz2CORbvDqE-ivMWe94AaABAg,oULUeT07fa0,JPJ MALAYSIA? ADA APA APA JAWAPAN KE? SITA KENDERAAN ORANG SAMPAI BERBULAN BULAN? TERIMA KASIH SINGH,Bossrul Channel,https://www.youtube.com/watch?v=oULUeT07fa0,2025-07-01T02:14:17Z,transport_public_services,Dgn kenderaan skali nk di tahan celaka,790d8729353c467e31e5,2025-07-08T23:27:36Z,2025-07-08T23:27:36Z,0,0,True,True,none,,2026-06-17T15:11:48.877253+00:00,raw,
YT_UgygqVCW4Z3-q88nQwV4AaABAg,YouTube,top_level_comment,UgygqVCW4Z3-q88nQwV4AaABAg,UgygqVCW4Z3-q88nQwV4AaABAg,oULUeT07fa0,JPJ MALAYSIA? ADA APA APA JAWAPAN KE? SITA KENDERAAN ORANG SAMPAI BERBULAN BULAN? TERIMA KASIH SINGH,Bossrul Channel,https://www.youtube.com/watch?v=oULUeT07fa0,2025-07-01T02:14:17Z,transport_public_services,Banyak Yang tak betul..,db28868aee3c7dd07d95,2025-07-08T01:32:13Z,2025-07-08T01:32:13Z,0,0,True,True,none,,2026-06-17T15:11:48.877294+00:00,raw,
YT_Ugyj1i9711FU-jlBNcd4AaABAg,YouTube,top_level_comment,Ugyj1i9711FU-jlBNcd4AaABAg,Ugyj1i9711FU-jlBNcd4AaABAg,oULUeT07fa0,JPJ MALAYSIA? ADA APA APA JAWAPAN KE? SITA KENDERAAN ORANG SAMPAI BERBULAN BULAN? TERIMA KASIH SINGH,Bossrul Channel,https://www.youtube.com/watch?v=oULUeT07fa0,2025-07-01T02:14:17Z,transport_public_services,"Setelah lama kenderaan disita\dirampas Jpj, barang-2 dalam iaitu aksesori gerenti akan hilang satu persatu. Jawapan dari pegawai Jpj = itu ""saya tak tahu""😠😤😱",c8727d1bd6ff068b32ec,2025-07-08T01:31:53Z,2025-07-08T01:31:53Z,0,0,True,True,none,,2026-06-17T15:11:48.877347+00:00,raw,
YT_UgzpjWHGIv9c_l_DSK94AaABAg,YouTube,top_level_comment,UgzpjWHGIv9c_l_DSK94AaABAg,UgzpjWHGIv9c_l_DSK94AaABAg,oULUeT07fa0,JPJ MALAYSIA? ADA APA APA JAWAPAN KE? SITA KENDERAAN ORANG SAMPAI BERBULAN BULAN? TERIMA KASIH SINGH,Bossrul Channel,https://www.youtube.com/watch?v=oULUeT07fa0,2025-07-01T02:14:17Z,transport_public_services,Ayyyyy...betul kahhhh....dengarr pakai telinga keeee atau ada siasatan..kemukakan bukti yaaaaa...ayoo...jgn buat kontent yang merosakkan kepala otakk masyarakat,2fdf0c09d96ce86b9c9f,2025-07-08T00:59:17Z,2025-07-08T01:00:05Z,0,0,True,True,none,,2026-06-17T15:11:48.877396+00:00,raw,
YT_UgzkYq-LxboAxHxNzbl4AaABAg,YouTube,top_level_comment,UgzkYq-LxboAxHxNzbl4AaABAg,UgzkYq-LxboAxHxNzbl4AaABAg,oULUeT07fa0,JPJ MALAYSIA? ADA APA APA JAWAPAN KE? SITA KENDERAAN ORANG SAMPAI BERBULAN BULAN? TERIMA KASIH SINGH,Bossrul Channel,https://www.youtube.com/watch?v=oULUeT07fa0,2025-07-01T02:14:17Z,transport_public_services,Pakai Peguam atau lawyer CTS Mont kiara level 3 KL,185f892746f93e858508,2025-07-07T23:46:46Z,2025-07-07T23:46:46Z,0,0,True,True,none,,2026-06-17T15:11:48.877459+00:00,raw,
YT_UgwLWXDsFhRrZQL-_FN4AaABAg,YouTube,top_level_comment,UgwLWXDsFhRrZQL-_FN4AaABAg,UgwLWXDsFhRrZQL-_FN4AaABAg,oULUeT07fa0,JPJ MALAYSIA? ADA APA APA JAWAPAN KE? SITA KENDERAAN ORANG SAMPAI BERBULAN BULAN? TERIMA KASIH SINGH,Bossrul Channel,https://www.youtube.com/watch?v=oULUeT07fa0,2025-07-01T02:14:17Z,transport_public_services,Dia nak bid larh tu lelong,110f07e1c290ab961274,2025-07-07T16:06:07Z,2025-07-07T16:06:07Z,0,0,True,True,none,,2026-06-17T15:11:48.877503+00:00,raw,
YT_Ugx0AnyLHxplG_RuSRx4AaABAg,YouTube,top_level_comment,Ugx0AnyLHxplG_RuSRx4AaABAg,Ugx0AnyLHxplG_RuSRx4AaABAg,oULUeT07fa0,JPJ MALAYSIA? ADA APA APA JAWAPAN KE? SITA KENDERAAN ORANG SAMPAI BERBULAN BULAN? TERIMA KASIH SINGH,Bossrul Channel,https://www.youtube.com/watch?v=oULUeT07fa0,2025-07-01T02:14:17Z,transport_public_services,"Imigresen, jakim, polis, navy, sekarang jpj pulak. Yang paling cepat buat kerja lhdn ja ka? Mmg kerajaan buli rakyat sendiri. Pendatang haram cakap cara lembut, jaga elok elok...",fe05a7882c4ea448a4b9,2025-07-07T12:39:23Z,2025-07-07T12:40:43Z,0,0,True,True,none,,2026-06-17T15:11:48.877555+00:00,raw,
YT_UgzmnmyM722XGdoNaw14AaABAg,YouTube,top_level_comment,UgzmnmyM722XGdoNaw14AaABAg,UgzmnmyM722XGdoNaw14AaABAg,oULUeT07fa0,JPJ MALAYSIA? ADA APA APA JAWAPAN KE? SITA KENDERAAN ORANG SAMPAI BERBULAN BULAN? TERIMA KASIH SINGH,Bossrul Channel,https://www.youtube.com/watch?v=oULUeT07fa0,2025-07-01T02:14:17Z,transport_public_services,masalahnya makamah pun hak dia orang madanainon jugak mesti dia cover baik punya maa🤣💰,747f8d6320a7fad95448,2025-07-07T11:23:14Z,2025-07-07T11:25:59Z,0,0,True,True,none,,2026-06-17T15:11:48.877601+00:00,raw,
YT_Ugz6N1e0axrb0vXzcwF4AaABAg,YouTube,top_level_comment,Ugz6N1e0axrb0vXzcwF4AaABAg,Ugz6N1e0axrb0vXzcwF4AaABAg,oULUeT07fa0,JPJ MALAYSIA? ADA APA APA JAWAPAN KE? SITA KENDERAAN ORANG SAMPAI BERBULAN BULAN? TERIMA KASIH SINGH,Bossrul Channel,https://www.youtube.com/watch?v=oULUeT07fa0,2025-07-01T02:14:17Z,transport_public_services,Bubarkan saja JPJ. Pakai undang- undang suka hati hang.,f3a6999c9baf756a707c,2025-07-07T06:20:48Z,2025-07-07T06:20:48Z,12,0,True,True,none,,2026-06-17T15:11:48.877644+00:00,raw,
YT_UgyK40p8k09a1DopU994AaABAg,YouTube,top_level_comment,UgyK40p8k09a1DopU994AaABAg,UgyK40p8k09a1DopU994AaABAg,oULUeT07fa0,JPJ MALAYSIA? ADA APA APA JAWAPAN KE? SITA KENDERAAN ORANG SAMPAI BERBULAN BULAN? TERIMA KASIH SINGH,Bossrul Channel,https://www.youtube.com/watch?v=oULUeT07fa0,2025-07-01T02:14:17Z,transport_public_services,👍👍👍😎,e443daef0587c9443b27,2025-07-07T04:40:27Z,2025-07-07T04:40:27Z,0,0,True,True,none,,2026-06-17T15:11:48.877683+00:00,raw,
YT_UgxHIsFFcGBmkjRmR7t4AaABAg,YouTube,top_level_comment,UgxHIsFFcGBmkjRmR7t4AaABAg,UgxHIsFFcGBmkjRmR7t4AaABAg,oULUeT07fa0,JPJ MALAYSIA? ADA APA APA JAWAPAN KE? SITA KENDERAAN ORANG SAMPAI BERBULAN BULAN? TERIMA KASIH SINGH,Bossrul Channel,https://www.youtube.com/watch?v=oULUeT07fa0,2025-07-01T02:14:17Z,transport_public_services,"Betul encik , apa u cakap Memang kita punya setengah Pejabat kerajaan lembab Sampai suka hati mereka aja",e443daef0587c9443b27,2025-07-07T04:39:56Z,2025-07-07T04:39:56Z,0,0,True,True,none,,2026-06-17T15:11:48.877731+00:00,raw,
YT_Ugzm46LhQr0D8lkmGQN4AaABAg,YouTube,top_level_comment,Ugzm46LhQr0D8lkmGQN4AaABAg,Ugzm46LhQr0D8lkmGQN4AaABAg,oULUeT07fa0,JPJ MALAYSIA? ADA APA APA JAWAPAN KE? SITA KENDERAAN ORANG SAMPAI BERBULAN BULAN? TERIMA KASIH SINGH,Bossrul Channel,https://www.youtube.com/watch?v=oULUeT07fa0,2025-07-01T02:14:17Z,transport_public_services,"Ha ha ha ha ha, cuma yang Arif yang adil…. Wow…",1957c6ec67357bdeb6cd,2025-07-07T02:34:21Z,2025-07-07T02:34:21Z,0,0,True,True,none,,2026-06-17T15:11:48.877776+00:00,raw,
YT_Ugx0XQLXhcsy1HgBqQl4AaABAg,YouTube,top_level_comment,Ugx0XQLXhcsy1HgBqQl4AaABAg,Ugx0XQLXhcsy1HgBqQl4AaABAg,oULUeT07fa0,JPJ MALAYSIA? ADA APA APA JAWAPAN KE? SITA KENDERAAN ORANG SAMPAI BERBULAN BULAN? TERIMA KASIH SINGH,Bossrul Channel,https://www.youtube.com/watch?v=oULUeT07fa0,2025-07-01T02:14:17Z,transport_public_services,Xblh memandu dh mungkin byk salah....😂😂😂,4c95586f93a4f1105632,2025-07-07T02:19:17Z,2025-07-07T02:19:17Z,0,0,True,True,none,,2026-06-17T15:11:48.877819+00:00,raw,
YT_UgyTMOVYoWu9YtLncH94AaABAg,YouTube,top_level_comment,UgyTMOVYoWu9YtLncH94AaABAg,UgyTMOVYoWu9YtLncH94AaABAg,oULUeT07fa0,JPJ MALAYSIA? ADA APA APA JAWAPAN KE? SITA KENDERAAN ORANG SAMPAI BERBULAN BULAN? TERIMA KASIH SINGH,Bossrul Channel,https://www.youtube.com/watch?v=oULUeT07fa0,2025-07-01T02:14:17Z,transport_public_services,Zaman madanon & walanon...,5bf800cef07f2d43bac2,2025-07-07T01:39:50Z,2025-07-07T01:39:50Z,0,0,True,True,none,,2026-06-17T15:11:48.877859+00:00,raw,
YT_Ugy84k2x1K55z1kbO-d4AaABAg,YouTube,top_level_comment,Ugy84k2x1K55z1kbO-d4AaABAg,Ugy84k2x1K55z1kbO-d4AaABAg,oULUeT07fa0,JPJ MALAYSIA? ADA APA APA JAWAPAN KE? SITA KENDERAAN ORANG SAMPAI BERBULAN BULAN? TERIMA KASIH SINGH,Bossrul Channel,https://www.youtube.com/watch?v=oULUeT07fa0,2025-07-01T02:14:17Z,transport_public_services,"kes angota jpj,aku malas nk ckp..",b24398a6d61a2f15a5b3,2025-07-07T01:28:04Z,2025-07-07T01:28:04Z,0,0,True,True,none,,2026-06-17T15:11:48.877900+00:00,raw,
YT_UgwpblRGCEDKfiv6PeB4AaABAg,YouTube,top_level_comment,UgwpblRGCEDKfiv6PeB4AaABAg,UgwpblRGCEDKfiv6PeB4AaABAg,oULUeT07fa0,JPJ MALAYSIA? ADA APA APA JAWAPAN KE? SITA KENDERAAN ORANG SAMPAI BERBULAN BULAN? TERIMA KASIH SINGH,Bossrul Channel,https://www.youtube.com/watch?v=oULUeT07fa0,2025-07-01T02:14:17Z,transport_public_services,bagus 👍,ed98ce78a15d30bb274b,2025-07-07T00:58:30Z,2025-07-07T00:58:30Z,0,0,True,True,none,,2026-06-17T15:11:48.877943+00:00,raw,
YT_UgzxTXk7rXHlpyuViJN4AaABAg,YouTube,top_level_comment,UgzxTXk7rXHlpyuViJN4AaABAg,UgzxTXk7rXHlpyuViJN4AaABAg,oULUeT07fa0,JPJ MALAYSIA? ADA APA APA JAWAPAN KE? SITA KENDERAAN ORANG SAMPAI BERBULAN BULAN? TERIMA KASIH SINGH,Bossrul Channel,https://www.youtube.com/watch?v=oULUeT07fa0,2025-07-01T02:14:17Z,transport_public_services,"Lu banyak cakap, fasal apa lu talak belani saman itu JPJ. Samanlah bro, jgn bising dlm YouTube 😂😂😂",e4c3efb7e6b08a4ba066,2025-07-05T13:29:12Z,2025-07-05T13:29:12Z,0,1,True,True,none,,2026-06-17T15:11:48.877991+00:00,raw,
YT_UgxC2KWD3zxcJHg73WZ4AaABAg,YouTube,top_level_comment,UgxC2KWD3zxcJHg73WZ4AaABAg,UgxC2KWD3zxcJHg73WZ4AaABAg,oULUeT07fa0,JPJ MALAYSIA? ADA APA APA JAWAPAN KE? SITA KENDERAAN ORANG SAMPAI BERBULAN BULAN? TERIMA KASIH SINGH,Bossrul Channel,https://www.youtube.com/watch?v=oULUeT07fa0,2025-07-01T02:14:17Z,transport_public_services,"jpj side business jual spare part lah uncle....mau cari makan ma, rasuah suah nak minta pasal orang bawa camera😂.....",fda10ab9fe2b38533a5d,2025-07-05T13:24:01Z,2025-07-05T13:24:01Z,0,0,True,True,none,,2026-06-17T15:11:48.878045+00:00,raw,
YT_UgzIw5u7SVVMDgB_iZ94AaABAg,YouTube,top_level_comment,UgzIw5u7SVVMDgB_iZ94AaABAg,UgzIw5u7SVVMDgB_iZ94AaABAg,oULUeT07fa0,JPJ MALAYSIA? ADA APA APA JAWAPAN KE? SITA KENDERAAN ORANG SAMPAI BERBULAN BULAN? TERIMA KASIH SINGH,Bossrul Channel,https://www.youtube.com/watch?v=oULUeT07fa0,2025-07-01T02:14:17Z,transport_public_services,"Yg dah bulan2 tu owner tak tuntut,tu aje.bukan jpj yg sengaja simpan lama2,owner tak dtg.tuntut..saman tak de rotax..bawak rotax ke jpj tuntut balik kenderaan...apa yg masaalah...kecuali owner dah mmg tak.ada niat nk tuntut",0f06ab819355992090aa,2025-07-05T12:38:18Z,2025-07-05T12:38:18Z,0,0,True,True,none,,2026-06-17T15:11:48.878103+00:00,raw,
YT_Ugyyr2fZO_JkYP-lKxp4AaABAg,YouTube,top_level_comment,Ugyyr2fZO_JkYP-lKxp4AaABAg,Ugyyr2fZO_JkYP-lKxp4AaABAg,oULUeT07fa0,JPJ MALAYSIA? ADA APA APA JAWAPAN KE? SITA KENDERAAN ORANG SAMPAI BERBULAN BULAN? TERIMA KASIH SINGH,Bossrul Channel,https://www.youtube.com/watch?v=oULUeT07fa0,2025-07-01T02:14:17Z,transport_public_services,"Aku penah kene sita,hidup rotax pegi jpj tuntut balik kenderaan,lepas tu naik mahkamah bayar denda..ok aje tak de masaalah pun..",0f06ab819355992090aa,2025-07-05T12:35:11Z,2025-07-05T12:35:11Z,0,0,True,True,none,,2026-06-17T15:11:48.878153+00:00,raw,
YT_UgwntrWJszBcAgqieod4AaABAg,YouTube,top_level_comment,UgwntrWJszBcAgqieod4AaABAg,UgwntrWJszBcAgqieod4AaABAg,oULUeT07fa0,JPJ MALAYSIA? ADA APA APA JAWAPAN KE? SITA KENDERAAN ORANG SAMPAI BERBULAN BULAN? TERIMA KASIH SINGH,Bossrul Channel,https://www.youtube.com/watch?v=oULUeT07fa0,2025-07-01T02:14:17Z,transport_public_services,terbaikkk...,a22059a16be9f47f527d,2025-07-05T11:21:40Z,2025-07-05T11:21:40Z,0,0,True,True,none,,2026-06-17T15:11:48.878193+00:00,raw,
YT_UgyxYSY8EfSLqdHXy114AaABAg,YouTube,top_level_comment,UgyxYSY8EfSLqdHXy114AaABAg,UgyxYSY8EfSLqdHXy114AaABAg,oULUeT07fa0,JPJ MALAYSIA? ADA APA APA JAWAPAN KE? SITA KENDERAAN ORANG SAMPAI BERBULAN BULAN? TERIMA KASIH SINGH,Bossrul Channel,https://www.youtube.com/watch?v=oULUeT07fa0,2025-07-01T02:14:17Z,transport_public_services,Terbaik auto sing ! 💪💪💪,f719824c569a94251b29,2025-07-05T08:31:56Z,2025-07-05T08:31:56Z,0,0,True,True,none,,2026-06-17T15:11:48.878236+00:00,raw,
YT_UgzfDLajULzzM9bkg054AaABAg,YouTube,top_level_comment,UgzfDLajULzzM9bkg054AaABAg,UgzfDLajULzzM9bkg054AaABAg,oULUeT07fa0,JPJ MALAYSIA? ADA APA APA JAWAPAN KE? SITA KENDERAAN ORANG SAMPAI BERBULAN BULAN? TERIMA KASIH SINGH,Bossrul Channel,https://www.youtube.com/watch?v=oULUeT07fa0,2025-07-01T02:14:17Z,transport_public_services,Terbaik padu Tuan.,6a6eb61afa69f77a1329,2025-07-05T08:27:26Z,2025-07-05T08:27:26Z,0,0,True,True,none,,2026-06-17T15:11:48.878278+00:00,raw,
YT_Ugzu1zSj2rvtdDF8PxF4AaABAg,YouTube,top_level_comment,Ugzu1zSj2rvtdDF8PxF4AaABAg,Ugzu1zSj2rvtdDF8PxF4AaABAg,oULUeT07fa0,JPJ MALAYSIA? ADA APA APA JAWAPAN KE? SITA KENDERAAN ORANG SAMPAI BERBULAN BULAN? TERIMA KASIH SINGH,Bossrul Channel,https://www.youtube.com/watch?v=oULUeT07fa0,2025-07-01T02:14:17Z,transport_public_services,Takpe la sing JPJ tak kekal dimuka bumi dia JPJ akan mati itu besar dosa nyanyi org pelik apa sing semasa kamu hidup buat la apa yg kamu suka bila mati JPJ jawablah dlm api,7e337037d5991e87a235,2025-07-05T07:12:35Z,2025-07-05T07:12:35Z,0,0,True,True,none,,2026-06-17T15:11:48.878334+00:00,raw,
YT_UgzaKDfPmLXm-OdDyEd4AaABAg,YouTube,top_level_comment,UgzaKDfPmLXm-OdDyEd4AaABAg,UgzaKDfPmLXm-OdDyEd4AaABAg,oULUeT07fa0,JPJ MALAYSIA? ADA APA APA JAWAPAN KE? SITA KENDERAAN ORANG SAMPAI BERBULAN BULAN? TERIMA KASIH SINGH,Bossrul Channel,https://www.youtube.com/watch?v=oULUeT07fa0,2025-07-01T02:14:17Z,transport_public_services,Bila sita harta org berti dinyayai setiap yg dinyanyai mati tahu la,7e337037d5991e87a235,2025-07-05T07:09:57Z,2025-07-05T07:09:57Z,0,0,True,True,none,,2026-06-17T15:11:48.878380+00:00,raw,
YT_UgwjgmovALOx8-DY5zR4AaABAg,YouTube,top_level_comment,UgwjgmovALOx8-DY5zR4AaABAg,UgwjgmovALOx8-DY5zR4AaABAg,oULUeT07fa0,JPJ MALAYSIA? ADA APA APA JAWAPAN KE? SITA KENDERAAN ORANG SAMPAI BERBULAN BULAN? TERIMA KASIH SINGH,Bossrul Channel,https://www.youtube.com/watch?v=oULUeT07fa0,2025-07-01T02:14:17Z,transport_public_services,Takpe la dunia ini bila nyawa sampai halkum tahu la,7e337037d5991e87a235,2025-07-05T07:08:27Z,2025-07-05T07:08:27Z,0,0,True,True,none,,2026-06-17T15:11:48.878425+00:00,raw,
YT_Ugw4qpZW-kA2Z7HS7JV4AaABAg,YouTube,top_level_comment,Ugw4qpZW-kA2Z7HS7JV4AaABAg,Ugw4qpZW-kA2Z7HS7JV4AaABAg,oULUeT07fa0,JPJ MALAYSIA? ADA APA APA JAWAPAN KE? SITA KENDERAAN ORANG SAMPAI BERBULAN BULAN? TERIMA KASIH SINGH,Bossrul Channel,https://www.youtube.com/watch?v=oULUeT07fa0,2025-07-01T02:14:17Z,transport_public_services,Well said bro,2588ffbe80a16d0f875c,2025-07-05T05:59:08Z,2025-07-05T05:59:08Z,0,0,True,True,none,,2026-06-17T15:11:48.878466+00:00,raw,
YT_UgwdjO1mCsV7U0-xJRd4AaABAg,YouTube,top_level_comment,UgwdjO1mCsV7U0-xJRd4AaABAg,UgwdjO1mCsV7U0-xJRd4AaABAg,oULUeT07fa0,JPJ MALAYSIA? ADA APA APA JAWAPAN KE? SITA KENDERAAN ORANG SAMPAI BERBULAN BULAN? TERIMA KASIH SINGH,Bossrul Channel,https://www.youtube.com/watch?v=oULUeT07fa0,2025-07-01T02:14:17Z,transport_public_services,Uncle ni saya sokong sangat jadi menteri pengangkutan.. terbaik uncle...,9f540457ad2e94b7fde0,2025-07-05T05:23:19Z,2025-07-05T05:23:19Z,9,0,True,True,none,,2026-06-17T15:11:48.878513+00:00,raw,
YT_UgxhpBM00vB_rzVBjqZ4AaABAg,YouTube,top_level_comment,UgxhpBM00vB_rzVBjqZ4AaABAg,UgxhpBM00vB_rzVBjqZ4AaABAg,oULUeT07fa0,JPJ MALAYSIA? ADA APA APA JAWAPAN KE? SITA KENDERAAN ORANG SAMPAI BERBULAN BULAN? TERIMA KASIH SINGH,Bossrul Channel,https://www.youtube.com/watch?v=oULUeT07fa0,2025-07-01T02:14:17Z,transport_public_services,Betuljugadiacakapkenapaberbuatbaginicubalahberlembutuntukrakyat❤❤,f6341b1304fd8284782b,2025-07-05T04:17:37Z,2025-07-05T04:17:37Z,3,0,True,True,none,,2026-06-17T15:11:48.878558+00:00,raw,
YT_UgwF9sHwGNwZKaF4rFF4AaABAg,YouTube,top_level_comment,UgwF9sHwGNwZKaF4rFF4AaABAg,UgwF9sHwGNwZKaF4rFF4AaABAg,oULUeT07fa0,JPJ MALAYSIA? ADA APA APA JAWAPAN KE? SITA KENDERAAN ORANG SAMPAI BERBULAN BULAN? TERIMA KASIH SINGH,Bossrul Channel,https://www.youtube.com/watch?v=oULUeT07fa0,2025-07-01T02:14:17Z,transport_public_services,yang pendatang asing guna tak pula mereka rampas.,8d2f7937cfd4adf8b2f9,2025-07-05T02:18:04Z,2025-07-05T02:18:04Z,1,0,True,True,none,,2026-06-17T15:11:48.878604+00:00,raw,
YT_UgxBq0V6FJ1s6qpGrJ54AaABAg,YouTube,top_level_comment,UgxBq0V6FJ1s6qpGrJ54AaABAg,UgxBq0V6FJ1s6qpGrJ54AaABAg,oULUeT07fa0,JPJ MALAYSIA? ADA APA APA JAWAPAN KE? SITA KENDERAAN ORANG SAMPAI BERBULAN BULAN? TERIMA KASIH SINGH,Bossrul Channel,https://www.youtube.com/watch?v=oULUeT07fa0,2025-07-01T02:14:17Z,transport_public_services,Betol sangat cakap kau gua setuju.byk kes JPJ buat kerja tidak ikut undang undang.,b99e1b032c3cee5ee595,2025-07-05T02:07:15Z,2025-07-05T02:07:15Z,0,0,True,True,none,,2026-06-17T15:11:48.878652+00:00,raw,
YT_UgyX3u2p2myE09oyNJ14AaABAg,YouTube,top_level_comment,UgyX3u2p2myE09oyNJ14AaABAg,UgyX3u2p2myE09oyNJ14AaABAg,oULUeT07fa0,JPJ MALAYSIA? ADA APA APA JAWAPAN KE? SITA KENDERAAN ORANG SAMPAI BERBULAN BULAN? TERIMA KASIH SINGH,Bossrul Channel,https://www.youtube.com/watch?v=oULUeT07fa0,2025-07-01T02:14:17Z,transport_public_services,"Not only that , my friends even had face their car parts missing, who does all this , when you ask them their only stupidity uneducated answer is ''itu kita tak tahu"" Sebab apa yang hanya mereka tahu ialah cari makan , ambil Rasuah, hidup mewah. Hanya anak saitan dan Haram hidup melalui duit Rasuah.",1f34681c800625034489,2025-07-05T02:06:11Z,2025-07-05T02:06:11Z,1,0,True,True,none,,2026-06-17T15:11:48.878723+00:00,raw,
YT_Ugyj4hnl3NDi7aOUrWl4AaABAg,YouTube,top_level_comment,Ugyj4hnl3NDi7aOUrWl4AaABAg,Ugyj4hnl3NDi7aOUrWl4AaABAg,oULUeT07fa0,JPJ MALAYSIA? ADA APA APA JAWAPAN KE? SITA KENDERAAN ORANG SAMPAI BERBULAN BULAN? TERIMA KASIH SINGH,Bossrul Channel,https://www.youtube.com/watch?v=oULUeT07fa0,2025-07-01T02:14:17Z,transport_public_services,Tukar kerajaan setel laa masalah,84675b797b1f1677fcbb,2025-07-05T00:36:53Z,2025-07-05T00:36:53Z,0,0,True,True,none,,2026-06-17T15:11:48.878766+00:00,raw,
YT_Ugyq7BdQql5WUR1Jmlt4AaABAg,YouTube,top_level_comment,Ugyq7BdQql5WUR1Jmlt4AaABAg,Ugyq7BdQql5WUR1Jmlt4AaABAg,oULUeT07fa0,JPJ MALAYSIA? ADA APA APA JAWAPAN KE? SITA KENDERAAN ORANG SAMPAI BERBULAN BULAN? TERIMA KASIH SINGH,Bossrul Channel,https://www.youtube.com/watch?v=oULUeT07fa0,2025-07-01T02:14:17Z,transport_public_services,Kerajaan Malaysia dah terok..,84675b797b1f1677fcbb,2025-07-05T00:36:26Z,2025-07-05T00:36:26Z,0,0,True,True,none,,2026-06-17T15:11:48.878809+00:00,raw,
YT_Ugwjiqc7UtGRWXyTb_Z4AaABAg,YouTube,top_level_comment,Ugwjiqc7UtGRWXyTb_Z4AaABAg,Ugwjiqc7UtGRWXyTb_Z4AaABAg,oULUeT07fa0,JPJ MALAYSIA? ADA APA APA JAWAPAN KE? SITA KENDERAAN ORANG SAMPAI BERBULAN BULAN? TERIMA KASIH SINGH,Bossrul Channel,https://www.youtube.com/watch?v=oULUeT07fa0,2025-07-01T02:14:17Z,transport_public_services,sama jgk bla kna saman yg ada mata demerit bla tnya saman ni ada demerit dpa ckp xda bla cek dlm system ada demerit...bla dh kna bnyak demerit lesen kena gantung...bla kna gantung sapa bg anak bini mkn??? hangpa tiap² duit masuk yg kna gantung lesen mna??? zalim dak agak² mcm tu...hangpa dk suap makanan sedap² dlm mulut hangpa anak bini hangpa ada hangpa pikiaq dak yg kena gantung lesen blh suap mkn mcm tu dak...ada hangpa sua muka tanya habaq...5 waktu tungging terbalik dk bt siap muhong lg lpas tulis saman hangpa ada hati perut dak...AKUR SUMPAH BERJANJI woi !!! hangpa kilas orng ckup² kesalahan tu blh buh atas permit awat xbuh p buh atas driver...driver mkn gaji klu hangpa xblh lawan dgn pihak atas hangpa...hangpa akur wlpn tau bnda tu zalim hbs tu yg kna zalim ni???,35e63718ba0719f69a02,2025-07-04T18:52:44Z,2025-07-04T18:52:44Z,0,0,True,True,none,,2026-06-17T15:11:48.878928+00:00,raw,
YT_UgymDMklZhrj1xNvRZl4AaABAg,YouTube,top_level_comment,UgymDMklZhrj1xNvRZl4AaABAg,UgymDMklZhrj1xNvRZl4AaABAg,oULUeT07fa0,JPJ MALAYSIA? ADA APA APA JAWAPAN KE? SITA KENDERAAN ORANG SAMPAI BERBULAN BULAN? TERIMA KASIH SINGH,Bossrul Channel,https://www.youtube.com/watch?v=oULUeT07fa0,2025-07-01T02:14:17Z,transport_public_services,Exactly true.They hv no right to sita a person's car Meyusahkan rakyat. Useless government 😂. Just saman loh if got traffic offences 😅,540e00ce7780edd74142,2025-07-04T18:23:02Z,2025-07-04T18:23:02Z,4,0,True,True,none,,2026-06-17T15:11:48.878985+00:00,raw,
YT_UgyABxM4IjL4vruJBTp4AaABAg,YouTube,top_level_comment,UgyABxM4IjL4vruJBTp4AaABAg,UgyABxM4IjL4vruJBTp4AaABAg,oULUeT07fa0,JPJ MALAYSIA? ADA APA APA JAWAPAN KE? SITA KENDERAAN ORANG SAMPAI BERBULAN BULAN? TERIMA KASIH SINGH,Bossrul Channel,https://www.youtube.com/watch?v=oULUeT07fa0,2025-07-01T02:14:17Z,transport_public_services,JPJ 👍👍👍,7c03ededcfee10d7b8a7,2025-07-04T16:59:18Z,2025-07-04T16:59:18Z,0,0,True,True,none,,2026-06-17T15:11:48.879027+00:00,raw,
YT_Ugyuvlb5y2SjFlFVG-h4AaABAg,YouTube,top_level_comment,Ugyuvlb5y2SjFlFVG-h4AaABAg,Ugyuvlb5y2SjFlFVG-h4AaABAg,oULUeT07fa0,JPJ MALAYSIA? ADA APA APA JAWAPAN KE? SITA KENDERAAN ORANG SAMPAI BERBULAN BULAN? TERIMA KASIH SINGH,Bossrul Channel,https://www.youtube.com/watch?v=oULUeT07fa0,2025-07-01T02:14:17Z,transport_public_services,Betul,33cd047d18424783b906,2025-07-04T15:58:29Z,2025-07-04T15:58:29Z,3,0,True,True,none,,2026-06-17T15:11:48.879068+00:00,raw,
YT_UgwS10ZX5eWmAT1lIJB4AaABAg,YouTube,top_level_comment,UgwS10ZX5eWmAT1lIJB4AaABAg,UgwS10ZX5eWmAT1lIJB4AaABAg,oULUeT07fa0,JPJ MALAYSIA? ADA APA APA JAWAPAN KE? SITA KENDERAAN ORANG SAMPAI BERBULAN BULAN? TERIMA KASIH SINGH,Bossrul Channel,https://www.youtube.com/watch?v=oULUeT07fa0,2025-07-01T02:14:17Z,transport_public_services,Good job 👍🏽 uncle,80027e6ba8b6c44e9cb0,2025-07-04T12:27:07Z,2025-07-04T12:27:07Z,5,0,True,True,none,,2026-06-17T15:11:48.879111+00:00,raw,
YT_UgxW6SmaVxPYmEKBHv14AaABAg,YouTube,top_level_comment,UgxW6SmaVxPYmEKBHv14AaABAg,UgxW6SmaVxPYmEKBHv14AaABAg,oULUeT07fa0,JPJ MALAYSIA? ADA APA APA JAWAPAN KE? SITA KENDERAAN ORANG SAMPAI BERBULAN BULAN? TERIMA KASIH SINGH,Bossrul Channel,https://www.youtube.com/watch?v=oULUeT07fa0,2025-07-01T02:14:17Z,transport_public_services,betul,7f3af15a390a029767b8,2025-07-04T12:07:45Z,2025-07-04T12:07:45Z,3,0,True,True,none,,2026-06-17T15:11:48.879152+00:00,raw,
YT_UgzHV2N_9DmIXojY7Cp4AaABAg,YouTube,top_level_comment,UgzHV2N_9DmIXojY7Cp4AaABAg,UgzHV2N_9DmIXojY7Cp4AaABAg,oULUeT07fa0,JPJ MALAYSIA? ADA APA APA JAWAPAN KE? SITA KENDERAAN ORANG SAMPAI BERBULAN BULAN? TERIMA KASIH SINGH,Bossrul Channel,https://www.youtube.com/watch?v=oULUeT07fa0,2025-07-01T02:14:17Z,transport_public_services,"Simpan lama kat stor sebab kalau kereta atau motosikal ada banyak jajan mereka kasi rembat dulu barang2 semua,lepas tu baru pulangkan pada tuan punya lepas bicara mahkahmah.",55442a42c6ae51a87a1e,2025-07-04T11:51:16Z,2025-07-04T11:51:16Z,5,0,True,True,none,,2026-06-17T15:11:48.879208+00:00,raw,
YT_UgzcL3nzWww7Rh2mxAZ4AaABAg,YouTube,top_level_comment,UgzcL3nzWww7Rh2mxAZ4AaABAg,UgzcL3nzWww7Rh2mxAZ4AaABAg,oULUeT07fa0,JPJ MALAYSIA? ADA APA APA JAWAPAN KE? SITA KENDERAAN ORANG SAMPAI BERBULAN BULAN? TERIMA KASIH SINGH,Bossrul Channel,https://www.youtube.com/watch?v=oULUeT07fa0,2025-07-01T02:14:17Z,transport_public_services,"PEGI MAMPOS LAA, KAMI JPJ KAMI PUNYA SUKA LAA, HIDUP SANTAI SANTAI SUDAH",c12f24a68c4afefe0405,2025-07-04T11:48:50Z,2025-07-04T11:48:50Z,0,0,True,True,none,,2026-06-17T15:11:48.879258+00:00,raw,
YT_Ugy4bj-4qZua5e9pOnZ4AaABAg,YouTube,top_level_comment,Ugy4bj-4qZua5e9pOnZ4AaABAg,Ugy4bj-4qZua5e9pOnZ4AaABAg,oULUeT07fa0,JPJ MALAYSIA? ADA APA APA JAWAPAN KE? SITA KENDERAAN ORANG SAMPAI BERBULAN BULAN? TERIMA KASIH SINGH,Bossrul Channel,https://www.youtube.com/watch?v=oULUeT07fa0,2025-07-01T02:14:17Z,transport_public_services,Oklah itu tahan lebih baik daripada bahayakan nyawa orang lain..,27d83f0c4cd8f222d6b3,2025-07-04T10:07:17Z,2025-07-04T10:07:17Z,2,0,True,True,none,,2026-06-17T15:11:48.879306+00:00,raw,
YT_Ugzh19UTjlOJ5gRCX3d4AaABAg,YouTube,top_level_comment,Ugzh19UTjlOJ5gRCX3d4AaABAg,Ugzh19UTjlOJ5gRCX3d4AaABAg,oULUeT07fa0,JPJ MALAYSIA? ADA APA APA JAWAPAN KE? SITA KENDERAAN ORANG SAMPAI BERBULAN BULAN? TERIMA KASIH SINGH,Bossrul Channel,https://www.youtube.com/watch?v=oULUeT07fa0,2025-07-01T02:14:17Z,transport_public_services,"Lori,kereta,motor sampai jadi bangkai.bertahun dalam tempat simpanan tu.Satu tindakan yang cukup bodoh.",999116ce49f0dfe258dd,2025-07-04T09:41:24Z,2025-07-04T09:41:24Z,2,0,True,True,none,,2026-06-17T15:11:48.879357+00:00,raw,
YT_Ugyr9wPzVrZlu4xhv2V4AaABAg,YouTube,top_level_comment,Ugyr9wPzVrZlu4xhv2V4AaABAg,Ugyr9wPzVrZlu4xhv2V4AaABAg,oULUeT07fa0,JPJ MALAYSIA? ADA APA APA JAWAPAN KE? SITA KENDERAAN ORANG SAMPAI BERBULAN BULAN? TERIMA KASIH SINGH,Bossrul Channel,https://www.youtube.com/watch?v=oULUeT07fa0,2025-07-01T02:14:17Z,transport_public_services,Betul Tu bos 👍👍👍👍👍👍,f2b8d4036964692a7204,2025-07-04T07:26:28Z,2025-07-04T07:26:28Z,3,0,True,True,none,,2026-06-17T15:11:48.879402+00:00,raw,
YT_UgyZGtuumMmtpKALtIl4AaABAg,YouTube,top_level_comment,UgyZGtuumMmtpKALtIl4AaABAg,UgyZGtuumMmtpKALtIl4AaABAg,oULUeT07fa0,JPJ MALAYSIA? ADA APA APA JAWAPAN KE? SITA KENDERAAN ORANG SAMPAI BERBULAN BULAN? TERIMA KASIH SINGH,Bossrul Channel,https://www.youtube.com/watch?v=oULUeT07fa0,2025-07-01T02:14:17Z,transport_public_services,Jgan hasut masyarakat klau kau x thu bgaimana undang2 sdh di luluskan di Parlimen. Klau kau lpaskn dia msih buat keslahan trafik dgn lbih berbahaya. Sapa sruh kau buat salah di jalan klau x mahu di sita. Kena kutip dgn polis bwah akta hasutan kau baru sedar nti.,46d6a0ecddd6fad034ce,2025-07-04T07:00:32Z,2025-07-04T07:02:31Z,0,0,True,True,none,,2026-06-17T15:11:48.879483+00:00,raw,
YT_UgwG5OdZTt2lfTxAx3B4AaABAg,YouTube,top_level_comment,UgwG5OdZTt2lfTxAx3B4AaABAg,UgwG5OdZTt2lfTxAx3B4AaABAg,oULUeT07fa0,JPJ MALAYSIA? ADA APA APA JAWAPAN KE? SITA KENDERAAN ORANG SAMPAI BERBULAN BULAN? TERIMA KASIH SINGH,Bossrul Channel,https://www.youtube.com/watch?v=oULUeT07fa0,2025-07-01T02:14:17Z,transport_public_services,Pengajaran mantap utk JPJ,f6e18376c2aa1d20e08c,2025-07-04T05:23:48Z,2025-07-04T05:23:48Z,18,0,True,True,none,,2026-06-17T15:11:48.879530+00:00,raw,
YT_UgzWsD6qxp83vuuc0Eh4AaABAg,YouTube,top_level_comment,UgzWsD6qxp83vuuc0Eh4AaABAg,UgzWsD6qxp83vuuc0Eh4AaABAg,oULUeT07fa0,JPJ MALAYSIA? ADA APA APA JAWAPAN KE? SITA KENDERAAN ORANG SAMPAI BERBULAN BULAN? TERIMA KASIH SINGH,Bossrul Channel,https://www.youtube.com/watch?v=oULUeT07fa0,2025-07-01T02:14:17Z,transport_public_services,PMX sedunai twrbang.,cf614a222b6300a05108,2025-07-04T04:02:34Z,2025-07-04T04:02:34Z,0,0,True,True,none,,2026-06-17T15:11:48.879575+00:00,raw,
YT_UgzEbQHceQNzy1nUDFR4AaABAg,YouTube,top_level_comment,UgzEbQHceQNzy1nUDFR4AaABAg,UgzEbQHceQNzy1nUDFR4AaABAg,oULUeT07fa0,JPJ MALAYSIA? ADA APA APA JAWAPAN KE? SITA KENDERAAN ORANG SAMPAI BERBULAN BULAN? TERIMA KASIH SINGH,Bossrul Channel,https://www.youtube.com/watch?v=oULUeT07fa0,2025-07-01T02:14:17Z,transport_public_services,"Ye btul,kite rkyat msti saman jpj.",799f9e8387b9e9f7ede8,2025-07-04T03:44:16Z,2025-07-04T03:44:16Z,3,0,True,True,none,,2026-06-17T15:11:48.879666+00:00,raw,
YT_Ugxx9nfyn-gIJpfM70F4AaABAg,YouTube,top_level_comment,Ugxx9nfyn-gIJpfM70F4AaABAg,Ugxx9nfyn-gIJpfM70F4AaABAg,oULUeT07fa0,JPJ MALAYSIA? ADA APA APA JAWAPAN KE? SITA KENDERAAN ORANG SAMPAI BERBULAN BULAN? TERIMA KASIH SINGH,Bossrul Channel,https://www.youtube.com/watch?v=oULUeT07fa0,2025-07-01T02:14:17Z,transport_public_services,Jgn marah pada pakatan Sila rujuk akta.. Oleh leaders politics umno guy's... Ini lah kaedan Malaysia kini boleh suara because pakatan refomasi free suara.... Our responsibility like our Singh brother katanya segalanya Rakyat please go and research Bagaimana nak selesai... Satu 2 nya jumpa lawyers... B4 too late okay tq so much for your sharing and postive attitude towards helping people's 🎉❤,a0a64d8a1a97aceee597,2025-07-04T03:06:44Z,2025-07-04T03:06:44Z,7,0,True,True,none,,2026-06-17T15:11:48.879895+00:00,raw,
YT_Ugy1xWMHl73vl2guHfZ4AaABAg,YouTube,top_level_comment,Ugy1xWMHl73vl2guHfZ4AaABAg,Ugy1xWMHl73vl2guHfZ4AaABAg,oULUeT07fa0,JPJ MALAYSIA? ADA APA APA JAWAPAN KE? SITA KENDERAAN ORANG SAMPAI BERBULAN BULAN? TERIMA KASIH SINGH,Bossrul Channel,https://www.youtube.com/watch?v=oULUeT07fa0,2025-07-01T02:14:17Z,transport_public_services,Tarak kasi tepi punya .kasi kalu wokey semua.,2e4e4d696cb1dccf1eb8,2025-07-04T02:55:00Z,2025-07-04T02:55:00Z,4,0,True,True,none,,2026-06-17T15:11:48.879988+00:00,raw,
YT_UgxoPTL2VRT4wiDamE54AaABAg,YouTube,top_level_comment,UgxoPTL2VRT4wiDamE54AaABAg,UgxoPTL2VRT4wiDamE54AaABAg,oULUeT07fa0,JPJ MALAYSIA? ADA APA APA JAWAPAN KE? SITA KENDERAAN ORANG SAMPAI BERBULAN BULAN? TERIMA KASIH SINGH,Bossrul Channel,https://www.youtube.com/watch?v=oULUeT07fa0,2025-07-01T02:14:17Z,transport_public_services,Jabatan kimia group² shabu ke,d50f98e254bb04883afa,2025-07-04T02:15:45Z,2025-07-04T02:15:45Z,0,0,True,True,none,,2026-06-17T15:11:48.880045+00:00,raw,
YT_UgxghV306TWb3_rvAqF4AaABAg,YouTube,top_level_comment,UgxghV306TWb3_rvAqF4AaABAg,UgxghV306TWb3_rvAqF4AaABAg,oULUeT07fa0,JPJ MALAYSIA? ADA APA APA JAWAPAN KE? SITA KENDERAAN ORANG SAMPAI BERBULAN BULAN? TERIMA KASIH SINGH,Bossrul Channel,https://www.youtube.com/watch?v=oULUeT07fa0,2025-07-01T02:14:17Z,transport_public_services,Dah berzaman mmg orang benci dengan sistem JPJ ni...,6a46143e46cd6b3a4b25,2025-07-04T02:09:48Z,2025-07-04T02:09:48Z,9,1,True,True,none,,2026-06-17T15:11:48.880132+00:00,raw,
YT_UgxzBdvIAcb8SooWk654AaABAg,YouTube,top_level_comment,UgxzBdvIAcb8SooWk654AaABAg,UgxzBdvIAcb8SooWk654AaABAg,oULUeT07fa0,JPJ MALAYSIA? ADA APA APA JAWAPAN KE? SITA KENDERAAN ORANG SAMPAI BERBULAN BULAN? TERIMA KASIH SINGH,Bossrul Channel,https://www.youtube.com/watch?v=oULUeT07fa0,2025-07-01T02:14:17Z,transport_public_services,Mnteri2 madani dap komunis pn tk pernah betul..kaki tangan madani pn lg tk pernah betul..........,6098e1a4699276dc3876,2025-07-04T01:47:09Z,2025-07-04T01:47:09Z,4,0,True,True,none,,2026-06-17T15:11:49.222162+00:00,raw,
YT_Ugz7oS121UtDkUQDY7V4AaABAg,YouTube,top_level_comment,Ugz7oS121UtDkUQDY7V4AaABAg,Ugz7oS121UtDkUQDY7V4AaABAg,oULUeT07fa0,JPJ MALAYSIA? ADA APA APA JAWAPAN KE? SITA KENDERAAN ORANG SAMPAI BERBULAN BULAN? TERIMA KASIH SINGH,Bossrul Channel,https://www.youtube.com/watch?v=oULUeT07fa0,2025-07-01T02:14:17Z,transport_public_services,"Kereta2 yg tersadai kat parking lot merata2 tempat tak pulak ditarik, sampai notis pada cermin kereta pun dah hancur.. kalau dah keluar notes mesti you ada rekod berapa banyak yg tersadai. Tunggu apa lagi..",b205cace4da159ad23b4,2025-07-04T01:05:10Z,2025-07-04T01:05:10Z,1,0,True,True,none,,2026-06-17T15:11:49.222225+00:00,raw,
YT_UgxhlC1E2bI3sk8IZfp4AaABAg,YouTube,top_level_comment,UgxhlC1E2bI3sk8IZfp4AaABAg,UgxhlC1E2bI3sk8IZfp4AaABAg,oULUeT07fa0,JPJ MALAYSIA? ADA APA APA JAWAPAN KE? SITA KENDERAAN ORANG SAMPAI BERBULAN BULAN? TERIMA KASIH SINGH,Bossrul Channel,https://www.youtube.com/watch?v=oULUeT07fa0,2025-07-01T02:14:17Z,transport_public_services,Well said.Mentri please take note.,1cb9124b1b0378139643,2025-07-04T00:17:13Z,2025-07-04T00:17:13Z,4,0,True,True,none,,2026-06-17T15:11:49.222262+00:00,raw,
YT_UgzwfRB1IXATbPxVrVt4AaABAg,YouTube,top_level_comment,UgzwfRB1IXATbPxVrVt4AaABAg,UgzwfRB1IXATbPxVrVt4AaABAg,oULUeT07fa0,JPJ MALAYSIA? ADA APA APA JAWAPAN KE? SITA KENDERAAN ORANG SAMPAI BERBULAN BULAN? TERIMA KASIH SINGH,Bossrul Channel,https://www.youtube.com/watch?v=oULUeT07fa0,2025-07-01T02:14:17Z,transport_public_services,Sokong sejuta peratus,f2a3f666db9039a052ab,2025-07-03T23:01:44Z,2025-07-03T23:01:44Z,5,0,True,True,none,,2026-06-17T15:11:49.222295+00:00,raw,
YT_UgxN9gc-oJUGoLZfD2h4AaABAg,YouTube,top_level_comment,UgxN9gc-oJUGoLZfD2h4AaABAg,UgxN9gc-oJUGoLZfD2h4AaABAg,oULUeT07fa0,JPJ MALAYSIA? ADA APA APA JAWAPAN KE? SITA KENDERAAN ORANG SAMPAI BERBULAN BULAN? TERIMA KASIH SINGH,Bossrul Channel,https://www.youtube.com/watch?v=oULUeT07fa0,2025-07-01T02:14:17Z,transport_public_services,Sistem lapuk xberguna... Org pulak xdeh tanggungjawab😂😂😂,d1d7636a25f064679c37,2025-07-03T22:20:31Z,2025-07-03T22:20:31Z,6,0,True,True,none,,2026-06-17T15:11:49.222372+00:00,raw,
YT_UgyMJUqk0oRiEY7M1bd4AaABAg,YouTube,top_level_comment,UgyMJUqk0oRiEY7M1bd4AaABAg,UgyMJUqk0oRiEY7M1bd4AaABAg,oULUeT07fa0,JPJ MALAYSIA? ADA APA APA JAWAPAN KE? SITA KENDERAAN ORANG SAMPAI BERBULAN BULAN? TERIMA KASIH SINGH,Bossrul Channel,https://www.youtube.com/watch?v=oULUeT07fa0,2025-07-01T02:14:17Z,transport_public_services,Disita laa singh MGH😅,f02c0c5d02417846809c,2025-07-03T10:21:51Z,2025-07-03T10:21:51Z,0,0,True,True,none,,2026-06-17T15:11:49.222404+00:00,raw,
YT_UgyKRlTHXvV2XbZVeFx4AaABAg,YouTube,top_level_comment,UgyKRlTHXvV2XbZVeFx4AaABAg,UgyKRlTHXvV2XbZVeFx4AaABAg,oULUeT07fa0,JPJ MALAYSIA? ADA APA APA JAWAPAN KE? SITA KENDERAAN ORANG SAMPAI BERBULAN BULAN? TERIMA KASIH SINGH,Bossrul Channel,https://www.youtube.com/watch?v=oULUeT07fa0,2025-07-01T02:14:17Z,transport_public_services,Anthony kasi lama sikit pasal luitt blh masuk ma kalau mau kasi itu kes kasi cepat😂,f9cb14e122aed9e82640,2025-07-03T09:49:14Z,2025-07-03T09:49:14Z,1,0,True,True,none,,2026-06-17T15:11:49.222439+00:00,raw,
YT_Ugw71ItrOeOJU9DjnvN4AaABAg,YouTube,top_level_comment,Ugw71ItrOeOJU9DjnvN4AaABAg,Ugw71ItrOeOJU9DjnvN4AaABAg,oULUeT07fa0,JPJ MALAYSIA? ADA APA APA JAWAPAN KE? SITA KENDERAAN ORANG SAMPAI BERBULAN BULAN? TERIMA KASIH SINGH,Bossrul Channel,https://www.youtube.com/watch?v=oULUeT07fa0,2025-07-01T02:14:17Z,transport_public_services,betul tu uncle terus gasak💪👍💪,c6e8bd98af405c0dfca8,2025-07-03T09:21:59Z,2025-07-03T09:21:59Z,31,0,True,True,none,,2026-06-17T15:11:49.222471+00:00,raw,
YT_UgwEsw38tFgwrDcnXxN4AaABAg,YouTube,top_level_comment,UgwEsw38tFgwrDcnXxN4AaABAg,UgwEsw38tFgwrDcnXxN4AaABAg,oULUeT07fa0,JPJ MALAYSIA? ADA APA APA JAWAPAN KE? SITA KENDERAAN ORANG SAMPAI BERBULAN BULAN? TERIMA KASIH SINGH,Bossrul Channel,https://www.youtube.com/watch?v=oULUeT07fa0,2025-07-01T02:14:17Z,transport_public_services,"Zaman kerajaan terdahulu tak berlaku kejadian macam ni cepat pnjwt buat kerja Sb PM nya tegas dan berdedikasi ..skg pnjwt awam banyak goyang kaki ,gaji nk banyak kerja nk krg..ni lah zaman mahaldahni zaman penuh korup sakau dan ketimbang + liwat😅 ape pun tak boleh..😅",962cdd119be730ee065e,2025-07-03T08:08:10Z,2025-07-03T08:08:10Z,9,0,True,True,none,,2026-06-17T15:11:49.222602+00:00,raw,
YT_UgyacXowXjNwGo-PGyh4AaABAg,YouTube,top_level_comment,UgyacXowXjNwGo-PGyh4AaABAg,UgyacXowXjNwGo-PGyh4AaABAg,oULUeT07fa0,JPJ MALAYSIA? ADA APA APA JAWAPAN KE? SITA KENDERAAN ORANG SAMPAI BERBULAN BULAN? TERIMA KASIH SINGH,Bossrul Channel,https://www.youtube.com/watch?v=oULUeT07fa0,2025-07-01T02:14:17Z,transport_public_services,On this matter citizens support ota singh absolutely correctly said everyone got their problems and other works to do bring them to court and solve the problems it's much more better than delaying the matter and giving inconvenience to citizens...Hope JPJ will work together...,9f7f813687d8bae5059c,2025-07-03T02:53:56Z,2025-07-03T02:53:56Z,5,0,True,True,none,,2026-06-17T15:11:49.222660+00:00,raw,
YT_Ugynshr8d4NhMGBkEKB4AaABAg,YouTube,top_level_comment,Ugynshr8d4NhMGBkEKB4AaABAg,Ugynshr8d4NhMGBkEKB4AaABAg,oULUeT07fa0,JPJ MALAYSIA? ADA APA APA JAWAPAN KE? SITA KENDERAAN ORANG SAMPAI BERBULAN BULAN? TERIMA KASIH SINGH,Bossrul Channel,https://www.youtube.com/watch?v=oULUeT07fa0,2025-07-01T02:14:17Z,transport_public_services,Dia orang buat undang undang baru untuk dapat keuntungan untuk negara merekan tidak pandang kesusahan rakyat kita mahu orang muda masuk politik menyelamat negara,8843057599b6fe2324e6,2025-07-02T12:52:02Z,2025-07-02T12:52:02Z,6,0,True,True,none,,2026-06-17T15:11:49.222701+00:00,raw,
YT_UgzURXpeH8iOxJB-Zf14AaABAg,YouTube,top_level_comment,UgzURXpeH8iOxJB-Zf14AaABAg,UgzURXpeH8iOxJB-Zf14AaABAg,oULUeT07fa0,JPJ MALAYSIA? ADA APA APA JAWAPAN KE? SITA KENDERAAN ORANG SAMPAI BERBULAN BULAN? TERIMA KASIH SINGH,Bossrul Channel,https://www.youtube.com/watch?v=oULUeT07fa0,2025-07-01T02:14:17Z,transport_public_services,Bedah siasat dulu,2b591a1aa709d9512cfb,2025-07-02T12:21:08Z,2025-07-02T12:21:08Z,8,0,True,True,none,,2026-06-17T15:11:49.222730+00:00,raw,
YT_Ugyi2WjJ9FsPEwp-CoN4AaABAg,YouTube,top_level_comment,Ugyi2WjJ9FsPEwp-CoN4AaABAg,Ugyi2WjJ9FsPEwp-CoN4AaABAg,oULUeT07fa0,JPJ MALAYSIA? ADA APA APA JAWAPAN KE? SITA KENDERAAN ORANG SAMPAI BERBULAN BULAN? TERIMA KASIH SINGH,Bossrul Channel,https://www.youtube.com/watch?v=oULUeT07fa0,2025-07-01T02:14:17Z,transport_public_services,"Betoi...benda ni dh lama.anai2 pn byk dlm jpj...dulu,joj ni paling kuat mentekedaqah rm....p lh tanya otai2 yg penah bawa lori..",08ae0878453955bfc319,2025-07-02T12:08:26Z,2025-07-02T12:08:26Z,6,1,True,True,none,,2026-06-17T15:11:49.222765+00:00,raw,
YT_UgxZzwdOqp_l_hoWvdt4AaABAg,YouTube,top_level_comment,UgxZzwdOqp_l_hoWvdt4AaABAg,UgxZzwdOqp_l_hoWvdt4AaABAg,oULUeT07fa0,JPJ MALAYSIA? ADA APA APA JAWAPAN KE? SITA KENDERAAN ORANG SAMPAI BERBULAN BULAN? TERIMA KASIH SINGH,Bossrul Channel,https://www.youtube.com/watch?v=oULUeT07fa0,2025-07-01T02:14:17Z,transport_public_services,Mantap bro,1b5436a4699ae6340ce3,2025-07-02T11:41:41Z,2025-07-02T11:41:41Z,4,0,True,True,none,,2026-06-17T15:11:49.222793+00:00,raw,
YT_Ugw2Zemwk4IHNUYV9ox4AaABAg,YouTube,top_level_comment,Ugw2Zemwk4IHNUYV9ox4AaABAg,Ugw2Zemwk4IHNUYV9ox4AaABAg,oULUeT07fa0,JPJ MALAYSIA? ADA APA APA JAWAPAN KE? SITA KENDERAAN ORANG SAMPAI BERBULAN BULAN? TERIMA KASIH SINGH,Bossrul Channel,https://www.youtube.com/watch?v=oULUeT07fa0,2025-07-01T02:14:17Z,transport_public_services,Duit duit mana poket saya masuk duit duit,58bd5276d82c0cb6a945,2025-07-02T11:34:07Z,2025-07-02T11:34:07Z,4,0,True,True,none,,2026-06-17T15:11:49.222822+00:00,raw,
YT_UgzzqNRu01BGZbZJBMZ4AaABAg,YouTube,top_level_comment,UgzzqNRu01BGZbZJBMZ4AaABAg,UgzzqNRu01BGZbZJBMZ4AaABAg,oULUeT07fa0,JPJ MALAYSIA? ADA APA APA JAWAPAN KE? SITA KENDERAAN ORANG SAMPAI BERBULAN BULAN? TERIMA KASIH SINGH,Bossrul Channel,https://www.youtube.com/watch?v=oULUeT07fa0,2025-07-01T02:14:17Z,transport_public_services,Pakatan tak boleh pakai.,99d8fe3af6b01de6e045,2025-07-02T10:47:14Z,2025-07-02T10:47:14Z,17,2,True,True,none,,2026-06-17T15:11:49.222851+00:00,raw,
YT_Ugw9czQQCh2BOAnAgBB4AaABAg,YouTube,top_level_comment,Ugw9czQQCh2BOAnAgBB4AaABAg,Ugw9czQQCh2BOAnAgBB4AaABAg,oULUeT07fa0,JPJ MALAYSIA? ADA APA APA JAWAPAN KE? SITA KENDERAAN ORANG SAMPAI BERBULAN BULAN? TERIMA KASIH SINGH,Bossrul Channel,https://www.youtube.com/watch?v=oULUeT07fa0,2025-07-01T02:14:17Z,transport_public_services,"Kalau dh ada kesalahan atas jalan raya mestilah kena sita atau kena saman drp jpj....Skrg masalahnya drp dulu lagi dh ada tindakan mcm ni bukan baru sahaja sejak dsai ph@pkr jadi pmx setakat kerajaan 3 tahun mmg bnyk kebaikkan dan perubahan kita dapat lihat skrg ini,Ikut undang2 yg dh ada di atas jln raya bukan suka2 buat mcm negara bapak kita. Bukan jpj sahaja sita kenderaan tapi trafik dan majlis perbandaran pun ada angkut jika bersalah.",c37731ee8d75812cf41d,2025-07-02T10:05:15Z,2025-07-02T10:06:44Z,1,4,True,True,none,,2026-06-17T15:11:49.222907+00:00,raw,
YT_UgxsToaBUD_fUwL6RbJ4AaABAg,YouTube,top_level_comment,UgxsToaBUD_fUwL6RbJ4AaABAg,UgxsToaBUD_fUwL6RbJ4AaABAg,oULUeT07fa0,JPJ MALAYSIA? ADA APA APA JAWAPAN KE? SITA KENDERAAN ORANG SAMPAI BERBULAN BULAN? TERIMA KASIH SINGH,Bossrul Channel,https://www.youtube.com/watch?v=oULUeT07fa0,2025-07-01T02:14:17Z,transport_public_services,JPJ kamu mesti dengar ini tuan besar punya cakap lah......,4fae0d1e4ba535b7995b,2025-07-02T09:32:49Z,2025-07-02T09:32:49Z,7,0,True,True,none,,2026-06-17T15:11:49.222938+00:00,raw,
YT_Ugx0isMR5HactPOz_vx4AaABAg,YouTube,top_level_comment,Ugx0isMR5HactPOz_vx4AaABAg,Ugx0isMR5HactPOz_vx4AaABAg,oULUeT07fa0,JPJ MALAYSIA? ADA APA APA JAWAPAN KE? SITA KENDERAAN ORANG SAMPAI BERBULAN BULAN? TERIMA KASIH SINGH,Bossrul Channel,https://www.youtube.com/watch?v=oULUeT07fa0,2025-07-01T02:14:17Z,transport_public_services,Jpj madani Duit duit duit duit,557a845462bf0571e518,2025-07-02T09:06:53Z,2025-07-02T09:06:53Z,12,0,True,True,none,,2026-06-17T15:11:49.222968+00:00,raw,
YT_UgxkRgiCxySzrZlz0NF4AaABAg,YouTube,top_level_comment,UgxkRgiCxySzrZlz0NF4AaABAg,UgxkRgiCxySzrZlz0NF4AaABAg,oULUeT07fa0,JPJ MALAYSIA? ADA APA APA JAWAPAN KE? SITA KENDERAAN ORANG SAMPAI BERBULAN BULAN? TERIMA KASIH SINGH,Bossrul Channel,https://www.youtube.com/watch?v=oULUeT07fa0,2025-07-01T02:14:17Z,transport_public_services,Soni Goleh acah 🎉 Santokh Singh gold keeper . Loke kepala bola sepak 😂,54bbd78fcf713f2f6aae,2025-07-02T08:33:43Z,2025-07-02T08:33:43Z,1,0,True,True,none,,2026-06-17T15:11:49.223003+00:00,raw,
YT_Ugz7s47ilzB_KeAW_sV4AaABAg,YouTube,top_level_comment,Ugz7s47ilzB_KeAW_sV4AaABAg,Ugz7s47ilzB_KeAW_sV4AaABAg,ze_IuVwkuFc,KTMB's 'ghost train' transforms commute for students from the interior,The Star,https://www.youtube.com/watch?v=ze_IuVwkuFc,2026-01-11T13:05:33Z,transport_public_services,Train to Busan ni,d966e02f96c439950e32,2026-01-16T04:21:44Z,2026-01-16T04:21:44Z,0,0,True,True,none,,2026-06-17T15:11:47.667878+00:00,raw,
YT_UgyNT5RFCCNKoa-_7LF4AaABAg,YouTube,top_level_comment,UgyNT5RFCCNKoa-_7LF4AaABAg,UgyNT5RFCCNKoa-_7LF4AaABAg,ze_IuVwkuFc,KTMB's 'ghost train' transforms commute for students from the interior,The Star,https://www.youtube.com/watch?v=ze_IuVwkuFc,2026-01-11T13:05:33Z,transport_public_services,"Wow, something like this really remember me of how japanese teen too use train to go to school. Is this finally the future that we waiting for at Malaysia? I think this is good idea",e2556fe3396c1de57220,2026-01-15T20:31:02Z,2026-01-15T20:31:02Z,0,0,True,True,none,,2026-06-17T15:11:47.667939+00:00,raw,
YT_UgxJytrw279-twwuDIZ4AaABAg,YouTube,top_level_comment,UgxJytrw279-twwuDIZ4AaABAg,UgxJytrw279-twwuDIZ4AaABAg,ze_IuVwkuFc,KTMB's 'ghost train' transforms commute for students from the interior,The Star,https://www.youtube.com/watch?v=ze_IuVwkuFc,2026-01-11T13:05:33Z,transport_public_services,Aweeee wholesome news after all these chaoes.❤,13d2472e9d4ffa83eebc,2026-01-15T13:53:42Z,2026-01-15T13:53:42Z,0,0,True,True,none,,2026-06-17T15:11:47.667979+00:00,raw,
YT_Ugz9qj3ZrLAd7Gnkc094AaABAg,YouTube,top_level_comment,Ugz9qj3ZrLAd7Gnkc094AaABAg,Ugz9qj3ZrLAd7Gnkc094AaABAg,ze_IuVwkuFc,KTMB's 'ghost train' transforms commute for students from the interior,The Star,https://www.youtube.com/watch?v=ze_IuVwkuFc,2026-01-11T13:05:33Z,transport_public_services,"In Japan, there one line continue because one student take train ride to school.",6dec72e4b188e44ed9c4,2026-01-15T12:49:57Z,2026-01-15T12:49:57Z,1,0,True,True,none,,2026-06-17T15:11:47.668020+00:00,raw,
YT_UgyC8fDNgO6INmlOv5R4AaABAg,YouTube,top_level_comment,UgyC8fDNgO6INmlOv5R4AaABAg,UgyC8fDNgO6INmlOv5R4AaABAg,ze_IuVwkuFc,KTMB's 'ghost train' transforms commute for students from the interior,The Star,https://www.youtube.com/watch?v=ze_IuVwkuFc,2026-01-11T13:05:33Z,transport_public_services,Alhamdulillah KTMB… Tahniah 👍🏻🇲🇾,6539a6c279939a39e1a4,2026-01-15T10:17:00Z,2026-01-15T10:17:00Z,1,0,True,True,none,,2026-06-17T15:11:47.668053+00:00,raw,
YT_UgyN80m82EXOv1cbM_F4AaABAg,YouTube,top_level_comment,UgyN80m82EXOv1cbM_F4AaABAg,UgyN80m82EXOv1cbM_F4AaABAg,ze_IuVwkuFc,KTMB's 'ghost train' transforms commute for students from the interior,The Star,https://www.youtube.com/watch?v=ze_IuVwkuFc,2026-01-11T13:05:33Z,transport_public_services,Mesti rajin pergi sekolah lepas ni. Rajin pergi ngan balik sekolah je la,e9582cdfa5ebb7eab5bc,2026-01-15T06:29:44Z,2026-01-15T06:29:44Z,0,0,True,True,none,,2026-06-17T15:11:47.668088+00:00,raw,
YT_UgwN5Pc4xVFHbjEKryh4AaABAg,YouTube,top_level_comment,UgwN5Pc4xVFHbjEKryh4AaABAg,UgwN5Pc4xVFHbjEKryh4AaABAg,ze_IuVwkuFc,KTMB's 'ghost train' transforms commute for students from the interior,The Star,https://www.youtube.com/watch?v=ze_IuVwkuFc,2026-01-11T13:05:33Z,transport_public_services,Perfection,51c27df30a74cd86b2d8,2026-01-14T14:36:56Z,2026-01-14T14:36:56Z,0,0,True,True,none,,2026-06-17T15:11:47.668118+00:00,raw,
YT_UgwGVGtoDdiw6CrLWXB4AaABAg,YouTube,top_level_comment,UgwGVGtoDdiw6CrLWXB4AaABAg,UgwGVGtoDdiw6CrLWXB4AaABAg,ze_IuVwkuFc,KTMB's 'ghost train' transforms commute for students from the interior,The Star,https://www.youtube.com/watch?v=ze_IuVwkuFc,2026-01-11T13:05:33Z,transport_public_services,Hmm ghost train shud be staff and student train,08d76126b34313e68582,2026-01-14T09:59:00Z,2026-01-14T09:59:00Z,0,0,True,True,none,,2026-06-17T15:11:47.668150+00:00,raw,
YT_UgxbGqJZFBZ6_P-Her54AaABAg,YouTube,top_level_comment,UgxbGqJZFBZ6_P-Her54AaABAg,UgxbGqJZFBZ6_P-Her54AaABAg,ze_IuVwkuFc,KTMB's 'ghost train' transforms commute for students from the interior,The Star,https://www.youtube.com/watch?v=ze_IuVwkuFc,2026-01-11T13:05:33Z,transport_public_services,Best nyo ❤️,9b71f386da4784ec204c,2026-01-14T04:21:58Z,2026-01-14T04:21:58Z,0,0,True,True,none,,2026-06-17T15:11:47.668183+00:00,raw,
YT_Ugz6mjaA2P6uB1-yLNR4AaABAg,YouTube,top_level_comment,Ugz6mjaA2P6uB1-yLNR4AaABAg,Ugz6mjaA2P6uB1-yLNR4AaABAg,ze_IuVwkuFc,KTMB's 'ghost train' transforms commute for students from the interior,The Star,https://www.youtube.com/watch?v=ze_IuVwkuFc,2026-01-11T13:05:33Z,transport_public_services,We need more train infrastructure to reach more part of the rural area. We're grtting closer to Japan,e898dcd2be0a3f24ee9b,2026-01-13T23:17:44Z,2026-01-13T23:17:44Z,9,0,True,True,none,,2026-06-17T15:11:47.668218+00:00,raw,
YT_Ugw-1vvw5lijEly73hh4AaABAg,YouTube,top_level_comment,Ugw-1vvw5lijEly73hh4AaABAg,Ugw-1vvw5lijEly73hh4AaABAg,ze_IuVwkuFc,KTMB's 'ghost train' transforms commute for students from the interior,The Star,https://www.youtube.com/watch?v=ze_IuVwkuFc,2026-01-11T13:05:33Z,transport_public_services,Beruntungnya diorang,cd4267e8a8ab62aaac81,2026-01-13T14:45:30Z,2026-01-13T14:45:30Z,1,0,True,True,none,,2026-06-17T15:11:47.668247+00:00,raw,
YT_Ugy1xbV17tGkBzZw9VF4AaABAg,YouTube,top_level_comment,Ugy1xbV17tGkBzZw9VF4AaABAg,Ugy1xbV17tGkBzZw9VF4AaABAg,ze_IuVwkuFc,KTMB's 'ghost train' transforms commute for students from the interior,The Star,https://www.youtube.com/watch?v=ze_IuVwkuFc,2026-01-11T13:05:33Z,transport_public_services,Take that car-braindeaded losers!,01bf945d1edadcf3bd40,2026-01-13T13:42:30Z,2026-01-13T13:42:30Z,0,0,True,True,none,,2026-06-17T15:11:47.668276+00:00,raw,
YT_UgzUKJ3KAa1_PgLMbrh4AaABAg,YouTube,top_level_comment,UgzUKJ3KAa1_PgLMbrh4AaABAg,UgzUKJ3KAa1_PgLMbrh4AaABAg,ze_IuVwkuFc,KTMB's 'ghost train' transforms commute for students from the interior,The Star,https://www.youtube.com/watch?v=ze_IuVwkuFc,2026-01-11T13:05:33Z,transport_public_services,This kids will be so discipline ❤,149ee02055cbfb75b712,2026-01-13T11:56:20Z,2026-01-13T11:56:20Z,0,0,True,True,none,,2026-06-17T15:11:47.668307+00:00,raw,
YT_UgyoojU2m5nebVTfw-J4AaABAg,YouTube,top_level_comment,UgyoojU2m5nebVTfw-J4AaABAg,UgyoojU2m5nebVTfw-J4AaABAg,ze_IuVwkuFc,KTMB's 'ghost train' transforms commute for students from the interior,The Star,https://www.youtube.com/watch?v=ze_IuVwkuFc,2026-01-11T13:05:33Z,transport_public_services,This is what I think Madani ought to look like.❤,9444dcb1a72504a0e96b,2026-01-13T07:23:12Z,2026-01-13T07:23:12Z,0,0,True,True,none,,2026-06-17T15:11:47.668339+00:00,raw,
YT_Ugy8NEL4ggV6dd6C5s94AaABAg,YouTube,top_level_comment,Ugy8NEL4ggV6dd6C5s94AaABAg,Ugy8NEL4ggV6dd6C5s94AaABAg,ze_IuVwkuFc,KTMB's 'ghost train' transforms commute for students from the interior,The Star,https://www.youtube.com/watch?v=ze_IuVwkuFc,2026-01-11T13:05:33Z,transport_public_services,Wah macam kat Jepun,3a13174db905dca7a720,2026-01-13T04:40:53Z,2026-01-13T04:40:53Z,17,0,True,True,none,,2026-06-17T15:11:47.668368+00:00,raw,
YT_UgxYHS1hgIiYylgAy7Z4AaABAg,YouTube,top_level_comment,UgxYHS1hgIiYylgAy7Z4AaABAg,UgxYHS1hgIiYylgAy7Z4AaABAg,ze_IuVwkuFc,KTMB's 'ghost train' transforms commute for students from the interior,The Star,https://www.youtube.com/watch?v=ze_IuVwkuFc,2026-01-11T13:05:33Z,transport_public_services,Train to Busan school version,8a60fb3380d36212e0ba,2026-01-13T04:35:25Z,2026-01-13T04:35:25Z,0,0,True,True,none,,2026-06-17T15:11:47.668397+00:00,raw,
YT_UgzXNqC4YD2Jxee95Lx4AaABAg,YouTube,top_level_comment,UgzXNqC4YD2Jxee95Lx4AaABAg,UgzXNqC4YD2Jxee95Lx4AaABAg,ze_IuVwkuFc,KTMB's 'ghost train' transforms commute for students from the interior,The Star,https://www.youtube.com/watch?v=ze_IuVwkuFc,2026-01-11T13:05:33Z,transport_public_services,Well done KTMB ❤,ae6cafa984d32785e252,2026-01-13T03:17:08Z,2026-01-13T03:17:08Z,3,0,True,True,none,,2026-06-17T15:11:47.668427+00:00,raw,
YT_UgxgaRXKAEpN-ipKIvh4AaABAg,YouTube,top_level_comment,UgxgaRXKAEpN-ipKIvh4AaABAg,UgxgaRXKAEpN-ipKIvh4AaABAg,ze_IuVwkuFc,KTMB's 'ghost train' transforms commute for students from the interior,The Star,https://www.youtube.com/watch?v=ze_IuVwkuFc,2026-01-11T13:05:33Z,transport_public_services,W ktm,b142a971bb4863bad8c2,2026-01-13T02:54:40Z,2026-01-13T02:54:40Z,1,0,True,True,none,,2026-06-17T15:11:47.668455+00:00,raw,
YT_Ugwb08StuF8SFpOEgoh4AaABAg,YouTube,top_level_comment,Ugwb08StuF8SFpOEgoh4AaABAg,Ugwb08StuF8SFpOEgoh4AaABAg,ze_IuVwkuFc,KTMB's 'ghost train' transforms commute for students from the interior,The Star,https://www.youtube.com/watch?v=ze_IuVwkuFc,2026-01-11T13:05:33Z,transport_public_services,This is why you build trains and pedestrian infrastructures. Not cars,e987290fe61da1c238e8,2026-01-13T00:41:57Z,2026-01-13T00:41:57Z,81,1,True,True,none,,2026-06-17T15:11:47.668486+00:00,raw,
YT_Ugy_QwAb5frc6ByY1hV4AaABAg,YouTube,top_level_comment,Ugy_QwAb5frc6ByY1hV4AaABAg,Ugy_QwAb5frc6ByY1hV4AaABAg,ze_IuVwkuFc,KTMB's 'ghost train' transforms commute for students from the interior,The Star,https://www.youtube.com/watch?v=ze_IuVwkuFc,2026-01-11T13:05:33Z,transport_public_services,Syabas KTMB! Tindakan bijak!,6529b41d160e0ae71e9f,2026-01-13T00:28:27Z,2026-01-13T00:28:27Z,20,0,True,True,none,,2026-06-17T15:11:47.668514+00:00,raw,
YT_UgziYOOy5HymSWwtPDN4AaABAg,YouTube,top_level_comment,UgziYOOy5HymSWwtPDN4AaABAg,UgziYOOy5HymSWwtPDN4AaABAg,ze_IuVwkuFc,KTMB's 'ghost train' transforms commute for students from the interior,The Star,https://www.youtube.com/watch?v=ze_IuVwkuFc,2026-01-11T13:05:33Z,transport_public_services,Damn Malaysia's lifestyle is not like China now. its too overmodern,3559aa2d9826cbe9dd81,2026-01-12T15:13:04Z,2026-01-12T15:13:04Z,2,0,True,True,none,,2026-06-17T15:11:47.668545+00:00,raw,
YT_UgwyadmG4yUYC96r8c54AaABAg,YouTube,top_level_comment,UgwyadmG4yUYC96r8c54AaABAg,UgwyadmG4yUYC96r8c54AaABAg,ze_IuVwkuFc,KTMB's 'ghost train' transforms commute for students from the interior,The Star,https://www.youtube.com/watch?v=ze_IuVwkuFc,2026-01-11T13:05:33Z,transport_public_services,Why not make it free for them????,cce969223cffcaf18a8c,2026-01-12T13:22:33Z,2026-01-12T13:22:33Z,1,2,True,True,none,,2026-06-17T15:11:47.668575+00:00,raw,
YT_UgwcrjmbFnY8Uk8Mir54AaABAg,YouTube,top_level_comment,UgwcrjmbFnY8Uk8Mir54AaABAg,UgwcrjmbFnY8Uk8Mir54AaABAg,ze_IuVwkuFc,KTMB's 'ghost train' transforms commute for students from the interior,The Star,https://www.youtube.com/watch?v=ze_IuVwkuFc,2026-01-11T13:05:33Z,transport_public_services,Alhamdulilah. It's great to see and hear that they start to use public transport as their daily travelling medium. Hope the government upkeep the service to attract more citizen to use public transport,b5fc0bed12209b5dd28d,2026-01-12T10:50:15Z,2026-01-12T10:50:15Z,30,0,True,True,none,,2026-06-17T15:11:47.668612+00:00,raw,
YT_UgySCqcMaTOA4L-L3tF4AaABAg,YouTube,top_level_comment,UgySCqcMaTOA4L-L3tF4AaABAg,UgySCqcMaTOA4L-L3tF4AaABAg,ze_IuVwkuFc,KTMB's 'ghost train' transforms commute for students from the interior,The Star,https://www.youtube.com/watch?v=ze_IuVwkuFc,2026-01-11T13:05:33Z,transport_public_services,That's cute. I hope we get more convenient public transportation. Encourage people to walk rather than using cars or motorcycles.,5d824695ab1fdf9ffabf,2026-01-12T06:20:21Z,2026-01-12T06:20:59Z,24,0,True,True,none,,2026-06-17T15:11:47.668646+00:00,raw,
YT_UgwaTx1pbuWbYJt_OL54AaABAg,YouTube,top_level_comment,UgwaTx1pbuWbYJt_OL54AaABAg,UgwaTx1pbuWbYJt_OL54AaABAg,ze_IuVwkuFc,KTMB's 'ghost train' transforms commute for students from the interior,The Star,https://www.youtube.com/watch?v=ze_IuVwkuFc,2026-01-11T13:05:33Z,transport_public_services,Well done ktmb,5a2c4fe397c67109139f,2026-01-12T03:30:04Z,2026-01-12T03:30:04Z,11,0,True,True,none,,2026-06-17T15:11:47.668674+00:00,raw,
YT_Ugwpz4loE-hAPkhIVI94AaABAg,YouTube,top_level_comment,Ugwpz4loE-hAPkhIVI94AaABAg,Ugwpz4loE-hAPkhIVI94AaABAg,ze_IuVwkuFc,KTMB's 'ghost train' transforms commute for students from the interior,The Star,https://www.youtube.com/watch?v=ze_IuVwkuFc,2026-01-11T13:05:33Z,transport_public_services,"It does look like a ghost train, just look how dark the place is",2ec64801d690aa77606e,2026-01-12T03:27:56Z,2026-01-12T03:27:56Z,3,1,True,True,none,,2026-06-17T15:11:47.668706+00:00,raw,
YT_Ugw6YAgwXYW_5XcUoWR4AaABAg,YouTube,top_level_comment,Ugw6YAgwXYW_5XcUoWR4AaABAg,Ugw6YAgwXYW_5XcUoWR4AaABAg,ze_IuVwkuFc,KTMB's 'ghost train' transforms commute for students from the interior,The Star,https://www.youtube.com/watch?v=ze_IuVwkuFc,2026-01-11T13:05:33Z,transport_public_services,"Best nya... Beberapa tahun yg lalu, saya pergi merayau ke Dabong dari Gua Musang. Saje nak tengok apa ada di Dabong. Pekannya comel je. Masa tu, station minyak pun takde 😂.",cffa3a66acdb65c9e417,2026-01-12T02:17:25Z,2026-01-12T02:22:26Z,5,1,True,True,none,,2026-06-17T15:11:47.668747+00:00,raw,
YT_UgyUEWOz3zlIhzCKPM54AaABAg,YouTube,top_level_comment,UgyUEWOz3zlIhzCKPM54AaABAg,UgyUEWOz3zlIhzCKPM54AaABAg,ze_IuVwkuFc,KTMB's 'ghost train' transforms commute for students from the interior,The Star,https://www.youtube.com/watch?v=ze_IuVwkuFc,2026-01-11T13:05:33Z,transport_public_services,malaysia hogwarts,7cae5330c065e86df864,2026-01-11T15:54:45Z,2026-01-11T15:54:45Z,4,0,True,True,none,,2026-06-17T15:11:47.668775+00:00,raw,
YT_Ugz96LWMWASrBjptOOx4AaABAg,YouTube,top_level_comment,Ugz96LWMWASrBjptOOx4AaABAg,Ugz96LWMWASrBjptOOx4AaABAg,ze_IuVwkuFc,KTMB's 'ghost train' transforms commute for students from the interior,The Star,https://www.youtube.com/watch?v=ze_IuVwkuFc,2026-01-11T13:05:33Z,transport_public_services,Skali skala tak boleh ke bawak train? Teringin masa zaman sekolah 😂,4d65798dd7ff5e8b1abc,2026-01-11T13:27:27Z,2026-01-11T13:28:04Z,3,0,True,True,none,,2026-06-17T15:11:47.668808+00:00,raw,
YT_UgwsNC4q9BdAt5_4arZ4AaABAg,YouTube,top_level_comment,UgwsNC4q9BdAt5_4arZ4AaABAg,UgwsNC4q9BdAt5_4arZ4AaABAg,ze_IuVwkuFc,KTMB's 'ghost train' transforms commute for students from the interior,The Star,https://www.youtube.com/watch?v=ze_IuVwkuFc,2026-01-11T13:05:33Z,transport_public_services,Things like this bring a smile to my face.,dfc70d3c7d23bd9bef5b,2026-01-11T13:10:18Z,2026-01-11T13:10:18Z,50,0,True,True,none,,2026-06-17T15:11:47.668838+00:00,raw,
